E3,Time,Celsius(ï¿½C),Serial Number
1,2023-02-07 12:00:00,15.5,052268417
2,2023-02-07 12:05:00,15.5
3,2023-02-07 12:10:00,15.5
4,2023-02-07 12:15:00,15.5
5,2023-02-07 12:20:00,15.5
6,2023-02-07 12:25:00,15.5
7,2023-02-07 12:30:00,15.5
8,2023-02-07 12:35:00,15.5
9,2023-02-07 12:40:00,15.5
10,2023-02-07 12:45:00,15.5
11,2023-02-07 12:50:00,15.5
12,2023-02-07 12:55:00,15.5
13,2023-02-07 13:00:00,15.5
14,2023-02-07 13:05:00,15.5
15,2023-02-07 13:10:00,15.5
16,2023-02-07 13:15:00,15.5
17,2023-02-07 13:20:00,15.5
18,2023-02-07 13:25:00,15.5
19,2023-02-07 13:30:00,15.5
20,2023-02-07 13:35:00,15.5
21,2023-02-07 13:40:00,15.5
22,2023-02-07 13:45:00,15.5
23,2023-02-07 13:50:00,15.5
24,2023-02-07 13:55:00,15.5
25,2023-02-07 14:00:00,15.5
26,2023-02-07 14:05:00,15.5
27,2023-02-07 14:10:00,15.5
28,2023-02-07 14:15:00,15.5
29,2023-02-07 14:20:00,15.5
30,2023-02-07 14:25:00,15.5
31,2023-02-07 14:30:00,15.5
32,2023-02-07 14:35:00,15.5
33,2023-02-07 14:40:00,15.5
34,2023-02-07 14:45:00,15.5
35,2023-02-07 14:50:00,15.5
36,2023-02-07 14:55:00,15.5
37,2023-02-07 15:00:00,15.5
38,2023-02-07 15:05:00,16.0
39,2023-02-07 15:10:00,16.0
40,2023-02-07 15:15:00,16.0
41,2023-02-07 15:20:00,16.0
42,2023-02-07 15:25:00,16.0
43,2023-02-07 15:30:00,16.0
44,2023-02-07 15:35:00,16.0
45,2023-02-07 15:40:00,16.0
46,2023-02-07 15:45:00,16.0
47,2023-02-07 15:50:00,16.0
48,2023-02-07 15:55:00,16.0
49,2023-02-07 16:00:00,16.0
50,2023-02-07 16:05:00,16.0
51,2023-02-07 16:10:00,16.0
52,2023-02-07 16:15:00,16.0
53,2023-02-07 16:20:00,16.0
54,2023-02-07 16:25:00,16.0
55,2023-02-07 16:30:00,16.0
56,2023-02-07 16:35:00,16.0
57,2023-02-07 16:40:00,16.0
58,2023-02-07 16:45:00,16.0
59,2023-02-07 16:50:00,16.0
60,2023-02-07 16:55:00,16.0
61,2023-02-07 17:00:00,16.0
62,2023-02-07 17:05:00,16.0
63,2023-02-07 17:10:00,16.0
64,2023-02-07 17:15:00,16.0
65,2023-02-07 17:20:00,16.0
66,2023-02-07 17:25:00,16.0
67,2023-02-07 17:30:00,16.0
68,2023-02-07 17:35:00,16.0
69,2023-02-07 17:40:00,16.0
70,2023-02-07 17:45:00,16.0
71,2023-02-07 17:50:00,16.0
72,2023-02-07 17:55:00,16.0
73,2023-02-07 18:00:00,16.0
74,2023-02-07 18:05:00,16.0
75,2023-02-07 18:10:00,16.0
76,2023-02-07 18:15:00,16.0
77,2023-02-07 18:20:00,16.0
78,2023-02-07 18:25:00,16.0
79,2023-02-07 18:30:00,16.0
80,2023-02-07 18:35:00,16.0
81,2023-02-07 18:40:00,16.0
82,2023-02-07 18:45:00,16.0
83,2023-02-07 18:50:00,16.0
84,2023-02-07 18:55:00,16.0
85,2023-02-07 19:00:00,16.0
86,2023-02-07 19:05:00,16.0
87,2023-02-07 19:10:00,16.0
88,2023-02-07 19:15:00,16.0
89,2023-02-07 19:20:00,16.0
90,2023-02-07 19:25:00,16.0
91,2023-02-07 19:30:00,16.0
92,2023-02-07 19:35:00,16.0
93,2023-02-07 19:40:00,16.0
94,2023-02-07 19:45:00,16.0
95,2023-02-07 19:50:00,16.0
96,2023-02-07 19:55:00,16.0
97,2023-02-07 20:00:00,16.0
98,2023-02-07 20:05:00,16.0
99,2023-02-07 20:10:00,16.0
100,2023-02-07 20:15:00,15.5
101,2023-02-07 20:20:00,15.5
102,2023-02-07 20:25:00,15.5
103,2023-02-07 20:30:00,15.5
104,2023-02-07 20:35:00,15.5
105,2023-02-07 20:40:00,15.5
106,2023-02-07 20:45:00,15.5
107,2023-02-07 20:50:00,15.5
108,2023-02-07 20:55:00,15.5
109,2023-02-07 21:00:00,15.5
110,2023-02-07 21:05:00,15.5
111,2023-02-07 21:10:00,15.5
112,2023-02-07 21:15:00,15.5
113,2023-02-07 21:20:00,15.5
114,2023-02-07 21:25:00,15.5
115,2023-02-07 21:30:00,15.5
116,2023-02-07 21:35:00,15.5
117,2023-02-07 21:40:00,15.5
118,2023-02-07 21:45:00,15.5
119,2023-02-07 21:50:00,15.5
120,2023-02-07 21:55:00,15.5
121,2023-02-07 22:00:00,15.5
122,2023-02-07 22:05:00,15.5
123,2023-02-07 22:10:00,15.5
124,2023-02-07 22:15:00,15.5
125,2023-02-07 22:20:00,15.5
126,2023-02-07 22:25:00,15.5
127,2023-02-07 22:30:00,15.5
128,2023-02-07 22:35:00,15.5
129,2023-02-07 22:40:00,15.5
130,2023-02-07 22:45:00,15.5
131,2023-02-07 22:50:00,15.5
132,2023-02-07 22:55:00,15.5
133,2023-02-07 23:00:00,15.5
134,2023-02-07 23:05:00,15.5
135,2023-02-07 23:10:00,15.5
136,2023-02-07 23:15:00,15.5
137,2023-02-07 23:20:00,15.5
138,2023-02-07 23:25:00,15.5
139,2023-02-07 23:30:00,15.5
140,2023-02-07 23:35:00,15.5
141,2023-02-07 23:40:00,15.5
142,2023-02-07 23:45:00,15.5
143,2023-02-07 23:50:00,15.5
144,2023-02-07 23:55:00,15.5
145,2023-02-08 00:00:00,15.5
146,2023-02-08 00:05:00,15.5
147,2023-02-08 00:10:00,15.5
148,2023-02-08 00:15:00,15.5
149,2023-02-08 00:20:00,15.5
150,2023-02-08 00:25:00,15.5
151,2023-02-08 00:30:00,15.5
152,2023-02-08 00:35:00,15.5
153,2023-02-08 00:40:00,15.5
154,2023-02-08 00:45:00,15.5
155,2023-02-08 00:50:00,15.5
156,2023-02-08 00:55:00,15.5
157,2023-02-08 01:00:00,15.5
158,2023-02-08 01:05:00,15.5
159,2023-02-08 01:10:00,15.5
160,2023-02-08 01:15:00,15.5
161,2023-02-08 01:20:00,15.5
162,2023-02-08 01:25:00,15.5
163,2023-02-08 01:30:00,15.5
164,2023-02-08 01:35:00,15.5
165,2023-02-08 01:40:00,15.5
166,2023-02-08 01:45:00,15.5
167,2023-02-08 01:50:00,15.5
168,2023-02-08 01:55:00,15.5
169,2023-02-08 02:00:00,15.5
170,2023-02-08 02:05:00,15.5
171,2023-02-08 02:10:00,15.5
172,2023-02-08 02:15:00,15.5
173,2023-02-08 02:20:00,15.5
174,2023-02-08 02:25:00,15.5
175,2023-02-08 02:30:00,15.5
176,2023-02-08 02:35:00,15.5
177,2023-02-08 02:40:00,15.5
178,2023-02-08 02:45:00,15.5
179,2023-02-08 02:50:00,15.5
180,2023-02-08 02:55:00,15.5
181,2023-02-08 03:00:00,15.5
182,2023-02-08 03:05:00,15.5
183,2023-02-08 03:10:00,15.5
184,2023-02-08 03:15:00,15.5
185,2023-02-08 03:20:00,15.5
186,2023-02-08 03:25:00,15.5
187,2023-02-08 03:30:00,15.5
188,2023-02-08 03:35:00,15.5
189,2023-02-08 03:40:00,15.5
190,2023-02-08 03:45:00,15.5
191,2023-02-08 03:50:00,15.5
192,2023-02-08 03:55:00,15.5
193,2023-02-08 04:00:00,15.5
194,2023-02-08 04:05:00,15.5
195,2023-02-08 04:10:00,15.5
196,2023-02-08 04:15:00,15.5
197,2023-02-08 04:20:00,15.5
198,2023-02-08 04:25:00,15.0
199,2023-02-08 04:30:00,15.0
200,2023-02-08 04:35:00,15.0
201,2023-02-08 04:40:00,15.0
202,2023-02-08 04:45:00,15.0
203,2023-02-08 04:50:00,15.0
204,2023-02-08 04:55:00,15.0
205,2023-02-08 05:00:00,15.0
206,2023-02-08 05:05:00,15.0
207,2023-02-08 05:10:00,15.0
208,2023-02-08 05:15:00,15.0
209,2023-02-08 05:20:00,15.0
210,2023-02-08 05:25:00,15.0
211,2023-02-08 05:30:00,15.0
212,2023-02-08 05:35:00,15.0
213,2023-02-08 05:40:00,15.0
214,2023-02-08 05:45:00,15.0
215,2023-02-08 05:50:00,15.0
216,2023-02-08 05:55:00,15.0
217,2023-02-08 06:00:00,15.0
218,2023-02-08 06:05:00,15.0
219,2023-02-08 06:10:00,15.0
220,2023-02-08 06:15:00,15.0
221,2023-02-08 06:20:00,15.0
222,2023-02-08 06:25:00,15.0
223,2023-02-08 06:30:00,15.0
224,2023-02-08 06:35:00,15.0
225,2023-02-08 06:40:00,15.0
226,2023-02-08 06:45:00,15.0
227,2023-02-08 06:50:00,15.0
228,2023-02-08 06:55:00,15.0
229,2023-02-08 07:00:00,15.0
230,2023-02-08 07:05:00,15.0
231,2023-02-08 07:10:00,15.0
232,2023-02-08 07:15:00,15.0
233,2023-02-08 07:20:00,15.0
234,2023-02-08 07:25:00,15.0
235,2023-02-08 07:30:00,15.0
236,2023-02-08 07:35:00,15.0
237,2023-02-08 07:40:00,15.0
238,2023-02-08 07:45:00,15.0
239,2023-02-08 07:50:00,15.0
240,2023-02-08 07:55:00,15.0
241,2023-02-08 08:00:00,15.0
242,2023-02-08 08:05:00,15.0
243,2023-02-08 08:10:00,15.0
244,2023-02-08 08:15:00,15.0
245,2023-02-08 08:20:00,15.0
246,2023-02-08 08:25:00,15.0
247,2023-02-08 08:30:00,15.0
248,2023-02-08 08:35:00,15.0
249,2023-02-08 08:40:00,15.0
250,2023-02-08 08:45:00,15.0
251,2023-02-08 08:50:00,15.0
252,2023-02-08 08:55:00,15.0
253,2023-02-08 09:00:00,15.0
254,2023-02-08 09:05:00,15.0
255,2023-02-08 09:10:00,15.0
256,2023-02-08 09:15:00,15.0
257,2023-02-08 09:20:00,15.0
258,2023-02-08 09:25:00,15.0
259,2023-02-08 09:30:00,15.0
260,2023-02-08 09:35:00,15.0
261,2023-02-08 09:40:00,15.0
262,2023-02-08 09:45:00,15.0
263,2023-02-08 09:50:00,15.5
264,2023-02-08 09:55:00,15.5
265,2023-02-08 10:00:00,15.5
266,2023-02-08 10:05:00,15.0
267,2023-02-08 10:10:00,15.0
268,2023-02-08 10:15:00,14.5
269,2023-02-08 10:20:00,14.0
270,2023-02-08 10:25:00,16.0
271,2023-02-08 10:30:00,17.0
272,2023-02-08 10:35:00,17.5
273,2023-02-08 10:40:00,18.0
274,2023-02-08 10:45:00,18.5
275,2023-02-08 10:50:00,18.5
276,2023-02-08 10:55:00,18.5
277,2023-02-08 11:00:00,19.5
278,2023-02-08 11:05:00,19.5
279,2023-02-08 11:10:00,19.5
280,2023-02-08 11:15:00,20.0
281,2023-02-08 11:20:00,20.0
282,2023-02-08 11:25:00,20.0
283,2023-02-08 11:30:00,20.0
284,2023-02-08 11:35:00,20.0
285,2023-02-08 11:40:00,20.0
286,2023-02-08 11:45:00,20.0
287,2023-02-08 11:50:00,20.0
288,2023-02-08 11:55:00,20.0
289,2023-02-08 12:00:00,20.0
290,2023-02-08 12:05:00,19.5
291,2023-02-08 12:10:00,20.0
292,2023-02-08 12:15:00,20.0
293,2023-02-08 12:20:00,20.5
294,2023-02-08 12:25:00,21.0
295,2023-02-08 12:30:00,21.5
296,2023-02-08 12:35:00,21.5
297,2023-02-08 12:40:00,22.0
298,2023-02-08 12:45:00,22.5
299,2023-02-08 12:50:00,22.5
300,2023-02-08 12:55:00,22.5
301,2023-02-08 13:00:00,22.5
302,2023-02-08 13:05:00,22.0
303,2023-02-08 13:10:00,22.0
304,2023-02-08 13:15:00,22.0
305,2023-02-08 13:20:00,22.0
306,2023-02-08 13:25:00,21.5
307,2023-02-08 13:30:00,21.5
308,2023-02-08 13:35:00,21.5
309,2023-02-08 13:40:00,21.5
310,2023-02-08 13:45:00,21.5
311,2023-02-08 13:50:00,21.5
312,2023-02-08 13:55:00,21.0
313,2023-02-08 14:00:00,21.0
314,2023-02-08 14:05:00,20.5
315,2023-02-08 14:10:00,20.5
316,2023-02-08 14:15:00,21.0
317,2023-02-08 14:20:00,21.0
318,2023-02-08 14:25:00,20.5
319,2023-02-08 14:30:00,20.5
320,2023-02-08 14:35:00,20.5
321,2023-02-08 14:40:00,20.5
322,2023-02-08 14:45:00,20.5
323,2023-02-08 14:50:00,20.5
324,2023-02-08 14:55:00,20.5
325,2023-02-08 15:00:00,20.5
326,2023-02-08 15:05:00,20.5
327,2023-02-08 15:10:00,20.5
328,2023-02-08 15:15:00,20.0
329,2023-02-08 15:20:00,19.5
330,2023-02-08 15:25:00,19.5
331,2023-02-08 15:30:00,19.5
332,2023-02-08 15:35:00,19.5
333,2023-02-08 15:40:00,19.5
334,2023-02-08 15:45:00,19.5
335,2023-02-08 15:50:00,19.0
336,2023-02-08 15:55:00,19.0
337,2023-02-08 16:00:00,19.0
338,2023-02-08 16:05:00,19.0
339,2023-02-08 16:10:00,19.0
340,2023-02-08 16:15:00,19.0
341,2023-02-08 16:20:00,19.0
342,2023-02-08 16:25:00,19.0
343,2023-02-08 16:30:00,19.0
344,2023-02-08 16:35:00,19.0
345,2023-02-08 16:40:00,19.0
346,2023-02-08 16:45:00,19.0
347,2023-02-08 16:50:00,19.0
348,2023-02-08 16:55:00,19.0
349,2023-02-08 17:00:00,19.0
350,2023-02-08 17:05:00,19.0
351,2023-02-08 17:10:00,19.0
352,2023-02-08 17:15:00,19.5
353,2023-02-08 17:20:00,19.5
354,2023-02-08 17:25:00,19.5
355,2023-02-08 17:30:00,19.5
356,2023-02-08 17:35:00,19.5
357,2023-02-08 17:40:00,19.5
358,2023-02-08 17:45:00,19.5
359,2023-02-08 17:50:00,19.5
360,2023-02-08 17:55:00,19.5
361,2023-02-08 18:00:00,19.5
362,2023-02-08 18:05:00,19.5
363,2023-02-08 18:10:00,19.5
364,2023-02-08 18:15:00,19.5
365,2023-02-08 18:20:00,19.5
366,2023-02-08 18:25:00,19.5
367,2023-02-08 18:30:00,19.5
368,2023-02-08 18:35:00,19.5
369,2023-02-08 18:40:00,19.5
370,2023-02-08 18:45:00,19.5
371,2023-02-08 18:50:00,19.5
372,2023-02-08 18:55:00,19.5
373,2023-02-08 19:00:00,19.5
374,2023-02-08 19:05:00,19.5
375,2023-02-08 19:10:00,19.5
376,2023-02-08 19:15:00,19.5
377,2023-02-08 19:20:00,19.5
378,2023-02-08 19:25:00,19.5
379,2023-02-08 19:30:00,19.5
380,2023-02-08 19:35:00,19.5
381,2023-02-08 19:40:00,19.5
382,2023-02-08 19:45:00,19.5
383,2023-02-08 19:50:00,19.5
384,2023-02-08 19:55:00,19.5
385,2023-02-08 20:00:00,19.5
386,2023-02-08 20:05:00,19.5
387,2023-02-08 20:10:00,19.5
388,2023-02-08 20:15:00,19.5
389,2023-02-08 20:20:00,19.5
390,2023-02-08 20:25:00,19.5
391,2023-02-08 20:30:00,19.5
392,2023-02-08 20:35:00,19.5
393,2023-02-08 20:40:00,19.5
394,2023-02-08 20:45:00,19.5
395,2023-02-08 20:50:00,19.5
396,2023-02-08 20:55:00,19.5
397,2023-02-08 21:00:00,19.5
398,2023-02-08 21:05:00,19.5
399,2023-02-08 21:10:00,19.5
400,2023-02-08 21:15:00,19.5
401,2023-02-08 21:20:00,19.5
402,2023-02-08 21:25:00,19.5
403,2023-02-08 21:30:00,19.5
404,2023-02-08 21:35:00,19.5
405,2023-02-08 21:40:00,19.0
406,2023-02-08 21:45:00,19.0
407,2023-02-08 21:50:00,19.0
408,2023-02-08 21:55:00,19.0
409,2023-02-08 22:00:00,19.0
410,2023-02-08 22:05:00,19.0
411,2023-02-08 22:10:00,19.0
412,2023-02-08 22:15:00,19.0
413,2023-02-08 22:20:00,19.0
414,2023-02-08 22:25:00,18.5
415,2023-02-08 22:30:00,18.5
416,2023-02-08 22:35:00,18.5
417,2023-02-08 22:40:00,18.5
418,2023-02-08 22:45:00,18.5
419,2023-02-08 22:50:00,18.5
420,2023-02-08 22:55:00,18.5
421,2023-02-08 23:00:00,18.5
422,2023-02-08 23:05:00,18.5
423,2023-02-08 23:10:00,18.0
424,2023-02-08 23:15:00,18.0
425,2023-02-08 23:20:00,18.0
426,2023-02-08 23:25:00,18.0
427,2023-02-08 23:30:00,18.0
428,2023-02-08 23:35:00,18.0
429,2023-02-08 23:40:00,18.0
430,2023-02-08 23:45:00,18.0
431,2023-02-08 23:50:00,18.0
432,2023-02-08 23:55:00,18.0
433,2023-02-09 00:00:00,17.5
434,2023-02-09 00:05:00,17.5
435,2023-02-09 00:10:00,17.5
436,2023-02-09 00:15:00,17.5
437,2023-02-09 00:20:00,17.5
438,2023-02-09 00:25:00,17.5
439,2023-02-09 00:30:00,17.5
440,2023-02-09 00:35:00,17.5
441,2023-02-09 00:40:00,17.5
442,2023-02-09 00:45:00,17.5
443,2023-02-09 00:50:00,17.0
444,2023-02-09 00:55:00,17.0
445,2023-02-09 01:00:00,17.0
446,2023-02-09 01:05:00,17.0
447,2023-02-09 01:10:00,17.0
448,2023-02-09 01:15:00,17.0
449,2023-02-09 01:20:00,17.0
450,2023-02-09 01:25:00,17.0
451,2023-02-09 01:30:00,17.0
452,2023-02-09 01:35:00,17.0
453,2023-02-09 01:40:00,17.0
454,2023-02-09 01:45:00,16.5
455,2023-02-09 01:50:00,16.5
456,2023-02-09 01:55:00,16.5
457,2023-02-09 02:00:00,16.5
458,2023-02-09 02:05:00,16.5
459,2023-02-09 02:10:00,16.5
460,2023-02-09 02:15:00,16.5
461,2023-02-09 02:20:00,16.5
462,2023-02-09 02:25:00,16.5
463,2023-02-09 02:30:00,16.5
464,2023-02-09 02:35:00,16.5
465,2023-02-09 02:40:00,16.5
466,2023-02-09 02:45:00,16.0
467,2023-02-09 02:50:00,16.0
468,2023-02-09 02:55:00,16.0
469,2023-02-09 03:00:00,16.0
470,2023-02-09 03:05:00,16.0
471,2023-02-09 03:10:00,16.0
472,2023-02-09 03:15:00,16.0
473,2023-02-09 03:20:00,16.0
474,2023-02-09 03:25:00,16.0
475,2023-02-09 03:30:00,16.0
476,2023-02-09 03:35:00,16.0
477,2023-02-09 03:40:00,16.0
478,2023-02-09 03:45:00,15.5
479,2023-02-09 03:50:00,15.5
480,2023-02-09 03:55:00,15.5
481,2023-02-09 04:00:00,15.5
482,2023-02-09 04:05:00,15.5
483,2023-02-09 04:10:00,15.5
484,2023-02-09 04:15:00,15.5
485,2023-02-09 04:20:00,15.5
486,2023-02-09 04:25:00,15.5
487,2023-02-09 04:30:00,15.5
488,2023-02-09 04:35:00,15.5
489,2023-02-09 04:40:00,15.5
490,2023-02-09 04:45:00,15.5
491,2023-02-09 04:50:00,15.5
492,2023-02-09 04:55:00,15.0
493,2023-02-09 05:00:00,15.0
494,2023-02-09 05:05:00,15.0
495,2023-02-09 05:10:00,15.0
496,2023-02-09 05:15:00,15.0
497,2023-02-09 05:20:00,15.0
498,2023-02-09 05:25:00,15.0
499,2023-02-09 05:30:00,15.0
500,2023-02-09 05:35:00,15.0
501,2023-02-09 05:40:00,15.0
502,2023-02-09 05:45:00,15.0
503,2023-02-09 05:50:00,15.0
504,2023-02-09 05:55:00,15.0
505,2023-02-09 06:00:00,15.0
506,2023-02-09 06:05:00,15.0
507,2023-02-09 06:10:00,15.0
508,2023-02-09 06:15:00,14.5
509,2023-02-09 06:20:00,14.5
510,2023-02-09 06:25:00,14.5
511,2023-02-09 06:30:00,14.5
512,2023-02-09 06:35:00,14.5
513,2023-02-09 06:40:00,14.5
514,2023-02-09 06:45:00,14.5
515,2023-02-09 06:50:00,14.5
516,2023-02-09 06:55:00,14.5
517,2023-02-09 07:00:00,14.5
518,2023-02-09 07:05:00,14.5
519,2023-02-09 07:10:00,14.5
520,2023-02-09 07:15:00,14.5
521,2023-02-09 07:20:00,14.5
522,2023-02-09 07:25:00,14.5
523,2023-02-09 07:30:00,14.5
524,2023-02-09 07:35:00,14.5
525,2023-02-09 07:40:00,14.5
526,2023-02-09 07:45:00,15.0
527,2023-02-09 07:50:00,15.0
528,2023-02-09 07:55:00,15.0
529,2023-02-09 08:00:00,15.0
530,2023-02-09 08:05:00,15.0
531,2023-02-09 08:10:00,15.5
532,2023-02-09 08:15:00,15.5
533,2023-02-09 08:20:00,15.5
534,2023-02-09 08:25:00,15.5
535,2023-02-09 08:30:00,15.5
536,2023-02-09 08:35:00,15.5
537,2023-02-09 08:40:00,15.5
538,2023-02-09 08:45:00,15.5
539,2023-02-09 08:50:00,15.5
540,2023-02-09 08:55:00,16.0
541,2023-02-09 09:00:00,16.0
542,2023-02-09 09:05:00,16.0
543,2023-02-09 09:10:00,16.5
544,2023-02-09 09:15:00,16.5
545,2023-02-09 09:20:00,17.0
546,2023-02-09 09:25:00,17.0
547,2023-02-09 09:30:00,17.5
548,2023-02-09 09:35:00,17.5
549,2023-02-09 09:40:00,18.0
550,2023-02-09 09:45:00,18.0
551,2023-02-09 09:50:00,18.0
552,2023-02-09 09:55:00,18.0
553,2023-02-09 10:00:00,18.0
554,2023-02-09 10:05:00,18.0
555,2023-02-09 10:10:00,18.5
556,2023-02-09 10:15:00,18.5
557,2023-02-09 10:20:00,18.5
558,2023-02-09 10:25:00,18.5
559,2023-02-09 10:30:00,18.5
560,2023-02-09 10:35:00,18.5
561,2023-02-09 10:40:00,18.5
562,2023-02-09 10:45:00,18.5
563,2023-02-09 10:50:00,18.5
564,2023-02-09 10:55:00,18.5
565,2023-02-09 11:00:00,18.5
566,2023-02-09 11:05:00,18.5
567,2023-02-09 11:10:00,18.5
568,2023-02-09 11:15:00,18.5
569,2023-02-09 11:20:00,18.5
570,2023-02-09 11:25:00,19.0
571,2023-02-09 11:30:00,19.0
572,2023-02-09 11:35:00,19.0
573,2023-02-09 11:40:00,19.0
574,2023-02-09 11:45:00,19.5
575,2023-02-09 11:50:00,19.5
576,2023-02-09 11:55:00,19.5
577,2023-02-09 12:00:00,19.5
578,2023-02-09 12:05:00,19.5
579,2023-02-09 12:10:00,19.5
580,2023-02-09 12:15:00,19.5
581,2023-02-09 12:20:00,19.5
582,2023-02-09 12:25:00,19.5
583,2023-02-09 12:30:00,19.0
584,2023-02-09 12:35:00,19.0
585,2023-02-09 12:40:00,19.0
586,2023-02-09 12:45:00,19.0
587,2023-02-09 12:50:00,19.0
588,2023-02-09 12:55:00,19.0
589,2023-02-09 13:00:00,19.0
590,2023-02-09 13:05:00,19.0
591,2023-02-09 13:10:00,19.0
592,2023-02-09 13:15:00,19.0
593,2023-02-09 13:20:00,19.0
594,2023-02-09 13:25:00,19.0
595,2023-02-09 13:30:00,19.0
596,2023-02-09 13:35:00,19.0
597,2023-02-09 13:40:00,19.0
598,2023-02-09 13:45:00,19.0
599,2023-02-09 13:50:00,19.0
600,2023-02-09 13:55:00,19.0
601,2023-02-09 14:00:00,19.5
602,2023-02-09 14:05:00,19.5
603,2023-02-09 14:10:00,19.5
604,2023-02-09 14:15:00,19.5
605,2023-02-09 14:20:00,19.5
606,2023-02-09 14:25:00,19.5
607,2023-02-09 14:30:00,19.5
608,2023-02-09 14:35:00,19.5
609,2023-02-09 14:40:00,19.5
610,2023-02-09 14:45:00,19.5
611,2023-02-09 14:50:00,19.5
612,2023-02-09 14:55:00,19.5
613,2023-02-09 15:00:00,19.5
614,2023-02-09 15:05:00,19.5
615,2023-02-09 15:10:00,20.0
616,2023-02-09 15:15:00,20.0
617,2023-02-09 15:20:00,20.0
618,2023-02-09 15:25:00,20.0
619,2023-02-09 15:30:00,20.0
620,2023-02-09 15:35:00,20.0
621,2023-02-09 15:40:00,20.0
622,2023-02-09 15:45:00,20.0
623,2023-02-09 15:50:00,20.0
624,2023-02-09 15:55:00,20.0
625,2023-02-09 16:00:00,19.5
626,2023-02-09 16:05:00,19.5
627,2023-02-09 16:10:00,19.5
628,2023-02-09 16:15:00,19.5
629,2023-02-09 16:20:00,19.5
630,2023-02-09 16:25:00,19.5
631,2023-02-09 16:30:00,19.5
632,2023-02-09 16:35:00,19.5
633,2023-02-09 16:40:00,19.5
634,2023-02-09 16:45:00,19.5
635,2023-02-09 16:50:00,19.5
636,2023-02-09 16:55:00,19.5
637,2023-02-09 17:00:00,19.5
638,2023-02-09 17:05:00,19.5
639,2023-02-09 17:10:00,19.5
640,2023-02-09 17:15:00,19.5
641,2023-02-09 17:20:00,19.5
642,2023-02-09 17:25:00,19.5
643,2023-02-09 17:30:00,19.5
644,2023-02-09 17:35:00,19.5
645,2023-02-09 17:40:00,19.5
646,2023-02-09 17:45:00,19.5
647,2023-02-09 17:50:00,19.5
648,2023-02-09 17:55:00,19.5
649,2023-02-09 18:00:00,19.5
650,2023-02-09 18:05:00,19.5
651,2023-02-09 18:10:00,19.5
652,2023-02-09 18:15:00,20.0
653,2023-02-09 18:20:00,20.0
654,2023-02-09 18:25:00,20.0
655,2023-02-09 18:30:00,20.0
656,2023-02-09 18:35:00,20.0
657,2023-02-09 18:40:00,20.0
658,2023-02-09 18:45:00,20.0
659,2023-02-09 18:50:00,20.0
660,2023-02-09 18:55:00,20.0
661,2023-02-09 19:00:00,20.0
662,2023-02-09 19:05:00,19.5
663,2023-02-09 19:10:00,20.0
664,2023-02-09 19:15:00,20.0
665,2023-02-09 19:20:00,20.5
666,2023-02-09 19:25:00,20.5
667,2023-02-09 19:30:00,20.5
668,2023-02-09 19:35:00,20.5
669,2023-02-09 19:40:00,20.5
670,2023-02-09 19:45:00,20.5
671,2023-02-09 19:50:00,20.5
672,2023-02-09 19:55:00,20.5
673,2023-02-09 20:00:00,20.5
674,2023-02-09 20:05:00,20.5
675,2023-02-09 20:10:00,20.5
676,2023-02-09 20:15:00,20.5
677,2023-02-09 20:20:00,20.5
678,2023-02-09 20:25:00,20.0
679,2023-02-09 20:30:00,20.0
680,2023-02-09 20:35:00,20.0
681,2023-02-09 20:40:00,20.0
682,2023-02-09 20:45:00,20.0
683,2023-02-09 20:50:00,20.0
684,2023-02-09 20:55:00,19.5
685,2023-02-09 21:00:00,19.5
686,2023-02-09 21:05:00,19.5
687,2023-02-09 21:10:00,19.5
688,2023-02-09 21:15:00,19.5
689,2023-02-09 21:20:00,19.5
690,2023-02-09 21:25:00,19.5
691,2023-02-09 21:30:00,19.0
692,2023-02-09 21:35:00,19.0
693,2023-02-09 21:40:00,19.0
694,2023-02-09 21:45:00,19.0
695,2023-02-09 21:50:00,19.0
696,2023-02-09 21:55:00,19.0
697,2023-02-09 22:00:00,19.0
698,2023-02-09 22:05:00,19.0
699,2023-02-09 22:10:00,18.5
700,2023-02-09 22:15:00,18.5
701,2023-02-09 22:20:00,18.5
702,2023-02-09 22:25:00,18.5
703,2023-02-09 22:30:00,18.5
704,2023-02-09 22:35:00,18.5
705,2023-02-09 22:40:00,18.5
706,2023-02-09 22:45:00,18.5
707,2023-02-09 22:50:00,18.5
708,2023-02-09 22:55:00,18.5
709,2023-02-09 23:00:00,18.0
710,2023-02-09 23:05:00,18.0
711,2023-02-09 23:10:00,18.0
712,2023-02-09 23:15:00,18.0
713,2023-02-09 23:20:00,18.0
714,2023-02-09 23:25:00,18.0
715,2023-02-09 23:30:00,18.0
716,2023-02-09 23:35:00,18.0
717,2023-02-09 23:40:00,18.0
718,2023-02-09 23:45:00,17.5
719,2023-02-09 23:50:00,17.5
720,2023-02-09 23:55:00,17.5
721,2023-02-10 00:00:00,17.5
722,2023-02-10 00:05:00,17.5
723,2023-02-10 00:10:00,17.5
724,2023-02-10 00:15:00,17.5
725,2023-02-10 00:20:00,17.5
726,2023-02-10 00:25:00,17.5
727,2023-02-10 00:30:00,17.5
728,2023-02-10 00:35:00,17.5
729,2023-02-10 00:40:00,17.5
730,2023-02-10 00:45:00,17.0
731,2023-02-10 00:50:00,17.0
732,2023-02-10 00:55:00,17.0
733,2023-02-10 01:00:00,17.0
734,2023-02-10 01:05:00,17.0
735,2023-02-10 01:10:00,17.0
736,2023-02-10 01:15:00,17.0
737,2023-02-10 01:20:00,17.0
738,2023-02-10 01:25:00,17.0
739,2023-02-10 01:30:00,17.0
740,2023-02-10 01:35:00,17.0
741,2023-02-10 01:40:00,17.0
742,2023-02-10 01:45:00,16.5
743,2023-02-10 01:50:00,16.5
744,2023-02-10 01:55:00,16.5
745,2023-02-10 02:00:00,16.5
746,2023-02-10 02:05:00,16.5
747,2023-02-10 02:10:00,16.5
748,2023-02-10 02:15:00,16.5
749,2023-02-10 02:20:00,16.5
750,2023-02-10 02:25:00,16.5
751,2023-02-10 02:30:00,16.5
752,2023-02-10 02:35:00,16.5
753,2023-02-10 02:40:00,16.5
754,2023-02-10 02:45:00,16.0
755,2023-02-10 02:50:00,16.0
756,2023-02-10 02:55:00,16.0
757,2023-02-10 03:00:00,16.0
758,2023-02-10 03:05:00,16.0
759,2023-02-10 03:10:00,16.0
760,2023-02-10 03:15:00,16.0
761,2023-02-10 03:20:00,16.0
762,2023-02-10 03:25:00,16.0
763,2023-02-10 03:30:00,16.0
764,2023-02-10 03:35:00,16.0
765,2023-02-10 03:40:00,16.0
766,2023-02-10 03:45:00,16.0
767,2023-02-10 03:50:00,16.0
768,2023-02-10 03:55:00,15.5
769,2023-02-10 04:00:00,15.5
770,2023-02-10 04:05:00,15.5
771,2023-02-10 04:10:00,15.5
772,2023-02-10 04:15:00,15.5
773,2023-02-10 04:20:00,15.5
774,2023-02-10 04:25:00,15.5
775,2023-02-10 04:30:00,15.5
776,2023-02-10 04:35:00,15.5
777,2023-02-10 04:40:00,15.5
778,2023-02-10 04:45:00,15.5
779,2023-02-10 04:50:00,15.5
780,2023-02-10 04:55:00,15.5
781,2023-02-10 05:00:00,15.5
782,2023-02-10 05:05:00,15.5
783,2023-02-10 05:10:00,15.5
784,2023-02-10 05:15:00,15.5
785,2023-02-10 05:20:00,15.5
786,2023-02-10 05:25:00,15.0
787,2023-02-10 05:30:00,15.0
788,2023-02-10 05:35:00,15.0
789,2023-02-10 05:40:00,15.0
790,2023-02-10 05:45:00,15.0
791,2023-02-10 05:50:00,15.0
792,2023-02-10 05:55:00,15.0
793,2023-02-10 06:00:00,15.0
794,2023-02-10 06:05:00,15.0
795,2023-02-10 06:10:00,15.0
796,2023-02-10 06:15:00,15.0
797,2023-02-10 06:20:00,15.0
798,2023-02-10 06:25:00,15.0
799,2023-02-10 06:30:00,15.0
800,2023-02-10 06:35:00,15.0
801,2023-02-10 06:40:00,15.0
802,2023-02-10 06:45:00,15.0
803,2023-02-10 06:50:00,15.0
804,2023-02-10 06:55:00,15.0
805,2023-02-10 07:00:00,14.5
806,2023-02-10 07:05:00,14.5
807,2023-02-10 07:10:00,14.5
808,2023-02-10 07:15:00,14.5
809,2023-02-10 07:20:00,14.5
810,2023-02-10 07:25:00,14.5
811,2023-02-10 07:30:00,14.5
812,2023-02-10 07:35:00,14.5
813,2023-02-10 07:40:00,14.5
814,2023-02-10 07:45:00,14.5
815,2023-02-10 07:50:00,14.5
816,2023-02-10 07:55:00,14.5
817,2023-02-10 08:00:00,15.0
818,2023-02-10 08:05:00,15.0
819,2023-02-10 08:10:00,15.0
820,2023-02-10 08:15:00,15.0
821,2023-02-10 08:20:00,15.5
822,2023-02-10 08:25:00,15.5
823,2023-02-10 08:30:00,15.5
824,2023-02-10 08:35:00,15.5
825,2023-02-10 08:40:00,16.0
826,2023-02-10 08:45:00,16.0
827,2023-02-10 08:50:00,16.0
828,2023-02-10 08:55:00,16.0
829,2023-02-10 09:00:00,16.0
830,2023-02-10 09:05:00,16.5
831,2023-02-10 09:10:00,16.5
832,2023-02-10 09:15:00,17.0
833,2023-02-10 09:20:00,17.0
834,2023-02-10 09:25:00,17.0
835,2023-02-10 09:30:00,17.5
836,2023-02-10 09:35:00,17.5
837,2023-02-10 09:40:00,17.5
838,2023-02-10 09:45:00,17.5
839,2023-02-10 09:50:00,17.5
840,2023-02-10 09:55:00,17.5
841,2023-02-10 10:00:00,17.5
842,2023-02-10 10:05:00,17.5
843,2023-02-10 10:10:00,18.0
844,2023-02-10 10:15:00,18.0
845,2023-02-10 10:20:00,18.0
846,2023-02-10 10:25:00,18.0
847,2023-02-10 10:30:00,18.0
848,2023-02-10 10:35:00,18.0
849,2023-02-10 10:40:00,18.0
850,2023-02-10 10:45:00,18.5
851,2023-02-10 10:50:00,18.5
852,2023-02-10 10:55:00,18.5
853,2023-02-10 11:00:00,18.0
854,2023-02-10 11:05:00,18.0
855,2023-02-10 11:10:00,18.0
856,2023-02-10 11:15:00,18.0
857,2023-02-10 11:20:00,18.0
858,2023-02-10 11:25:00,18.5
859,2023-02-10 11:30:00,18.5
860,2023-02-10 11:35:00,18.5
861,2023-02-10 11:40:00,18.5
862,2023-02-10 11:45:00,18.5
863,2023-02-10 11:50:00,18.5
864,2023-02-10 11:55:00,18.5
865,2023-02-10 12:00:00,18.5
866,2023-02-10 12:05:00,18.5
867,2023-02-10 12:10:00,18.5
868,2023-02-10 12:15:00,18.5
869,2023-02-10 12:20:00,18.5
870,2023-02-10 12:25:00,18.5
871,2023-02-10 12:30:00,18.5
872,2023-02-10 12:35:00,18.5
873,2023-02-10 12:40:00,19.0
874,2023-02-10 12:45:00,19.0
875,2023-02-10 12:50:00,19.0
876,2023-02-10 12:55:00,19.0
877,2023-02-10 13:00:00,19.0
878,2023-02-10 13:05:00,18.5
879,2023-02-10 13:10:00,18.5
880,2023-02-10 13:15:00,18.5
881,2023-02-10 13:20:00,18.5
882,2023-02-10 13:25:00,19.0
883,2023-02-10 13:30:00,19.0
884,2023-02-10 13:35:00,19.0
885,2023-02-10 13:40:00,19.0
886,2023-02-10 13:45:00,18.5
887,2023-02-10 13:50:00,18.5
888,2023-02-10 13:55:00,18.5
889,2023-02-10 14:00:00,18.5
890,2023-02-10 14:05:00,19.0
891,2023-02-10 14:10:00,19.0
892,2023-02-10 14:15:00,19.0
893,2023-02-10 14:20:00,19.0
894,2023-02-10 14:25:00,19.0
895,2023-02-10 14:30:00,19.0
896,2023-02-10 14:35:00,19.0
897,2023-02-10 14:40:00,19.0
898,2023-02-10 14:45:00,19.0
899,2023-02-10 14:50:00,19.0
900,2023-02-10 14:55:00,19.5
901,2023-02-10 15:00:00,19.0
902,2023-02-10 15:05:00,18.5
903,2023-02-10 15:10:00,18.5
904,2023-02-10 15:15:00,19.0
905,2023-02-10 15:20:00,19.0
906,2023-02-10 15:25:00,19.0
907,2023-02-10 15:30:00,19.0
908,2023-02-10 15:35:00,19.0
909,2023-02-10 15:40:00,19.0
910,2023-02-10 15:45:00,19.0
911,2023-02-10 15:50:00,19.0
912,2023-02-10 15:55:00,19.0
913,2023-02-10 16:00:00,19.0
914,2023-02-10 16:05:00,19.0
915,2023-02-10 16:10:00,19.0
916,2023-02-10 16:15:00,19.0
917,2023-02-10 16:20:00,19.0
918,2023-02-10 16:25:00,19.0
919,2023-02-10 16:30:00,19.0
920,2023-02-10 16:35:00,19.0
921,2023-02-10 16:40:00,19.0
922,2023-02-10 16:45:00,18.5
923,2023-02-10 16:50:00,18.5
924,2023-02-10 16:55:00,18.5
925,2023-02-10 17:00:00,18.5
926,2023-02-10 17:05:00,19.0
927,2023-02-10 17:10:00,19.0
928,2023-02-10 17:15:00,19.0
929,2023-02-10 17:20:00,19.0
930,2023-02-10 17:25:00,19.0
931,2023-02-10 17:30:00,19.0
932,2023-02-10 17:35:00,19.0
933,2023-02-10 17:40:00,19.0
934,2023-02-10 17:45:00,19.0
935,2023-02-10 17:50:00,18.5
936,2023-02-10 17:55:00,18.5
937,2023-02-10 18:00:00,18.5
938,2023-02-10 18:05:00,18.5
939,2023-02-10 18:10:00,18.5
940,2023-02-10 18:15:00,18.5
941,2023-02-10 18:20:00,18.5
942,2023-02-10 18:25:00,18.5
943,2023-02-10 18:30:00,18.5
944,2023-02-10 18:35:00,18.5
945,2023-02-10 18:40:00,18.5
946,2023-02-10 18:45:00,18.5
947,2023-02-10 18:50:00,18.5
948,2023-02-10 18:55:00,18.5
949,2023-02-10 19:00:00,18.5
950,2023-02-10 19:05:00,18.5
951,2023-02-10 19:10:00,18.5
952,2023-02-10 19:15:00,18.5
953,2023-02-10 19:20:00,18.5
954,2023-02-10 19:25:00,18.0
955,2023-02-10 19:30:00,18.0
956,2023-02-10 19:35:00,18.0
957,2023-02-10 19:40:00,18.0
958,2023-02-10 19:45:00,18.0
959,2023-02-10 19:50:00,18.0
960,2023-02-10 19:55:00,18.0
961,2023-02-10 20:00:00,18.0
962,2023-02-10 20:05:00,18.0
963,2023-02-10 20:10:00,18.0
964,2023-02-10 20:15:00,18.0
965,2023-02-10 20:20:00,18.0
966,2023-02-10 20:25:00,18.0
967,2023-02-10 20:30:00,18.0
968,2023-02-10 20:35:00,18.0
969,2023-02-10 20:40:00,17.5
970,2023-02-10 20:45:00,17.5
971,2023-02-10 20:50:00,17.5
972,2023-02-10 20:55:00,17.5
973,2023-02-10 21:00:00,17.5
974,2023-02-10 21:05:00,17.5
975,2023-02-10 21:10:00,17.5
976,2023-02-10 21:15:00,17.5
977,2023-02-10 21:20:00,17.5
978,2023-02-10 21:25:00,17.5
979,2023-02-10 21:30:00,17.5
980,2023-02-10 21:35:00,17.5
981,2023-02-10 21:40:00,17.5
982,2023-02-10 21:45:00,17.5
983,2023-02-10 21:50:00,17.5
984,2023-02-10 21:55:00,17.0
985,2023-02-10 22:00:00,17.0
986,2023-02-10 22:05:00,17.0
987,2023-02-10 22:10:00,17.0
988,2023-02-10 22:15:00,17.0
989,2023-02-10 22:20:00,17.0
990,2023-02-10 22:25:00,17.0
991,2023-02-10 22:30:00,17.0
992,2023-02-10 22:35:00,17.0
993,2023-02-10 22:40:00,17.0
994,2023-02-10 22:45:00,17.0
995,2023-02-10 22:50:00,17.0
996,2023-02-10 22:55:00,17.0
997,2023-02-10 23:00:00,17.0
998,2023-02-10 23:05:00,17.0
999,2023-02-10 23:10:00,16.5
1000,2023-02-10 23:15:00,16.5
1001,2023-02-10 23:20:00,16.5
1002,2023-02-10 23:25:00,16.5
1003,2023-02-10 23:30:00,16.5
1004,2023-02-10 23:35:00,16.5
1005,2023-02-10 23:40:00,16.5
1006,2023-02-10 23:45:00,16.5
1007,2023-02-10 23:50:00,16.5
1008,2023-02-10 23:55:00,16.5
1009,2023-02-11 00:00:00,16.5
1010,2023-02-11 00:05:00,16.5
1011,2023-02-11 00:10:00,16.5
1012,2023-02-11 00:15:00,16.5
1013,2023-02-11 00:20:00,16.5
1014,2023-02-11 00:25:00,16.5
1015,2023-02-11 00:30:00,16.5
1016,2023-02-11 00:35:00,16.5
1017,2023-02-11 00:40:00,16.5
1018,2023-02-11 00:45:00,16.5
1019,2023-02-11 00:50:00,16.0
1020,2023-02-11 00:55:00,16.0
1021,2023-02-11 01:00:00,16.0
1022,2023-02-11 01:05:00,16.0
1023,2023-02-11 01:10:00,16.0
1024,2023-02-11 01:15:00,16.0
1025,2023-02-11 01:20:00,16.0
1026,2023-02-11 01:25:00,16.0
1027,2023-02-11 01:30:00,16.0
1028,2023-02-11 01:35:00,16.0
1029,2023-02-11 01:40:00,16.0
1030,2023-02-11 01:45:00,16.0
1031,2023-02-11 01:50:00,16.0
1032,2023-02-11 01:55:00,16.0
1033,2023-02-11 02:00:00,16.0
1034,2023-02-11 02:05:00,16.0
1035,2023-02-11 02:10:00,16.0
1036,2023-02-11 02:15:00,16.0
1037,2023-02-11 02:20:00,16.0
1038,2023-02-11 02:25:00,16.0
1039,2023-02-11 02:30:00,16.0
1040,2023-02-11 02:35:00,16.0
1041,2023-02-11 02:40:00,16.0
1042,2023-02-11 02:45:00,16.0
1043,2023-02-11 02:50:00,15.5
1044,2023-02-11 02:55:00,15.5
1045,2023-02-11 03:00:00,15.5
1046,2023-02-11 03:05:00,15.5
1047,2023-02-11 03:10:00,15.5
1048,2023-02-11 03:15:00,15.5
1049,2023-02-11 03:20:00,15.5
1050,2023-02-11 03:25:00,15.5
1051,2023-02-11 03:30:00,15.5
1052,2023-02-11 03:35:00,15.5
1053,2023-02-11 03:40:00,15.5
1054,2023-02-11 03:45:00,15.5
1055,2023-02-11 03:50:00,15.5
1056,2023-02-11 03:55:00,15.5
1057,2023-02-11 04:00:00,15.5
1058,2023-02-11 04:05:00,15.5
1059,2023-02-11 04:10:00,15.5
1060,2023-02-11 04:15:00,15.5
1061,2023-02-11 04:20:00,15.5
1062,2023-02-11 04:25:00,15.5
1063,2023-02-11 04:30:00,15.5
1064,2023-02-11 04:35:00,15.5
1065,2023-02-11 04:40:00,15.5
1066,2023-02-11 04:45:00,15.5
1067,2023-02-11 04:50:00,15.5
1068,2023-02-11 04:55:00,15.5
1069,2023-02-11 05:00:00,15.0
1070,2023-02-11 05:05:00,15.0
1071,2023-02-11 05:10:00,15.0
1072,2023-02-11 05:15:00,15.0
1073,2023-02-11 05:20:00,15.0
1074,2023-02-11 05:25:00,15.0
1075,2023-02-11 05:30:00,15.0
1076,2023-02-11 05:35:00,15.0
1077,2023-02-11 05:40:00,15.0
1078,2023-02-11 05:45:00,15.0
1079,2023-02-11 05:50:00,15.0
1080,2023-02-11 05:55:00,15.0
1081,2023-02-11 06:00:00,15.0
1082,2023-02-11 06:05:00,15.0
1083,2023-02-11 06:10:00,15.0
1084,2023-02-11 06:15:00,15.0
1085,2023-02-11 06:20:00,15.0
1086,2023-02-11 06:25:00,15.0
1087,2023-02-11 06:30:00,15.0
1088,2023-02-11 06:35:00,15.0
1089,2023-02-11 06:40:00,15.0
1090,2023-02-11 06:45:00,15.0
1091,2023-02-11 06:50:00,15.0
1092,2023-02-11 06:55:00,15.0
1093,2023-02-11 07:00:00,15.0
1094,2023-02-11 07:05:00,15.0
1095,2023-02-11 07:10:00,15.0
1096,2023-02-11 07:15:00,15.0
1097,2023-02-11 07:20:00,15.0
1098,2023-02-11 07:25:00,15.0
1099,2023-02-11 07:30:00,15.0
1100,2023-02-11 07:35:00,15.0
1101,2023-02-11 07:40:00,15.0
1102,2023-02-11 07:45:00,15.0
1103,2023-02-11 07:50:00,15.0
1104,2023-02-11 07:55:00,15.0
1105,2023-02-11 08:00:00,15.0
1106,2023-02-11 08:05:00,15.5
1107,2023-02-11 08:10:00,15.5
1108,2023-02-11 08:15:00,15.5
1109,2023-02-11 08:20:00,16.0
1110,2023-02-11 08:25:00,16.0
1111,2023-02-11 08:30:00,16.0
1112,2023-02-11 08:35:00,16.5
1113,2023-02-11 08:40:00,16.5
1114,2023-02-11 08:45:00,16.5
1115,2023-02-11 08:50:00,16.5
1116,2023-02-11 08:55:00,16.5
1117,2023-02-11 09:00:00,16.5
1118,2023-02-11 09:05:00,16.5
1119,2023-02-11 09:10:00,17.0
1120,2023-02-11 09:15:00,17.0
1121,2023-02-11 09:20:00,17.0
1122,2023-02-11 09:25:00,17.0
1123,2023-02-11 09:30:00,17.5
1124,2023-02-11 09:35:00,17.5
1125,2023-02-11 09:40:00,17.5
1126,2023-02-11 09:45:00,17.5
1127,2023-02-11 09:50:00,17.5
1128,2023-02-11 09:55:00,17.5
1129,2023-02-11 10:00:00,17.5
1130,2023-02-11 10:05:00,17.5
1131,2023-02-11 10:10:00,17.5
1132,2023-02-11 10:15:00,17.5
1133,2023-02-11 10:20:00,17.5
1134,2023-02-11 10:25:00,17.5
1135,2023-02-11 10:30:00,18.0
1136,2023-02-11 10:35:00,18.0
1137,2023-02-11 10:40:00,18.0
1138,2023-02-11 10:45:00,18.0
1139,2023-02-11 10:50:00,18.0
1140,2023-02-11 10:55:00,18.0
1141,2023-02-11 11:00:00,18.0
1142,2023-02-11 11:05:00,18.0
1143,2023-02-11 11:10:00,18.0
1144,2023-02-11 11:15:00,18.0
1145,2023-02-11 11:20:00,18.0
1146,2023-02-11 11:25:00,18.0
1147,2023-02-11 11:30:00,18.0
1148,2023-02-11 11:35:00,18.5
1149,2023-02-11 11:40:00,18.5
1150,2023-02-11 11:45:00,18.5
1151,2023-02-11 11:50:00,18.5
1152,2023-02-11 11:55:00,18.5
1153,2023-02-11 12:00:00,18.5
1154,2023-02-11 12:05:00,18.5
1155,2023-02-11 12:10:00,19.0
1156,2023-02-11 12:15:00,19.0
1157,2023-02-11 12:20:00,19.0
1158,2023-02-11 12:25:00,19.0
1159,2023-02-11 12:30:00,19.0
1160,2023-02-11 12:35:00,19.0
1161,2023-02-11 12:40:00,19.0
1162,2023-02-11 12:45:00,19.0
1163,2023-02-11 12:50:00,19.0
1164,2023-02-11 12:55:00,19.0
1165,2023-02-11 13:00:00,19.0
1166,2023-02-11 13:05:00,19.0
1167,2023-02-11 13:10:00,19.0
1168,2023-02-11 13:15:00,19.0
1169,2023-02-11 13:20:00,19.0
1170,2023-02-11 13:25:00,19.0
1171,2023-02-11 13:30:00,19.0
1172,2023-02-11 13:35:00,19.0
1173,2023-02-11 13:40:00,19.0
1174,2023-02-11 13:45:00,19.0
1175,2023-02-11 13:50:00,19.0
1176,2023-02-11 13:55:00,19.0
1177,2023-02-11 14:00:00,19.0
1178,2023-02-11 14:05:00,19.5
1179,2023-02-11 14:10:00,19.5
1180,2023-02-11 14:15:00,19.5
1181,2023-02-11 14:20:00,20.0
1182,2023-02-11 14:25:00,20.0
1183,2023-02-11 14:30:00,20.0
1184,2023-02-11 14:35:00,20.0
1185,2023-02-11 14:40:00,20.0
1186,2023-02-11 14:45:00,20.0
1187,2023-02-11 14:50:00,20.0
1188,2023-02-11 14:55:00,20.0
1189,2023-02-11 15:00:00,20.0
1190,2023-02-11 15:05:00,19.5
1191,2023-02-11 15:10:00,19.5
1192,2023-02-11 15:15:00,19.5
1193,2023-02-11 15:20:00,19.5
1194,2023-02-11 15:25:00,19.5
1195,2023-02-11 15:30:00,19.5
1196,2023-02-11 15:35:00,19.5
1197,2023-02-11 15:40:00,19.5
1198,2023-02-11 15:45:00,19.5
1199,2023-02-11 15:50:00,19.5
1200,2023-02-11 15:55:00,19.5
1201,2023-02-11 16:00:00,19.5
1202,2023-02-11 16:05:00,19.5
1203,2023-02-11 16:10:00,19.5
1204,2023-02-11 16:15:00,19.5
1205,2023-02-11 16:20:00,19.5
1206,2023-02-11 16:25:00,19.5
1207,2023-02-11 16:30:00,19.5
1208,2023-02-11 16:35:00,19.5
1209,2023-02-11 16:40:00,19.5
1210,2023-02-11 16:45:00,19.5
1211,2023-02-11 16:50:00,19.5
1212,2023-02-11 16:55:00,19.0
1213,2023-02-11 17:00:00,19.0
1214,2023-02-11 17:05:00,19.0
1215,2023-02-11 17:10:00,19.0
1216,2023-02-11 17:15:00,19.0
1217,2023-02-11 17:20:00,19.0
1218,2023-02-11 17:25:00,19.0
1219,2023-02-11 17:30:00,19.0
1220,2023-02-11 17:35:00,19.0
1221,2023-02-11 17:40:00,19.0
1222,2023-02-11 17:45:00,19.0
1223,2023-02-11 17:50:00,18.5
1224,2023-02-11 17:55:00,18.5
1225,2023-02-11 18:00:00,18.5
1226,2023-02-11 18:05:00,18.5
1227,2023-02-11 18:10:00,18.5
1228,2023-02-11 18:15:00,18.5
1229,2023-02-11 18:20:00,18.5
1230,2023-02-11 18:25:00,18.5
1231,2023-02-11 18:30:00,18.5
1232,2023-02-11 18:35:00,18.5
1233,2023-02-11 18:40:00,18.5
1234,2023-02-11 18:45:00,18.5
1235,2023-02-11 18:50:00,18.0
1236,2023-02-11 18:55:00,18.0
1237,2023-02-11 19:00:00,18.0
1238,2023-02-11 19:05:00,18.0
1239,2023-02-11 19:10:00,18.0
1240,2023-02-11 19:15:00,18.0
1241,2023-02-11 19:20:00,18.0
1242,2023-02-11 19:25:00,18.0
1243,2023-02-11 19:30:00,18.0
1244,2023-02-11 19:35:00,18.0
1245,2023-02-11 19:40:00,18.0
1246,2023-02-11 19:45:00,18.0
1247,2023-02-11 19:50:00,18.0
1248,2023-02-11 19:55:00,17.5
1249,2023-02-11 20:00:00,17.5
1250,2023-02-11 20:05:00,17.5
1251,2023-02-11 20:10:00,17.5
1252,2023-02-11 20:15:00,17.5
1253,2023-02-11 20:20:00,17.5
1254,2023-02-11 20:25:00,17.5
1255,2023-02-11 20:30:00,17.5
1256,2023-02-11 20:35:00,17.5
1257,2023-02-11 20:40:00,17.5
1258,2023-02-11 20:45:00,17.5
1259,2023-02-11 20:50:00,17.5
1260,2023-02-11 20:55:00,17.5
1261,2023-02-11 21:00:00,17.5
1262,2023-02-11 21:05:00,17.5
1263,2023-02-11 21:10:00,17.5
1264,2023-02-11 21:15:00,17.0
1265,2023-02-11 21:20:00,17.0
1266,2023-02-11 21:25:00,17.0
1267,2023-02-11 21:30:00,17.0
1268,2023-02-11 21:35:00,17.0
1269,2023-02-11 21:40:00,17.0
1270,2023-02-11 21:45:00,17.0
1271,2023-02-11 21:50:00,17.0
1272,2023-02-11 21:55:00,17.0
1273,2023-02-11 22:00:00,17.0
1274,2023-02-11 22:05:00,17.0
1275,2023-02-11 22:10:00,17.0
1276,2023-02-11 22:15:00,17.0
1277,2023-02-11 22:20:00,17.0
1278,2023-02-11 22:25:00,17.0
1279,2023-02-11 22:30:00,17.0
1280,2023-02-11 22:35:00,17.0
1281,2023-02-11 22:40:00,16.5
1282,2023-02-11 22:45:00,16.5
1283,2023-02-11 22:50:00,16.5
1284,2023-02-11 22:55:00,16.5
1285,2023-02-11 23:00:00,16.5
1286,2023-02-11 23:05:00,16.5
1287,2023-02-11 23:10:00,16.5
1288,2023-02-11 23:15:00,16.5
1289,2023-02-11 23:20:00,16.5
1290,2023-02-11 23:25:00,16.5
1291,2023-02-11 23:30:00,16.5
1292,2023-02-11 23:35:00,16.5
1293,2023-02-11 23:40:00,16.5
1294,2023-02-11 23:45:00,16.5
1295,2023-02-11 23:50:00,16.5
1296,2023-02-11 23:55:00,16.5
1297,2023-02-12 00:00:00,16.5
1298,2023-02-12 00:05:00,16.5
1299,2023-02-12 00:10:00,16.5
1300,2023-02-12 00:15:00,16.5
1301,2023-02-12 00:20:00,16.0
1302,2023-02-12 00:25:00,16.0
1303,2023-02-12 00:30:00,16.0
1304,2023-02-12 00:35:00,16.0
1305,2023-02-12 00:40:00,16.0
1306,2023-02-12 00:45:00,16.0
1307,2023-02-12 00:50:00,16.0
1308,2023-02-12 00:55:00,16.0
1309,2023-02-12 01:00:00,16.0
1310,2023-02-12 01:05:00,16.0
1311,2023-02-12 01:10:00,16.0
1312,2023-02-12 01:15:00,16.0
1313,2023-02-12 01:20:00,16.0
1314,2023-02-12 01:25:00,16.0
1315,2023-02-12 01:30:00,16.0
1316,2023-02-12 01:35:00,16.0
1317,2023-02-12 01:40:00,16.0
1318,2023-02-12 01:45:00,16.0
1319,2023-02-12 01:50:00,16.0
1320,2023-02-12 01:55:00,16.0
1321,2023-02-12 02:00:00,16.0
1322,2023-02-12 02:05:00,16.0
1323,2023-02-12 02:10:00,16.0
1324,2023-02-12 02:15:00,16.0
1325,2023-02-12 02:20:00,15.5
1326,2023-02-12 02:25:00,15.5
1327,2023-02-12 02:30:00,15.5
1328,2023-02-12 02:35:00,15.5
1329,2023-02-12 02:40:00,15.5
1330,2023-02-12 02:45:00,15.5
1331,2023-02-12 02:50:00,15.5
1332,2023-02-12 02:55:00,15.5
1333,2023-02-12 03:00:00,15.5
1334,2023-02-12 03:05:00,15.5
1335,2023-02-12 03:10:00,15.5
1336,2023-02-12 03:15:00,15.5
1337,2023-02-12 03:20:00,15.5
1338,2023-02-12 03:25:00,15.5
1339,2023-02-12 03:30:00,15.5
1340,2023-02-12 03:35:00,15.5
1341,2023-02-12 03:40:00,15.5
1342,2023-02-12 03:45:00,15.5
1343,2023-02-12 03:50:00,15.5
1344,2023-02-12 03:55:00,15.5
1345,2023-02-12 04:00:00,15.5
1346,2023-02-12 04:05:00,15.5
1347,2023-02-12 04:10:00,15.5
1348,2023-02-12 04:15:00,15.5
1349,2023-02-12 04:20:00,15.5
1350,2023-02-12 04:25:00,15.5
1351,2023-02-12 04:30:00,15.5
1352,2023-02-12 04:35:00,15.0
1353,2023-02-12 04:40:00,15.0
1354,2023-02-12 04:45:00,15.0
1355,2023-02-12 04:50:00,15.0
1356,2023-02-12 04:55:00,15.0
1357,2023-02-12 05:00:00,15.0
1358,2023-02-12 05:05:00,15.0
1359,2023-02-12 05:10:00,15.0
1360,2023-02-12 05:15:00,15.0
1361,2023-02-12 05:20:00,15.0
1362,2023-02-12 05:25:00,15.0
1363,2023-02-12 05:30:00,15.0
1364,2023-02-12 05:35:00,15.0
1365,2023-02-12 05:40:00,15.0
1366,2023-02-12 05:45:00,15.0
1367,2023-02-12 05:50:00,15.0
1368,2023-02-12 05:55:00,15.0
1369,2023-02-12 06:00:00,15.0
1370,2023-02-12 06:05:00,15.0
1371,2023-02-12 06:10:00,15.0
1372,2023-02-12 06:15:00,15.0
1373,2023-02-12 06:20:00,15.0
1374,2023-02-12 06:25:00,15.0
1375,2023-02-12 06:30:00,15.0
1376,2023-02-12 06:35:00,15.0
1377,2023-02-12 06:40:00,15.0
1378,2023-02-12 06:45:00,15.0
1379,2023-02-12 06:50:00,15.0
1380,2023-02-12 06:55:00,15.0
1381,2023-02-12 07:00:00,15.0
1382,2023-02-12 07:05:00,15.0
1383,2023-02-12 07:10:00,15.0
1384,2023-02-12 07:15:00,15.0
1385,2023-02-12 07:20:00,14.5
1386,2023-02-12 07:25:00,14.5
1387,2023-02-12 07:30:00,14.5
1388,2023-02-12 07:35:00,14.5
1389,2023-02-12 07:40:00,14.5
1390,2023-02-12 07:45:00,14.5
1391,2023-02-12 07:50:00,14.5
1392,2023-02-12 07:55:00,14.5
1393,2023-02-12 08:00:00,14.5
1394,2023-02-12 08:05:00,14.5
1395,2023-02-12 08:10:00,14.5
1396,2023-02-12 08:15:00,14.5
1397,2023-02-12 08:20:00,14.5
1398,2023-02-12 08:25:00,14.5
1399,2023-02-12 08:30:00,14.5
1400,2023-02-12 08:35:00,14.5
1401,2023-02-12 08:40:00,14.5
1402,2023-02-12 08:45:00,14.5
1403,2023-02-12 08:50:00,14.5
1404,2023-02-12 08:55:00,14.5
1405,2023-02-12 09:00:00,14.5
1406,2023-02-12 09:05:00,14.5
1407,2023-02-12 09:10:00,14.5
1408,2023-02-12 09:15:00,14.5
1409,2023-02-12 09:20:00,14.5
1410,2023-02-12 09:25:00,14.5
1411,2023-02-12 09:30:00,14.5
1412,2023-02-12 09:35:00,14.5
1413,2023-02-12 09:40:00,14.5
1414,2023-02-12 09:45:00,14.5
1415,2023-02-12 09:50:00,14.5
1416,2023-02-12 09:55:00,14.5
1417,2023-02-12 10:00:00,14.5
1418,2023-02-12 10:05:00,14.5
1419,2023-02-12 10:10:00,14.5
1420,2023-02-12 10:15:00,14.5
1421,2023-02-12 10:20:00,14.5
1422,2023-02-12 10:25:00,14.5
1423,2023-02-12 10:30:00,14.5
1424,2023-02-12 10:35:00,14.5
1425,2023-02-12 10:40:00,14.5
1426,2023-02-12 10:45:00,14.5
1427,2023-02-12 10:50:00,14.5
1428,2023-02-12 10:55:00,14.5
1429,2023-02-12 11:00:00,14.5
1430,2023-02-12 11:05:00,14.5
1431,2023-02-12 11:10:00,14.5
1432,2023-02-12 11:15:00,14.5
1433,2023-02-12 11:20:00,14.5
1434,2023-02-12 11:25:00,14.5
1435,2023-02-12 11:30:00,14.0
1436,2023-02-12 11:35:00,14.0
1437,2023-02-12 11:40:00,14.0
1438,2023-02-12 11:45:00,14.0
1439,2023-02-12 11:50:00,14.0
1440,2023-02-12 11:55:00,14.0
1441,2023-02-12 12:00:00,14.0
1442,2023-02-12 12:05:00,14.0
1443,2023-02-12 12:10:00,14.0
1444,2023-02-12 12:15:00,14.0
1445,2023-02-12 12:20:00,14.0
1446,2023-02-12 12:25:00,14.0
1447,2023-02-12 12:30:00,14.0
1448,2023-02-12 12:35:00,14.0
1449,2023-02-12 12:40:00,14.0
1450,2023-02-12 12:45:00,14.0
1451,2023-02-12 12:50:00,14.0
1452,2023-02-12 12:55:00,14.0
1453,2023-02-12 13:00:00,14.0
1454,2023-02-12 13:05:00,14.0
1455,2023-02-12 13:10:00,14.0
1456,2023-02-12 13:15:00,14.0
1457,2023-02-12 13:20:00,14.0
1458,2023-02-12 13:25:00,14.0
1459,2023-02-12 13:30:00,14.0
1460,2023-02-12 13:35:00,14.0
1461,2023-02-12 13:40:00,14.0
1462,2023-02-12 13:45:00,14.0
1463,2023-02-12 13:50:00,14.0
1464,2023-02-12 13:55:00,14.0
1465,2023-02-12 14:00:00,14.0
1466,2023-02-12 14:05:00,14.0
1467,2023-02-12 14:10:00,14.0
1468,2023-02-12 14:15:00,14.0
1469,2023-02-12 14:20:00,14.0
1470,2023-02-12 14:25:00,14.0
1471,2023-02-12 14:30:00,14.0
1472,2023-02-12 14:35:00,14.0
1473,2023-02-12 14:40:00,14.0
1474,2023-02-12 14:45:00,14.0
1475,2023-02-12 14:50:00,14.0
1476,2023-02-12 14:55:00,14.0
1477,2023-02-12 15:00:00,14.0
1478,2023-02-12 15:05:00,14.0
1479,2023-02-12 15:10:00,14.0
1480,2023-02-12 15:15:00,14.0
1481,2023-02-12 15:20:00,14.0
1482,2023-02-12 15:25:00,14.0
1483,2023-02-12 15:30:00,14.0
1484,2023-02-12 15:35:00,14.0
1485,2023-02-12 15:40:00,14.0
1486,2023-02-12 15:45:00,14.0
1487,2023-02-12 15:50:00,14.0
1488,2023-02-12 15:55:00,14.0
1489,2023-02-12 16:00:00,14.0
1490,2023-02-12 16:05:00,14.0
1491,2023-02-12 16:10:00,14.0
1492,2023-02-12 16:15:00,14.0
1493,2023-02-12 16:20:00,14.0
1494,2023-02-12 16:25:00,14.0
1495,2023-02-12 16:30:00,14.0
1496,2023-02-12 16:35:00,14.0
1497,2023-02-12 16:40:00,14.0
1498,2023-02-12 16:45:00,14.0
1499,2023-02-12 16:50:00,14.0
1500,2023-02-12 16:55:00,14.0
1501,2023-02-12 17:00:00,14.0
1502,2023-02-12 17:05:00,14.0
1503,2023-02-12 17:10:00,14.0
1504,2023-02-12 17:15:00,14.0
1505,2023-02-12 17:20:00,14.0
1506,2023-02-12 17:25:00,14.0
1507,2023-02-12 17:30:00,14.0
1508,2023-02-12 17:35:00,14.0
1509,2023-02-12 17:40:00,14.0
1510,2023-02-12 17:45:00,14.0
1511,2023-02-12 17:50:00,14.0
1512,2023-02-12 17:55:00,14.0
1513,2023-02-12 18:00:00,14.0
1514,2023-02-12 18:05:00,14.0
1515,2023-02-12 18:10:00,14.0
1516,2023-02-12 18:15:00,14.0
1517,2023-02-12 18:20:00,14.0
1518,2023-02-12 18:25:00,14.0
1519,2023-02-12 18:30:00,14.0
1520,2023-02-12 18:35:00,14.0
1521,2023-02-12 18:40:00,14.0
1522,2023-02-12 18:45:00,14.0
1523,2023-02-12 18:50:00,14.0
1524,2023-02-12 18:55:00,14.0
1525,2023-02-12 19:00:00,14.0
1526,2023-02-12 19:05:00,14.0
1527,2023-02-12 19:10:00,14.0
1528,2023-02-12 19:15:00,14.0
1529,2023-02-12 19:20:00,14.0
1530,2023-02-12 19:25:00,13.5
1531,2023-02-12 19:30:00,13.5
1532,2023-02-12 19:35:00,13.5
1533,2023-02-12 19:40:00,13.5
1534,2023-02-12 19:45:00,13.5
1535,2023-02-12 19:50:00,13.5
1536,2023-02-12 19:55:00,13.5
1537,2023-02-12 20:00:00,13.5
1538,2023-02-12 20:05:00,13.5
1539,2023-02-12 20:10:00,13.5
1540,2023-02-12 20:15:00,13.5
1541,2023-02-12 20:20:00,13.5
1542,2023-02-12 20:25:00,13.5
1543,2023-02-12 20:30:00,13.5
1544,2023-02-12 20:35:00,13.5
1545,2023-02-12 20:40:00,13.5
1546,2023-02-12 20:45:00,13.5
1547,2023-02-12 20:50:00,13.5
1548,2023-02-12 20:55:00,13.5
1549,2023-02-12 21:00:00,13.5
1550,2023-02-12 21:05:00,13.5
1551,2023-02-12 21:10:00,13.5
1552,2023-02-12 21:15:00,13.5
1553,2023-02-12 21:20:00,13.5
1554,2023-02-12 21:25:00,13.5
1555,2023-02-12 21:30:00,13.5
1556,2023-02-12 21:35:00,13.5
1557,2023-02-12 21:40:00,13.5
1558,2023-02-12 21:45:00,13.5
1559,2023-02-12 21:50:00,13.5
1560,2023-02-12 21:55:00,13.5
1561,2023-02-12 22:00:00,13.5
1562,2023-02-12 22:05:00,13.5
1563,2023-02-12 22:10:00,13.5
1564,2023-02-12 22:15:00,13.5
1565,2023-02-12 22:20:00,13.5
1566,2023-02-12 22:25:00,13.5
1567,2023-02-12 22:30:00,13.5
1568,2023-02-12 22:35:00,13.5
1569,2023-02-12 22:40:00,13.5
1570,2023-02-12 22:45:00,13.5
1571,2023-02-12 22:50:00,13.5
1572,2023-02-12 22:55:00,13.5
1573,2023-02-12 23:00:00,13.5
1574,2023-02-12 23:05:00,13.5
1575,2023-02-12 23:10:00,13.5
1576,2023-02-12 23:15:00,13.5
1577,2023-02-12 23:20:00,13.5
1578,2023-02-12 23:25:00,13.5
1579,2023-02-12 23:30:00,13.5
1580,2023-02-12 23:35:00,13.5
1581,2023-02-12 23:40:00,13.5
1582,2023-02-12 23:45:00,13.5
1583,2023-02-12 23:50:00,13.5
1584,2023-02-12 23:55:00,13.5
1585,2023-02-13 00:00:00,13.5
1586,2023-02-13 00:05:00,13.5
1587,2023-02-13 00:10:00,13.5
1588,2023-02-13 00:15:00,13.5
1589,2023-02-13 00:20:00,13.5
1590,2023-02-13 00:25:00,13.5
1591,2023-02-13 00:30:00,13.5
1592,2023-02-13 00:35:00,13.5
1593,2023-02-13 00:40:00,13.5
1594,2023-02-13 00:45:00,13.5
1595,2023-02-13 00:50:00,13.5
1596,2023-02-13 00:55:00,13.5
1597,2023-02-13 01:00:00,13.5
1598,2023-02-13 01:05:00,13.0
1599,2023-02-13 01:10:00,13.5
1600,2023-02-13 01:15:00,13.0
1601,2023-02-13 01:20:00,13.0
1602,2023-02-13 01:25:00,13.0
1603,2023-02-13 01:30:00,13.0
1604,2023-02-13 01:35:00,13.0
1605,2023-02-13 01:40:00,13.0
1606,2023-02-13 01:45:00,13.0
1607,2023-02-13 01:50:00,13.0
1608,2023-02-13 01:55:00,13.0
1609,2023-02-13 02:00:00,13.0
1610,2023-02-13 02:05:00,13.0
1611,2023-02-13 02:10:00,13.0
1612,2023-02-13 02:15:00,13.0
1613,2023-02-13 02:20:00,13.0
1614,2023-02-13 02:25:00,13.0
1615,2023-02-13 02:30:00,13.0
1616,2023-02-13 02:35:00,13.0
1617,2023-02-13 02:40:00,13.0
1618,2023-02-13 02:45:00,13.0
1619,2023-02-13 02:50:00,13.0
1620,2023-02-13 02:55:00,13.0
1621,2023-02-13 03:00:00,13.0
1622,2023-02-13 03:05:00,13.0
1623,2023-02-13 03:10:00,13.0
1624,2023-02-13 03:15:00,13.0
1625,2023-02-13 03:20:00,13.0
1626,2023-02-13 03:25:00,13.0
1627,2023-02-13 03:30:00,13.0
1628,2023-02-13 03:35:00,13.0
1629,2023-02-13 03:40:00,13.0
1630,2023-02-13 03:45:00,13.0
1631,2023-02-13 03:50:00,13.0
1632,2023-02-13 03:55:00,13.0
1633,2023-02-13 04:00:00,13.0
1634,2023-02-13 04:05:00,13.0
1635,2023-02-13 04:10:00,13.0
1636,2023-02-13 04:15:00,13.0
1637,2023-02-13 04:20:00,13.0
1638,2023-02-13 04:25:00,13.0
1639,2023-02-13 04:30:00,13.0
1640,2023-02-13 04:35:00,13.0
1641,2023-02-13 04:40:00,13.0
1642,2023-02-13 04:45:00,13.0
1643,2023-02-13 04:50:00,13.0
1644,2023-02-13 04:55:00,13.0
1645,2023-02-13 05:00:00,13.0
1646,2023-02-13 05:05:00,13.0
1647,2023-02-13 05:10:00,13.0
1648,2023-02-13 05:15:00,12.5
1649,2023-02-13 05:20:00,12.5
1650,2023-02-13 05:25:00,12.5
1651,2023-02-13 05:30:00,12.5
1652,2023-02-13 05:35:00,12.5
1653,2023-02-13 05:40:00,12.5
1654,2023-02-13 05:45:00,12.5
1655,2023-02-13 05:50:00,12.5
1656,2023-02-13 05:55:00,12.5
1657,2023-02-13 06:00:00,12.5
1658,2023-02-13 06:05:00,12.5
1659,2023-02-13 06:10:00,12.5
1660,2023-02-13 06:15:00,12.5
1661,2023-02-13 06:20:00,12.5
1662,2023-02-13 06:25:00,13.0
1663,2023-02-13 06:30:00,13.0
1664,2023-02-13 06:35:00,13.0
1665,2023-02-13 06:40:00,13.5
1666,2023-02-13 06:45:00,13.5
1667,2023-02-13 06:50:00,14.0
1668,2023-02-13 06:55:00,14.0
1669,2023-02-13 07:00:00,14.0
1670,2023-02-13 07:05:00,14.5
1671,2023-02-13 07:10:00,14.5
1672,2023-02-13 07:15:00,14.5
1673,2023-02-13 07:20:00,14.5
1674,2023-02-13 07:25:00,14.5
1675,2023-02-13 07:30:00,14.5
1676,2023-02-13 07:35:00,14.5
1677,2023-02-13 07:40:00,14.5
1678,2023-02-13 07:45:00,14.5
1679,2023-02-13 07:50:00,14.5
1680,2023-02-13 07:55:00,14.5
1681,2023-02-13 08:00:00,14.5
1682,2023-02-13 08:05:00,14.5
1683,2023-02-13 08:10:00,14.5
1684,2023-02-13 08:15:00,14.5
1685,2023-02-13 08:20:00,14.5
1686,2023-02-13 08:25:00,14.5
1687,2023-02-13 08:30:00,15.0
1688,2023-02-13 08:35:00,15.0
1689,2023-02-13 08:40:00,15.0
1690,2023-02-13 08:45:00,15.5
1691,2023-02-13 08:50:00,15.5
1692,2023-02-13 08:55:00,15.0
1693,2023-02-13 09:00:00,15.5
1694,2023-02-13 09:05:00,15.5
1695,2023-02-13 09:10:00,16.0
1696,2023-02-13 09:15:00,16.5
1697,2023-02-13 09:20:00,16.5
1698,2023-02-13 09:25:00,17.0
1699,2023-02-13 09:30:00,17.0
1700,2023-02-13 09:35:00,17.0
1701,2023-02-13 09:40:00,17.5
1702,2023-02-13 09:45:00,17.5
1703,2023-02-13 09:50:00,17.5
1704,2023-02-13 09:55:00,17.5
1705,2023-02-13 10:00:00,17.0
1706,2023-02-13 10:05:00,17.0
1707,2023-02-13 10:10:00,17.0
1708,2023-02-13 10:15:00,17.0
1709,2023-02-13 10:20:00,17.0
1710,2023-02-13 10:25:00,17.0
1711,2023-02-13 10:30:00,17.0
1712,2023-02-13 10:35:00,17.0
1713,2023-02-13 10:40:00,17.0
1714,2023-02-13 10:45:00,17.5
1715,2023-02-13 10:50:00,17.5
1716,2023-02-13 10:55:00,17.5
1717,2023-02-13 11:00:00,17.5
1718,2023-02-13 11:05:00,17.5
1719,2023-02-13 11:10:00,17.5
1720,2023-02-13 11:15:00,17.5
1721,2023-02-13 11:20:00,17.5
1722,2023-02-13 11:25:00,17.5
1723,2023-02-13 11:30:00,17.5
1724,2023-02-13 11:35:00,17.5
1725,2023-02-13 11:40:00,18.0
1726,2023-02-13 11:45:00,18.0
1727,2023-02-13 11:50:00,18.0
1728,2023-02-13 11:55:00,18.0
1729,2023-02-13 12:00:00,18.0
1730,2023-02-13 12:05:00,18.0
1731,2023-02-13 12:10:00,18.0
1732,2023-02-13 12:15:00,18.5
1733,2023-02-13 12:20:00,18.5
1734,2023-02-13 12:25:00,18.5
1735,2023-02-13 12:30:00,18.5
1736,2023-02-13 12:35:00,18.5
1737,2023-02-13 12:40:00,18.5
1738,2023-02-13 12:45:00,18.5
1739,2023-02-13 12:50:00,18.5
1740,2023-02-13 12:55:00,18.5
1741,2023-02-13 13:00:00,18.5
1742,2023-02-13 13:05:00,18.5
1743,2023-02-13 13:10:00,18.5
1744,2023-02-13 13:15:00,18.5
1745,2023-02-13 13:20:00,18.5
1746,2023-02-13 13:25:00,18.0
1747,2023-02-13 13:30:00,18.0
1748,2023-02-13 13:35:00,18.5
1749,2023-02-13 13:40:00,18.5
1750,2023-02-13 13:45:00,18.5
1751,2023-02-13 13:50:00,18.5
1752,2023-02-13 13:55:00,18.5
1753,2023-02-13 14:00:00,19.0
1754,2023-02-13 14:05:00,19.0
1755,2023-02-13 14:10:00,19.0
1756,2023-02-13 14:15:00,19.0
1757,2023-02-13 14:20:00,19.0
1758,2023-02-13 14:25:00,18.5
1759,2023-02-13 14:30:00,19.0
1760,2023-02-13 14:35:00,19.0
1761,2023-02-13 14:40:00,19.5
1762,2023-02-13 14:45:00,19.5
1763,2023-02-13 14:50:00,20.0
1764,2023-02-13 14:55:00,20.0
1765,2023-02-13 15:00:00,20.0
1766,2023-02-13 15:05:00,20.0
1767,2023-02-13 15:10:00,20.0
1768,2023-02-13 15:15:00,20.0
1769,2023-02-13 15:20:00,20.0
1770,2023-02-13 15:25:00,20.0
1771,2023-02-13 15:30:00,20.0
1772,2023-02-13 15:35:00,20.0
1773,2023-02-13 15:40:00,20.0
1774,2023-02-13 15:45:00,20.0
1775,2023-02-13 15:50:00,20.0
1776,2023-02-13 15:55:00,20.0
1777,2023-02-13 16:00:00,20.0
1778,2023-02-13 16:05:00,20.0
1779,2023-02-13 16:10:00,20.0
1780,2023-02-13 16:15:00,20.0
1781,2023-02-13 16:20:00,20.0
1782,2023-02-13 16:25:00,19.5
1783,2023-02-13 16:30:00,19.5
1784,2023-02-13 16:35:00,19.5
1785,2023-02-13 16:40:00,19.5
1786,2023-02-13 16:45:00,19.5
1787,2023-02-13 16:50:00,19.5
1788,2023-02-13 16:55:00,19.5
1789,2023-02-13 17:00:00,19.0
1790,2023-02-13 17:05:00,19.0
1791,2023-02-13 17:10:00,19.0
1792,2023-02-13 17:15:00,19.5
1793,2023-02-13 17:20:00,19.5
1794,2023-02-13 17:25:00,19.5
1795,2023-02-13 17:30:00,20.0
1796,2023-02-13 17:35:00,20.0
1797,2023-02-13 17:40:00,20.0
1798,2023-02-13 17:45:00,20.0
1799,2023-02-13 17:50:00,20.0
1800,2023-02-13 17:55:00,20.0
1801,2023-02-13 18:00:00,20.0
1802,2023-02-13 18:05:00,20.0
1803,2023-02-13 18:10:00,20.0
1804,2023-02-13 18:15:00,20.0
1805,2023-02-13 18:20:00,20.0
1806,2023-02-13 18:25:00,20.0
1807,2023-02-13 18:30:00,20.0
1808,2023-02-13 18:35:00,20.0
1809,2023-02-13 18:40:00,20.0
1810,2023-02-13 18:45:00,20.0
1811,2023-02-13 18:50:00,20.0
1812,2023-02-13 18:55:00,20.0
1813,2023-02-13 19:00:00,20.0
1814,2023-02-13 19:05:00,20.0
1815,2023-02-13 19:10:00,20.0
1816,2023-02-13 19:15:00,20.0
1817,2023-02-13 19:20:00,20.0
1818,2023-02-13 19:25:00,20.0
1819,2023-02-13 19:30:00,20.0
1820,2023-02-13 19:35:00,20.0
1821,2023-02-13 19:40:00,20.0
1822,2023-02-13 19:45:00,20.0
1823,2023-02-13 19:50:00,20.0
1824,2023-02-13 19:55:00,20.0
1825,2023-02-13 20:00:00,20.0
1826,2023-02-13 20:05:00,20.0
1827,2023-02-13 20:10:00,20.0
1828,2023-02-13 20:15:00,20.0
1829,2023-02-13 20:20:00,20.0
1830,2023-02-13 20:25:00,20.0
1831,2023-02-13 20:30:00,20.0
1832,2023-02-13 20:35:00,20.0
1833,2023-02-13 20:40:00,20.0
1834,2023-02-13 20:45:00,19.5
1835,2023-02-13 20:50:00,19.5
1836,2023-02-13 20:55:00,20.0
1837,2023-02-13 21:00:00,20.0
1838,2023-02-13 21:05:00,20.0
1839,2023-02-13 21:10:00,20.0
1840,2023-02-13 21:15:00,20.0
1841,2023-02-13 21:20:00,19.5
1842,2023-02-13 21:25:00,19.5
1843,2023-02-13 21:30:00,19.5
1844,2023-02-13 21:35:00,19.5
1845,2023-02-13 21:40:00,19.5
1846,2023-02-13 21:45:00,19.5
1847,2023-02-13 21:50:00,19.5
1848,2023-02-13 21:55:00,19.5
1849,2023-02-13 22:00:00,19.5
1850,2023-02-13 22:05:00,19.5
1851,2023-02-13 22:10:00,19.5
1852,2023-02-13 22:15:00,19.0
1853,2023-02-13 22:20:00,19.0
1854,2023-02-13 22:25:00,19.5
1855,2023-02-13 22:30:00,19.5
1856,2023-02-13 22:35:00,19.5
1857,2023-02-13 22:40:00,19.5
1858,2023-02-13 22:45:00,19.5
1859,2023-02-13 22:50:00,19.5
1860,2023-02-13 22:55:00,19.5
1861,2023-02-13 23:00:00,19.5
1862,2023-02-13 23:05:00,19.5
1863,2023-02-13 23:10:00,19.5
1864,2023-02-13 23:15:00,19.5
1865,2023-02-13 23:20:00,19.5
1866,2023-02-13 23:25:00,19.5
1867,2023-02-13 23:30:00,19.5
1868,2023-02-13 23:35:00,19.5
1869,2023-02-13 23:40:00,19.5
1870,2023-02-13 23:45:00,19.0
1871,2023-02-13 23:50:00,19.0
1872,2023-02-13 23:55:00,19.0
1873,2023-02-14 00:00:00,19.0
1874,2023-02-14 00:05:00,19.0
1875,2023-02-14 00:10:00,19.0
1876,2023-02-14 00:15:00,19.0
1877,2023-02-14 00:20:00,19.0
1878,2023-02-14 00:25:00,19.0
1879,2023-02-14 00:30:00,19.0
1880,2023-02-14 00:35:00,19.5
1881,2023-02-14 00:40:00,19.5
1882,2023-02-14 00:45:00,19.5
1883,2023-02-14 00:50:00,19.5
1884,2023-02-14 00:55:00,19.5
1885,2023-02-14 01:00:00,19.5
1886,2023-02-14 01:05:00,19.5
1887,2023-02-14 01:10:00,19.0
1888,2023-02-14 01:15:00,19.0
1889,2023-02-14 01:20:00,19.0
1890,2023-02-14 01:25:00,19.0
1891,2023-02-14 01:30:00,19.0
1892,2023-02-14 01:35:00,19.0
1893,2023-02-14 01:40:00,19.0
1894,2023-02-14 01:45:00,19.0
1895,2023-02-14 01:50:00,19.0
1896,2023-02-14 01:55:00,19.0
1897,2023-02-14 02:00:00,19.0
1898,2023-02-14 02:05:00,19.0
1899,2023-02-14 02:10:00,19.0
1900,2023-02-14 02:15:00,19.0
1901,2023-02-14 02:20:00,19.0
1902,2023-02-14 02:25:00,19.0
1903,2023-02-14 02:30:00,19.5
1904,2023-02-14 02:35:00,19.5
1905,2023-02-14 02:40:00,19.5
1906,2023-02-14 02:45:00,19.5
1907,2023-02-14 02:50:00,19.0
1908,2023-02-14 02:55:00,19.0
1909,2023-02-14 03:00:00,19.0
1910,2023-02-14 03:05:00,19.0
1911,2023-02-14 03:10:00,19.0
1912,2023-02-14 03:15:00,19.0
1913,2023-02-14 03:20:00,19.0
1914,2023-02-14 03:25:00,19.0
1915,2023-02-14 03:30:00,19.0
1916,2023-02-14 03:35:00,19.0
1917,2023-02-14 03:40:00,19.0
1918,2023-02-14 03:45:00,19.0
1919,2023-02-14 03:50:00,19.0
1920,2023-02-14 03:55:00,19.0
1921,2023-02-14 04:00:00,19.0
1922,2023-02-14 04:05:00,19.0
1923,2023-02-14 04:10:00,19.0
1924,2023-02-14 04:15:00,19.0
1925,2023-02-14 04:20:00,19.0
1926,2023-02-14 04:25:00,19.0
1927,2023-02-14 04:30:00,19.0
1928,2023-02-14 04:35:00,19.0
1929,2023-02-14 04:40:00,19.0
1930,2023-02-14 04:45:00,19.0
1931,2023-02-14 04:50:00,19.0
1932,2023-02-14 04:55:00,19.0
1933,2023-02-14 05:00:00,19.0
1934,2023-02-14 05:05:00,19.0
1935,2023-02-14 05:10:00,19.0
1936,2023-02-14 05:15:00,19.0
1937,2023-02-14 05:20:00,19.0
1938,2023-02-14 05:25:00,19.0
1939,2023-02-14 05:30:00,19.0
1940,2023-02-14 05:35:00,19.0
1941,2023-02-14 05:40:00,19.0
1942,2023-02-14 05:45:00,19.0
1943,2023-02-14 05:50:00,19.0
1944,2023-02-14 05:55:00,19.0
1945,2023-02-14 06:00:00,19.0
1946,2023-02-14 06:05:00,19.0
1947,2023-02-14 06:10:00,19.0
1948,2023-02-14 06:15:00,19.0
1949,2023-02-14 06:20:00,19.0
1950,2023-02-14 06:25:00,19.0
1951,2023-02-14 06:30:00,19.0
1952,2023-02-14 06:35:00,19.0
1953,2023-02-14 06:40:00,19.0
1954,2023-02-14 06:45:00,19.5
1955,2023-02-14 06:50:00,19.5
1956,2023-02-14 06:55:00,19.5
1957,2023-02-14 07:00:00,19.5
1958,2023-02-14 07:05:00,19.5
1959,2023-02-14 07:10:00,19.5
1960,2023-02-14 07:15:00,19.5
1961,2023-02-14 07:20:00,19.5
1962,2023-02-14 07:25:00,19.5
1963,2023-02-14 07:30:00,19.5
1964,2023-02-14 07:35:00,19.5
1965,2023-02-14 07:40:00,19.5
1966,2023-02-14 07:45:00,19.5
1967,2023-02-14 07:50:00,19.5
1968,2023-02-14 07:55:00,19.5
1969,2023-02-14 08:00:00,19.0
1970,2023-02-14 08:05:00,19.0
1971,2023-02-14 08:10:00,19.0
1972,2023-02-14 08:15:00,19.0
1973,2023-02-14 08:20:00,19.0
1974,2023-02-14 08:25:00,19.0
1975,2023-02-14 08:30:00,19.0
1976,2023-02-14 08:35:00,19.0
1977,2023-02-14 08:40:00,18.5
1978,2023-02-14 08:45:00,18.5
1979,2023-02-14 08:50:00,18.5
1980,2023-02-14 08:55:00,18.5
1981,2023-02-14 09:00:00,18.5
1982,2023-02-14 09:05:00,19.0
1983,2023-02-14 09:10:00,19.0
1984,2023-02-14 09:15:00,19.0
1985,2023-02-14 09:20:00,19.0
1986,2023-02-14 09:25:00,19.5
1987,2023-02-14 09:30:00,19.5
1988,2023-02-14 09:35:00,19.5
1989,2023-02-14 09:40:00,19.5
1990,2023-02-14 09:45:00,20.0
1991,2023-02-14 09:50:00,20.0
1992,2023-02-14 09:55:00,20.0
1993,2023-02-14 10:00:00,19.5
1994,2023-02-14 10:05:00,19.5
1995,2023-02-14 10:10:00,19.5
1996,2023-02-14 10:15:00,19.5
1997,2023-02-14 10:20:00,19.5
1998,2023-02-14 10:25:00,20.0
1999,2023-02-14 10:30:00,20.0
2000,2023-02-14 10:35:00,20.0
2001,2023-02-14 10:40:00,20.0
2002,2023-02-14 10:45:00,20.0
2003,2023-02-14 10:50:00,20.0
2004,2023-02-14 10:55:00,20.0
2005,2023-02-14 11:00:00,20.0
2006,2023-02-14 11:05:00,20.0
2007,2023-02-14 11:10:00,19.5
2008,2023-02-14 11:15:00,19.5
2009,2023-02-14 11:20:00,19.5
2010,2023-02-14 11:25:00,19.5
2011,2023-02-14 11:30:00,19.5
2012,2023-02-14 11:35:00,19.5
2013,2023-02-14 11:40:00,19.5
2014,2023-02-14 11:45:00,19.5
2015,2023-02-14 11:50:00,20.0
2016,2023-02-14 11:55:00,20.0
2017,2023-02-14 12:00:00,20.0
2018,2023-02-14 12:05:00,20.0
2019,2023-02-14 12:10:00,20.0
2020,2023-02-14 12:15:00,20.0
2021,2023-02-14 12:20:00,20.0
2022,2023-02-14 12:25:00,20.0
2023,2023-02-14 12:30:00,20.0
2024,2023-02-14 12:35:00,20.0
2025,2023-02-14 12:40:00,20.0
2026,2023-02-14 12:45:00,20.0
2027,2023-02-14 12:50:00,20.0
2028,2023-02-14 12:55:00,20.0
2029,2023-02-14 13:00:00,20.0
2030,2023-02-14 13:05:00,20.0
2031,2023-02-14 13:10:00,19.5
2032,2023-02-14 13:15:00,19.5
2033,2023-02-14 13:20:00,19.5
2034,2023-02-14 13:25:00,19.5
2035,2023-02-14 13:30:00,20.0
2036,2023-02-14 13:35:00,20.0
2037,2023-02-14 13:40:00,20.0
2038,2023-02-14 13:45:00,20.0
2039,2023-02-14 13:50:00,20.0
2040,2023-02-14 13:55:00,20.0
2041,2023-02-14 14:00:00,20.0
2042,2023-02-14 14:05:00,19.5
2043,2023-02-14 14:10:00,19.5
2044,2023-02-14 14:15:00,19.5
2045,2023-02-14 14:20:00,19.5
2046,2023-02-14 14:25:00,19.5
2047,2023-02-14 14:30:00,19.5
2048,2023-02-14 14:35:00,19.5
2049,2023-02-14 14:40:00,19.5
2050,2023-02-14 14:45:00,19.5
2051,2023-02-14 14:50:00,20.0
2052,2023-02-14 14:55:00,20.0
2053,2023-02-14 15:00:00,20.0
2054,2023-02-14 15:05:00,20.0
2055,2023-02-14 15:10:00,20.0
2056,2023-02-14 15:15:00,20.0
2057,2023-02-14 15:20:00,20.0
2058,2023-02-14 15:25:00,20.0
2059,2023-02-14 15:30:00,20.0
2060,2023-02-14 15:35:00,20.0
2061,2023-02-14 15:40:00,20.0
2062,2023-02-14 15:45:00,20.0
2063,2023-02-14 15:50:00,20.0
2064,2023-02-14 15:55:00,20.0
2065,2023-02-14 16:00:00,20.0
2066,2023-02-14 16:05:00,20.0
2067,2023-02-14 16:10:00,20.0
2068,2023-02-14 16:15:00,20.0
2069,2023-02-14 16:20:00,20.0
2070,2023-02-14 16:25:00,20.0
2071,2023-02-14 16:30:00,20.0
2072,2023-02-14 16:35:00,20.0
2073,2023-02-14 16:40:00,20.0
2074,2023-02-14 16:45:00,20.0
2075,2023-02-14 16:50:00,20.0
2076,2023-02-14 16:55:00,20.0
2077,2023-02-14 17:00:00,20.0
2078,2023-02-14 17:05:00,20.0
2079,2023-02-14 17:10:00,19.5
2080,2023-02-14 17:15:00,19.5
2081,2023-02-14 17:20:00,19.5
2082,2023-02-14 17:25:00,19.5
2083,2023-02-14 17:30:00,19.5
2084,2023-02-14 17:35:00,19.5
2085,2023-02-14 17:40:00,19.5
2086,2023-02-14 17:45:00,19.5
2087,2023-02-14 17:50:00,19.5
2088,2023-02-14 17:55:00,19.5
2089,2023-02-14 18:00:00,20.0
2090,2023-02-14 18:05:00,20.0
2091,2023-02-14 18:10:00,20.0
2092,2023-02-14 18:15:00,20.0
2093,2023-02-14 18:20:00,20.0
2094,2023-02-14 18:25:00,20.0
2095,2023-02-14 18:30:00,20.0
2096,2023-02-14 18:35:00,20.0
2097,2023-02-14 18:40:00,20.0
2098,2023-02-14 18:45:00,20.0
2099,2023-02-14 18:50:00,20.0
2100,2023-02-14 18:55:00,20.0
2101,2023-02-14 19:00:00,20.0
2102,2023-02-14 19:05:00,20.0
2103,2023-02-14 19:10:00,20.0
2104,2023-02-14 19:15:00,20.0
2105,2023-02-14 19:20:00,20.0
2106,2023-02-14 19:25:00,20.0
2107,2023-02-14 19:30:00,20.0
2108,2023-02-14 19:35:00,20.0
2109,2023-02-14 19:40:00,20.0
2110,2023-02-14 19:45:00,20.0
2111,2023-02-14 19:50:00,20.0
2112,2023-02-14 19:55:00,20.0
2113,2023-02-14 20:00:00,20.0
2114,2023-02-14 20:05:00,20.0
2115,2023-02-14 20:10:00,20.0
2116,2023-02-14 20:15:00,20.0
2117,2023-02-14 20:20:00,20.0
2118,2023-02-14 20:25:00,20.0
2119,2023-02-14 20:30:00,20.0
2120,2023-02-14 20:35:00,20.0
2121,2023-02-14 20:40:00,20.0
2122,2023-02-14 20:45:00,20.0
2123,2023-02-14 20:50:00,20.0
2124,2023-02-14 20:55:00,20.0
2125,2023-02-14 21:00:00,20.0
2126,2023-02-14 21:05:00,20.0
2127,2023-02-14 21:10:00,19.5
2128,2023-02-14 21:15:00,19.5
2129,2023-02-14 21:20:00,19.5
2130,2023-02-14 21:25:00,19.5
2131,2023-02-14 21:30:00,19.5
2132,2023-02-14 21:35:00,19.5
2133,2023-02-14 21:40:00,19.5
2134,2023-02-14 21:45:00,19.5
2135,2023-02-14 21:50:00,19.0
2136,2023-02-14 21:55:00,19.0
2137,2023-02-14 22:00:00,19.0
2138,2023-02-14 22:05:00,19.0
2139,2023-02-14 22:10:00,19.0
2140,2023-02-14 22:15:00,19.0
2141,2023-02-14 22:20:00,19.0
2142,2023-02-14 22:25:00,19.0
2143,2023-02-14 22:30:00,19.0
2144,2023-02-14 22:35:00,19.0
2145,2023-02-14 22:40:00,18.5
2146,2023-02-14 22:45:00,18.5
2147,2023-02-14 22:50:00,18.5
2148,2023-02-14 22:55:00,18.5
2149,2023-02-14 23:00:00,18.5
2150,2023-02-14 23:05:00,18.5
2151,2023-02-14 23:10:00,18.5
2152,2023-02-14 23:15:00,18.5
2153,2023-02-14 23:20:00,18.5
2154,2023-02-14 23:25:00,18.5
2155,2023-02-14 23:30:00,18.5
2156,2023-02-14 23:35:00,18.5
2157,2023-02-14 23:40:00,18.5
2158,2023-02-14 23:45:00,18.0
2159,2023-02-14 23:50:00,18.0
2160,2023-02-14 23:55:00,18.0
2161,2023-02-15 00:00:00,18.0
2162,2023-02-15 00:05:00,18.0
2163,2023-02-15 00:10:00,18.0
2164,2023-02-15 00:15:00,18.0
2165,2023-02-15 00:20:00,18.0
2166,2023-02-15 00:25:00,18.0
2167,2023-02-15 00:30:00,18.0
2168,2023-02-15 00:35:00,18.0
2169,2023-02-15 00:40:00,18.0
2170,2023-02-15 00:45:00,18.0
2171,2023-02-15 00:50:00,18.0
2172,2023-02-15 00:55:00,18.0
2173,2023-02-15 01:00:00,17.5
2174,2023-02-15 01:05:00,17.5
2175,2023-02-15 01:10:00,17.5
2176,2023-02-15 01:15:00,17.5
2177,2023-02-15 01:20:00,17.5
2178,2023-02-15 01:25:00,17.5
2179,2023-02-15 01:30:00,17.5
2180,2023-02-15 01:35:00,17.5
2181,2023-02-15 01:40:00,17.5
2182,2023-02-15 01:45:00,17.5
2183,2023-02-15 01:50:00,17.5
2184,2023-02-15 01:55:00,17.5
2185,2023-02-15 02:00:00,17.5
2186,2023-02-15 02:05:00,17.5
2187,2023-02-15 02:10:00,17.5
2188,2023-02-15 02:15:00,17.5
2189,2023-02-15 02:20:00,17.5
2190,2023-02-15 02:25:00,17.0
2191,2023-02-15 02:30:00,17.0
2192,2023-02-15 02:35:00,17.0
2193,2023-02-15 02:40:00,17.0
2194,2023-02-15 02:45:00,17.0
2195,2023-02-15 02:50:00,17.0
2196,2023-02-15 02:55:00,17.0
2197,2023-02-15 03:00:00,17.0
2198,2023-02-15 03:05:00,17.0
2199,2023-02-15 03:10:00,17.0
2200,2023-02-15 03:15:00,17.0
2201,2023-02-15 03:20:00,17.0
2202,2023-02-15 03:25:00,17.0
2203,2023-02-15 03:30:00,17.0
2204,2023-02-15 03:35:00,17.0
2205,2023-02-15 03:40:00,17.0
2206,2023-02-15 03:45:00,16.5
2207,2023-02-15 03:50:00,16.5
2208,2023-02-15 03:55:00,16.5
2209,2023-02-15 04:00:00,16.5
2210,2023-02-15 04:05:00,16.5
2211,2023-02-15 04:10:00,16.5
2212,2023-02-15 04:15:00,16.5
2213,2023-02-15 04:20:00,16.5
2214,2023-02-15 04:25:00,16.5
2215,2023-02-15 04:30:00,16.5
2216,2023-02-15 04:35:00,16.5
2217,2023-02-15 04:40:00,16.5
2218,2023-02-15 04:45:00,16.5
2219,2023-02-15 04:50:00,16.5
2220,2023-02-15 04:55:00,16.5
2221,2023-02-15 05:00:00,16.5
2222,2023-02-15 05:05:00,16.5
2223,2023-02-15 05:10:00,16.0
2224,2023-02-15 05:15:00,16.0
2225,2023-02-15 05:20:00,16.0
2226,2023-02-15 05:25:00,16.0
2227,2023-02-15 05:30:00,16.0
2228,2023-02-15 05:35:00,16.0
2229,2023-02-15 05:40:00,16.0
2230,2023-02-15 05:45:00,16.0
2231,2023-02-15 05:50:00,16.0
2232,2023-02-15 05:55:00,16.0
2233,2023-02-15 06:00:00,16.0
2234,2023-02-15 06:05:00,16.0
2235,2023-02-15 06:10:00,16.0
2236,2023-02-15 06:15:00,16.0
2237,2023-02-15 06:20:00,16.0
2238,2023-02-15 06:25:00,16.0
2239,2023-02-15 06:30:00,16.0
2240,2023-02-15 06:35:00,16.0
2241,2023-02-15 06:40:00,16.0
2242,2023-02-15 06:45:00,16.0
2243,2023-02-15 06:50:00,16.0
2244,2023-02-15 06:55:00,15.5
2245,2023-02-15 07:00:00,15.5
2246,2023-02-15 07:05:00,15.5
2247,2023-02-15 07:10:00,15.5
2248,2023-02-15 07:15:00,15.5
2249,2023-02-15 07:20:00,15.5
2250,2023-02-15 07:25:00,15.5
2251,2023-02-15 07:30:00,15.5
2252,2023-02-15 07:35:00,15.5
2253,2023-02-15 07:40:00,15.5
2254,2023-02-15 07:45:00,15.5
2255,2023-02-15 07:50:00,15.5
2256,2023-02-15 07:55:00,15.5
2257,2023-02-15 08:00:00,15.5
2258,2023-02-15 08:05:00,15.5
2259,2023-02-15 08:10:00,15.5
2260,2023-02-15 08:15:00,15.5
2261,2023-02-15 08:20:00,15.5
2262,2023-02-15 08:25:00,15.5
2263,2023-02-15 08:30:00,15.5
2264,2023-02-15 08:35:00,16.0
2265,2023-02-15 08:40:00,16.0
2266,2023-02-15 08:45:00,16.0
2267,2023-02-15 08:50:00,16.5
2268,2023-02-15 08:55:00,16.5
2269,2023-02-15 09:00:00,17.0
2270,2023-02-15 09:05:00,17.0
2271,2023-02-15 09:10:00,17.5
2272,2023-02-15 09:15:00,17.5
