timestamp,temperature,rh,location
2023-03-14T16:11:57Z,8,85,by_lectern
2023-03-14T16:16:57Z,7,85,
2023-03-14T16:21:56Z,8,85,
2023-03-14T16:26:55Z,8,85,
2023-03-14T16:31:55Z,8,85,
2023-03-14T16:36:54Z,8,85,
2023-03-14T16:41:54Z,8,85,
2023-03-14T16:46:53Z,8,85,
2023-03-14T16:51:53Z,8,85,
2023-03-14T16:56:52Z,8,85,
2023-03-14T17:01:51Z,8,85,
2023-03-14T17:06:51Z,8,85,
2023-03-14T17:11:50Z,8,84,
2023-03-14T17:16:50Z,8,85,
2023-03-14T17:21:49Z,8,84,
2023-03-14T17:26:49Z,8,84,
2023-03-14T17:31:48Z,8,84,
2023-03-14T17:36:47Z,8,85,
2023-03-14T17:41:47Z,8,85,
2023-03-14T17:46:46Z,8,85,
2023-03-14T17:51:46Z,8,85,
2023-03-14T17:56:45Z,8,85,
2023-03-14T18:01:45Z,8,85,
2023-03-14T18:06:44Z,8,85,
2023-03-14T18:11:43Z,8,85,
2023-03-14T18:16:43Z,8,85,
2023-03-14T18:21:42Z,8,85,
2023-03-14T18:26:42Z,8,85,
2023-03-14T18:31:41Z,8,85,
2023-03-14T18:36:40Z,8,85,
2023-03-14T18:41:40Z,8,85,
2023-03-14T18:46:39Z,8,85,
2023-03-14T18:51:39Z,8,85,
2023-03-14T18:56:38Z,8,85,
2023-03-14T19:01:38Z,8,85,
2023-03-14T19:06:37Z,8,85,
2023-03-14T19:11:36Z,8,85,
2023-03-14T19:16:36Z,8,85,
2023-03-14T19:21:35Z,8,85,
2023-03-14T19:26:35Z,8,85,
2023-03-14T19:31:34Z,8,85,
2023-03-14T19:36:34Z,8,85,
2023-03-14T19:41:33Z,7,85,
2023-03-14T19:46:32Z,7,85,
2023-03-14T19:51:32Z,7,85,
2023-03-14T19:56:31Z,7,85,
2023-03-14T20:01:31Z,7,85,
2023-03-14T20:06:30Z,7,85,
2023-03-14T20:11:29Z,7,85,
2023-03-14T20:16:29Z,7,85,
2023-03-14T20:21:28Z,7,85,
2023-03-14T20:26:28Z,7,85,
2023-03-14T20:31:27Z,7,85,
2023-03-14T20:36:27Z,7,85,
2023-03-14T20:41:26Z,7,85,
2023-03-14T20:46:25Z,7,85,
2023-03-14T20:51:25Z,7,85,
2023-03-14T20:56:24Z,7,85,
2023-03-14T21:01:24Z,7,85,
2023-03-14T21:06:23Z,7,85,
2023-03-14T21:11:23Z,7,85,
2023-03-14T21:16:22Z,7,86,
2023-03-14T21:21:21Z,7,86,
2023-03-14T21:26:21Z,7,86,
2023-03-14T21:31:20Z,7,86,
2023-03-14T21:36:20Z,7,86,
2023-03-14T21:41:19Z,7,86,
2023-03-14T21:46:18Z,7,86,
2023-03-14T21:51:18Z,7,85,
2023-03-14T21:56:17Z,7,86,
2023-03-14T22:01:17Z,6,86,
2023-03-14T22:06:16Z,6,86,
2023-03-14T22:11:16Z,6,86,
2023-03-14T22:16:15Z,6,86,
2023-03-14T22:21:14Z,6,86,
2023-03-14T22:26:14Z,6,86,
2023-03-14T22:31:13Z,6,86,
2023-03-14T22:36:13Z,6,86,
2023-03-14T22:41:12Z,6,86,
2023-03-14T22:46:12Z,6,86,
2023-03-14T22:51:11Z,6,86,
2023-03-14T22:56:10Z,6,86,
2023-03-14T23:01:10Z,6,86,
2023-03-14T23:06:09Z,6,86,
2023-03-14T23:11:09Z,6,86,
2023-03-14T23:16:08Z,6,86,
2023-03-14T23:21:07Z,6,86,
2023-03-14T23:26:07Z,6,86,
2023-03-14T23:31:06Z,6,86,
2023-03-14T23:36:06Z,6,86,
2023-03-14T23:41:05Z,6,86,
2023-03-14T23:46:05Z,6,86,
2023-03-14T23:51:04Z,6,86,
2023-03-14T23:56:03Z,6,86,
2023-03-15T00:01:03Z,6,86,
2023-03-15T00:06:02Z,6,86,
2023-03-15T00:11:02Z,6,86,
2023-03-15T00:16:01Z,6,86,
2023-03-15T00:21:01Z,6,86,
2023-03-15T00:26:00Z,6,86,
2023-03-15T00:30:59Z,5,86,
2023-03-15T00:35:59Z,5,86,
2023-03-15T00:40:58Z,5,86,
2023-03-15T00:45:58Z,5,86,
2023-03-15T00:50:57Z,5,86,
2023-03-15T00:55:56Z,5,86,
2023-03-15T01:00:56Z,5,86,
2023-03-15T01:05:55Z,5,86,
2023-03-15T01:10:55Z,5,86,
2023-03-15T01:15:54Z,5,86,
2023-03-15T01:20:54Z,5,86,
2023-03-15T01:25:53Z,5,86,
2023-03-15T01:30:52Z,5,86,
2023-03-15T01:35:52Z,5,86,
2023-03-15T01:40:51Z,5,86,
2023-03-15T01:45:51Z,5,86,
2023-03-15T01:50:50Z,5,86,
2023-03-15T01:55:50Z,5,86,
2023-03-15T02:00:49Z,5,86,
2023-03-15T02:05:48Z,5,86,
2023-03-15T02:10:48Z,5,86,
2023-03-15T02:15:47Z,5,86,
2023-03-15T02:20:47Z,5,86,
2023-03-15T02:25:46Z,5,86,
2023-03-15T02:30:45Z,5,86,
2023-03-15T02:35:45Z,5,86,
2023-03-15T02:40:44Z,5,86,
2023-03-15T02:45:44Z,5,86,
2023-03-15T02:50:43Z,5,86,
2023-03-15T02:55:43Z,5,86,
2023-03-15T03:00:42Z,5,86,
2023-03-15T03:05:41Z,5,86,
2023-03-15T03:10:41Z,5,86,
2023-03-15T03:15:40Z,5,86,
2023-03-15T03:20:40Z,5,86,
2023-03-15T03:25:39Z,4,86,
2023-03-15T03:30:39Z,5,86,
2023-03-15T03:35:38Z,5,86,
2023-03-15T03:40:37Z,5,86,
2023-03-15T03:45:37Z,4,86,
2023-03-15T03:50:36Z,4,86,
2023-03-15T03:55:36Z,5,86,
2023-03-15T04:00:35Z,4,86,
2023-03-15T04:05:34Z,4,86,
2023-03-15T04:10:34Z,4,86,
2023-03-15T04:15:33Z,4,86,
2023-03-15T04:20:33Z,4,86,
2023-03-15T04:25:32Z,4,86,
2023-03-15T04:30:32Z,4,85,
2023-03-15T04:35:31Z,4,86,
2023-03-15T04:40:30Z,4,85,
2023-03-15T04:45:30Z,4,86,
2023-03-15T04:50:29Z,4,86,
2023-03-15T04:55:29Z,4,85,
2023-03-15T05:00:28Z,4,86,
2023-03-15T05:05:28Z,4,86,
2023-03-15T05:10:27Z,4,85,
2023-03-15T05:15:26Z,4,86,
2023-03-15T05:20:26Z,4,86,
2023-03-15T05:25:25Z,4,85,
2023-03-15T05:30:25Z,4,86,
2023-03-15T05:35:24Z,4,86,
2023-03-15T05:40:23Z,4,86,
2023-03-15T05:45:23Z,4,86,
2023-03-15T05:50:22Z,4,86,
2023-03-15T05:55:22Z,4,86,
2023-03-15T06:00:21Z,4,85,
2023-03-15T06:05:21Z,4,86,
2023-03-15T06:10:20Z,4,86,
2023-03-15T06:15:19Z,4,86,
2023-03-15T06:20:19Z,4,86,
2023-03-15T06:25:18Z,4,86,
2023-03-15T06:30:18Z,4,85,
2023-03-15T06:35:17Z,4,86,
2023-03-15T06:40:17Z,3,86,
2023-03-15T06:45:16Z,4,86,
2023-03-15T06:50:15Z,4,85,
2023-03-15T06:55:15Z,4,86,
2023-03-15T07:00:14Z,4,85,
2023-03-15T07:05:14Z,4,86,
2023-03-15T07:10:13Z,4,86,
2023-03-15T07:15:12Z,4,86,
2023-03-15T07:20:12Z,3,86,
2023-03-15T07:25:11Z,4,85,
2023-03-15T07:30:11Z,4,86,
2023-03-15T07:35:10Z,4,86,
2023-03-15T07:40:10Z,4,86,
2023-03-15T07:45:09Z,4,86,
2023-03-15T07:50:08Z,4,85,
2023-03-15T07:55:08Z,3,86,
2023-03-15T08:00:07Z,4,86,
2023-03-15T08:05:07Z,3,86,
2023-03-15T08:10:06Z,3,85,
2023-03-15T08:15:06Z,4,86,
2023-03-15T08:20:05Z,4,86,
2023-03-15T08:25:04Z,3,86,
2023-03-15T08:30:04Z,4,86,
2023-03-15T08:35:03Z,4,86,
2023-03-15T08:40:03Z,3,86,
2023-03-15T08:45:02Z,3,86,
2023-03-15T08:50:01Z,4,86,
2023-03-15T08:55:01Z,3,86,
2023-03-15T09:00:00Z,4,86,
2023-03-15T09:05:00Z,4,86,
2023-03-15T09:09:59Z,4,86,
2023-03-15T09:14:59Z,4,86,
2023-03-15T09:19:58Z,4,86,
2023-03-15T09:24:57Z,4,86,
2023-03-15T09:29:57Z,4,86,
2023-03-15T09:34:56Z,4,85,
2023-03-15T09:39:56Z,4,85,
2023-03-15T09:44:55Z,4,86,
2023-03-15T09:49:55Z,4,85,
2023-03-15T09:54:54Z,4,85,
2023-03-15T09:59:53Z,4,86,
2023-03-15T10:04:53Z,4,85,
2023-03-15T10:09:52Z,4,85,
2023-03-15T10:14:52Z,4,85,
2023-03-15T10:19:51Z,4,85,
2023-03-15T10:24:50Z,4,85,
2023-03-15T10:29:50Z,4,85,
2023-03-15T10:34:49Z,4,85,
2023-03-15T10:39:49Z,4,85,
2023-03-15T10:44:48Z,4,85,
2023-03-15T10:49:48Z,4,85,
2023-03-15T10:54:47Z,4,85,
2023-03-15T10:59:46Z,4,85,
2023-03-15T11:04:46Z,4,85,
2023-03-15T11:09:45Z,4,85,
2023-03-15T11:14:45Z,4,85,
2023-03-15T11:19:44Z,4,85,
2023-03-15T11:24:44Z,4,85,
2023-03-15T11:29:43Z,4,85,
2023-03-15T11:34:42Z,4,85,
2023-03-15T11:39:42Z,4,85,
2023-03-15T11:44:41Z,4,85,
2023-03-15T11:49:41Z,4,85,
2023-03-15T11:54:40Z,4,85,
2023-03-15T11:59:40Z,4,85,
2023-03-15T12:04:39Z,4,85,
2023-03-15T12:09:38Z,4,85,
2023-03-15T12:14:38Z,4,85,
2023-03-15T12:19:37Z,4,85,
2023-03-15T12:24:37Z,5,85,
2023-03-15T12:29:36Z,5,85,
2023-03-15T12:34:35Z,5,85,
2023-03-15T12:39:35Z,5,85,
2023-03-15T12:44:34Z,5,84,
2023-03-15T12:49:34Z,5,84,
2023-03-15T12:54:33Z,5,84,
2023-03-15T12:59:33Z,5,84,
2023-03-15T13:04:32Z,5,84,
2023-03-15T13:09:31Z,5,84,
2023-03-15T13:14:31Z,5,84,
2023-03-15T13:19:30Z,5,84,
2023-03-15T13:24:30Z,5,84,
2023-03-15T13:29:29Z,5,84,
2023-03-15T13:34:29Z,5,84,
2023-03-15T13:39:28Z,5,84,
2023-03-15T13:44:27Z,5,84,
2023-03-15T13:49:27Z,5,84,
2023-03-15T13:54:26Z,5,84,
2023-03-15T13:59:26Z,5,84,
2023-03-15T14:04:25Z,5,84,
2023-03-15T14:09:24Z,5,84,
2023-03-15T14:14:24Z,5,84,
2023-03-15T14:19:23Z,6,84,
2023-03-15T14:24:23Z,6,84,
2023-03-15T14:29:22Z,6,84,
2023-03-15T14:34:22Z,6,84,
2023-03-15T14:39:21Z,5,84,
2023-03-15T14:44:20Z,6,83,
2023-03-15T14:49:20Z,6,84,
2023-03-15T14:54:19Z,6,84,
2023-03-15T14:59:19Z,6,83,
2023-03-15T15:04:18Z,6,83,
2023-03-15T15:09:18Z,6,84,
2023-03-15T15:14:17Z,6,83,
2023-03-15T15:19:16Z,6,84,
2023-03-15T15:24:16Z,6,84,
2023-03-15T15:29:15Z,6,84,
2023-03-15T15:34:15Z,6,84,
2023-03-15T15:39:14Z,6,83,
2023-03-15T15:44:13Z,6,84,
2023-03-15T15:49:13Z,6,84,
2023-03-15T15:54:12Z,6,84,
2023-03-15T15:59:12Z,6,84,
2023-03-15T16:04:11Z,6,84,
2023-03-15T16:09:11Z,6,84,
2023-03-15T16:14:10Z,6,84,
2023-03-15T16:19:09Z,6,84,
2023-03-15T16:24:09Z,6,84,
2023-03-15T16:29:08Z,6,84,
2023-03-15T16:34:08Z,6,84,
2023-03-15T16:39:07Z,6,84,
2023-03-15T16:44:07Z,6,84,
2023-03-15T16:49:06Z,6,84,
2023-03-15T16:54:05Z,6,84,
2023-03-15T16:59:05Z,6,84,
2023-03-15T17:04:04Z,5,84,
2023-03-15T17:09:04Z,6,84,
2023-03-15T17:14:03Z,6,84,
2023-03-15T17:19:02Z,5,84,
2023-03-15T17:24:02Z,6,84,
2023-03-15T17:29:01Z,6,84,
2023-03-15T17:34:01Z,6,85,
2023-03-15T17:39:00Z,6,85,
2023-03-15T17:44:00Z,5,85,
2023-03-15T17:48:59Z,5,84,
2023-03-15T17:53:58Z,6,85,
2023-03-15T17:58:58Z,6,85,
2023-03-15T18:03:57Z,5,85,
2023-03-15T18:08:57Z,5,85,
2023-03-15T18:13:56Z,5,85,
2023-03-15T18:18:56Z,5,85,
2023-03-15T18:23:55Z,5,85,
2023-03-15T18:28:54Z,5,85,
2023-03-15T18:33:54Z,5,85,
2023-03-15T18:38:53Z,5,85,
2023-03-15T18:43:53Z,5,85,
2023-03-15T18:48:52Z,6,85,
2023-03-15T18:53:51Z,5,85,
2023-03-15T18:58:51Z,5,85,
2023-03-15T19:03:50Z,5,85,
2023-03-15T19:08:50Z,5,85,
2023-03-15T19:13:49Z,5,85,
2023-03-15T19:18:49Z,5,85,
2023-03-15T19:23:48Z,5,85,
2023-03-15T19:28:47Z,5,85,
2023-03-15T19:33:47Z,5,85,
2023-03-15T19:38:46Z,5,85,
2023-03-15T19:43:46Z,5,85,
2023-03-15T19:48:45Z,5,85,
2023-03-15T19:53:45Z,5,85,
2023-03-15T19:58:44Z,5,85,
2023-03-15T20:03:43Z,5,85,
2023-03-15T20:08:43Z,5,85,
2023-03-15T20:13:42Z,5,85,
2023-03-15T20:18:42Z,5,85,
2023-03-15T20:23:41Z,5,85,
2023-03-15T20:28:40Z,5,85,
2023-03-15T20:33:40Z,5,85,
2023-03-15T20:38:39Z,5,85,
2023-03-15T20:43:39Z,5,85,
2023-03-15T20:48:38Z,5,85,
2023-03-15T20:53:38Z,5,85,
2023-03-15T20:58:37Z,5,85,
2023-03-15T21:03:36Z,5,85,
2023-03-15T21:08:36Z,5,85,
2023-03-15T21:13:35Z,5,85,
2023-03-15T21:18:35Z,5,85,
2023-03-15T21:23:34Z,5,85,
2023-03-15T21:28:34Z,5,85,
2023-03-15T21:33:33Z,5,85,
2023-03-15T21:38:32Z,5,85,
2023-03-15T21:43:32Z,5,85,
2023-03-15T21:48:31Z,5,85,
2023-03-15T21:53:31Z,5,85,
2023-03-15T21:58:30Z,5,85,
2023-03-15T22:03:29Z,5,85,
2023-03-15T22:08:29Z,5,85,
2023-03-15T22:13:28Z,5,85,
2023-03-15T22:18:28Z,5,85,
2023-03-15T22:23:27Z,5,85,
2023-03-15T22:28:27Z,5,85,
2023-03-15T22:33:26Z,5,85,
2023-03-15T22:38:25Z,5,85,
2023-03-15T22:43:25Z,5,85,
2023-03-15T22:48:24Z,5,85,
2023-03-15T22:53:24Z,5,85,
2023-03-15T22:58:23Z,5,85,
2023-03-15T23:03:23Z,5,85,
2023-03-15T23:08:22Z,5,85,
2023-03-15T23:13:21Z,5,85,
2023-03-15T23:18:21Z,5,85,
2023-03-15T23:23:20Z,5,85,
2023-03-15T23:28:20Z,5,85,
2023-03-15T23:33:19Z,5,85,
2023-03-15T23:38:18Z,5,85,
2023-03-15T23:43:18Z,5,85,
2023-03-15T23:48:17Z,5,85,
2023-03-15T23:53:17Z,5,85,
2023-03-15T23:58:16Z,5,85,
2023-03-16T00:03:16Z,5,85,
2023-03-16T00:08:15Z,5,85,
2023-03-16T00:13:14Z,5,85,
2023-03-16T00:18:14Z,5,85,
2023-03-16T00:23:13Z,5,85,
2023-03-16T00:28:13Z,5,85,
2023-03-16T00:33:12Z,5,85,
2023-03-16T00:38:12Z,5,85,
2023-03-16T00:43:11Z,5,85,
2023-03-16T00:48:10Z,5,85,
2023-03-16T00:53:10Z,5,85,
2023-03-16T00:58:09Z,5,85,
2023-03-16T01:03:09Z,5,85,
2023-03-16T01:08:08Z,5,85,
2023-03-16T01:13:07Z,5,85,
2023-03-16T01:18:07Z,5,85,
2023-03-16T01:23:06Z,5,85,
2023-03-16T01:28:06Z,5,85,
2023-03-16T01:33:05Z,5,85,
2023-03-16T01:38:05Z,5,85,
2023-03-16T01:43:04Z,5,85,
2023-03-16T01:48:03Z,5,85,
2023-03-16T01:53:03Z,5,85,
2023-03-16T01:58:02Z,5,85,
2023-03-16T02:03:02Z,5,85,
2023-03-16T02:08:01Z,5,85,
2023-03-16T02:13:01Z,5,85,
2023-03-16T02:18:00Z,5,85,
2023-03-16T02:22:59Z,5,85,
2023-03-16T02:27:59Z,5,85,
2023-03-16T02:32:58Z,5,85,
2023-03-16T02:37:58Z,5,85,
2023-03-16T02:42:57Z,5,85,
2023-03-16T02:47:56Z,5,85,
2023-03-16T02:52:56Z,5,85,
2023-03-16T02:57:55Z,5,85,
2023-03-16T03:02:55Z,5,85,
2023-03-16T03:07:54Z,5,85,
2023-03-16T03:12:54Z,5,86,
2023-03-16T03:17:53Z,5,85,
2023-03-16T03:22:52Z,5,86,
2023-03-16T03:27:52Z,5,85,
2023-03-16T03:32:51Z,5,85,
2023-03-16T03:37:51Z,5,85,
2023-03-16T03:42:50Z,5,85,
2023-03-16T03:47:50Z,5,86,
2023-03-16T03:52:49Z,5,85,
2023-03-16T03:57:48Z,5,86,
2023-03-16T04:02:48Z,5,86,
2023-03-16T04:07:47Z,5,86,
2023-03-16T04:12:47Z,5,85,
2023-03-16T04:17:46Z,5,86,
2023-03-16T04:22:45Z,5,86,
2023-03-16T04:27:45Z,5,85,
2023-03-16T04:32:44Z,5,86,
2023-03-16T04:37:44Z,5,86,
2023-03-16T04:42:43Z,5,86,
2023-03-16T04:47:43Z,5,86,
2023-03-16T04:52:42Z,5,86,
2023-03-16T04:57:41Z,5,86,
2023-03-16T05:02:41Z,5,86,
2023-03-16T05:07:40Z,5,86,
2023-03-16T05:12:40Z,5,86,
2023-03-16T05:17:39Z,5,86,
2023-03-16T05:22:39Z,5,86,
2023-03-16T05:27:38Z,5,86,
2023-03-16T05:32:37Z,5,86,
2023-03-16T05:37:37Z,5,86,
2023-03-16T05:42:36Z,5,86,
2023-03-16T05:47:36Z,5,86,
2023-03-16T05:52:35Z,5,86,
2023-03-16T05:57:35Z,5,86,
2023-03-16T06:02:34Z,5,86,
2023-03-16T06:07:33Z,5,86,
2023-03-16T06:12:33Z,5,86,
2023-03-16T06:17:32Z,5,86,
2023-03-16T06:22:32Z,5,86,
2023-03-16T06:27:31Z,5,86,
2023-03-16T06:32:30Z,5,86,
2023-03-16T06:37:30Z,5,86,
2023-03-16T06:42:29Z,5,86,
2023-03-16T06:47:29Z,5,86,
2023-03-16T06:52:28Z,5,86,
2023-03-16T06:57:28Z,5,85,
2023-03-16T07:02:27Z,5,86,
2023-03-16T07:07:26Z,5,86,
2023-03-16T07:12:26Z,5,86,
2023-03-16T07:17:25Z,5,86,
2023-03-16T07:22:25Z,5,86,
2023-03-16T07:27:24Z,5,86,
2023-03-16T07:32:24Z,5,86,
2023-03-16T07:37:23Z,5,86,
2023-03-16T07:42:22Z,5,86,
2023-03-16T07:47:22Z,5,86,
2023-03-16T07:52:21Z,5,86,
2023-03-16T07:57:21Z,5,86,
2023-03-16T08:02:20Z,5,86,
2023-03-16T08:07:19Z,5,86,
2023-03-16T08:12:19Z,5,86,
2023-03-16T08:17:18Z,5,86,
2023-03-16T08:22:18Z,5,86,
2023-03-16T08:27:17Z,5,86,
2023-03-16T08:32:17Z,5,86,
2023-03-16T08:37:16Z,5,86,
2023-03-16T08:42:15Z,5,86,
2023-03-16T08:47:15Z,5,86,
2023-03-16T08:52:14Z,5,86,
2023-03-16T08:57:14Z,5,86,
2023-03-16T09:02:13Z,5,86,
2023-03-16T09:07:13Z,5,86,
2023-03-16T09:12:12Z,5,86,
2023-03-16T09:17:11Z,5,86,
2023-03-16T09:22:11Z,5,86,
2023-03-16T09:27:10Z,5,86,
2023-03-16T09:32:10Z,5,86,
2023-03-16T09:37:09Z,5,86,
2023-03-16T09:42:08Z,5,86,
2023-03-16T09:47:08Z,5,86,
2023-03-16T09:52:07Z,5,86,
2023-03-16T09:57:07Z,5,86,
2023-03-16T10:02:06Z,5,86,
2023-03-16T10:07:06Z,5,86,
2023-03-16T10:12:05Z,5,86,
2023-03-16T10:17:04Z,5,86,
2023-03-16T10:22:04Z,5,86,
2023-03-16T10:27:03Z,5,86,
2023-03-16T10:32:03Z,5,86,
2023-03-16T10:37:02Z,5,86,
2023-03-16T10:42:02Z,5,86,
2023-03-16T10:47:01Z,5,86,
2023-03-16T10:52:00Z,5,86,
2023-03-16T10:57:00Z,5,86,
2023-03-16T11:01:59Z,5,86,
2023-03-16T11:06:59Z,5,86,
2023-03-16T11:11:58Z,5,86,
2023-03-16T11:16:57Z,5,86,
2023-03-16T11:21:57Z,5,86,
2023-03-16T11:26:56Z,5,86,
2023-03-16T11:31:56Z,5,86,
2023-03-16T11:36:55Z,5,86,
2023-03-16T11:41:55Z,5,86,
2023-03-16T11:46:54Z,5,86,
2023-03-16T11:51:53Z,5,86,
2023-03-16T11:56:53Z,5,86,
2023-03-16T12:01:52Z,5,86,
2023-03-16T12:06:52Z,5,86,
2023-03-16T12:11:51Z,5,86,
2023-03-16T12:16:51Z,5,86,
2023-03-16T12:21:50Z,5,86,
2023-03-16T12:26:49Z,5,86,
2023-03-16T12:31:49Z,5,86,
2023-03-16T12:36:48Z,5,86,
2023-03-16T12:41:48Z,5,87,
2023-03-16T12:46:47Z,5,87,
2023-03-16T12:51:46Z,5,86,
2023-03-16T12:56:46Z,6,87,
2023-03-16T13:01:45Z,5,86,
2023-03-16T13:06:45Z,5,87,
2023-03-16T13:11:44Z,6,87,
2023-03-16T13:16:44Z,6,87,
2023-03-16T13:21:43Z,6,86,
2023-03-16T13:26:42Z,6,87,
2023-03-16T13:31:42Z,6,87,
2023-03-16T13:36:41Z,6,87,
2023-03-16T13:41:41Z,5,87,
2023-03-16T13:46:40Z,6,87,
2023-03-16T13:51:40Z,6,87,
2023-03-16T13:56:39Z,6,87,
2023-03-16T14:01:38Z,6,87,
2023-03-16T14:06:38Z,6,87,
2023-03-16T14:11:37Z,6,87,
2023-03-16T14:16:37Z,6,87,
2023-03-16T14:21:36Z,6,87,
2023-03-16T14:26:35Z,6,87,
2023-03-16T14:31:35Z,6,87,
2023-03-16T14:36:34Z,6,87,
2023-03-16T14:41:34Z,6,87,
2023-03-16T14:46:33Z,6,87,
2023-03-16T14:51:33Z,6,87,
2023-03-16T14:56:32Z,6,87,
2023-03-16T15:01:31Z,6,87,
2023-03-16T15:06:31Z,6,87,
2023-03-16T15:11:30Z,6,87,
2023-03-16T15:16:30Z,6,87,
2023-03-16T15:21:29Z,6,87,
2023-03-16T15:26:29Z,6,87,
2023-03-16T15:31:28Z,6,87,
2023-03-16T15:36:27Z,6,87,
2023-03-16T15:41:27Z,6,87,
2023-03-16T15:46:26Z,6,87,
2023-03-16T15:51:26Z,6,87,
2023-03-16T15:56:25Z,6,87,
2023-03-16T16:01:24Z,6,87,
2023-03-16T16:06:24Z,6,87,
2023-03-16T16:11:23Z,6,87,
2023-03-16T16:16:23Z,6,87,
2023-03-16T16:21:22Z,6,87,
2023-03-16T16:26:22Z,6,87,
2023-03-16T16:31:21Z,6,87,
2023-03-16T16:36:20Z,6,87,
2023-03-16T16:41:20Z,6,87,
2023-03-16T16:46:19Z,6,87,
2023-03-16T16:51:19Z,6,87,
2023-03-16T16:56:18Z,6,87,
2023-03-16T17:01:18Z,7,87,
2023-03-16T17:06:17Z,7,87,
2023-03-16T17:11:16Z,6,87,
2023-03-16T17:16:16Z,6,87,
2023-03-16T17:21:15Z,6,87,
2023-03-16T17:26:15Z,6,87,
2023-03-16T17:31:14Z,7,87,
2023-03-16T17:36:13Z,7,87,
2023-03-16T17:41:13Z,7,87,
2023-03-16T17:46:12Z,7,87,
2023-03-16T17:51:12Z,6,87,
2023-03-16T17:56:11Z,7,87,
2023-03-16T18:01:11Z,7,87,
2023-03-16T18:06:10Z,6,87,
2023-03-16T18:11:09Z,7,87,
2023-03-16T18:16:09Z,6,87,
2023-03-16T18:21:08Z,7,87,
2023-03-16T18:26:08Z,7,87,
2023-03-16T18:31:07Z,7,87,
2023-03-16T18:36:07Z,7,87,
2023-03-16T18:41:06Z,7,87,
2023-03-16T18:46:05Z,7,87,
2023-03-16T18:51:05Z,7,87,
2023-03-16T18:56:04Z,7,87,
2023-03-16T19:01:04Z,7,87,
2023-03-16T19:06:03Z,7,87,
2023-03-16T19:11:02Z,7,87,
2023-03-16T19:16:02Z,7,87,
2023-03-16T19:21:01Z,7,87,
2023-03-16T19:26:01Z,7,87,
2023-03-16T19:31:00Z,7,87,
2023-03-16T19:36:00Z,7,87,
2023-03-16T19:40:59Z,7,87,
2023-03-16T19:45:58Z,7,87,
2023-03-16T19:50:58Z,7,88,
2023-03-16T19:55:57Z,7,88,
2023-03-16T20:00:57Z,7,88,
2023-03-16T20:05:56Z,7,88,
2023-03-16T20:10:56Z,7,88,
2023-03-16T20:15:55Z,7,88,
2023-03-16T20:20:54Z,7,88,
2023-03-16T20:25:54Z,7,88,
2023-03-16T20:30:53Z,7,88,
2023-03-16T20:35:53Z,7,88,
2023-03-16T20:40:52Z,7,88,
2023-03-16T20:45:51Z,7,88,
2023-03-16T20:50:51Z,7,88,
2023-03-16T20:55:50Z,7,88,
2023-03-16T21:00:50Z,7,88,
2023-03-16T21:05:49Z,7,88,
2023-03-16T21:10:49Z,7,88,
2023-03-16T21:15:48Z,7,88,
2023-03-16T21:20:47Z,7,88,
2023-03-16T21:25:47Z,7,88,
2023-03-16T21:30:46Z,7,88,
2023-03-16T21:35:46Z,7,88,
2023-03-16T21:40:45Z,7,88,
2023-03-16T21:45:45Z,7,88,
2023-03-16T21:50:44Z,7,88,
2023-03-16T21:55:43Z,7,88,
2023-03-16T22:00:43Z,7,88,
2023-03-16T22:05:42Z,7,88,
2023-03-16T22:10:42Z,7,88,
2023-03-16T22:15:41Z,7,88,
2023-03-16T22:20:40Z,7,88,
2023-03-16T22:25:40Z,7,88,
2023-03-16T22:30:39Z,7,88,
2023-03-16T22:35:39Z,7,88,
2023-03-16T22:40:38Z,7,88,
2023-03-16T22:45:38Z,7,88,
2023-03-16T22:50:37Z,7,88,
2023-03-16T22:55:36Z,7,88,
2023-03-16T23:00:36Z,7,88,
2023-03-16T23:05:35Z,7,88,
2023-03-16T23:10:35Z,7,88,
2023-03-16T23:15:34Z,7,88,
2023-03-16T23:20:34Z,7,88,
2023-03-16T23:25:33Z,7,88,
2023-03-16T23:30:32Z,7,88,
2023-03-16T23:35:32Z,7,88,
2023-03-16T23:40:31Z,7,88,
2023-03-16T23:45:31Z,7,88,
2023-03-16T23:50:30Z,7,88,
2023-03-16T23:55:30Z,7,88,
2023-03-17T00:00:29Z,7,89,
2023-03-17T00:05:28Z,7,88,
2023-03-17T00:10:28Z,7,88,
2023-03-17T00:15:27Z,7,88,
2023-03-17T00:20:27Z,7,88,
2023-03-17T00:25:26Z,7,88,
2023-03-17T00:30:25Z,7,88,
2023-03-17T00:35:25Z,7,88,
2023-03-17T00:40:24Z,7,88,
2023-03-17T00:45:24Z,7,88,
2023-03-17T00:50:23Z,7,88,
2023-03-17T00:55:23Z,7,89,
2023-03-17T01:00:22Z,7,88,
2023-03-17T01:05:21Z,7,89,
2023-03-17T01:10:21Z,7,88,
2023-03-17T01:15:20Z,7,88,
2023-03-17T01:20:20Z,7,88,
2023-03-17T01:25:19Z,7,88,
2023-03-17T01:30:19Z,7,89,
2023-03-17T01:35:18Z,7,88,
2023-03-17T01:40:17Z,7,89,
2023-03-17T01:45:17Z,7,89,
2023-03-17T01:50:16Z,7,88,
2023-03-17T01:55:16Z,7,88,
2023-03-17T02:00:15Z,7,89,
2023-03-17T02:05:14Z,7,89,
2023-03-17T02:10:14Z,7,89,
2023-03-17T02:15:13Z,7,89,
2023-03-17T02:20:13Z,7,89,
2023-03-17T02:25:12Z,7,89,
2023-03-17T02:30:12Z,7,89,
2023-03-17T02:35:11Z,7,88,
2023-03-17T02:40:10Z,7,89,
2023-03-17T02:45:10Z,7,89,
2023-03-17T02:50:09Z,7,88,
2023-03-17T02:55:09Z,7,89,
2023-03-17T03:00:08Z,7,89,
2023-03-17T03:05:08Z,7,89,
2023-03-17T03:10:07Z,7,89,
2023-03-17T03:15:06Z,7,89,
2023-03-17T03:20:06Z,7,89,
2023-03-17T03:25:05Z,7,89,
2023-03-17T03:30:05Z,7,89,
2023-03-17T03:35:04Z,7,89,
2023-03-17T03:40:03Z,7,89,
2023-03-17T03:45:03Z,7,89,
2023-03-17T03:50:02Z,7,88,
2023-03-17T03:55:02Z,7,89,
2023-03-17T04:00:01Z,7,89,
2023-03-17T04:05:01Z,7,89,
2023-03-17T04:10:00Z,7,89,
2023-03-17T04:14:59Z,7,89,
2023-03-17T04:19:59Z,7,88,
2023-03-17T04:24:58Z,7,89,
2023-03-17T04:29:58Z,7,89,
2023-03-17T04:34:57Z,7,88,
2023-03-17T04:39:57Z,7,89,
2023-03-17T04:44:56Z,7,89,
2023-03-17T04:49:55Z,7,89,
2023-03-17T04:54:55Z,7,89,
2023-03-17T04:59:54Z,7,89,
2023-03-17T05:04:54Z,7,89,
2023-03-17T05:09:53Z,7,89,
2023-03-17T05:14:52Z,7,89,
2023-03-17T05:19:52Z,7,89,
2023-03-17T05:24:51Z,7,89,
2023-03-17T05:29:51Z,7,89,
2023-03-17T05:34:50Z,7,89,
2023-03-17T05:39:50Z,7,89,
2023-03-17T05:44:49Z,7,89,
2023-03-17T05:49:48Z,7,88,
2023-03-17T05:54:48Z,7,89,
2023-03-17T05:59:47Z,7,89,
2023-03-17T06:04:47Z,7,88,
2023-03-17T06:09:46Z,7,89,
2023-03-17T06:14:46Z,7,89,
2023-03-17T06:19:45Z,7,89,
2023-03-17T06:24:44Z,7,89,
2023-03-17T06:29:44Z,7,89,
2023-03-17T06:34:43Z,7,88,
2023-03-17T06:39:43Z,7,89,
2023-03-17T06:44:42Z,7,89,
2023-03-17T06:49:41Z,7,89,
2023-03-17T06:54:41Z,7,88,
2023-03-17T06:59:40Z,7,89,
2023-03-17T07:04:40Z,7,88,
2023-03-17T07:09:39Z,7,89,
2023-03-17T07:14:39Z,7,89,
2023-03-17T07:19:38Z,7,88,
2023-03-17T07:24:37Z,7,89,
2023-03-17T07:29:37Z,7,89,
2023-03-17T07:34:36Z,7,89,
2023-03-17T07:39:36Z,7,88,
2023-03-17T07:44:35Z,7,89,
2023-03-17T07:49:35Z,7,89,
2023-03-17T07:54:34Z,7,89,
2023-03-17T07:59:33Z,7,89,
2023-03-17T08:04:33Z,7,89,
2023-03-17T08:09:32Z,7,88,
2023-03-17T08:14:32Z,7,89,
2023-03-17T08:19:31Z,7,88,
2023-03-17T08:24:30Z,7,89,
2023-03-17T08:29:30Z,7,89,
2023-03-17T08:34:29Z,7,89,
2023-03-17T08:39:29Z,7,89,
2023-03-17T08:44:28Z,7,89,
2023-03-17T08:49:28Z,7,89,
2023-03-17T08:54:27Z,7,89,
2023-03-17T08:59:26Z,7,89,
2023-03-17T09:04:26Z,7,88,
2023-03-17T09:09:25Z,7,88,
2023-03-17T09:14:25Z,8,88,
2023-03-17T09:19:24Z,7,88,
2023-03-17T09:24:24Z,8,88,
2023-03-17T09:29:23Z,8,89,
2023-03-17T09:34:22Z,8,88,
2023-03-17T09:39:22Z,8,89,
2023-03-17T09:44:21Z,8,89,
2023-03-17T09:49:21Z,8,89,
2023-03-17T09:54:20Z,8,88,
2023-03-17T09:59:19Z,8,88,
2023-03-17T10:04:19Z,8,88,
2023-03-17T10:09:18Z,8,88,
2023-03-17T10:14:18Z,8,88,
2023-03-17T10:19:17Z,8,88,
2023-03-17T10:24:17Z,8,88,
2023-03-17T10:29:16Z,8,88,
2023-03-17T10:34:15Z,8,88,
2023-03-17T10:39:15Z,8,88,
2023-03-17T10:44:14Z,8,88,
2023-03-17T10:49:14Z,8,88,
2023-03-17T10:54:13Z,8,88,
2023-03-17T10:59:13Z,8,88,
2023-03-17T11:04:12Z,8,88,
2023-03-17T11:09:11Z,9,88,
2023-03-17T11:14:11Z,9,88,
2023-03-17T11:19:10Z,9,88,
2023-03-17T11:24:10Z,9,88,
2023-03-17T11:29:09Z,9,88,
2023-03-17T11:34:08Z,9,88,
2023-03-17T11:39:08Z,9,88,
2023-03-17T11:44:07Z,9,88,
2023-03-17T11:49:07Z,9,88,
2023-03-17T11:54:06Z,9,88,
2023-03-17T11:59:06Z,9,88,
2023-03-17T12:04:05Z,9,88,
2023-03-17T12:09:04Z,9,88,
2023-03-17T12:14:04Z,9,88,
2023-03-17T12:19:03Z,9,88,
2023-03-17T12:24:03Z,9,87,
2023-03-17T12:29:02Z,9,87,
2023-03-17T12:34:02Z,9,88,
2023-03-17T12:39:01Z,9,87,
2023-03-17T12:44:00Z,9,87,
2023-03-17T12:49:00Z,9,87,
2023-03-17T12:53:59Z,9,87,
2023-03-17T12:58:59Z,9,87,
2023-03-17T13:03:58Z,9,87,
2023-03-17T13:08:57Z,9,87,
2023-03-17T13:13:57Z,9,87,
2023-03-17T13:18:56Z,9,87,
2023-03-17T13:23:56Z,9,88,
2023-03-17T13:28:55Z,9,88,
2023-03-17T13:33:55Z,9,87,
2023-03-17T13:38:54Z,9,87,
2023-03-17T13:43:53Z,9,87,
2023-03-17T13:48:53Z,10,87,
2023-03-17T13:53:52Z,10,87,
2023-03-17T13:58:52Z,10,87,
2023-03-17T14:03:51Z,9,87,
2023-03-17T14:08:51Z,10,87,
2023-03-17T14:13:50Z,9,87,
2023-03-17T14:18:49Z,10,87,
2023-03-17T14:23:49Z,10,87,
2023-03-17T14:28:48Z,10,87,
2023-03-17T14:33:48Z,10,87,
2023-03-17T14:38:47Z,10,87,
2023-03-17T14:43:46Z,10,87,
2023-03-17T14:48:46Z,10,87,
2023-03-17T14:53:45Z,10,87,
2023-03-17T14:58:45Z,10,87,
2023-03-17T15:03:44Z,10,87,
2023-03-17T15:08:44Z,10,87,
2023-03-17T15:13:43Z,10,87,
2023-03-17T15:18:42Z,10,87,
2023-03-17T15:23:42Z,10,87,
2023-03-17T15:28:41Z,10,87,
2023-03-17T15:33:41Z,10,87,
2023-03-17T15:38:40Z,10,88,
2023-03-17T15:43:40Z,10,88,
2023-03-17T15:48:39Z,10,88,
2023-03-17T15:53:38Z,10,87,
2023-03-17T15:58:38Z,10,87,
2023-03-17T16:03:37Z,10,87,
2023-03-17T16:08:37Z,10,88,
2023-03-17T16:13:36Z,10,88,
2023-03-17T16:18:35Z,10,88,
2023-03-17T16:23:35Z,10,88,
2023-03-17T16:28:34Z,10,88,
2023-03-17T16:33:34Z,10,87,
2023-03-17T16:38:33Z,10,88,
2023-03-17T16:43:33Z,10,88,
2023-03-17T16:48:32Z,10,88,
2023-03-17T16:53:31Z,10,88,
2023-03-17T16:58:31Z,10,87,
2023-03-17T17:03:30Z,10,87,
2023-03-17T17:08:30Z,10,88,
2023-03-17T17:13:29Z,10,88,
2023-03-17T17:18:29Z,10,88,
2023-03-17T17:23:28Z,10,88,
2023-03-17T17:28:27Z,10,88,
2023-03-17T17:33:27Z,10,88,
2023-03-17T17:38:26Z,10,88,
2023-03-17T17:43:26Z,10,88,
2023-03-17T17:48:25Z,10,88,
2023-03-17T17:53:25Z,10,88,
2023-03-17T17:58:24Z,10,88,
2023-03-17T18:03:23Z,10,88,
2023-03-17T18:08:23Z,10,88,
2023-03-17T18:13:22Z,10,88,
2023-03-17T18:18:22Z,10,88,
2023-03-17T18:23:21Z,10,88,
2023-03-17T18:28:20Z,10,88,
2023-03-17T18:33:20Z,10,88,
2023-03-17T18:38:19Z,10,88,
2023-03-17T18:43:19Z,10,88,
2023-03-17T18:48:18Z,10,88,
2023-03-17T18:53:18Z,10,88,
2023-03-17T18:58:17Z,10,88,
2023-03-17T19:03:16Z,10,88,
2023-03-17T19:08:16Z,10,88,
2023-03-17T19:13:15Z,10,88,
2023-03-17T19:18:15Z,10,88,
2023-03-17T19:23:14Z,10,88,
2023-03-17T19:28:14Z,10,88,
2023-03-17T19:33:13Z,10,88,
2023-03-17T19:38:12Z,10,88,
2023-03-17T19:43:12Z,10,88,
2023-03-17T19:48:11Z,10,88,
2023-03-17T19:53:11Z,10,88,
2023-03-17T19:58:10Z,10,88,
2023-03-17T20:03:09Z,10,88,
2023-03-17T20:08:09Z,10,88,
2023-03-17T20:13:08Z,10,88,
2023-03-17T20:18:08Z,10,88,
2023-03-17T20:23:07Z,9,88,
2023-03-17T20:28:07Z,9,88,
2023-03-17T20:33:06Z,9,88,
2023-03-17T20:38:05Z,9,88,
2023-03-17T20:43:05Z,9,89,
2023-03-17T20:48:04Z,9,89,
2023-03-17T20:53:04Z,9,88,
2023-03-17T20:58:03Z,9,89,
2023-03-17T21:03:03Z,9,88,
2023-03-17T21:08:02Z,9,88,
2023-03-17T21:13:01Z,9,89,
2023-03-17T21:18:01Z,9,89,
2023-03-17T21:23:00Z,9,89,
2023-03-17T21:28:00Z,9,89,
2023-03-17T21:32:59Z,9,89,
2023-03-17T21:37:58Z,9,89,
2023-03-17T21:42:58Z,9,89,
2023-03-17T21:47:57Z,9,89,
2023-03-17T21:52:57Z,9,89,
2023-03-17T21:57:56Z,9,89,
2023-03-17T22:02:56Z,9,89,
2023-03-17T22:07:55Z,9,89,
2023-03-17T22:12:54Z,9,89,
2023-03-17T22:17:54Z,9,89,
2023-03-17T22:22:53Z,9,89,
2023-03-17T22:27:53Z,9,89,
2023-03-17T22:32:52Z,9,89,
2023-03-17T22:37:52Z,9,89,
2023-03-17T22:42:51Z,9,89,
2023-03-17T22:47:50Z,9,89,
2023-03-17T22:52:50Z,9,89,
2023-03-17T22:57:49Z,9,89,
2023-03-17T23:02:49Z,9,89,
2023-03-17T23:07:48Z,9,89,
2023-03-17T23:12:47Z,9,89,
2023-03-17T23:17:47Z,9,89,
2023-03-17T23:22:46Z,9,89,
2023-03-17T23:27:46Z,9,89,
2023-03-17T23:32:45Z,9,89,
2023-03-17T23:37:45Z,9,89,
2023-03-17T23:42:44Z,9,89,
2023-03-17T23:47:43Z,9,89,
2023-03-17T23:52:43Z,9,89,
2023-03-17T23:57:42Z,9,89,
2023-03-18T00:02:42Z,9,89,
2023-03-18T00:07:41Z,9,89,
2023-03-18T00:12:41Z,9,89,
2023-03-18T00:17:40Z,9,89,
2023-03-18T00:22:39Z,9,89,
2023-03-18T00:27:39Z,9,89,
2023-03-18T00:32:38Z,9,89,
2023-03-18T00:37:38Z,9,89,
2023-03-18T00:42:37Z,9,89,
2023-03-18T00:47:36Z,9,89,
2023-03-18T00:52:36Z,9,89,
2023-03-18T00:57:35Z,9,89,
2023-03-18T01:02:35Z,9,89,
2023-03-18T01:07:34Z,9,89,
2023-03-18T01:12:34Z,9,89,
2023-03-18T01:17:33Z,9,89,
2023-03-18T01:22:32Z,9,89,
2023-03-18T01:27:32Z,9,89,
2023-03-18T01:32:31Z,9,89,
2023-03-18T01:37:31Z,9,89,
2023-03-18T01:42:30Z,9,89,
2023-03-18T01:47:30Z,9,89,
2023-03-18T01:52:29Z,9,89,
2023-03-18T01:57:28Z,9,89,
2023-03-18T02:02:28Z,9,89,
2023-03-18T02:07:27Z,9,89,
2023-03-18T02:12:27Z,9,89,
2023-03-18T02:17:26Z,9,89,
2023-03-18T02:22:25Z,9,89,
2023-03-18T02:27:25Z,9,89,
2023-03-18T02:32:24Z,9,89,
2023-03-18T02:37:24Z,9,89,
2023-03-18T02:42:23Z,9,89,
2023-03-18T02:47:23Z,9,89,
2023-03-18T02:52:22Z,9,89,
2023-03-18T02:57:21Z,9,89,
2023-03-18T03:02:21Z,9,89,
2023-03-18T03:07:20Z,9,89,
2023-03-18T03:12:20Z,9,89,
2023-03-18T03:17:19Z,9,89,
2023-03-18T03:22:19Z,9,89,
2023-03-18T03:27:18Z,9,89,
2023-03-18T03:32:17Z,9,89,
2023-03-18T03:37:17Z,9,89,
2023-03-18T03:42:16Z,9,89,
2023-03-18T03:47:16Z,9,89,
2023-03-18T03:52:15Z,9,89,
2023-03-18T03:57:14Z,9,89,
2023-03-18T04:02:14Z,9,89,
2023-03-18T04:07:13Z,9,89,
2023-03-18T04:12:13Z,9,89,
2023-03-18T04:17:12Z,9,89,
2023-03-18T04:22:12Z,9,89,
2023-03-18T04:27:11Z,9,89,
2023-03-18T04:32:10Z,9,89,
2023-03-18T04:37:10Z,9,89,
2023-03-18T04:42:09Z,9,89,
2023-03-18T04:47:09Z,9,89,
2023-03-18T04:52:08Z,9,89,
2023-03-18T04:57:08Z,9,89,
2023-03-18T05:02:07Z,9,89,
2023-03-18T05:07:06Z,9,89,
2023-03-18T05:12:06Z,9,89,
2023-03-18T05:17:05Z,9,89,
2023-03-18T05:22:05Z,9,89,
2023-03-18T05:27:04Z,9,89,
2023-03-18T05:32:03Z,9,89,
2023-03-18T05:37:03Z,9,89,
2023-03-18T05:42:02Z,9,89,
2023-03-18T05:47:02Z,9,89,
2023-03-18T05:52:01Z,9,89,
2023-03-18T05:57:01Z,9,89,
2023-03-18T06:02:00Z,9,89,
2023-03-18T06:06:59Z,9,89,
2023-03-18T06:11:59Z,9,89,
2023-03-18T06:16:58Z,9,89,
2023-03-18T06:21:58Z,9,89,
2023-03-18T06:26:57Z,9,89,
2023-03-18T06:31:57Z,9,89,
2023-03-18T06:36:56Z,9,89,
2023-03-18T06:41:55Z,9,89,
2023-03-18T06:46:55Z,9,89,
2023-03-18T06:51:54Z,9,89,
2023-03-18T06:56:54Z,9,89,
2023-03-18T07:01:53Z,9,89,
2023-03-18T07:06:52Z,9,89,
2023-03-18T07:11:52Z,9,89,
2023-03-18T07:16:51Z,9,89,
2023-03-18T07:21:51Z,9,89,
2023-03-18T07:26:50Z,9,89,
2023-03-18T07:31:50Z,9,89,
2023-03-18T07:36:49Z,9,89,
2023-03-18T07:41:48Z,9,89,
2023-03-18T07:46:48Z,9,89,
2023-03-18T07:51:47Z,9,89,
2023-03-18T07:56:47Z,9,89,
2023-03-18T08:01:46Z,9,89,
2023-03-18T08:06:46Z,9,89,
2023-03-18T08:11:45Z,9,89,
2023-03-18T08:16:44Z,9,89,
2023-03-18T08:21:44Z,9,89,
2023-03-18T08:26:43Z,9,89,
2023-03-18T08:31:43Z,9,89,
2023-03-18T08:36:42Z,9,89,
2023-03-18T08:41:41Z,9,89,
2023-03-18T08:46:41Z,9,89,
2023-03-18T08:51:40Z,9,89,
2023-03-18T08:56:40Z,9,89,
2023-03-18T09:01:39Z,9,89,
2023-03-18T09:06:39Z,9,89,
2023-03-18T09:11:38Z,9,89,
2023-03-18T09:16:37Z,9,89,
2023-03-18T09:21:37Z,9,89,
2023-03-18T09:26:36Z,9,89,
2023-03-18T09:31:36Z,9,89,
2023-03-18T09:36:35Z,9,89,
2023-03-18T09:41:35Z,9,89,
2023-03-18T09:46:34Z,9,89,
2023-03-18T09:51:33Z,9,89,
2023-03-18T09:56:33Z,9,89,
2023-03-18T10:01:32Z,9,89,
2023-03-18T10:06:32Z,9,89,
2023-03-18T10:11:31Z,9,89,
2023-03-18T10:16:30Z,9,89,
2023-03-18T10:21:30Z,9,89,
2023-03-18T10:26:29Z,9,89,
2023-03-18T10:31:29Z,9,89,
2023-03-18T10:36:28Z,10,89,
2023-03-18T10:41:28Z,10,89,
2023-03-18T10:46:27Z,10,89,
2023-03-18T10:51:26Z,10,89,
2023-03-18T10:56:26Z,10,88,
2023-03-18T11:01:25Z,10,89,
2023-03-18T11:06:25Z,10,89,
2023-03-18T11:11:24Z,10,89,
2023-03-18T11:16:24Z,10,89,
2023-03-18T11:21:23Z,10,89,
2023-03-18T11:26:22Z,10,89,
2023-03-18T11:31:22Z,10,89,
2023-03-18T11:36:21Z,10,89,
2023-03-18T11:41:21Z,10,89,
2023-03-18T11:46:20Z,10,89,
2023-03-18T11:51:20Z,10,89,
2023-03-18T11:56:19Z,10,89,
2023-03-18T12:01:18Z,10,89,
2023-03-18T12:06:18Z,10,89,
2023-03-18T12:11:17Z,10,89,
2023-03-18T12:16:17Z,10,88,
2023-03-18T12:21:16Z,10,89,
2023-03-18T12:26:15Z,10,89,
2023-03-18T12:31:15Z,10,89,
2023-03-18T12:36:14Z,10,89,
2023-03-18T12:41:14Z,10,89,
2023-03-18T12:46:13Z,10,89,
2023-03-18T12:51:13Z,10,89,
2023-03-18T12:56:12Z,10,88,
2023-03-18T13:01:11Z,10,88,
2023-03-18T13:06:11Z,10,88,
2023-03-18T13:11:10Z,10,88,
2023-03-18T13:16:10Z,10,88,
2023-03-18T13:21:09Z,10,88,
2023-03-18T13:26:09Z,10,88,
2023-03-18T13:31:08Z,10,89,
2023-03-18T13:36:07Z,10,88,
2023-03-18T13:41:07Z,10,88,
2023-03-18T13:46:06Z,10,88,
2023-03-18T13:51:06Z,10,89,
2023-03-18T13:56:05Z,10,88,
2023-03-18T14:01:04Z,10,88,
2023-03-18T14:06:04Z,10,88,
2023-03-18T14:11:03Z,10,88,
2023-03-18T14:16:03Z,10,88,
2023-03-18T14:21:02Z,10,88,
2023-03-18T14:26:02Z,11,88,
2023-03-18T14:31:01Z,10,88,
2023-03-18T14:36:00Z,10,88,
2023-03-18T14:41:00Z,10,88,
2023-03-18T14:45:59Z,10,88,
2023-03-18T14:50:59Z,11,88,
2023-03-18T14:55:58Z,11,88,
2023-03-18T15:00:58Z,11,88,
2023-03-18T15:05:57Z,11,88,
2023-03-18T15:10:56Z,11,88,
2023-03-18T15:15:56Z,11,88,
2023-03-18T15:20:55Z,11,88,
2023-03-18T15:25:55Z,11,88,
2023-03-18T15:30:54Z,11,88,
2023-03-18T15:35:53Z,11,88,
2023-03-18T15:40:53Z,11,88,
2023-03-18T15:45:52Z,11,88,
2023-03-18T15:50:52Z,11,88,
2023-03-18T15:55:51Z,11,89,
2023-03-18T16:00:51Z,10,88,
2023-03-18T16:05:50Z,10,88,
2023-03-18T16:10:49Z,10,88,
2023-03-18T16:15:49Z,10,88,
2023-03-18T16:20:48Z,10,88,
2023-03-18T16:25:48Z,10,88,
2023-03-18T16:30:47Z,10,89,
2023-03-18T16:35:47Z,10,88,
2023-03-18T16:40:46Z,10,89,
2023-03-18T16:45:45Z,10,89,
2023-03-18T16:50:45Z,10,89,
2023-03-18T16:55:44Z,10,89,
2023-03-18T17:00:44Z,11,88,
2023-03-18T17:05:43Z,10,89,
2023-03-18T17:10:42Z,10,89,
2023-03-18T17:15:42Z,10,89,
2023-03-18T17:20:41Z,10,89,
2023-03-18T17:25:41Z,10,89,
2023-03-18T17:30:40Z,10,89,
2023-03-18T17:35:40Z,10,89,
2023-03-18T17:40:39Z,10,88,
2023-03-18T17:45:38Z,10,88,
2023-03-18T17:50:38Z,10,89,
2023-03-18T17:55:37Z,10,89,
2023-03-18T18:00:37Z,10,89,
2023-03-18T18:05:36Z,10,89,
2023-03-18T18:10:36Z,10,89,
2023-03-18T18:15:35Z,10,89,
2023-03-18T18:20:34Z,10,89,
2023-03-18T18:25:34Z,10,89,
2023-03-18T18:30:33Z,10,89,
2023-03-18T18:35:33Z,10,89,
2023-03-18T18:40:32Z,10,89,
2023-03-18T18:45:31Z,10,89,
2023-03-18T18:50:31Z,10,89,
2023-03-18T18:55:30Z,10,89,
2023-03-18T19:00:30Z,10,89,
2023-03-18T19:05:29Z,10,89,
2023-03-18T19:10:29Z,10,89,
2023-03-18T19:15:28Z,10,89,
2023-03-18T19:20:27Z,10,89,
2023-03-18T19:25:27Z,10,89,
2023-03-18T19:30:26Z,10,89,
2023-03-18T19:35:26Z,10,89,
2023-03-18T19:40:25Z,10,89,
2023-03-18T19:45:25Z,10,89,
2023-03-18T19:50:24Z,10,89,
2023-03-18T19:55:23Z,10,89,
2023-03-18T20:00:23Z,10,89,
2023-03-18T20:05:22Z,10,89,
2023-03-18T20:10:22Z,10,89,
2023-03-18T20:15:21Z,10,89,
2023-03-18T20:20:20Z,10,89,
2023-03-18T20:25:20Z,10,89,
2023-03-18T20:30:19Z,10,89,
2023-03-18T20:35:19Z,10,89,
2023-03-18T20:40:18Z,10,89,
2023-03-18T20:45:18Z,10,89,
2023-03-18T20:50:17Z,10,89,
2023-03-18T20:55:16Z,10,89,
2023-03-18T21:00:16Z,10,89,
2023-03-18T21:05:15Z,10,89,
2023-03-18T21:10:15Z,10,89,
2023-03-18T21:15:14Z,10,89,
2023-03-18T21:20:14Z,10,89,
2023-03-18T21:25:13Z,10,89,
2023-03-18T21:30:12Z,10,89,
2023-03-18T21:35:12Z,10,89,
2023-03-18T21:40:11Z,10,89,
2023-03-18T21:45:11Z,10,89,
2023-03-18T21:50:10Z,10,89,
2023-03-18T21:55:09Z,10,89,
2023-03-18T22:00:09Z,10,89,
2023-03-18T22:05:08Z,10,89,
2023-03-18T22:10:08Z,9,89,
2023-03-18T22:15:07Z,10,89,
2023-03-18T22:20:07Z,9,89,
2023-03-18T22:25:06Z,9,89,
2023-03-18T22:30:05Z,9,89,
2023-03-18T22:35:05Z,9,89,
2023-03-18T22:40:04Z,9,89,
2023-03-18T22:45:04Z,9,89,
2023-03-18T22:50:03Z,9,89,
2023-03-18T22:55:03Z,9,89,
2023-03-18T23:00:02Z,9,89,
2023-03-18T23:05:01Z,9,89,
2023-03-18T23:10:01Z,9,89,
2023-03-18T23:15:00Z,9,89,
2023-03-18T23:20:00Z,9,89,
2023-03-18T23:24:59Z,9,89,
2023-03-18T23:29:58Z,9,89,
2023-03-18T23:34:58Z,9,89,
2023-03-18T23:39:57Z,9,89,
2023-03-18T23:44:57Z,9,89,
2023-03-18T23:49:56Z,9,89,
2023-03-18T23:54:56Z,9,89,
2023-03-18T23:59:55Z,9,89,
2023-03-19T00:04:54Z,9,89,
2023-03-19T00:09:54Z,9,89,
2023-03-19T00:14:53Z,9,89,
2023-03-19T00:19:53Z,9,89,
2023-03-19T00:24:52Z,9,89,
2023-03-19T00:29:52Z,9,89,
2023-03-19T00:34:51Z,9,89,
2023-03-19T00:39:50Z,9,89,
2023-03-19T00:44:50Z,9,89,
2023-03-19T00:49:49Z,9,89,
2023-03-19T00:54:49Z,9,89,
2023-03-19T00:59:48Z,9,89,
2023-03-19T01:04:47Z,9,89,
2023-03-19T01:09:47Z,9,88,
2023-03-19T01:14:46Z,9,89,
2023-03-19T01:19:46Z,9,89,
2023-03-19T01:24:45Z,9,89,
2023-03-19T01:29:45Z,9,89,
2023-03-19T01:34:44Z,9,89,
2023-03-19T01:39:43Z,9,89,
2023-03-19T01:44:43Z,9,89,
2023-03-19T01:49:42Z,9,89,
2023-03-19T01:54:42Z,9,89,
2023-03-19T01:59:41Z,9,89,
2023-03-19T02:04:41Z,9,89,
2023-03-19T02:09:40Z,9,89,
2023-03-19T02:14:39Z,9,89,
2023-03-19T02:19:39Z,9,89,
2023-03-19T02:24:38Z,9,89,
2023-03-19T02:29:38Z,9,89,
2023-03-19T02:34:37Z,9,89,
2023-03-19T02:39:36Z,9,89,
2023-03-19T02:44:36Z,9,89,
2023-03-19T02:49:35Z,9,88,
2023-03-19T02:54:35Z,9,89,
2023-03-19T02:59:34Z,9,89,
2023-03-19T03:04:34Z,9,89,
2023-03-19T03:09:33Z,9,88,
2023-03-19T03:14:32Z,9,88,
2023-03-19T03:19:32Z,9,89,
2023-03-19T03:24:31Z,9,88,
2023-03-19T03:29:31Z,9,89,
2023-03-19T03:34:30Z,9,88,
2023-03-19T03:39:30Z,9,89,
2023-03-19T03:44:29Z,9,89,
2023-03-19T03:49:28Z,9,88,
2023-03-19T03:54:28Z,9,89,
2023-03-19T03:59:27Z,9,88,
2023-03-19T04:04:27Z,9,89,
2023-03-19T04:09:26Z,9,89,
2023-03-19T04:14:25Z,9,88,
2023-03-19T04:19:25Z,9,88,
2023-03-19T04:24:24Z,9,88,
2023-03-19T04:29:24Z,9,88,
2023-03-19T04:34:23Z,9,89,
2023-03-19T04:39:23Z,9,89,
2023-03-19T04:44:22Z,9,88,
2023-03-19T04:49:21Z,9,89,
2023-03-19T04:54:21Z,9,88,
2023-03-19T04:59:20Z,9,88,
2023-03-19T05:04:20Z,9,89,
2023-03-19T05:09:19Z,9,88,
2023-03-19T05:14:19Z,9,88,
2023-03-19T05:19:18Z,9,88,
2023-03-19T05:24:17Z,9,88,
2023-03-19T05:29:17Z,9,88,
2023-03-19T05:34:16Z,9,88,
2023-03-19T05:39:16Z,9,88,
2023-03-19T05:44:15Z,9,88,
2023-03-19T05:49:15Z,9,88,
2023-03-19T05:54:14Z,9,88,
2023-03-19T05:59:13Z,9,88,
2023-03-19T06:04:13Z,9,88,
2023-03-19T06:09:12Z,9,88,
2023-03-19T06:14:12Z,9,88,
2023-03-19T06:19:11Z,9,88,
2023-03-19T06:24:10Z,9,88,
2023-03-19T06:29:10Z,9,88,
2023-03-19T06:34:09Z,9,88,
2023-03-19T06:39:09Z,9,88,
2023-03-19T06:44:08Z,9,88,
2023-03-19T06:49:08Z,9,88,
2023-03-19T06:54:07Z,9,88,
2023-03-19T06:59:06Z,9,88,
2023-03-19T07:04:06Z,9,88,
2023-03-19T07:09:05Z,9,88,
2023-03-19T07:14:05Z,9,88,
2023-03-19T07:19:04Z,9,88,
2023-03-19T07:24:04Z,9,88,
2023-03-19T07:29:03Z,9,88,
2023-03-19T07:34:02Z,9,88,
2023-03-19T07:39:02Z,9,88,
2023-03-19T07:44:01Z,9,88,
2023-03-19T07:49:01Z,9,88,
2023-03-19T07:54:00Z,9,88,
2023-03-19T07:58:59Z,9,88,
2023-03-19T08:03:59Z,9,88,
2023-03-19T08:08:58Z,9,88,
2023-03-19T08:13:58Z,9,88,
2023-03-19T08:18:57Z,9,88,
2023-03-19T08:23:57Z,9,88,
2023-03-19T08:28:56Z,9,88,
2023-03-19T08:33:55Z,9,88,
2023-03-19T08:38:55Z,9,88,
2023-03-19T08:43:54Z,9,88,
2023-03-19T08:48:54Z,9,88,
2023-03-19T08:53:53Z,9,88,
2023-03-19T08:58:53Z,9,88,
2023-03-19T09:03:52Z,9,88,
2023-03-19T09:08:51Z,9,88,
2023-03-19T09:13:51Z,9,88,
2023-03-19T09:18:50Z,9,88,
2023-03-19T09:23:50Z,9,88,
2023-03-19T09:28:49Z,10,87,
2023-03-19T09:33:48Z,11,85,
2023-03-19T09:38:48Z,12,84,
2023-03-19T09:43:47Z,13,83,
2023-03-19T09:48:47Z,13,81,
2023-03-19T09:53:46Z,14,80,
2023-03-19T09:58:46Z,14,80,
2023-03-19T10:03:45Z,14,79,
2023-03-19T10:08:44Z,15,79,
2023-03-19T10:13:44Z,15,78,
2023-03-19T10:18:43Z,16,76,
2023-03-19T10:23:43Z,16,76,
2023-03-19T10:28:42Z,16,76,
2023-03-19T10:33:42Z,16,75,
2023-03-19T10:38:41Z,17,75,
2023-03-19T10:43:40Z,17,75,
2023-03-19T10:48:40Z,17,74,
2023-03-19T10:53:39Z,17,74,
2023-03-19T10:58:39Z,18,74,
2023-03-19T11:03:38Z,18,74,
2023-03-19T11:08:37Z,18,72,
2023-03-19T11:13:37Z,19,72,
2023-03-19T11:18:36Z,19,72,
2023-03-19T11:23:36Z,19,72,
2023-03-19T11:28:35Z,19,71,
2023-03-19T11:33:35Z,20,71,
2023-03-19T11:38:34Z,20,71,
2023-03-19T11:43:33Z,20,71,
2023-03-19T11:48:33Z,20,71,
2023-03-19T11:53:32Z,20,71,
2023-03-19T11:58:32Z,20,70,
2023-03-19T12:03:31Z,21,70,
2023-03-19T12:08:31Z,21,70,
2023-03-19T12:13:30Z,21,70,
2023-03-19T12:18:29Z,21,70,
2023-03-19T12:23:29Z,21,68,
2023-03-19T12:28:28Z,21,67,
2023-03-19T12:33:28Z,21,68,
2023-03-19T12:38:27Z,21,65,
2023-03-19T12:43:26Z,21,65,
2023-03-19T12:48:26Z,21,65,
2023-03-19T12:53:25Z,22,65,
2023-03-19T12:58:25Z,22,65,
2023-03-19T13:03:24Z,21,66,
2023-03-19T13:08:24Z,21,66,
2023-03-19T13:13:23Z,21,68,
2023-03-19T13:18:22Z,20,69,
2023-03-19T13:23:22Z,20,69,
2023-03-19T13:28:21Z,20,70,
2023-03-19T13:33:21Z,19,71,
2023-03-19T13:38:20Z,19,71,
2023-03-19T13:43:20Z,19,72,
2023-03-19T13:48:19Z,19,72,
2023-03-19T13:53:18Z,19,73,
2023-03-19T13:58:18Z,18,73,
2023-03-19T14:03:17Z,18,73,
2023-03-19T14:08:17Z,18,75,
2023-03-19T14:13:16Z,18,75,
2023-03-19T14:18:15Z,18,75,
2023-03-19T14:23:15Z,17,75,
2023-03-19T14:28:14Z,17,76,
2023-03-19T14:33:14Z,17,76,
2023-03-19T14:38:13Z,17,76,
2023-03-19T14:43:13Z,17,76,
2023-03-19T14:48:12Z,17,76,
2023-03-19T14:53:11Z,17,76,
2023-03-19T14:58:11Z,17,77,
2023-03-19T15:03:10Z,17,77,
2023-03-19T15:08:10Z,16,77,
2023-03-19T15:13:09Z,16,77,
2023-03-19T15:18:09Z,16,77,
2023-03-19T15:23:08Z,16,77,
2023-03-19T15:28:07Z,16,77,
2023-03-19T15:33:07Z,16,77,
2023-03-19T15:38:06Z,16,78,
2023-03-19T15:43:06Z,16,78,
2023-03-19T15:48:05Z,16,78,
2023-03-19T15:53:04Z,16,78,
2023-03-19T15:58:04Z,16,78,
2023-03-19T16:03:03Z,16,78,
2023-03-19T16:08:03Z,16,78,
2023-03-19T16:13:02Z,16,78,
2023-03-19T16:18:02Z,16,78,
2023-03-19T16:23:01Z,16,78,
2023-03-19T16:28:00Z,15,80,
2023-03-19T16:33:00Z,15,80,
2023-03-19T16:37:59Z,15,80,
2023-03-19T16:42:59Z,15,80,
2023-03-19T16:47:58Z,15,80,
2023-03-19T16:52:58Z,15,80,
2023-03-19T16:57:57Z,15,80,
2023-03-19T17:02:56Z,15,80,
2023-03-19T17:07:56Z,15,80,
2023-03-19T17:12:55Z,15,80,
2023-03-19T17:17:55Z,15,80,
2023-03-19T17:22:54Z,15,80,
2023-03-19T17:27:53Z,15,81,
2023-03-19T17:32:53Z,15,81,
2023-03-19T17:37:52Z,15,81,
2023-03-19T17:42:52Z,15,81,
2023-03-19T17:47:51Z,15,81,
2023-03-19T17:52:51Z,15,81,
2023-03-19T17:57:50Z,15,81,
2023-03-19T18:02:49Z,14,81,
2023-03-19T18:07:49Z,14,81,
2023-03-19T18:12:48Z,14,81,
2023-03-19T18:17:48Z,14,81,
2023-03-19T18:22:47Z,14,81,
2023-03-19T18:27:47Z,14,81,
2023-03-19T18:32:46Z,14,82,
2023-03-19T18:37:45Z,14,81,
2023-03-19T18:42:45Z,14,82,
2023-03-19T18:47:44Z,14,82,
2023-03-19T18:52:44Z,14,82,
2023-03-19T18:57:43Z,14,82,
2023-03-19T19:02:42Z,14,82,
2023-03-19T19:07:42Z,14,82,
2023-03-19T19:12:41Z,14,82,
2023-03-19T19:17:41Z,14,82,
2023-03-19T19:22:40Z,14,82,
2023-03-19T19:27:40Z,14,82,
2023-03-19T19:32:39Z,14,82,
2023-03-19T19:37:38Z,14,82,
2023-03-19T19:42:38Z,14,82,
2023-03-19T19:47:37Z,14,82,
2023-03-19T19:52:37Z,14,82,
2023-03-19T19:57:36Z,14,82,
2023-03-19T20:02:36Z,14,82,
2023-03-19T20:07:35Z,14,82,
2023-03-19T20:12:34Z,14,82,
2023-03-19T20:17:34Z,14,82,
2023-03-19T20:22:33Z,13,82,
2023-03-19T20:27:33Z,13,83,
2023-03-19T20:32:32Z,13,83,
2023-03-19T20:37:31Z,13,82,
2023-03-19T20:42:31Z,13,83,
2023-03-19T20:47:30Z,13,82,
2023-03-19T20:52:30Z,13,83,
2023-03-19T20:57:29Z,13,83,
2023-03-19T21:02:29Z,13,83,
2023-03-19T21:07:28Z,13,83,
2023-03-19T21:12:27Z,13,83,
2023-03-19T21:17:27Z,13,83,
2023-03-19T21:22:26Z,13,83,
2023-03-19T21:27:26Z,13,83,
2023-03-19T21:32:25Z,13,83,
2023-03-19T21:37:25Z,13,83,
2023-03-19T21:42:24Z,13,83,
2023-03-19T21:47:23Z,13,83,
2023-03-19T21:52:23Z,13,83,
2023-03-19T21:57:22Z,13,83,
2023-03-19T22:02:22Z,13,83,
2023-03-19T22:07:21Z,13,83,
2023-03-19T22:12:20Z,13,83,
2023-03-19T22:17:20Z,13,84,
2023-03-19T22:22:19Z,13,83,
2023-03-19T22:27:19Z,13,84,
2023-03-19T22:32:18Z,13,83,
2023-03-19T22:37:18Z,13,84,
2023-03-19T22:42:17Z,13,84,
2023-03-19T22:47:16Z,13,84,
2023-03-19T22:52:16Z,13,84,
2023-03-19T22:57:15Z,13,84,
2023-03-19T23:02:15Z,13,84,
2023-03-19T23:07:14Z,12,84,
2023-03-19T23:12:14Z,12,85,
2023-03-19T23:17:13Z,13,85,
2023-03-19T23:22:12Z,12,85,
2023-03-19T23:27:12Z,12,84,
2023-03-19T23:32:11Z,12,85,
2023-03-19T23:37:11Z,12,85,
2023-03-19T23:42:10Z,12,84,
2023-03-19T23:47:10Z,12,85,
2023-03-19T23:52:09Z,12,85,
2023-03-19T23:57:08Z,12,85,
2023-03-20T00:02:08Z,12,85,
2023-03-20T00:07:07Z,12,85,
2023-03-20T00:12:07Z,12,85,
2023-03-20T00:17:06Z,12,85,
2023-03-20T00:22:05Z,12,85,
2023-03-20T00:27:05Z,12,85,
2023-03-20T00:32:04Z,12,85,
2023-03-20T00:37:04Z,12,85,
2023-03-20T00:42:03Z,12,85,
2023-03-20T00:47:03Z,12,85,
2023-03-20T00:52:02Z,12,85,
2023-03-20T00:57:01Z,12,85,
2023-03-20T01:02:01Z,12,85,
2023-03-20T01:07:00Z,12,85,
2023-03-20T01:12:00Z,12,85,
2023-03-20T01:16:59Z,12,85,
2023-03-20T01:21:59Z,12,85,
2023-03-20T01:26:58Z,12,85,
2023-03-20T01:31:57Z,12,85,
2023-03-20T01:36:57Z,12,85,
2023-03-20T01:41:56Z,12,85,
2023-03-20T01:46:56Z,12,85,
2023-03-20T01:51:55Z,12,85,
2023-03-20T01:56:54Z,12,85,
2023-03-20T02:01:54Z,12,85,
2023-03-20T02:06:53Z,12,85,
2023-03-20T02:11:53Z,12,85,
2023-03-20T02:16:52Z,12,85,
2023-03-20T02:21:52Z,12,85,
2023-03-20T02:26:51Z,11,85,
2023-03-20T02:31:50Z,11,85,
2023-03-20T02:36:50Z,11,85,
2023-03-20T02:41:49Z,11,85,
2023-03-20T02:46:49Z,11,85,
2023-03-20T02:51:48Z,11,85,
2023-03-20T02:56:48Z,11,85,
2023-03-20T03:01:47Z,11,85,
2023-03-20T03:06:46Z,11,85,
2023-03-20T03:11:46Z,11,85,
2023-03-20T03:16:45Z,11,85,
2023-03-20T03:21:45Z,11,85,
2023-03-20T03:26:44Z,11,85,
2023-03-20T03:31:43Z,11,85,
2023-03-20T03:36:43Z,11,85,
2023-03-20T03:41:42Z,11,85,
2023-03-20T03:46:42Z,11,85,
2023-03-20T03:51:41Z,11,85,
2023-03-20T03:56:41Z,11,85,
2023-03-20T04:01:40Z,11,85,
2023-03-20T04:06:39Z,11,85,
2023-03-20T04:11:39Z,11,85,
2023-03-20T04:16:38Z,11,85,
2023-03-20T04:21:38Z,11,85,
2023-03-20T04:26:37Z,11,85,
2023-03-20T04:31:37Z,11,85,
2023-03-20T04:36:36Z,11,85,
2023-03-20T04:41:35Z,11,85,
2023-03-20T04:46:35Z,11,85,
2023-03-20T04:51:34Z,11,85,
2023-03-20T04:56:34Z,11,85,
2023-03-20T05:01:33Z,11,85,
2023-03-20T05:06:32Z,11,85,
2023-03-20T05:11:32Z,11,85,
2023-03-20T05:16:31Z,11,85,
2023-03-20T05:21:31Z,11,85,
2023-03-20T05:26:30Z,11,85,
2023-03-20T05:31:30Z,11,85,
2023-03-20T05:36:29Z,11,85,
2023-03-20T05:41:28Z,11,85,
2023-03-20T05:46:28Z,11,85,
2023-03-20T05:51:27Z,11,85,
2023-03-20T05:56:27Z,11,85,
2023-03-20T06:01:26Z,11,85,
2023-03-20T06:06:26Z,11,85,
2023-03-20T06:11:25Z,11,85,
2023-03-20T06:16:24Z,11,85,
2023-03-20T06:21:24Z,11,85,
2023-03-20T06:26:23Z,11,86,
2023-03-20T06:31:23Z,11,85,
2023-03-20T06:36:22Z,11,85,
2023-03-20T06:41:21Z,11,85,
2023-03-20T06:46:21Z,11,86,
2023-03-20T06:51:20Z,11,86,
2023-03-20T06:56:20Z,11,86,
2023-03-20T07:01:19Z,11,86,
2023-03-20T07:06:19Z,11,85,
2023-03-20T07:11:18Z,11,85,
2023-03-20T07:16:17Z,11,86,
2023-03-20T07:21:17Z,11,85,
2023-03-20T07:26:16Z,11,86,
2023-03-20T07:31:16Z,11,86,
2023-03-20T07:36:15Z,11,86,
2023-03-20T07:41:15Z,11,86,
2023-03-20T07:46:14Z,11,86,
2023-03-20T07:51:13Z,11,86,
2023-03-20T07:56:13Z,11,86,
2023-03-20T08:01:12Z,11,86,
2023-03-20T08:06:12Z,11,86,
2023-03-20T08:11:11Z,11,86,
2023-03-20T08:16:10Z,11,85,
2023-03-20T08:21:10Z,11,85,
2023-03-20T08:26:09Z,11,86,
2023-03-20T08:31:09Z,11,86,
2023-03-20T08:36:08Z,11,86,
2023-03-20T08:41:08Z,11,86,
2023-03-20T08:46:07Z,11,86,
2023-03-20T08:51:06Z,11,86,
2023-03-20T08:56:06Z,11,85,
2023-03-20T09:01:05Z,11,86,
2023-03-20T09:06:05Z,11,86,
2023-03-20T09:11:04Z,11,86,
2023-03-20T09:16:04Z,11,86,
2023-03-20T09:21:03Z,11,86,
2023-03-20T09:26:02Z,11,86,
2023-03-20T09:31:02Z,11,85,
2023-03-20T09:36:01Z,11,85,
2023-03-20T09:41:01Z,11,85,
2023-03-20T09:46:00Z,11,85,
2023-03-20T09:50:59Z,11,85,
2023-03-20T09:55:59Z,11,85,
2023-03-20T10:00:58Z,11,85,
2023-03-20T10:05:58Z,11,85,
2023-03-20T10:10:57Z,11,85,
2023-03-20T10:15:57Z,11,85,
2023-03-20T10:20:56Z,11,86,
2023-03-20T10:25:55Z,11,85,
2023-03-20T10:30:55Z,11,85,
2023-03-20T10:35:54Z,11,86,
2023-03-20T10:40:54Z,11,86,
2023-03-20T10:45:53Z,11,86,
2023-03-20T10:50:53Z,11,85,
2023-03-20T10:55:52Z,11,85,
2023-03-20T11:00:51Z,11,85,
2023-03-20T11:05:51Z,11,85,
2023-03-20T11:10:50Z,11,85,
2023-03-20T11:15:50Z,11,85,
2023-03-20T11:20:49Z,11,85,
2023-03-20T11:25:48Z,11,86,
2023-03-20T11:30:48Z,11,85,
2023-03-20T11:35:47Z,11,85,
2023-03-20T11:40:47Z,11,85,
2023-03-20T11:45:46Z,11,85,
2023-03-20T11:50:46Z,11,85,
2023-03-20T11:55:45Z,11,85,
2023-03-20T12:00:44Z,11,85,
2023-03-20T12:05:44Z,11,85,
2023-03-20T12:10:43Z,11,85,
2023-03-20T12:15:43Z,11,85,
2023-03-20T12:20:42Z,11,85,
2023-03-20T12:25:42Z,11,85,
2023-03-20T12:30:41Z,11,85,
2023-03-20T12:35:40Z,11,85,
2023-03-20T12:40:40Z,11,85,
2023-03-20T12:45:39Z,11,85,
2023-03-20T12:50:39Z,11,85,
2023-03-20T12:55:38Z,11,85,
2023-03-20T13:00:37Z,11,85,
2023-03-20T13:05:37Z,11,85,
2023-03-20T13:10:36Z,11,85,
2023-03-20T13:15:36Z,11,85,
2023-03-20T13:20:35Z,11,85,
2023-03-20T13:25:35Z,11,85,
2023-03-20T13:30:34Z,11,85,
2023-03-20T13:35:33Z,11,85,
2023-03-20T13:40:33Z,11,85,
2023-03-20T13:45:32Z,11,85,
2023-03-20T13:50:32Z,11,85,
2023-03-20T13:55:31Z,11,85,
2023-03-20T14:00:31Z,11,85,
2023-03-20T14:05:30Z,11,85,
2023-03-20T14:10:29Z,11,85,
2023-03-20T14:15:29Z,11,85,
2023-03-20T14:20:28Z,11,85,
2023-03-20T14:25:28Z,11,85,
2023-03-20T14:30:27Z,11,85,
2023-03-20T14:35:26Z,11,85,
2023-03-20T14:40:26Z,11,85,
2023-03-20T14:45:25Z,11,85,
2023-03-20T14:50:25Z,11,85,
2023-03-20T14:55:24Z,11,85,
2023-03-20T15:00:24Z,11,85,
2023-03-20T15:05:23Z,11,85,
2023-03-20T15:10:22Z,11,85,
2023-03-20T15:15:22Z,11,85,
2023-03-20T15:20:21Z,11,85,
2023-03-20T15:25:21Z,11,85,
2023-03-20T15:30:20Z,11,85,
2023-03-20T15:35:20Z,11,85,
2023-03-20T15:40:19Z,11,85,
2023-03-20T15:45:18Z,11,85,
2023-03-20T15:50:18Z,11,85,
2023-03-20T15:55:17Z,11,85,
2023-03-20T16:00:17Z,11,85,
2023-03-20T16:05:16Z,11,85,
2023-03-20T16:10:15Z,11,85,
2023-03-20T16:15:15Z,11,85,
2023-03-20T16:20:14Z,11,85,
2023-03-20T16:25:14Z,11,85,
2023-03-20T16:30:13Z,11,85,
2023-03-20T16:35:13Z,11,85,
2023-03-20T16:40:12Z,11,85,
2023-03-20T16:45:11Z,11,85,
2023-03-20T16:50:11Z,11,85,
2023-03-20T16:55:10Z,11,85,
2023-03-20T17:00:10Z,11,85,
2023-03-20T17:05:09Z,11,85,
2023-03-20T17:10:09Z,11,85,
2023-03-20T17:15:08Z,11,85,
2023-03-20T17:20:07Z,11,85,
2023-03-20T17:25:07Z,11,86,
2023-03-20T17:30:06Z,11,86,
2023-03-20T17:35:06Z,11,86,
2023-03-20T17:40:05Z,11,85,
2023-03-20T17:45:05Z,11,85,
2023-03-20T17:50:04Z,11,85,
2023-03-20T17:55:03Z,11,85,
2023-03-20T18:00:03Z,11,85,
2023-03-20T18:05:02Z,11,86,
2023-03-20T18:10:02Z,11,85,
2023-03-20T18:15:01Z,11,86,
2023-03-20T18:20:00Z,11,86,
2023-03-20T18:25:00Z,11,86,
2023-03-20T18:29:59Z,11,86,
2023-03-20T18:34:59Z,11,86,
2023-03-20T18:39:58Z,11,85,
2023-03-20T18:44:58Z,11,86,
2023-03-20T18:49:57Z,11,86,
2023-03-20T18:54:56Z,11,86,
2023-03-20T18:59:56Z,11,86,
2023-03-20T19:04:55Z,11,86,
2023-03-20T19:09:55Z,11,86,
2023-03-20T19:14:54Z,11,86,
2023-03-20T19:19:54Z,11,86,
2023-03-20T19:24:53Z,11,86,
2023-03-20T19:29:52Z,11,86,
2023-03-20T19:34:52Z,11,86,
2023-03-20T19:39:51Z,11,86,
2023-03-20T19:44:51Z,11,86,
2023-03-20T19:49:50Z,11,86,
2023-03-20T19:54:49Z,11,86,
2023-03-20T19:59:49Z,11,86,
2023-03-20T20:04:48Z,10,86,
2023-03-20T20:09:48Z,11,86,
2023-03-20T20:14:47Z,11,86,
2023-03-20T20:19:47Z,10,86,
2023-03-20T20:24:46Z,11,86,
2023-03-20T20:29:45Z,10,86,
2023-03-20T20:34:45Z,11,86,
2023-03-20T20:39:44Z,11,86,
2023-03-20T20:44:44Z,10,86,
2023-03-20T20:49:43Z,10,86,
2023-03-20T20:54:43Z,10,86,
2023-03-20T20:59:42Z,10,86,
2023-03-20T21:04:41Z,10,86,
2023-03-20T21:09:41Z,10,86,
2023-03-20T21:14:40Z,10,86,
2023-03-20T21:19:40Z,10,86,
2023-03-20T21:24:39Z,10,86,
2023-03-20T21:29:38Z,10,86,
2023-03-20T21:34:38Z,10,86,
2023-03-20T21:39:37Z,10,86,
2023-03-20T21:44:37Z,10,86,
2023-03-20T21:49:36Z,10,86,
2023-03-20T21:54:36Z,10,86,
2023-03-20T21:59:35Z,10,86,
2023-03-20T22:04:34Z,10,86,
2023-03-20T22:09:34Z,10,86,
2023-03-20T22:14:33Z,10,86,
2023-03-20T22:19:33Z,10,86,
2023-03-20T22:24:32Z,10,86,
2023-03-20T22:29:32Z,10,86,
2023-03-20T22:34:31Z,10,86,
2023-03-20T22:39:30Z,10,86,
2023-03-20T22:44:30Z,10,86,
2023-03-20T22:49:29Z,10,86,
2023-03-20T22:54:29Z,10,86,
2023-03-20T22:59:28Z,10,86,
2023-03-20T23:04:27Z,10,86,
2023-03-20T23:09:27Z,10,86,
2023-03-20T23:14:26Z,10,86,
2023-03-20T23:19:26Z,10,86,
2023-03-20T23:24:25Z,10,86,
2023-03-20T23:29:25Z,10,86,
2023-03-20T23:34:24Z,10,86,
2023-03-20T23:39:23Z,10,86,
2023-03-20T23:44:23Z,10,86,
2023-03-20T23:49:22Z,10,86,
2023-03-20T23:54:22Z,10,86,
2023-03-20T23:59:21Z,10,86,
2023-03-21T00:04:21Z,10,86,
2023-03-21T00:09:20Z,10,86,
2023-03-21T00:14:19Z,10,86,
2023-03-21T00:19:19Z,10,86,
2023-03-21T00:24:18Z,10,86,
2023-03-21T00:29:18Z,10,86,
2023-03-21T00:34:17Z,10,86,
2023-03-21T00:39:16Z,10,86,
2023-03-21T00:44:16Z,10,86,
2023-03-21T00:49:15Z,10,86,
2023-03-21T00:54:15Z,10,86,
2023-03-21T00:59:14Z,10,86,
2023-03-21T01:04:14Z,10,86,
2023-03-21T01:09:13Z,10,86,
2023-03-21T01:14:12Z,10,86,
2023-03-21T01:19:12Z,10,86,
2023-03-21T01:24:11Z,10,86,
2023-03-21T01:29:11Z,10,87,
2023-03-21T01:34:10Z,10,86,
2023-03-21T01:39:10Z,10,86,
2023-03-21T01:44:09Z,10,86,
2023-03-21T01:49:08Z,10,86,
2023-03-21T01:54:08Z,10,86,
2023-03-21T01:59:07Z,10,87,
2023-03-21T02:04:07Z,10,86,
2023-03-21T02:09:06Z,10,86,
2023-03-21T02:14:05Z,10,86,
2023-03-21T02:19:05Z,10,86,
2023-03-21T02:24:04Z,10,86,
2023-03-21T02:29:04Z,10,86,
2023-03-21T02:34:03Z,10,87,
2023-03-21T02:39:03Z,10,87,
2023-03-21T02:44:02Z,10,87,
2023-03-21T02:49:01Z,10,87,
2023-03-21T02:54:01Z,10,87,
2023-03-21T02:59:00Z,10,87,
2023-03-21T03:04:00Z,10,87,
2023-03-21T03:08:59Z,10,87,
2023-03-21T03:13:59Z,10,87,
2023-03-21T03:18:58Z,10,87,
2023-03-21T03:23:57Z,10,87,
2023-03-21T03:28:57Z,10,87,
2023-03-21T03:33:56Z,10,87,
2023-03-21T03:38:56Z,10,87,
2023-03-21T03:43:55Z,10,87,
2023-03-21T03:48:54Z,10,87,
2023-03-21T03:53:54Z,10,87,
2023-03-21T03:58:53Z,10,87,
2023-03-21T04:03:53Z,10,87,
2023-03-21T04:08:52Z,10,87,
2023-03-21T04:13:52Z,10,87,
2023-03-21T04:18:51Z,10,87,
2023-03-21T04:23:50Z,10,87,
2023-03-21T04:28:50Z,10,87,
2023-03-21T04:33:49Z,10,87,
2023-03-21T04:38:49Z,10,87,
2023-03-21T04:43:48Z,10,87,
2023-03-21T04:48:48Z,10,87,
2023-03-21T04:53:47Z,10,87,
2023-03-21T04:58:46Z,10,87,
2023-03-21T05:03:46Z,10,87,
2023-03-21T05:08:45Z,10,87,
2023-03-21T05:13:45Z,10,87,
2023-03-21T05:18:44Z,10,87,
2023-03-21T05:23:43Z,10,87,
2023-03-21T05:28:43Z,10,87,
2023-03-21T05:33:42Z,10,87,
2023-03-21T05:38:42Z,10,87,
2023-03-21T05:43:41Z,10,87,
2023-03-21T05:48:41Z,10,87,
2023-03-21T05:53:40Z,10,87,
2023-03-21T05:58:39Z,10,87,
2023-03-21T06:03:39Z,10,87,
2023-03-21T06:08:38Z,10,87,
2023-03-21T06:13:38Z,10,87,
2023-03-21T06:18:37Z,10,87,
2023-03-21T06:23:37Z,10,87,
2023-03-21T06:28:36Z,10,87,
2023-03-21T06:33:35Z,10,87,
2023-03-21T06:38:35Z,10,87,
2023-03-21T06:43:34Z,10,87,
2023-03-21T06:48:34Z,10,87,
2023-03-21T06:53:33Z,10,87,
2023-03-21T06:58:32Z,10,87,
2023-03-21T07:03:32Z,10,87,
2023-03-21T07:08:31Z,10,87,
2023-03-21T07:13:31Z,10,87,
2023-03-21T07:18:30Z,10,87,
2023-03-21T07:23:30Z,10,87,
2023-03-21T07:28:29Z,10,87,
2023-03-21T07:33:28Z,10,87,
2023-03-21T07:38:28Z,10,87,
2023-03-21T07:43:27Z,10,87,
2023-03-21T07:48:27Z,10,87,
2023-03-21T07:53:26Z,10,87,
2023-03-21T07:58:26Z,10,87,
2023-03-21T08:03:25Z,10,87,
2023-03-21T08:08:24Z,10,87,
2023-03-21T08:13:24Z,10,87,
2023-03-21T08:18:23Z,10,87,
2023-03-21T08:23:23Z,10,87,
2023-03-21T08:28:22Z,10,87,
2023-03-21T08:33:21Z,10,87,
2023-03-21T08:38:21Z,10,87,
2023-03-21T08:43:20Z,10,87,
2023-03-21T08:48:20Z,10,87,
2023-03-21T08:53:19Z,10,87,
2023-03-21T08:58:19Z,10,87,
2023-03-21T09:03:18Z,10,87,
2023-03-21T09:08:17Z,10,87,
2023-03-21T09:13:17Z,10,87,
2023-03-21T09:18:16Z,10,87,
2023-03-21T09:23:16Z,10,87,
2023-03-21T09:28:15Z,10,87,
2023-03-21T09:33:15Z,10,87,
2023-03-21T09:38:14Z,10,87,
2023-03-21T09:43:13Z,10,87,
2023-03-21T09:48:13Z,10,87,
2023-03-21T09:53:12Z,10,87,
2023-03-21T09:58:12Z,10,87,
2023-03-21T10:03:11Z,10,87,
2023-03-21T10:08:10Z,10,87,
2023-03-21T10:13:10Z,10,87,
2023-03-21T10:18:09Z,10,87,
2023-03-21T10:23:09Z,10,87,
2023-03-21T10:28:08Z,10,87,
2023-03-21T10:33:08Z,10,87,
2023-03-21T10:38:07Z,11,87,
2023-03-21T10:43:06Z,11,87,
2023-03-21T10:48:06Z,11,87,
2023-03-21T10:53:05Z,11,87,
2023-03-21T10:58:05Z,11,87,
2023-03-21T11:03:04Z,11,87,
2023-03-21T11:08:04Z,11,87,
2023-03-21T11:13:03Z,11,87,
2023-03-21T11:18:02Z,11,87,
2023-03-21T11:23:02Z,11,87,
2023-03-21T11:28:01Z,11,87,
2023-03-21T11:33:01Z,11,87,
2023-03-21T11:38:00Z,11,87,
2023-03-21T11:43:00Z,11,87,
