balcony_middle,Time,Celsius(�C),Humidity(%rh),Dew Point(�C),Serial Number
1,2024-11-20 13:24:31,18.0,55.0,8.8,010150827
2,2024-11-20 13:34:31,17.5,44.5,5.3
3,2024-11-20 13:44:31,18.5,43.5,5.9
4,2024-11-20 13:54:31,18.0,43.0,5.2
5,2024-11-20 14:04:31,18.0,42.5,5.1
6,2024-11-20 14:14:31,17.5,40.5,3.9
7,2024-11-20 14:24:31,17.5,43.0,4.8
8,2024-11-20 14:34:31,17.5,42.0,4.5
9,2024-11-20 14:44:31,17.5,42.0,4.5
10,2024-11-20 14:54:31,17.5,42.0,4.5
11,2024-11-20 15:04:31,17.5,42.0,4.5
12,2024-11-20 15:14:31,17.5,42.0,4.5
13,2024-11-20 15:24:31,17.5,40.5,3.9
14,2024-11-20 15:34:31,17.5,40.5,3.9
15,2024-11-20 15:44:31,17.0,39.5,3.1
16,2024-11-20 15:54:31,17.0,40.0,3.3
17,2024-11-20 16:04:31,17.0,41.0,3.7
18,2024-11-20 16:14:31,17.0,40.0,3.3
19,2024-11-20 16:24:31,17.0,41.0,3.7
20,2024-11-20 16:34:31,17.0,41.0,3.7
21,2024-11-20 16:44:31,17.0,41.0,3.7
22,2024-11-20 16:54:31,17.0,40.5,3.5
23,2024-11-20 17:04:31,16.5,39.0,2.5
24,2024-11-20 17:14:31,16.0,39.0,2.1
25,2024-11-20 17:24:31,15.5,39.5,1.8
26,2024-11-20 17:34:31,15.0,40.0,1.5
27,2024-11-20 17:44:31,14.5,40.5,1.3
28,2024-11-20 17:54:31,14.5,41.0,1.4
29,2024-11-20 18:04:31,14.0,41.0,1.0
30,2024-11-20 18:14:31,13.5,41.5,0.7
31,2024-11-20 18:24:31,13.5,42.0,0.9
32,2024-11-20 18:34:31,13.5,42.0,0.9
33,2024-11-20 18:44:31,13.0,42.5,0.6
34,2024-11-20 18:54:31,13.0,43.0,0.7
35,2024-11-20 19:04:31,13.0,43.0,0.7
36,2024-11-20 19:14:31,13.0,43.5,0.9
37,2024-11-20 19:24:31,12.5,43.5,0.4
38,2024-11-20 19:34:31,12.5,43.5,0.4
39,2024-11-20 19:44:31,12.5,44.0,0.6
40,2024-11-20 19:54:31,12.5,44.0,0.6
41,2024-11-20 20:04:31,12.5,44.0,0.6
42,2024-11-20 20:14:31,12.5,44.5,0.8
43,2024-11-20 20:24:31,12.5,44.5,0.8
44,2024-11-20 20:34:31,12.5,44.5,0.8
45,2024-11-20 20:44:31,12.0,44.5,0.3
46,2024-11-20 20:54:31,12.0,44.5,0.3
47,2024-11-20 21:04:31,12.0,45.0,0.5
48,2024-11-20 21:14:31,12.0,45.0,0.5
49,2024-11-20 21:24:31,12.0,45.0,0.5
50,2024-11-20 21:34:31,12.0,45.0,0.5
51,2024-11-20 21:44:31,12.0,45.0,0.5
52,2024-11-20 21:54:31,12.0,45.5,0.6
53,2024-11-20 22:04:31,12.0,45.5,0.6
54,2024-11-20 22:14:31,12.0,45.5,0.6
55,2024-11-20 22:24:31,12.0,45.5,0.6
56,2024-11-20 22:34:31,12.0,45.5,0.6
57,2024-11-20 22:44:31,12.0,45.5,0.6
58,2024-11-20 22:54:31,12.0,45.5,0.6
59,2024-11-20 23:04:31,12.0,45.5,0.6
60,2024-11-20 23:14:31,12.0,45.5,0.6
61,2024-11-20 23:24:31,12.0,46.0,0.8
62,2024-11-20 23:34:31,12.0,46.0,0.8
63,2024-11-20 23:44:31,12.0,46.0,0.8
64,2024-11-20 23:54:31,12.0,46.0,0.8
65,2024-11-21 00:04:31,12.0,46.0,0.8
66,2024-11-21 00:14:31,12.0,46.0,0.8
67,2024-11-21 00:24:31,12.0,46.0,0.8
68,2024-11-21 00:34:31,12.0,46.0,0.8
69,2024-11-21 00:44:31,12.0,46.0,0.8
70,2024-11-21 00:54:31,12.0,46.0,0.8
71,2024-11-21 01:04:31,12.0,46.0,0.8
72,2024-11-21 01:14:31,12.0,46.0,0.8
73,2024-11-21 01:24:31,12.0,46.0,0.8
74,2024-11-21 01:34:31,11.5,46.0,0.3
75,2024-11-21 01:44:31,11.5,46.0,0.3
76,2024-11-21 01:54:31,11.5,46.0,0.3
77,2024-11-21 02:04:31,11.5,46.0,0.3
78,2024-11-21 02:14:31,11.5,46.0,0.3
79,2024-11-21 02:24:31,11.5,46.5,0.4
80,2024-11-21 02:34:31,11.5,46.5,0.4
81,2024-11-21 02:44:31,11.5,46.5,0.4
82,2024-11-21 02:54:31,11.5,46.5,0.4
83,2024-11-21 03:04:31,11.5,46.5,0.4
84,2024-11-21 03:14:31,11.5,46.5,0.4
85,2024-11-21 03:24:31,11.5,46.5,0.4
86,2024-11-21 03:34:31,11.5,46.5,0.4
87,2024-11-21 03:44:31,11.5,46.5,0.4
88,2024-11-21 03:54:31,11.5,46.5,0.4
89,2024-11-21 04:04:31,11.5,46.5,0.4
90,2024-11-21 04:14:31,11.5,46.5,0.4
91,2024-11-21 04:24:31,11.5,46.5,0.4
92,2024-11-21 04:34:31,11.5,46.5,0.4
93,2024-11-21 04:44:31,11.5,46.5,0.4
94,2024-11-21 04:54:31,11.5,46.5,0.4
95,2024-11-21 05:04:31,11.5,46.5,0.4
96,2024-11-21 05:14:31,11.5,46.5,0.4
97,2024-11-21 05:24:31,11.5,46.5,0.4
98,2024-11-21 05:34:31,11.5,46.5,0.4
99,2024-11-21 05:44:31,11.5,46.5,0.4
100,2024-11-21 05:54:31,11.5,46.5,0.4
101,2024-11-21 06:04:31,11.5,46.5,0.4
102,2024-11-21 06:14:31,11.5,46.5,0.4
103,2024-11-21 06:24:31,11.5,46.5,0.4
104,2024-11-21 06:34:31,11.5,46.0,0.3
105,2024-11-21 06:44:31,11.5,46.0,0.3
106,2024-11-21 06:54:31,11.5,46.0,0.3
107,2024-11-21 07:04:31,11.5,46.0,0.3
108,2024-11-21 07:14:31,11.5,46.0,0.3
109,2024-11-21 07:24:31,11.5,46.0,0.3
110,2024-11-21 07:34:31,11.5,46.0,0.3
111,2024-11-21 07:44:31,11.5,46.0,0.3
112,2024-11-21 07:54:31,11.5,46.0,0.3
113,2024-11-21 08:04:31,11.5,46.0,0.3
114,2024-11-21 08:14:31,11.5,46.0,0.3
115,2024-11-21 08:24:31,11.5,46.0,0.3
116,2024-11-21 08:34:31,11.5,46.0,0.3
117,2024-11-21 08:44:31,11.5,46.5,0.4
118,2024-11-21 08:54:31,11.5,46.5,0.4
119,2024-11-21 09:04:31,11.5,46.5,0.4
120,2024-11-21 09:14:31,11.5,46.5,0.4
121,2024-11-21 09:24:31,11.5,46.5,0.4
122,2024-11-21 09:34:31,11.5,46.5,0.4
123,2024-11-21 09:44:31,11.5,46.5,0.4
124,2024-11-21 09:54:31,11.5,46.5,0.4
125,2024-11-21 10:04:31,11.5,46.5,0.4
126,2024-11-21 10:14:31,11.5,47.0,0.6
127,2024-11-21 10:24:31,11.5,47.0,0.6
128,2024-11-21 10:34:31,11.5,47.0,0.6
129,2024-11-21 10:44:31,11.5,47.0,0.6
130,2024-11-21 10:54:31,11.5,47.0,0.6
131,2024-11-21 11:04:31,11.5,47.0,0.6
132,2024-11-21 11:14:31,11.5,47.0,0.6
133,2024-11-21 11:24:31,11.5,47.5,0.7
134,2024-11-21 11:34:31,11.5,47.5,0.7
135,2024-11-21 11:44:31,11.5,47.5,0.7
136,2024-11-21 11:54:31,12.5,49.5,2.2
137,2024-11-21 12:04:31,15.5,49.5,5.0
138,2024-11-21 12:14:31,14.5,45.5,2.9
139,2024-11-21 12:24:31,14.0,47.0,2.9
140,2024-11-21 12:34:31,14.0,47.5,3.0
141,2024-11-21 12:44:31,14.0,47.5,3.0
142,2024-11-21 12:54:31,14.0,48.0,3.2
143,2024-11-21 13:04:31,14.0,48.0,3.2
144,2024-11-21 13:14:31,14.0,48.0,3.2
145,2024-11-21 13:24:31,14.0,48.0,3.2
146,2024-11-21 13:34:31,14.0,48.0,3.2
147,2024-11-21 13:44:31,14.0,48.0,3.2
148,2024-11-21 13:54:31,14.0,48.0,3.2
149,2024-11-21 14:04:31,14.5,48.0,3.6
150,2024-11-21 14:14:31,14.5,48.0,3.6
151,2024-11-21 14:24:31,14.5,48.0,3.6
152,2024-11-21 14:34:31,14.5,47.5,3.5
153,2024-11-21 14:44:31,14.5,47.5,3.5
154,2024-11-21 14:54:31,14.5,47.5,3.5
155,2024-11-21 15:04:31,14.5,47.5,3.5
156,2024-11-21 15:14:31,14.5,47.0,3.3
157,2024-11-21 15:24:31,14.5,47.0,3.3
158,2024-11-21 15:34:31,14.5,47.0,3.3
159,2024-11-21 15:44:31,14.5,47.0,3.3
160,2024-11-21 15:54:31,14.5,47.0,3.3
161,2024-11-21 16:04:31,14.5,47.0,3.3
162,2024-11-21 16:14:31,14.0,47.0,2.9
163,2024-11-21 16:24:31,14.0,47.5,3.0
164,2024-11-21 16:34:31,14.0,47.5,3.0
165,2024-11-21 16:44:31,14.0,47.5,3.0
166,2024-11-21 16:54:31,14.0,47.5,3.0
167,2024-11-21 17:04:31,14.0,47.5,3.0
168,2024-11-21 17:14:31,14.0,47.5,3.0
169,2024-11-21 17:24:31,14.0,47.5,3.0
170,2024-11-21 17:34:31,14.0,47.5,3.0
171,2024-11-21 17:44:31,14.0,47.5,3.0
172,2024-11-21 17:54:31,14.0,47.5,3.0
173,2024-11-21 18:04:31,14.0,47.5,3.0
174,2024-11-21 18:14:31,14.0,47.5,3.0
175,2024-11-21 18:24:31,14.0,47.5,3.0
176,2024-11-21 18:34:31,14.0,47.5,3.0
177,2024-11-21 18:44:31,14.0,47.5,3.0
178,2024-11-21 18:54:31,14.0,47.5,3.0
179,2024-11-21 19:04:31,14.0,47.0,2.9
180,2024-11-21 19:14:31,14.0,47.0,2.9
181,2024-11-21 19:24:31,14.0,47.0,2.9
182,2024-11-21 19:34:31,14.0,47.0,2.9
183,2024-11-21 19:44:31,14.0,47.0,2.9
184,2024-11-21 19:54:31,14.0,47.0,2.9
185,2024-11-21 20:04:31,14.0,47.0,2.9
186,2024-11-21 20:14:31,14.0,47.0,2.9
187,2024-11-21 20:24:31,14.0,47.5,3.0
188,2024-11-21 20:34:31,14.0,47.5,3.0
189,2024-11-21 20:44:31,14.0,47.0,2.9
190,2024-11-21 20:54:31,14.0,47.5,3.0
191,2024-11-21 21:04:31,14.0,47.5,3.0
192,2024-11-21 21:14:31,13.5,47.5,2.6
193,2024-11-21 21:24:31,13.5,47.5,2.6
194,2024-11-21 21:34:31,13.5,47.5,2.6
195,2024-11-21 21:44:31,13.5,47.5,2.6
196,2024-11-21 21:54:31,13.5,47.5,2.6
197,2024-11-21 22:04:31,13.5,47.5,2.6
198,2024-11-21 22:14:31,13.5,47.5,2.6
199,2024-11-21 22:24:31,13.5,47.5,2.6
200,2024-11-21 22:34:31,13.5,47.5,2.6
201,2024-11-21 22:44:31,13.5,47.5,2.6
202,2024-11-21 22:54:31,13.5,47.5,2.6
203,2024-11-21 23:04:31,13.5,47.5,2.6
204,2024-11-21 23:14:31,13.5,47.5,2.6
205,2024-11-21 23:24:31,13.5,47.5,2.6
206,2024-11-21 23:34:31,13.5,47.5,2.6
207,2024-11-21 23:44:31,13.5,47.5,2.6
208,2024-11-21 23:54:31,13.5,47.5,2.6
209,2024-11-22 00:04:31,13.5,47.5,2.6
210,2024-11-22 00:14:31,13.5,47.5,2.6
211,2024-11-22 00:24:31,13.5,47.5,2.6
212,2024-11-22 00:34:31,13.5,47.5,2.6
213,2024-11-22 00:44:31,13.5,47.5,2.6
214,2024-11-22 00:54:31,13.0,47.5,2.1
215,2024-11-22 01:04:31,13.0,47.5,2.1
216,2024-11-22 01:14:31,13.0,47.5,2.1
217,2024-11-22 01:24:31,13.0,47.5,2.1
218,2024-11-22 01:34:31,13.0,47.5,2.1
219,2024-11-22 01:44:31,13.0,47.5,2.1
220,2024-11-22 01:54:31,13.0,47.5,2.1
221,2024-11-22 02:04:31,13.0,47.5,2.1
222,2024-11-22 02:14:31,13.0,47.0,2.0
223,2024-11-22 02:24:31,13.0,47.0,2.0
224,2024-11-22 02:34:31,13.0,47.0,2.0
225,2024-11-22 02:44:31,13.0,47.0,2.0
226,2024-11-22 02:54:31,13.0,47.0,2.0
227,2024-11-22 03:04:31,13.0,47.0,2.0
228,2024-11-22 03:14:31,13.0,47.0,2.0
229,2024-11-22 03:24:31,13.0,47.0,2.0
230,2024-11-22 03:34:31,13.0,47.0,2.0
231,2024-11-22 03:44:31,13.0,47.0,2.0
232,2024-11-22 03:54:31,13.0,47.0,2.0
233,2024-11-22 04:04:31,13.0,47.0,2.0
234,2024-11-22 04:14:31,13.0,47.0,2.0
235,2024-11-22 04:24:31,13.0,47.0,2.0
236,2024-11-22 04:34:31,13.0,47.0,2.0
237,2024-11-22 04:44:31,13.0,47.0,2.0
238,2024-11-22 04:54:31,13.0,46.5,1.8
239,2024-11-22 05:04:31,13.0,46.5,1.8
240,2024-11-22 05:14:31,13.0,46.5,1.8
241,2024-11-22 05:24:31,13.0,46.5,1.8
242,2024-11-22 05:34:31,12.5,46.5,1.4
243,2024-11-22 05:44:31,12.5,46.5,1.4
244,2024-11-22 05:54:31,13.0,46.5,1.8
245,2024-11-22 06:04:31,13.0,46.5,1.8
246,2024-11-22 06:14:31,13.0,46.5,1.8
247,2024-11-22 06:24:31,13.0,46.5,1.8
248,2024-11-22 06:34:31,13.0,46.5,1.8
249,2024-11-22 06:44:31,13.0,47.0,2.0
250,2024-11-22 06:54:31,13.0,47.5,2.1
251,2024-11-22 07:04:31,13.0,47.5,2.1
252,2024-11-22 07:14:31,13.0,47.5,2.1
253,2024-11-22 07:24:31,13.0,47.5,2.1
254,2024-11-22 07:34:31,13.0,47.0,2.0
255,2024-11-22 07:44:31,13.0,47.0,2.0
256,2024-11-22 07:54:31,13.0,47.0,2.0
257,2024-11-22 08:04:31,12.5,47.0,1.5
258,2024-11-22 08:14:31,12.5,47.0,1.5
259,2024-11-22 08:24:31,12.5,47.0,1.5
260,2024-11-22 08:34:31,13.0,47.0,2.0
261,2024-11-22 08:44:31,12.5,47.0,1.5
262,2024-11-22 08:54:31,12.5,47.0,1.5
263,2024-11-22 09:04:31,12.5,47.0,1.5
264,2024-11-22 09:14:31,12.5,47.5,1.7
265,2024-11-22 09:24:31,12.5,47.5,1.7
266,2024-11-22 09:34:31,12.5,47.5,1.7
267,2024-11-22 09:44:31,13.0,47.5,2.1
268,2024-11-22 09:54:31,13.0,47.5,2.1
269,2024-11-22 10:04:31,13.0,47.5,2.1
270,2024-11-22 10:14:31,13.0,47.5,2.1
271,2024-11-22 10:24:31,13.5,47.5,2.6
272,2024-11-22 10:34:31,13.5,47.5,2.6
273,2024-11-22 10:44:31,13.5,47.5,2.6
274,2024-11-22 10:54:31,13.5,47.5,2.6
275,2024-11-22 11:04:31,13.5,48.0,2.7
276,2024-11-22 11:14:31,13.5,48.5,2.9
277,2024-11-22 11:24:31,13.5,48.5,2.9
278,2024-11-22 11:34:31,14.0,48.5,3.3
279,2024-11-22 11:44:31,14.0,48.5,3.3
280,2024-11-22 11:54:31,14.0,49.0,3.5
281,2024-11-22 12:04:31,14.0,49.0,3.5
282,2024-11-22 12:14:31,14.0,49.0,3.5
283,2024-11-22 12:24:31,14.0,49.5,3.6
284,2024-11-22 12:34:31,14.5,49.5,4.1
285,2024-11-22 12:44:31,14.5,50.0,4.2
286,2024-11-22 12:54:31,14.5,50.0,4.2
287,2024-11-22 13:04:31,14.5,50.0,4.2
288,2024-11-22 13:14:31,14.5,50.0,4.2
289,2024-11-22 13:24:31,14.5,50.0,4.2
290,2024-11-22 13:34:31,15.0,50.5,4.8
291,2024-11-22 13:44:31,15.0,50.5,4.8
292,2024-11-22 13:54:31,15.0,50.0,4.7
293,2024-11-22 14:04:31,15.0,50.0,4.7
294,2024-11-22 14:14:31,15.0,50.0,4.7
295,2024-11-22 14:24:31,15.0,50.0,4.7
296,2024-11-22 14:34:31,15.0,50.0,4.7
297,2024-11-22 14:44:31,15.0,49.5,4.5
298,2024-11-22 14:54:31,15.0,49.5,4.5
299,2024-11-22 15:04:31,15.0,49.5,4.5
300,2024-11-22 15:14:31,15.0,49.5,4.5
301,2024-11-22 15:24:31,15.0,49.5,4.5
302,2024-11-22 15:34:31,15.0,49.5,4.5
303,2024-11-22 15:44:31,15.0,49.5,4.5
304,2024-11-22 15:54:31,15.0,49.5,4.5
305,2024-11-22 16:04:31,15.0,49.5,4.5
306,2024-11-22 16:14:31,15.0,49.5,4.5
307,2024-11-22 16:24:31,15.0,49.0,4.4
308,2024-11-22 16:34:31,15.0,49.0,4.4
309,2024-11-22 16:44:31,15.0,49.0,4.4
310,2024-11-22 16:54:31,15.0,49.0,4.4
311,2024-11-22 17:04:31,14.5,49.0,3.9
312,2024-11-22 17:14:31,14.5,49.0,3.9
313,2024-11-22 17:24:31,14.5,49.5,4.1
314,2024-11-22 17:34:31,14.5,49.0,3.9
315,2024-11-22 17:44:31,14.5,49.0,3.9
316,2024-11-22 17:54:31,14.5,49.0,3.9
317,2024-11-22 18:04:31,14.5,49.0,3.9
318,2024-11-22 18:14:31,14.5,49.0,3.9
319,2024-11-22 18:24:31,14.5,49.0,3.9
320,2024-11-22 18:34:31,14.5,49.0,3.9
321,2024-11-22 18:44:31,14.5,49.0,3.9
322,2024-11-22 18:54:31,14.5,48.5,3.8
323,2024-11-22 19:04:31,14.5,48.5,3.8
324,2024-11-22 19:14:31,14.5,48.5,3.8
325,2024-11-22 19:24:31,14.5,49.0,3.9
326,2024-11-22 19:34:31,14.5,48.5,3.8
327,2024-11-22 19:44:31,14.5,48.5,3.8
328,2024-11-22 19:54:31,14.5,48.5,3.8
329,2024-11-22 20:04:31,14.5,48.5,3.8
330,2024-11-22 20:14:31,14.5,48.5,3.8
331,2024-11-22 20:24:31,14.5,48.5,3.8
332,2024-11-22 20:34:31,14.5,48.5,3.8
333,2024-11-22 20:44:31,14.5,48.5,3.8
334,2024-11-22 20:54:31,14.5,48.0,3.6
335,2024-11-22 21:04:31,14.5,48.0,3.6
336,2024-11-22 21:14:31,14.0,48.0,3.2
337,2024-11-22 21:24:31,14.0,48.0,3.2
338,2024-11-22 21:34:31,14.0,48.0,3.2
339,2024-11-22 21:44:31,14.0,48.0,3.2
340,2024-11-22 21:54:31,14.0,47.5,3.0
341,2024-11-22 22:04:31,14.0,47.5,3.0
342,2024-11-22 22:14:31,14.0,47.5,3.0
343,2024-11-22 22:24:31,14.0,47.5,3.0
344,2024-11-22 22:34:31,14.0,47.5,3.0
345,2024-11-22 22:44:31,14.0,47.5,3.0
346,2024-11-22 22:54:31,14.0,47.5,3.0
347,2024-11-22 23:04:31,14.0,47.5,3.0
348,2024-11-22 23:14:31,14.0,47.5,3.0
349,2024-11-22 23:24:31,14.0,47.5,3.0
350,2024-11-22 23:34:31,14.0,47.5,3.0
351,2024-11-22 23:44:31,14.0,47.5,3.0
352,2024-11-22 23:54:31,14.0,47.5,3.0
353,2024-11-23 00:04:31,14.0,47.5,3.0
354,2024-11-23 00:14:31,14.0,47.5,3.0
355,2024-11-23 00:24:31,14.0,47.5,3.0
356,2024-11-23 00:34:31,14.0,47.5,3.0
357,2024-11-23 00:44:31,14.0,47.5,3.0
358,2024-11-23 00:54:31,14.0,47.5,3.0
359,2024-11-23 01:04:31,14.0,47.5,3.0
360,2024-11-23 01:14:31,14.0,47.5,3.0
361,2024-11-23 01:24:31,14.0,47.5,3.0
362,2024-11-23 01:34:31,13.5,47.5,2.6
363,2024-11-23 01:44:31,13.5,47.5,2.6
364,2024-11-23 01:54:31,13.5,47.5,2.6
365,2024-11-23 02:04:31,13.5,47.5,2.6
366,2024-11-23 02:14:31,13.5,47.5,2.6
367,2024-11-23 02:24:31,13.5,47.5,2.6
368,2024-11-23 02:34:31,13.5,47.5,2.6
369,2024-11-23 02:44:31,13.5,47.5,2.6
370,2024-11-23 02:54:31,13.5,47.5,2.6
371,2024-11-23 03:04:31,13.5,47.5,2.6
372,2024-11-23 03:14:31,13.5,47.5,2.6
373,2024-11-23 03:24:31,13.5,47.5,2.6
374,2024-11-23 03:34:31,13.5,47.5,2.6
375,2024-11-23 03:44:31,13.5,47.5,2.6
376,2024-11-23 03:54:31,13.5,47.5,2.6
377,2024-11-23 04:04:31,13.5,47.5,2.6
378,2024-11-23 04:14:31,13.5,47.5,2.6
379,2024-11-23 04:24:31,13.5,47.5,2.6
380,2024-11-23 04:34:31,13.5,47.5,2.6
381,2024-11-23 04:44:31,13.5,47.5,2.6
382,2024-11-23 04:54:31,13.5,47.5,2.6
383,2024-11-23 05:04:31,13.5,47.5,2.6
384,2024-11-23 05:14:31,13.5,48.0,2.7
385,2024-11-23 05:24:31,13.5,48.0,2.7
386,2024-11-23 05:34:31,13.5,48.0,2.7
387,2024-11-23 05:44:31,13.5,48.0,2.7
388,2024-11-23 05:54:31,13.5,48.0,2.7
389,2024-11-23 06:04:31,13.5,48.0,2.7
390,2024-11-23 06:14:31,13.5,48.5,2.9
391,2024-11-23 06:24:31,13.5,49.0,3.0
392,2024-11-23 06:34:31,13.5,49.5,3.2
393,2024-11-23 06:44:31,13.5,50.0,3.3
394,2024-11-23 06:54:31,13.5,50.0,3.3
395,2024-11-23 07:04:31,13.5,49.5,3.2
396,2024-11-23 07:14:31,13.5,49.5,3.2
397,2024-11-23 07:24:31,13.5,49.5,3.2
398,2024-11-23 07:34:31,13.5,49.5,3.2
399,2024-11-23 07:44:31,13.5,49.5,3.2
400,2024-11-23 07:54:31,13.0,49.5,2.7
401,2024-11-23 08:04:31,13.0,49.5,2.7
402,2024-11-23 08:14:31,13.0,49.5,2.7
403,2024-11-23 08:24:31,13.0,49.5,2.7
404,2024-11-23 08:34:31,13.0,49.5,2.7
405,2024-11-23 08:44:31,13.0,49.5,2.7
406,2024-11-23 08:54:31,13.0,49.5,2.7
407,2024-11-23 09:04:31,13.0,49.5,2.7
408,2024-11-23 09:14:31,13.0,50.0,2.8
409,2024-11-23 09:24:31,13.0,50.0,2.8
410,2024-11-23 09:34:31,13.0,50.0,2.8
411,2024-11-23 09:44:31,13.0,50.0,2.8
412,2024-11-23 09:54:31,13.0,50.0,2.8
413,2024-11-23 10:04:31,13.0,50.0,2.8
414,2024-11-23 10:14:31,13.0,50.0,2.8
415,2024-11-23 10:24:31,13.0,50.0,2.8
416,2024-11-23 10:34:31,13.5,49.5,3.2
417,2024-11-23 10:44:31,13.5,50.0,3.3
418,2024-11-23 10:54:31,13.5,50.0,3.3
419,2024-11-23 11:04:31,13.5,50.0,3.3
420,2024-11-23 11:14:31,13.5,50.0,3.3
421,2024-11-23 11:24:31,13.5,50.0,3.3
422,2024-11-23 11:34:31,13.5,50.0,3.3
423,2024-11-23 11:44:31,13.5,50.0,3.3
424,2024-11-23 11:54:31,13.5,50.0,3.3
425,2024-11-23 12:04:31,13.5,50.0,3.3
426,2024-11-23 12:14:31,13.5,50.5,3.4
427,2024-11-23 12:24:31,13.5,50.5,3.4
428,2024-11-23 12:34:31,13.5,50.5,3.4
429,2024-11-23 12:44:31,14.0,51.0,4.0
430,2024-11-23 12:54:31,14.0,51.5,4.2
431,2024-11-23 13:04:31,14.0,51.0,4.0
432,2024-11-23 13:14:31,14.0,51.5,4.2
433,2024-11-23 13:24:31,14.0,51.5,4.2
434,2024-11-23 13:34:31,14.0,51.5,4.2
435,2024-11-23 13:44:31,14.0,51.5,4.2
436,2024-11-23 13:54:31,14.0,51.0,4.0
437,2024-11-23 14:04:31,14.0,51.0,4.0
438,2024-11-23 14:14:31,14.0,51.0,4.0
439,2024-11-23 14:24:31,14.0,51.0,4.0
440,2024-11-23 14:34:31,14.0,50.5,3.9
441,2024-11-23 14:44:31,14.0,51.0,4.0
442,2024-11-23 14:54:31,14.0,51.0,4.0
443,2024-11-23 15:04:31,14.0,51.0,4.0
444,2024-11-23 15:14:31,13.5,51.0,3.6
445,2024-11-23 15:24:31,13.5,51.0,3.6
446,2024-11-23 15:34:31,13.5,51.0,3.6
447,2024-11-23 15:44:31,13.5,51.0,3.6
448,2024-11-23 15:54:31,13.5,50.5,3.4
449,2024-11-23 16:04:31,13.5,51.0,3.6
450,2024-11-23 16:14:31,13.5,51.0,3.6
451,2024-11-23 16:24:31,13.5,51.0,3.6
452,2024-11-23 16:34:31,13.5,51.0,3.6
453,2024-11-23 16:44:31,13.5,51.0,3.6
454,2024-11-23 16:54:31,13.5,51.0,3.6
455,2024-11-23 17:04:31,13.5,51.0,3.6
456,2024-11-23 17:14:31,13.5,51.0,3.6
457,2024-11-23 17:24:31,13.5,51.0,3.6
458,2024-11-23 17:34:31,13.5,51.0,3.6
459,2024-11-23 17:44:31,13.5,51.0,3.6
460,2024-11-23 17:54:31,13.5,51.0,3.6
461,2024-11-23 18:04:31,13.5,51.0,3.6
462,2024-11-23 18:14:31,13.5,51.0,3.6
463,2024-11-23 18:24:31,13.5,51.0,3.6
464,2024-11-23 18:34:31,13.5,51.0,3.6
465,2024-11-23 18:44:31,13.5,51.0,3.6
466,2024-11-23 18:54:31,13.5,51.0,3.6
467,2024-11-23 19:04:31,13.5,51.5,3.7
468,2024-11-23 19:14:31,13.5,51.5,3.7
469,2024-11-23 19:24:31,13.5,51.5,3.7
470,2024-11-23 19:34:31,13.5,51.5,3.7
471,2024-11-23 19:44:31,13.5,51.5,3.7
472,2024-11-23 19:54:31,13.5,51.5,3.7
473,2024-11-23 20:04:31,13.5,51.5,3.7
474,2024-11-23 20:14:31,13.5,51.5,3.7
475,2024-11-23 20:24:31,13.5,51.5,3.7
476,2024-11-23 20:34:31,13.5,52.0,3.8
477,2024-11-23 20:44:31,13.5,52.0,3.8
478,2024-11-23 20:54:31,13.5,52.0,3.8
479,2024-11-23 21:04:31,13.5,52.0,3.8
480,2024-11-23 21:14:31,13.5,52.0,3.8
481,2024-11-23 21:24:31,13.5,52.0,3.8
482,2024-11-23 21:34:31,13.5,52.0,3.8
483,2024-11-23 21:44:31,13.5,52.5,4.0
484,2024-11-23 21:54:31,13.5,52.5,4.0
485,2024-11-23 22:04:31,13.5,52.5,4.0
486,2024-11-23 22:14:31,13.5,52.5,4.0
487,2024-11-23 22:24:31,13.5,53.0,4.1
488,2024-11-23 22:34:31,13.5,53.0,4.1
489,2024-11-23 22:44:31,13.5,53.5,4.3
490,2024-11-23 22:54:31,13.5,53.5,4.3
491,2024-11-23 23:04:31,13.5,54.0,4.4
492,2024-11-23 23:14:31,13.5,54.5,4.5
493,2024-11-23 23:24:31,13.5,54.5,4.5
494,2024-11-23 23:34:31,14.0,55.0,5.1
495,2024-11-23 23:44:31,14.0,55.5,5.2
496,2024-11-23 23:54:31,14.0,56.0,5.4
497,2024-11-24 00:04:31,14.0,56.5,5.5
498,2024-11-24 00:14:31,14.0,56.5,5.5
499,2024-11-24 00:24:31,14.0,57.0,5.6
500,2024-11-24 00:34:31,14.0,57.5,5.8
501,2024-11-24 00:44:31,14.0,58.0,5.9
502,2024-11-24 00:54:31,14.0,58.5,6.0
503,2024-11-24 01:04:31,14.0,59.0,6.1
504,2024-11-24 01:14:31,14.5,59.5,6.7
505,2024-11-24 01:24:31,14.5,60.0,6.8
506,2024-11-24 01:34:31,14.5,60.0,6.8
507,2024-11-24 01:44:31,14.5,60.5,7.0
508,2024-11-24 01:54:31,14.5,60.5,7.0
509,2024-11-24 02:04:31,14.5,61.0,7.1
510,2024-11-24 02:14:31,14.5,61.0,7.1
511,2024-11-24 02:24:31,14.5,61.0,7.1
512,2024-11-24 02:34:31,14.5,61.0,7.1
513,2024-11-24 02:44:31,14.5,61.5,7.2
514,2024-11-24 02:54:31,15.0,61.5,7.7
515,2024-11-24 03:04:31,15.0,61.5,7.7
516,2024-11-24 03:14:31,15.0,61.5,7.7
517,2024-11-24 03:24:31,15.0,62.0,7.8
518,2024-11-24 03:34:31,15.0,62.0,7.8
519,2024-11-24 03:44:31,15.0,62.0,7.8
520,2024-11-24 03:54:31,15.0,62.0,7.8
521,2024-11-24 04:04:31,15.0,62.0,7.8
522,2024-11-24 04:14:31,15.0,62.0,7.8
523,2024-11-24 04:24:31,15.0,62.0,7.8
524,2024-11-24 04:34:31,15.0,62.0,7.8
525,2024-11-24 04:44:31,15.0,62.0,7.8
526,2024-11-24 04:54:31,15.0,62.0,7.8
527,2024-11-24 05:04:31,15.0,62.0,7.8
528,2024-11-24 05:14:31,15.0,61.5,7.7
529,2024-11-24 05:24:31,15.0,61.5,7.7
530,2024-11-24 05:34:31,15.0,61.0,7.5
531,2024-11-24 05:44:31,15.0,61.0,7.5
532,2024-11-24 05:54:31,15.0,61.0,7.5
533,2024-11-24 06:04:31,15.0,60.5,7.4
534,2024-11-24 06:14:31,15.0,60.5,7.4
535,2024-11-24 06:24:31,15.0,60.0,7.3
536,2024-11-24 06:34:31,15.0,60.0,7.3
537,2024-11-24 06:44:31,15.0,60.0,7.3
538,2024-11-24 06:54:31,15.0,60.0,7.3
539,2024-11-24 07:04:31,15.0,59.5,7.2
540,2024-11-24 07:14:31,15.0,59.5,7.2
541,2024-11-24 07:24:31,15.0,59.5,7.2
542,2024-11-24 07:34:31,15.0,59.5,7.2
543,2024-11-24 07:44:31,15.0,59.0,7.1
544,2024-11-24 07:54:31,15.0,59.0,7.1
545,2024-11-24 08:04:31,15.0,59.0,7.1
546,2024-11-24 08:14:31,15.0,59.0,7.1
547,2024-11-24 08:24:31,15.0,59.0,7.1
548,2024-11-24 08:34:31,15.0,59.0,7.1
549,2024-11-24 08:44:31,15.0,58.5,6.9
550,2024-11-24 08:54:31,15.0,58.5,6.9
551,2024-11-24 09:04:31,15.0,58.5,6.9
552,2024-11-24 09:14:31,15.0,58.5,6.9
553,2024-11-24 09:24:31,15.0,58.5,6.9
554,2024-11-24 09:34:31,15.0,58.5,6.9
555,2024-11-24 09:44:31,15.0,58.0,6.8
556,2024-11-24 09:54:31,15.0,58.0,6.8
557,2024-11-24 10:04:31,15.0,58.0,6.8
558,2024-11-24 10:14:31,15.0,58.0,6.8
559,2024-11-24 10:24:31,15.0,57.5,6.7
560,2024-11-24 10:34:31,15.0,57.5,6.7
561,2024-11-24 10:44:31,15.5,57.0,7.0
562,2024-11-24 10:54:31,16.5,54.0,7.2
563,2024-11-24 11:04:31,15.5,56.0,6.8
564,2024-11-24 11:14:31,15.5,56.5,6.9
565,2024-11-24 11:24:31,15.0,57.0,6.6
566,2024-11-24 11:34:31,15.0,57.5,6.7
567,2024-11-24 11:44:31,15.0,57.5,6.7
568,2024-11-24 11:54:31,15.0,57.5,6.7
569,2024-11-24 12:04:31,15.5,57.5,7.2
570,2024-11-24 12:14:31,15.5,57.5,7.2
571,2024-11-24 12:24:31,15.5,57.5,7.2
572,2024-11-24 12:34:31,15.5,57.5,7.2
573,2024-11-24 12:44:31,16.0,57.5,7.6
574,2024-11-24 12:54:31,16.0,57.5,7.6
575,2024-11-24 13:04:31,16.0,57.5,7.6
576,2024-11-24 13:14:31,16.0,57.0,7.5
577,2024-11-24 13:24:31,16.0,57.0,7.5
578,2024-11-24 13:34:31,16.0,57.0,7.5
579,2024-11-24 13:44:31,16.5,56.5,7.8
580,2024-11-24 13:54:31,16.5,56.5,7.8
581,2024-11-24 14:04:31,16.5,56.5,7.8
582,2024-11-24 14:14:31,16.5,56.5,7.8
583,2024-11-24 14:24:31,16.5,56.5,7.8
584,2024-11-24 14:34:31,16.5,56.0,7.7
585,2024-11-24 14:44:31,16.5,56.0,7.7
586,2024-11-24 14:54:31,16.5,56.0,7.7
587,2024-11-24 15:04:31,16.0,56.0,7.2
588,2024-11-24 15:14:31,16.0,56.0,7.2
589,2024-11-24 15:24:31,16.0,56.0,7.2
590,2024-11-24 15:34:31,16.0,56.0,7.2
591,2024-11-24 15:44:31,16.0,56.0,7.2
592,2024-11-24 15:54:31,16.0,56.0,7.2
593,2024-11-24 16:04:31,16.0,56.0,7.2
594,2024-11-24 16:14:31,16.0,56.0,7.2
595,2024-11-24 16:24:31,16.0,56.0,7.2
596,2024-11-24 16:34:31,16.0,56.0,7.2
597,2024-11-24 16:44:31,16.0,56.0,7.2
598,2024-11-24 16:54:31,16.0,56.0,7.2
599,2024-11-24 17:04:31,15.5,56.0,6.8
600,2024-11-24 17:14:31,15.5,55.5,6.6
601,2024-11-24 17:24:31,15.5,55.5,6.6
602,2024-11-24 17:34:31,15.5,55.5,6.6
603,2024-11-24 17:44:31,15.5,55.5,6.6
604,2024-11-24 17:54:31,15.5,55.5,6.6
605,2024-11-24 18:04:31,15.5,55.5,6.6
606,2024-11-24 18:14:31,16.0,55.0,7.0
607,2024-11-24 18:24:31,16.0,54.5,6.8
608,2024-11-24 18:34:31,16.0,53.5,6.6
609,2024-11-24 18:44:31,15.5,54.0,6.2
610,2024-11-24 18:54:31,16.0,54.5,6.8
611,2024-11-24 19:04:31,16.0,54.5,6.8
612,2024-11-24 19:14:31,16.0,55.0,7.0
613,2024-11-24 19:24:31,16.0,54.5,6.8
614,2024-11-24 19:34:31,16.0,54.0,6.7
615,2024-11-24 19:44:31,16.0,54.5,6.8
616,2024-11-24 19:54:31,16.0,54.5,6.8
617,2024-11-24 20:04:31,16.0,54.5,6.8
618,2024-11-24 20:14:31,16.0,54.5,6.8
619,2024-11-24 20:24:31,16.0,54.5,6.8
620,2024-11-24 20:34:31,15.5,55.0,6.5
621,2024-11-24 20:44:31,15.5,55.0,6.5
622,2024-11-24 20:54:31,15.5,55.5,6.6
623,2024-11-24 21:04:31,15.5,55.5,6.6
624,2024-11-24 21:14:31,15.5,56.0,6.8
625,2024-11-24 21:24:31,15.0,56.0,6.3
626,2024-11-24 21:34:31,15.0,56.0,6.3
627,2024-11-24 21:44:31,15.0,56.5,6.4
628,2024-11-24 21:54:31,15.0,56.5,6.4
629,2024-11-24 22:04:31,15.0,56.5,6.4
630,2024-11-24 22:14:31,15.0,57.0,6.6
631,2024-11-24 22:24:31,15.0,57.0,6.6
632,2024-11-24 22:34:31,15.0,57.0,6.6
633,2024-11-24 22:44:31,14.5,57.0,6.1
634,2024-11-24 22:54:31,14.5,57.5,6.2
635,2024-11-24 23:04:31,14.5,57.5,6.2
636,2024-11-24 23:14:31,14.5,58.0,6.3
637,2024-11-24 23:24:31,14.5,58.0,6.3
638,2024-11-24 23:34:31,14.5,58.0,6.3
639,2024-11-24 23:44:31,14.5,58.5,6.5
640,2024-11-24 23:54:31,14.5,58.5,6.5
641,2024-11-25 00:04:31,14.5,58.5,6.5
642,2024-11-25 00:14:31,14.5,58.5,6.5
643,2024-11-25 00:24:31,14.5,58.5,6.5
644,2024-11-25 00:34:31,14.5,59.0,6.6
645,2024-11-25 00:44:31,14.5,59.0,6.6
646,2024-11-25 00:54:31,14.0,59.0,6.1
647,2024-11-25 01:04:31,14.0,59.0,6.1
648,2024-11-25 01:14:31,14.0,59.0,6.1
649,2024-11-25 01:24:31,14.0,59.0,6.1
650,2024-11-25 01:34:31,14.0,59.0,6.1
651,2024-11-25 01:44:31,14.0,59.0,6.1
652,2024-11-25 01:54:31,14.0,59.0,6.1
653,2024-11-25 02:04:31,14.0,59.0,6.1
654,2024-11-25 02:14:31,14.0,59.0,6.1
655,2024-11-25 02:24:31,14.0,59.0,6.1
656,2024-11-25 02:34:31,14.0,59.0,6.1
657,2024-11-25 02:44:31,14.0,59.0,6.1
658,2024-11-25 02:54:31,14.0,59.0,6.1
659,2024-11-25 03:04:31,14.0,59.0,6.1
660,2024-11-25 03:14:31,14.0,59.0,6.1
661,2024-11-25 03:24:31,14.0,59.0,6.1
662,2024-11-25 03:34:31,14.0,59.0,6.1
663,2024-11-25 03:44:31,13.5,59.0,5.7
664,2024-11-25 03:54:31,13.5,59.0,5.7
665,2024-11-25 04:04:31,13.5,59.0,5.7
666,2024-11-25 04:14:31,13.5,59.5,5.8
667,2024-11-25 04:24:31,13.5,59.5,5.8
668,2024-11-25 04:34:31,13.5,59.5,5.8
669,2024-11-25 04:44:31,13.5,59.5,5.8
670,2024-11-25 04:54:31,13.5,59.5,5.8
671,2024-11-25 05:04:31,13.5,59.5,5.8
672,2024-11-25 05:14:31,13.5,59.5,5.8
673,2024-11-25 05:24:31,13.5,60.0,5.9
674,2024-11-25 05:34:31,13.5,60.0,5.9
675,2024-11-25 05:44:31,13.5,60.0,5.9
676,2024-11-25 05:54:31,13.5,60.0,5.9
677,2024-11-25 06:04:31,13.5,60.0,5.9
678,2024-11-25 06:14:31,13.5,60.0,5.9
679,2024-11-25 06:24:31,13.5,60.5,6.0
680,2024-11-25 06:34:31,13.5,60.0,5.9
681,2024-11-25 06:44:31,13.5,60.5,6.0
682,2024-11-25 06:54:31,13.5,60.0,5.9
683,2024-11-25 07:04:31,13.5,60.5,6.0
684,2024-11-25 07:14:31,13.5,60.5,6.0
685,2024-11-25 07:24:31,13.5,60.5,6.0
686,2024-11-25 07:34:31,13.5,61.0,6.1
687,2024-11-25 07:44:31,13.5,61.5,6.3
688,2024-11-25 07:54:31,13.5,62.0,6.4
689,2024-11-25 08:04:31,13.5,61.5,6.3
690,2024-11-25 08:14:31,13.5,61.5,6.3
691,2024-11-25 08:24:31,13.5,61.5,6.3
692,2024-11-25 08:34:31,13.5,61.5,6.3
693,2024-11-25 08:44:31,13.5,61.5,6.3
694,2024-11-25 08:54:31,13.5,61.0,6.1
695,2024-11-25 09:04:31,13.5,61.0,6.1
696,2024-11-25 09:14:31,13.5,61.0,6.1
697,2024-11-25 09:24:31,13.5,61.0,6.1
698,2024-11-25 09:34:31,13.5,61.0,6.1
699,2024-11-25 09:44:31,13.5,60.5,6.0
700,2024-11-25 09:54:31,13.5,60.5,6.0
701,2024-11-25 10:04:31,14.0,60.0,6.4
702,2024-11-25 10:14:31,14.0,60.0,6.4
703,2024-11-25 10:24:31,14.0,59.5,6.2
704,2024-11-25 10:34:31,14.0,59.5,6.2
705,2024-11-25 10:44:31,14.5,59.0,6.6
706,2024-11-25 10:54:31,16.5,54.5,7.3
707,2024-11-25 11:04:31,15.5,56.5,6.9
708,2024-11-25 11:14:31,15.0,57.5,6.7
709,2024-11-25 11:24:31,15.0,58.0,6.8
710,2024-11-25 11:34:31,15.0,58.0,6.8
711,2024-11-25 11:44:31,15.0,58.5,6.9
712,2024-11-25 11:54:31,15.0,58.0,6.8
713,2024-11-25 12:04:31,15.5,58.0,7.3
714,2024-11-25 12:14:31,15.5,57.5,7.2
715,2024-11-25 12:24:31,15.5,57.5,7.2
716,2024-11-25 12:34:31,15.5,57.0,7.0
717,2024-11-25 12:44:31,16.0,57.0,7.5
718,2024-11-25 12:54:31,16.0,57.0,7.5
719,2024-11-25 13:04:31,16.0,57.0,7.5
720,2024-11-25 13:14:31,16.0,57.0,7.5
721,2024-11-25 13:24:31,16.0,57.0,7.5
722,2024-11-25 13:34:31,16.0,57.0,7.5
723,2024-11-25 13:44:31,16.0,57.0,7.5
724,2024-11-25 13:54:31,16.5,57.0,8.0
725,2024-11-25 14:04:31,16.5,57.5,8.1
726,2024-11-25 14:14:31,16.5,57.5,8.1
727,2024-11-25 14:24:31,16.5,57.0,8.0
728,2024-11-25 14:34:31,16.5,57.0,8.0
729,2024-11-25 14:44:31,16.5,57.0,8.0
730,2024-11-25 14:54:31,16.5,56.5,7.8
731,2024-11-25 15:04:31,16.5,56.5,7.8
732,2024-11-25 15:14:31,16.5,56.0,7.7
733,2024-11-25 15:24:31,16.5,56.0,7.7
734,2024-11-25 15:34:31,16.5,56.0,7.7
735,2024-11-25 15:44:31,16.5,55.5,7.6
736,2024-11-25 15:54:31,16.5,55.5,7.6
737,2024-11-25 16:04:31,16.5,55.0,7.4
738,2024-11-25 16:14:31,16.5,55.0,7.4
739,2024-11-25 16:24:31,16.5,55.0,7.4
740,2024-11-25 16:34:31,16.5,55.0,7.4
741,2024-11-25 16:44:31,16.5,55.0,7.4
742,2024-11-25 16:54:31,16.5,55.5,7.6
743,2024-11-25 17:04:31,16.0,55.5,7.1
744,2024-11-25 17:14:31,16.0,55.5,7.1
745,2024-11-25 17:24:31,16.0,55.5,7.1
746,2024-11-25 17:34:31,16.5,55.5,7.6
747,2024-11-25 17:44:31,16.5,55.0,7.4
748,2024-11-25 17:54:31,16.5,55.0,7.4
749,2024-11-25 18:04:31,16.5,55.0,7.4
750,2024-11-25 18:14:31,17.0,54.5,7.8
751,2024-11-25 18:24:31,17.0,54.0,7.6
752,2024-11-25 18:34:31,17.0,54.0,7.6
753,2024-11-25 18:44:31,17.0,53.5,7.5
754,2024-11-25 18:54:31,17.5,53.5,8.0
755,2024-11-25 19:04:31,17.5,53.5,8.0
756,2024-11-25 19:14:31,17.5,53.5,8.0
757,2024-11-25 19:24:31,17.5,53.0,7.8
758,2024-11-25 19:34:31,17.5,53.0,7.8
759,2024-11-25 19:44:31,17.5,53.0,7.8
760,2024-11-25 19:54:31,17.5,53.0,7.8
761,2024-11-25 20:04:31,17.5,53.0,7.8
762,2024-11-25 20:14:31,17.5,53.0,7.8
763,2024-11-25 20:24:31,17.5,52.5,7.7
764,2024-11-25 20:34:31,17.5,52.5,7.7
765,2024-11-25 20:44:31,17.5,52.5,7.7
766,2024-11-25 20:54:31,17.0,52.5,7.2
767,2024-11-25 21:04:31,17.0,52.5,7.2
768,2024-11-25 21:14:31,16.5,53.0,6.9
769,2024-11-25 21:24:31,16.5,53.5,7.0
770,2024-11-25 21:34:31,16.5,53.5,7.0
771,2024-11-25 21:44:31,16.0,53.5,6.6
772,2024-11-25 21:54:31,16.0,54.0,6.7
773,2024-11-25 22:04:31,16.0,54.0,6.7
774,2024-11-25 22:14:31,15.5,54.0,6.2
775,2024-11-25 22:24:31,15.5,54.5,6.4
776,2024-11-25 22:34:31,15.5,54.5,6.4
777,2024-11-25 22:44:31,15.5,54.5,6.4
778,2024-11-25 22:54:31,15.0,54.5,5.9
779,2024-11-25 23:04:31,15.0,54.5,5.9
780,2024-11-25 23:14:31,15.0,54.5,5.9
781,2024-11-25 23:24:31,15.0,55.0,6.0
782,2024-11-25 23:34:31,15.0,55.0,6.0
783,2024-11-25 23:44:31,15.0,55.0,6.0
784,2024-11-25 23:54:31,15.0,55.0,6.0
785,2024-11-26 00:04:31,14.5,55.0,5.6
786,2024-11-26 00:14:31,14.5,55.0,5.6
787,2024-11-26 00:24:31,14.5,55.0,5.6
788,2024-11-26 00:34:31,14.5,55.5,5.7
789,2024-11-26 00:44:31,14.5,55.5,5.7
790,2024-11-26 00:54:31,14.5,55.5,5.7
791,2024-11-26 01:04:31,14.5,55.5,5.7
792,2024-11-26 01:14:31,14.5,55.5,5.7
793,2024-11-26 01:24:31,14.5,55.5,5.7
794,2024-11-26 01:34:31,14.5,55.5,5.7
795,2024-11-26 01:44:31,14.0,55.5,5.2
796,2024-11-26 01:54:31,14.0,55.5,5.2
797,2024-11-26 02:04:31,14.0,55.5,5.2
798,2024-11-26 02:14:31,14.0,56.0,5.4
799,2024-11-26 02:24:31,14.0,56.0,5.4
800,2024-11-26 02:34:31,14.0,56.0,5.4
801,2024-11-26 02:44:31,14.0,56.0,5.4
802,2024-11-26 02:54:31,14.0,56.0,5.4
803,2024-11-26 03:04:31,14.0,56.0,5.4
804,2024-11-26 03:14:31,14.0,56.0,5.4
805,2024-11-26 03:24:31,14.0,56.0,5.4
806,2024-11-26 03:34:31,14.0,56.5,5.5
807,2024-11-26 03:44:31,14.0,56.5,5.5
808,2024-11-26 03:54:31,13.5,56.5,5.0
809,2024-11-26 04:04:31,13.5,56.5,5.0
810,2024-11-26 04:14:31,13.5,56.5,5.0
811,2024-11-26 04:24:31,13.5,56.5,5.0
812,2024-11-26 04:34:31,13.5,56.5,5.0
813,2024-11-26 04:44:31,13.5,57.0,5.2
814,2024-11-26 04:54:31,13.5,57.0,5.2
815,2024-11-26 05:04:31,13.5,57.0,5.2
816,2024-11-26 05:14:31,13.5,57.0,5.2
817,2024-11-26 05:24:31,13.5,57.0,5.2
818,2024-11-26 05:34:31,13.5,57.0,5.2
819,2024-11-26 05:44:31,13.5,57.0,5.2
820,2024-11-26 05:54:31,13.5,57.0,5.2
821,2024-11-26 06:04:31,13.5,57.5,5.3
822,2024-11-26 06:14:31,13.5,57.0,5.2
823,2024-11-26 06:24:31,13.5,57.5,5.3
824,2024-11-26 06:34:31,13.5,57.5,5.3
825,2024-11-26 06:44:31,13.5,57.5,5.3
826,2024-11-26 06:54:31,13.5,57.5,5.3
827,2024-11-26 07:04:31,13.5,57.5,5.3
828,2024-11-26 07:14:31,13.5,58.0,5.4
829,2024-11-26 07:24:31,13.5,58.0,5.4
830,2024-11-26 07:34:31,13.5,58.5,5.5
831,2024-11-26 07:44:31,13.5,58.5,5.5
832,2024-11-26 07:54:31,13.5,58.5,5.5
833,2024-11-26 08:04:31,13.5,58.0,5.4
834,2024-11-26 08:14:31,13.5,58.0,5.4
835,2024-11-26 08:24:31,13.5,58.0,5.4
836,2024-11-26 08:34:31,13.5,58.0,5.4
837,2024-11-26 08:44:31,13.5,58.0,5.4
838,2024-11-26 08:54:31,13.5,58.0,5.4
839,2024-11-26 09:04:31,13.5,58.0,5.4
840,2024-11-26 09:14:31,13.5,58.0,5.4
841,2024-11-26 09:24:31,13.5,58.0,5.4
842,2024-11-26 09:34:31,13.5,58.0,5.4
843,2024-11-26 09:44:31,13.5,57.5,5.3
844,2024-11-26 09:54:31,13.5,57.5,5.3
845,2024-11-26 10:04:31,13.5,57.5,5.3
846,2024-11-26 10:14:31,13.5,57.5,5.3
847,2024-11-26 10:24:31,14.0,57.0,5.6
848,2024-11-26 10:34:31,14.0,57.0,5.6
849,2024-11-26 10:44:31,14.0,56.5,5.5
850,2024-11-26 10:54:31,14.5,57.0,6.1
851,2024-11-26 11:04:31,14.5,57.0,6.1
852,2024-11-26 11:14:31,14.5,56.5,6.0
853,2024-11-26 11:24:31,14.5,57.0,6.1
854,2024-11-26 11:34:31,15.0,56.5,6.4
855,2024-11-26 11:44:31,15.0,56.5,6.4
856,2024-11-26 11:54:31,15.0,56.5,6.4
857,2024-11-26 12:04:31,15.0,56.5,6.4
858,2024-11-26 12:14:31,15.5,56.5,6.9
859,2024-11-26 12:24:31,15.5,56.5,6.9
860,2024-11-26 12:34:31,15.5,56.5,6.9
861,2024-11-26 12:44:31,15.5,56.5,6.9
862,2024-11-26 12:54:31,16.0,56.5,7.4
863,2024-11-26 13:04:31,16.0,56.5,7.4
864,2024-11-26 13:14:31,16.0,56.0,7.2
865,2024-11-26 13:24:31,16.0,56.0,7.2
866,2024-11-26 13:34:31,16.0,56.0,7.2
867,2024-11-26 13:44:31,16.0,55.5,7.1
868,2024-11-26 13:54:31,16.0,56.0,7.2
869,2024-11-26 14:04:31,16.0,55.5,7.1
870,2024-11-26 14:14:31,16.0,55.5,7.1
871,2024-11-26 14:24:31,16.0,55.5,7.1
872,2024-11-26 14:34:31,16.5,55.5,7.6
873,2024-11-26 14:44:31,16.5,55.0,7.4
874,2024-11-26 14:54:31,16.5,55.0,7.4
875,2024-11-26 15:04:31,16.5,55.0,7.4
876,2024-11-26 15:14:31,16.5,54.5,7.3
877,2024-11-26 15:24:31,16.5,54.5,7.3
878,2024-11-26 15:34:31,16.5,54.5,7.3
879,2024-11-26 15:44:31,16.5,54.5,7.3
880,2024-11-26 15:54:31,16.5,54.5,7.3
881,2024-11-26 16:04:31,16.5,54.5,7.3
882,2024-11-26 16:14:31,16.5,54.5,7.3
883,2024-11-26 16:24:31,16.0,54.5,6.8
884,2024-11-26 16:34:31,16.0,54.5,6.8
885,2024-11-26 16:44:31,16.0,54.5,6.8
886,2024-11-26 16:54:31,16.0,55.0,7.0
887,2024-11-26 17:04:31,15.5,55.0,6.5
888,2024-11-26 17:14:31,15.5,55.0,6.5
889,2024-11-26 17:24:31,15.5,55.0,6.5
890,2024-11-26 17:34:31,15.5,55.0,6.5
891,2024-11-26 17:44:31,15.0,55.0,6.0
892,2024-11-26 17:54:31,15.0,55.5,6.2
893,2024-11-26 18:04:31,15.0,55.5,6.2
894,2024-11-26 18:14:31,15.0,55.5,6.2
895,2024-11-26 18:24:31,14.5,55.5,5.7
896,2024-11-26 18:34:31,14.5,55.5,5.7
897,2024-11-26 18:44:31,14.5,55.5,5.7
898,2024-11-26 18:54:31,14.5,55.5,5.7
899,2024-11-26 19:04:31,14.5,56.0,5.8
900,2024-11-26 19:14:31,14.5,56.0,5.8
901,2024-11-26 19:24:31,14.5,56.0,5.8
902,2024-11-26 19:34:31,14.5,56.0,5.8
903,2024-11-26 19:44:31,14.5,55.5,5.7
904,2024-11-26 19:54:31,14.5,55.5,5.7
905,2024-11-26 20:04:31,14.5,55.5,5.7
906,2024-11-26 20:14:31,14.5,55.5,5.7
907,2024-11-26 20:24:31,14.5,55.0,5.6
908,2024-11-26 20:34:31,14.5,55.0,5.6
909,2024-11-26 20:44:31,14.5,55.0,5.6
910,2024-11-26 20:54:31,14.5,55.0,5.6
911,2024-11-26 21:04:31,14.5,55.0,5.6
912,2024-11-26 21:14:31,14.5,54.5,5.4
913,2024-11-26 21:24:31,14.5,54.5,5.4
914,2024-11-26 21:34:31,14.5,54.5,5.4
915,2024-11-26 21:44:31,14.5,54.5,5.4
916,2024-11-26 21:54:31,14.5,54.5,5.4
917,2024-11-26 22:04:31,14.0,54.5,5.0
918,2024-11-26 22:14:31,14.0,54.5,5.0
919,2024-11-26 22:24:31,14.0,55.0,5.1
920,2024-11-26 22:34:31,14.0,55.0,5.1
921,2024-11-26 22:44:31,14.0,55.0,5.1
922,2024-11-26 22:54:31,14.0,55.0,5.1
923,2024-11-26 23:04:31,13.5,55.0,4.6
924,2024-11-26 23:14:31,13.5,55.0,4.6
925,2024-11-26 23:24:31,13.5,55.0,4.6
926,2024-11-26 23:34:31,13.5,55.0,4.6
927,2024-11-26 23:44:31,13.5,55.0,4.6
928,2024-11-26 23:54:31,13.5,55.0,4.6
929,2024-11-27 00:04:31,13.5,55.0,4.6
930,2024-11-27 00:14:31,13.5,55.0,4.6
931,2024-11-27 00:24:31,13.0,55.0,4.2
932,2024-11-27 00:34:31,13.0,55.0,4.2
933,2024-11-27 00:44:31,13.0,55.5,4.3
934,2024-11-27 00:54:31,13.0,55.5,4.3
935,2024-11-27 01:04:31,13.0,55.5,4.3
936,2024-11-27 01:14:31,13.0,55.5,4.3
937,2024-11-27 01:24:31,13.0,55.5,4.3
938,2024-11-27 01:34:31,13.0,55.5,4.3
939,2024-11-27 01:44:31,13.0,55.5,4.3
940,2024-11-27 01:54:31,13.0,55.5,4.3
941,2024-11-27 02:04:31,13.0,55.5,4.3
942,2024-11-27 02:14:31,13.0,55.5,4.3
943,2024-11-27 02:24:31,13.0,56.0,4.4
944,2024-11-27 02:34:31,12.5,55.5,3.8
945,2024-11-27 02:44:31,12.5,56.0,4.0
946,2024-11-27 02:54:31,12.5,56.0,4.0
947,2024-11-27 03:04:31,12.5,56.0,4.0
948,2024-11-27 03:14:31,12.5,56.0,4.0
949,2024-11-27 03:24:31,12.5,56.0,4.0
950,2024-11-27 03:34:31,12.5,56.0,4.0
951,2024-11-27 03:44:31,12.5,56.0,4.0
952,2024-11-27 03:54:31,13.0,56.0,4.4
953,2024-11-27 04:04:31,13.0,55.5,4.3
954,2024-11-27 04:14:31,13.0,55.5,4.3
955,2024-11-27 04:24:31,13.0,55.5,4.3
956,2024-11-27 04:34:31,13.0,55.5,4.3
957,2024-11-27 04:44:31,13.0,55.5,4.3
958,2024-11-27 04:54:31,13.0,55.0,4.2
959,2024-11-27 05:04:31,13.0,55.0,4.2
960,2024-11-27 05:14:31,13.5,55.0,4.6
961,2024-11-27 05:24:31,13.5,55.0,4.6
962,2024-11-27 05:34:31,13.5,55.0,4.6
963,2024-11-27 05:44:31,13.5,55.0,4.6
964,2024-11-27 05:54:31,13.5,55.0,4.6
965,2024-11-27 06:04:31,13.5,54.5,4.5
966,2024-11-27 06:14:31,13.5,54.5,4.5
967,2024-11-27 06:24:31,13.5,54.5,4.5
968,2024-11-27 06:34:31,13.5,54.5,4.5
969,2024-11-27 06:44:31,13.5,54.5,4.5
970,2024-11-27 06:54:31,13.5,54.0,4.4
971,2024-11-27 07:04:31,13.5,54.5,4.5
972,2024-11-27 07:14:31,13.5,54.5,4.5
973,2024-11-27 07:24:31,14.0,55.0,5.1
974,2024-11-27 07:34:31,14.0,55.0,5.1
975,2024-11-27 07:44:31,14.0,54.5,5.0
976,2024-11-27 07:54:31,14.0,54.0,4.9
977,2024-11-27 08:04:31,14.0,54.0,4.9
978,2024-11-27 08:14:31,14.0,54.0,4.9
979,2024-11-27 08:24:31,14.0,53.5,4.7
980,2024-11-27 08:34:31,14.0,53.5,4.7
981,2024-11-27 08:44:31,14.0,53.5,4.7
982,2024-11-27 08:54:31,14.0,53.5,4.7
983,2024-11-27 09:04:31,14.0,53.5,4.7
984,2024-11-27 09:14:31,14.0,53.0,4.6
985,2024-11-27 09:24:31,14.0,53.0,4.6
986,2024-11-27 09:34:31,14.0,53.0,4.6
987,2024-11-27 09:44:31,14.0,53.0,4.6
988,2024-11-27 09:54:31,14.0,53.0,4.6
989,2024-11-27 10:04:31,14.0,53.0,4.6
990,2024-11-27 10:14:31,14.0,52.5,4.4
991,2024-11-27 10:24:31,14.5,52.5,4.9
992,2024-11-27 10:34:31,14.5,52.5,4.9
993,2024-11-27 10:44:31,14.5,52.0,4.8
994,2024-11-27 10:54:31,14.5,52.0,4.8
995,2024-11-27 11:04:31,14.5,52.0,4.8
996,2024-11-27 11:14:31,14.5,52.0,4.8
997,2024-11-27 11:24:31,15.0,52.0,5.2
998,2024-11-27 11:34:31,15.0,51.5,5.1
999,2024-11-27 11:44:31,15.0,51.5,5.1
1000,2024-11-27 11:54:31,15.0,51.5,5.1
1001,2024-11-27 12:04:31,15.0,51.0,5.0
1002,2024-11-27 12:14:31,15.0,51.0,5.0
1003,2024-11-27 12:24:31,15.0,51.0,5.0
1004,2024-11-27 12:34:31,15.5,51.0,5.4
1005,2024-11-27 12:44:31,15.5,51.0,5.4
1006,2024-11-27 12:54:31,15.5,51.5,5.6
1007,2024-11-27 13:04:31,15.5,51.0,5.4
1008,2024-11-27 13:14:31,15.5,51.0,5.4
1009,2024-11-27 13:24:31,15.5,50.5,5.3
1010,2024-11-27 13:34:31,15.5,50.5,5.3
1011,2024-11-27 13:44:31,15.5,50.5,5.3
1012,2024-11-27 13:54:31,15.5,50.5,5.3
1013,2024-11-27 14:04:31,15.5,50.5,5.3
1014,2024-11-27 14:14:31,16.0,50.5,5.7
1015,2024-11-27 14:24:31,16.0,50.5,5.7
1016,2024-11-27 14:34:31,16.0,50.0,5.6
1017,2024-11-27 14:44:31,16.0,50.5,5.7
1018,2024-11-27 14:54:31,16.0,50.5,5.7
1019,2024-11-27 15:04:31,16.0,50.5,5.7
1020,2024-11-27 15:14:31,16.0,50.5,5.7
1021,2024-11-27 15:24:31,16.0,50.5,5.7
1022,2024-11-27 15:34:31,16.0,50.5,5.7
1023,2024-11-27 15:44:31,16.0,50.0,5.6
1024,2024-11-27 15:54:31,16.0,50.0,5.6
1025,2024-11-27 16:04:31,16.0,50.0,5.6
1026,2024-11-27 16:14:31,16.0,50.0,5.6
1027,2024-11-27 16:24:31,16.0,49.5,5.4
1028,2024-11-27 16:34:31,16.0,50.0,5.6
1029,2024-11-27 16:44:31,16.0,50.0,5.6
1030,2024-11-27 16:54:31,15.5,50.0,5.1
1031,2024-11-27 17:04:31,15.5,50.0,5.1
1032,2024-11-27 17:14:31,15.5,50.0,5.1
1033,2024-11-27 17:24:31,15.5,50.0,5.1
1034,2024-11-27 17:34:31,15.5,50.0,5.1
1035,2024-11-27 17:44:31,15.5,50.0,5.1
1036,2024-11-27 17:54:31,15.0,50.0,4.7
1037,2024-11-27 18:04:31,15.0,50.0,4.7
1038,2024-11-27 18:14:31,15.0,50.0,4.7
1039,2024-11-27 18:24:31,15.0,50.0,4.7
1040,2024-11-27 18:34:31,15.0,50.0,4.7
1041,2024-11-27 18:44:31,15.0,50.0,4.7
1042,2024-11-27 18:54:31,15.0,50.0,4.7
1043,2024-11-27 19:04:31,15.0,50.0,4.7
1044,2024-11-27 19:14:31,15.0,50.0,4.7
1045,2024-11-27 19:24:31,15.0,50.0,4.7
1046,2024-11-27 19:34:31,14.5,50.0,4.2
1047,2024-11-27 19:44:31,15.0,50.0,4.7
1048,2024-11-27 19:54:31,15.0,50.0,4.7
1049,2024-11-27 20:04:31,14.5,50.0,4.2
1050,2024-11-27 20:14:31,14.5,50.0,4.2
1051,2024-11-27 20:24:31,14.5,50.0,4.2
1052,2024-11-27 20:34:31,14.5,50.0,4.2
1053,2024-11-27 20:44:31,14.5,50.0,4.2
1054,2024-11-27 20:54:31,14.5,50.0,4.2
1055,2024-11-27 21:04:31,14.5,50.5,4.4
1056,2024-11-27 21:14:31,14.5,50.5,4.4
1057,2024-11-27 21:24:31,14.5,50.5,4.4
1058,2024-11-27 21:34:31,14.5,50.5,4.4
1059,2024-11-27 21:44:31,14.0,50.5,3.9
1060,2024-11-27 21:54:31,14.0,50.5,3.9
1061,2024-11-27 22:04:31,14.0,50.5,3.9
1062,2024-11-27 22:14:31,13.5,50.5,3.4
1063,2024-11-27 22:24:31,13.5,50.5,3.4
1064,2024-11-27 22:34:31,13.5,50.5,3.4
1065,2024-11-27 22:44:31,13.5,50.5,3.4
1066,2024-11-27 22:54:31,13.5,50.5,3.4
1067,2024-11-27 23:04:31,13.0,50.5,3.0
1068,2024-11-27 23:14:31,13.0,50.5,3.0
1069,2024-11-27 23:24:31,13.0,50.5,3.0
1070,2024-11-27 23:34:31,13.0,50.5,3.0
1071,2024-11-27 23:44:31,13.0,50.5,3.0
1072,2024-11-27 23:54:31,13.0,50.5,3.0
1073,2024-11-28 00:04:31,13.0,50.0,2.8
1074,2024-11-28 00:14:31,13.0,50.0,2.8
1075,2024-11-28 00:24:31,13.0,50.0,2.8
1076,2024-11-28 00:34:31,13.0,49.5,2.7
1077,2024-11-28 00:44:31,13.0,49.5,2.7
1078,2024-11-28 00:54:31,13.0,49.5,2.7
1079,2024-11-28 01:04:31,13.0,49.5,2.7
1080,2024-11-28 01:14:31,13.0,49.5,2.7
1081,2024-11-28 01:24:31,13.0,49.0,2.5
1082,2024-11-28 01:34:31,13.0,49.0,2.5
1083,2024-11-28 01:44:31,13.0,49.0,2.5
1084,2024-11-28 01:54:31,13.0,49.0,2.5
1085,2024-11-28 02:04:31,13.0,48.5,2.4
1086,2024-11-28 02:14:31,13.0,48.5,2.4
1087,2024-11-28 02:24:31,13.0,48.5,2.4
1088,2024-11-28 02:34:31,13.0,48.5,2.4
1089,2024-11-28 02:44:31,13.0,48.5,2.4
1090,2024-11-28 02:54:31,13.0,48.0,2.3
1091,2024-11-28 03:04:31,13.0,48.0,2.3
1092,2024-11-28 03:14:31,13.0,48.0,2.3
1093,2024-11-28 03:24:31,13.0,48.0,2.3
1094,2024-11-28 03:34:31,13.0,48.0,2.3
1095,2024-11-28 03:44:31,13.0,48.0,2.3
1096,2024-11-28 03:54:31,13.0,47.5,2.1
1097,2024-11-28 04:04:31,13.0,47.5,2.1
1098,2024-11-28 04:14:31,13.0,47.5,2.1
1099,2024-11-28 04:24:31,13.0,47.5,2.1
1100,2024-11-28 04:34:31,13.0,47.5,2.1
1101,2024-11-28 04:44:31,13.0,47.5,2.1
1102,2024-11-28 04:54:31,13.0,47.5,2.1
1103,2024-11-28 05:04:31,13.0,47.5,2.1
1104,2024-11-28 05:14:31,13.0,47.5,2.1
1105,2024-11-28 05:24:31,13.0,47.5,2.1
1106,2024-11-28 05:34:31,12.5,47.5,1.7
1107,2024-11-28 05:44:31,12.5,47.5,1.7
1108,2024-11-28 05:54:31,12.5,47.0,1.5
1109,2024-11-28 06:04:31,12.5,47.0,1.5
1110,2024-11-28 06:14:31,12.5,47.0,1.5
1111,2024-11-28 06:24:31,12.5,47.0,1.5
1112,2024-11-28 06:34:31,12.5,47.0,1.5
1113,2024-11-28 06:44:31,12.5,47.0,1.5
1114,2024-11-28 06:54:31,12.5,47.0,1.5
1115,2024-11-28 07:04:31,12.5,46.5,1.4
1116,2024-11-28 07:14:31,12.5,47.0,1.5
1117,2024-11-28 07:24:31,12.5,47.0,1.5
1118,2024-11-28 07:34:31,12.5,48.0,1.8
1119,2024-11-28 07:44:31,12.5,48.0,1.8
1120,2024-11-28 07:54:31,12.5,47.5,1.7
1121,2024-11-28 08:04:31,12.5,47.5,1.7
1122,2024-11-28 08:14:31,12.5,47.0,1.5
1123,2024-11-28 08:24:31,12.5,47.0,1.5
1124,2024-11-28 08:34:31,12.5,47.0,1.5
1125,2024-11-28 08:44:31,12.5,47.0,1.5
1126,2024-11-28 08:54:31,12.5,47.0,1.5
1127,2024-11-28 09:04:31,12.5,46.5,1.4
1128,2024-11-28 09:14:31,12.5,47.0,1.5
1129,2024-11-28 09:24:31,12.5,46.5,1.4
1130,2024-11-28 09:34:31,12.5,46.5,1.4
1131,2024-11-28 09:44:31,12.5,46.5,1.4
1132,2024-11-28 09:54:31,12.5,46.5,1.4
1133,2024-11-28 10:04:31,13.0,46.5,1.8
1134,2024-11-28 10:14:31,13.0,46.5,1.8
1135,2024-11-28 10:24:31,13.0,46.5,1.8
1136,2024-11-28 10:34:31,13.0,46.5,1.8
1137,2024-11-28 10:44:31,13.0,46.0,1.7
1138,2024-11-28 10:54:31,13.0,46.0,1.7
1139,2024-11-28 11:04:31,13.0,46.0,1.7
1140,2024-11-28 11:14:31,13.5,46.0,2.1
1141,2024-11-28 11:24:31,13.5,46.0,2.1
1142,2024-11-28 11:34:31,13.5,46.5,2.3
1143,2024-11-28 11:44:31,13.5,47.0,2.4
1144,2024-11-28 11:54:31,13.5,47.0,2.4
1145,2024-11-28 12:04:31,13.5,47.0,2.4
1146,2024-11-28 12:14:31,13.5,47.5,2.6
1147,2024-11-28 12:24:31,14.0,47.5,3.0
1148,2024-11-28 12:34:31,14.0,47.5,3.0
1149,2024-11-28 12:44:31,14.0,47.5,3.0
1150,2024-11-28 12:54:31,14.0,48.0,3.2
1151,2024-11-28 13:04:31,14.0,48.0,3.2
1152,2024-11-28 13:14:31,14.0,47.5,3.0
1153,2024-11-28 13:24:31,14.0,48.0,3.2
1154,2024-11-28 13:34:31,14.0,48.0,3.2
1155,2024-11-28 13:44:31,14.0,48.5,3.3
1156,2024-11-28 13:54:31,14.5,48.0,3.6
1157,2024-11-28 14:04:31,14.5,48.0,3.6
1158,2024-11-28 14:14:31,14.5,48.5,3.8
1159,2024-11-28 14:24:31,14.5,48.5,3.8
1160,2024-11-28 14:34:31,14.5,48.0,3.6
1161,2024-11-28 14:44:31,14.5,48.0,3.6
1162,2024-11-28 14:54:31,14.5,48.0,3.6
1163,2024-11-28 15:04:31,14.5,48.0,3.6
1164,2024-11-28 15:14:31,14.5,48.0,3.6
1165,2024-11-28 15:24:31,14.5,48.5,3.8
1166,2024-11-28 15:34:31,14.5,48.0,3.6
1167,2024-11-28 15:44:31,14.5,48.5,3.8
1168,2024-11-28 15:54:31,14.5,48.5,3.8
1169,2024-11-28 16:04:31,14.5,48.0,3.6
1170,2024-11-28 16:14:31,14.5,48.0,3.6
1171,2024-11-28 16:24:31,14.5,48.0,3.6
1172,2024-11-28 16:34:31,14.5,48.0,3.6
1173,2024-11-28 16:44:31,14.5,48.0,3.6
1174,2024-11-28 16:54:31,14.5,48.5,3.8
1175,2024-11-28 17:04:31,14.5,48.5,3.8
1176,2024-11-28 17:14:31,14.5,48.5,3.8
1177,2024-11-28 17:24:31,14.0,48.5,3.3
1178,2024-11-28 17:34:31,14.0,48.5,3.3
1179,2024-11-28 17:44:31,14.0,48.5,3.3
1180,2024-11-28 17:54:31,14.0,48.5,3.3
1181,2024-11-28 18:04:31,14.0,48.5,3.3
1182,2024-11-28 18:14:31,14.0,48.5,3.3
1183,2024-11-28 18:24:31,14.0,48.5,3.3
1184,2024-11-28 18:34:31,14.0,48.5,3.3
1185,2024-11-28 18:44:31,14.0,48.5,3.3
1186,2024-11-28 18:54:31,14.0,48.5,3.3
1187,2024-11-28 19:04:31,14.5,49.0,3.9
1188,2024-11-28 19:14:31,14.5,49.0,3.9
1189,2024-11-28 19:24:31,14.5,49.0,3.9
1190,2024-11-28 19:34:31,14.5,49.0,3.9
1191,2024-11-28 19:44:31,14.5,49.5,4.1
1192,2024-11-28 19:54:31,14.5,49.5,4.1
1193,2024-11-28 20:04:31,14.5,49.5,4.1
1194,2024-11-28 20:14:31,14.5,49.5,4.1
1195,2024-11-28 20:24:31,14.5,49.5,4.1
1196,2024-11-28 20:34:31,14.5,49.5,4.1
1197,2024-11-28 20:44:31,14.5,49.5,4.1
1198,2024-11-28 20:54:31,14.5,49.5,4.1
1199,2024-11-28 21:04:31,14.5,49.5,4.1
1200,2024-11-28 21:14:31,14.5,49.5,4.1
1201,2024-11-28 21:24:31,14.0,49.5,3.6
1202,2024-11-28 21:34:31,14.0,49.5,3.6
1203,2024-11-28 21:44:31,14.0,50.0,3.8
1204,2024-11-28 21:54:31,14.0,50.0,3.8
1205,2024-11-28 22:04:31,14.0,49.5,3.6
1206,2024-11-28 22:14:31,14.0,50.0,3.8
1207,2024-11-28 22:24:31,14.0,50.0,3.8
1208,2024-11-28 22:34:31,14.0,50.0,3.8
1209,2024-11-28 22:44:31,14.0,50.0,3.8
1210,2024-11-28 22:54:31,14.0,50.0,3.8
1211,2024-11-28 23:04:31,14.0,50.0,3.8
1212,2024-11-28 23:14:31,14.0,50.0,3.8
1213,2024-11-28 23:24:31,14.0,50.0,3.8
1214,2024-11-28 23:34:31,14.0,50.0,3.8
1215,2024-11-28 23:44:31,14.0,50.0,3.8
1216,2024-11-28 23:54:31,14.0,50.0,3.8
1217,2024-11-29 00:04:31,14.0,50.5,3.9
1218,2024-11-29 00:14:31,14.0,50.5,3.9
1219,2024-11-29 00:24:31,14.0,50.5,3.9
1220,2024-11-29 00:34:31,14.0,50.5,3.9
1221,2024-11-29 00:44:31,14.0,50.5,3.9
1222,2024-11-29 00:54:31,14.0,50.5,3.9
1223,2024-11-29 01:04:31,14.0,50.5,3.9
1224,2024-11-29 01:14:31,14.0,50.5,3.9
1225,2024-11-29 01:24:31,14.0,50.5,3.9
1226,2024-11-29 01:34:31,14.0,51.0,4.0
1227,2024-11-29 01:44:31,14.0,51.0,4.0
1228,2024-11-29 01:54:31,14.0,51.0,4.0
1229,2024-11-29 02:04:31,14.0,51.0,4.0
1230,2024-11-29 02:14:31,14.0,51.5,4.2
1231,2024-11-29 02:24:31,14.0,51.5,4.2
1232,2024-11-29 02:34:31,14.0,51.5,4.2
1233,2024-11-29 02:44:31,14.0,51.5,4.2
1234,2024-11-29 02:54:31,14.0,51.5,4.2
1235,2024-11-29 03:04:31,14.0,51.5,4.2
1236,2024-11-29 03:14:31,14.0,52.0,4.3
1237,2024-11-29 03:24:31,14.0,52.0,4.3
1238,2024-11-29 03:34:31,14.0,52.0,4.3
1239,2024-11-29 03:44:31,14.0,52.0,4.3
1240,2024-11-29 03:54:31,14.0,52.0,4.3
1241,2024-11-29 04:04:31,14.0,52.0,4.3
1242,2024-11-29 04:14:31,14.0,52.0,4.3
1243,2024-11-29 04:24:31,14.0,52.0,4.3
1244,2024-11-29 04:34:31,14.0,52.5,4.4
1245,2024-11-29 04:44:31,14.0,52.5,4.4
1246,2024-11-29 04:54:31,14.0,52.5,4.4
1247,2024-11-29 05:04:31,14.0,52.5,4.4
1248,2024-11-29 05:14:31,14.0,52.5,4.4
1249,2024-11-29 05:24:31,14.0,52.5,4.4
1250,2024-11-29 05:34:31,14.0,52.5,4.4
1251,2024-11-29 05:44:31,14.0,53.0,4.6
1252,2024-11-29 05:54:31,14.0,53.0,4.6
1253,2024-11-29 06:04:31,14.0,53.0,4.6
1254,2024-11-29 06:14:31,14.0,53.0,4.6
1255,2024-11-29 06:24:31,14.0,53.0,4.6
1256,2024-11-29 06:34:31,14.5,53.5,5.2
1257,2024-11-29 06:44:31,14.5,54.5,5.4
1258,2024-11-29 06:54:31,14.5,54.5,5.4
1259,2024-11-29 07:04:31,14.5,54.5,5.4
1260,2024-11-29 07:14:31,14.5,54.5,5.4
1261,2024-11-29 07:24:31,14.5,54.5,5.4
1262,2024-11-29 07:34:31,14.5,54.5,5.4
1263,2024-11-29 07:44:31,14.5,54.5,5.4
1264,2024-11-29 07:54:31,14.5,54.5,5.4
1265,2024-11-29 08:04:31,14.5,54.5,5.4
1266,2024-11-29 08:14:31,14.5,54.5,5.4
1267,2024-11-29 08:24:31,14.5,55.0,5.6
1268,2024-11-29 08:34:31,14.5,55.0,5.6
1269,2024-11-29 08:44:31,14.5,55.0,5.6
1270,2024-11-29 08:54:31,14.5,55.0,5.6
1271,2024-11-29 09:04:31,14.5,55.0,5.6
1272,2024-11-29 09:14:31,14.5,55.0,5.6
1273,2024-11-29 09:24:31,14.5,55.5,5.7
1274,2024-11-29 09:34:31,14.5,55.5,5.7
1275,2024-11-29 09:44:31,14.5,55.5,5.7
1276,2024-11-29 09:54:31,14.5,55.5,5.7
1277,2024-11-29 10:04:31,15.0,55.5,6.2
1278,2024-11-29 10:14:31,15.0,55.5,6.2
1279,2024-11-29 10:24:31,15.0,55.5,6.2
1280,2024-11-29 10:34:31,15.0,55.5,6.2
1281,2024-11-29 10:44:31,15.0,56.0,6.3
1282,2024-11-29 10:54:31,15.0,56.0,6.3
1283,2024-11-29 11:04:31,15.5,56.5,6.9
1284,2024-11-29 11:14:31,15.5,56.5,6.9
1285,2024-11-29 11:24:31,15.5,57.0,7.0
1286,2024-11-29 11:34:31,15.5,57.0,7.0
1287,2024-11-29 11:44:31,16.0,57.5,7.6
1288,2024-11-29 11:54:31,16.0,57.0,7.5
1289,2024-11-29 12:04:31,16.0,57.5,7.6
1290,2024-11-29 12:14:31,16.0,57.5,7.6
1291,2024-11-29 12:24:31,16.0,57.5,7.6
1292,2024-11-29 12:34:31,16.5,57.5,8.1
1293,2024-11-29 12:44:31,16.5,58.5,8.3
1294,2024-11-29 12:54:31,16.5,57.5,8.1
1295,2024-11-29 13:04:31,16.5,58.0,8.2
1296,2024-11-29 13:14:31,16.5,58.0,8.2
1297,2024-11-29 13:24:31,16.5,58.0,8.2
1298,2024-11-29 13:34:31,16.5,58.0,8.2
1299,2024-11-29 13:44:31,17.0,58.0,8.7
1300,2024-11-29 13:54:31,17.0,58.0,8.7
1301,2024-11-29 14:04:31,17.0,57.5,8.6
1302,2024-11-29 14:14:31,17.0,58.5,8.8
1303,2024-11-29 14:24:31,17.0,58.0,8.7
1304,2024-11-29 14:34:31,17.0,58.0,8.7
1305,2024-11-29 14:44:31,17.0,58.0,8.7
1306,2024-11-29 14:54:31,17.0,58.0,8.7
1307,2024-11-29 15:04:31,17.0,58.0,8.7
1308,2024-11-29 15:14:31,17.0,58.0,8.7
1309,2024-11-29 15:24:31,17.0,58.0,8.7
1310,2024-11-29 15:34:31,17.0,57.5,8.6
1311,2024-11-29 15:44:31,17.0,58.0,8.7
1312,2024-11-29 15:54:31,17.0,57.5,8.6
1313,2024-11-29 16:04:31,17.0,57.5,8.6
1314,2024-11-29 16:14:31,17.0,57.5,8.6
1315,2024-11-29 16:24:31,17.0,57.5,8.6
1316,2024-11-29 16:34:31,17.0,57.5,8.6
1317,2024-11-29 16:44:31,17.0,58.0,8.7
1318,2024-11-29 16:54:31,17.0,58.0,8.7
1319,2024-11-29 17:04:31,17.0,58.0,8.7
1320,2024-11-29 17:14:31,16.5,58.0,8.2
1321,2024-11-29 17:24:31,16.5,58.0,8.2
1322,2024-11-29 17:34:31,16.5,58.5,8.3
1323,2024-11-29 17:44:31,16.5,58.5,8.3
1324,2024-11-29 17:54:31,16.0,58.5,7.9
1325,2024-11-29 18:04:31,16.0,58.5,7.9
1326,2024-11-29 18:14:31,16.0,59.0,8.0
1327,2024-11-29 18:24:31,16.0,59.0,8.0
1328,2024-11-29 18:34:31,16.0,59.0,8.0
1329,2024-11-29 18:44:31,16.0,59.0,8.0
1330,2024-11-29 18:54:31,15.5,59.0,7.5
1331,2024-11-29 19:04:31,15.5,59.5,7.7
1332,2024-11-29 19:14:31,15.5,59.5,7.7
1333,2024-11-29 19:24:31,15.5,59.5,7.7
1334,2024-11-29 19:34:31,15.5,60.0,7.8
1335,2024-11-29 19:44:31,15.5,60.0,7.8
1336,2024-11-29 19:54:31,15.5,60.0,7.8
1337,2024-11-29 20:04:31,15.5,60.0,7.8
1338,2024-11-29 20:14:31,15.5,60.0,7.8
1339,2024-11-29 20:24:31,15.5,60.0,7.8
1340,2024-11-29 20:34:31,15.0,60.5,7.4
1341,2024-11-29 20:44:31,15.0,60.5,7.4
1342,2024-11-29 20:54:31,15.0,60.5,7.4
1343,2024-11-29 21:04:31,15.0,60.5,7.4
1344,2024-11-29 21:14:31,15.0,60.5,7.4
1345,2024-11-29 21:24:31,15.0,61.0,7.5
1346,2024-11-29 21:34:31,15.0,60.5,7.4
1347,2024-11-29 21:44:31,15.0,61.0,7.5
1348,2024-11-29 21:54:31,15.0,61.0,7.5
1349,2024-11-29 22:04:31,15.0,61.0,7.5
1350,2024-11-29 22:14:31,15.0,61.5,7.7
1351,2024-11-29 22:24:31,15.0,61.5,7.7
1352,2024-11-29 22:34:31,15.0,61.5,7.7
1353,2024-11-29 22:44:31,15.0,62.0,7.8
1354,2024-11-29 22:54:31,15.0,62.0,7.8
1355,2024-11-29 23:04:31,15.0,62.0,7.8
1356,2024-11-29 23:14:31,15.0,62.5,7.9
1357,2024-11-29 23:24:31,15.0,62.5,7.9
1358,2024-11-29 23:34:31,15.0,63.0,8.0
1359,2024-11-29 23:44:31,15.0,63.0,8.0
1360,2024-11-29 23:54:31,15.0,63.5,8.1
1361,2024-11-30 00:04:31,15.0,63.5,8.1
1362,2024-11-30 00:14:31,15.0,63.5,8.1
1363,2024-11-30 00:24:31,15.0,63.5,8.1
1364,2024-11-30 00:34:31,15.0,63.5,8.1
1365,2024-11-30 00:44:31,15.0,63.5,8.1
1366,2024-11-30 00:54:31,15.0,64.0,8.3
1367,2024-11-30 01:04:31,15.0,64.0,8.3
1368,2024-11-30 01:14:31,15.0,64.0,8.3
1369,2024-11-30 01:24:31,15.0,64.5,8.4
1370,2024-11-30 01:34:31,15.0,64.5,8.4
1371,2024-11-30 01:44:31,15.0,64.5,8.4
1372,2024-11-30 01:54:31,15.0,65.0,8.5
1373,2024-11-30 02:04:31,15.0,65.0,8.5
1374,2024-11-30 02:14:31,15.0,65.0,8.5
1375,2024-11-30 02:24:31,15.0,65.5,8.6
1376,2024-11-30 02:34:31,15.0,65.5,8.6
1377,2024-11-30 02:44:31,15.0,65.5,8.6
1378,2024-11-30 02:54:31,15.0,65.5,8.6
1379,2024-11-30 03:04:31,15.0,65.5,8.6
1380,2024-11-30 03:14:31,15.0,66.0,8.7
1381,2024-11-30 03:24:31,15.0,66.0,8.7
1382,2024-11-30 03:34:31,15.0,66.0,8.7
1383,2024-11-30 03:44:31,15.0,66.5,8.8
1384,2024-11-30 03:54:31,15.0,66.0,8.7
1385,2024-11-30 04:04:31,15.0,66.5,8.8
1386,2024-11-30 04:14:31,15.0,66.5,8.8
1387,2024-11-30 04:24:31,15.0,66.5,8.8
1388,2024-11-30 04:34:31,15.0,66.5,8.8
1389,2024-11-30 04:44:31,15.0,67.0,8.9
1390,2024-11-30 04:54:31,15.0,67.0,8.9
1391,2024-11-30 05:04:31,15.0,67.0,8.9
1392,2024-11-30 05:14:31,15.0,67.0,8.9
1393,2024-11-30 05:24:31,15.0,67.0,8.9
1394,2024-11-30 05:34:31,15.0,67.0,8.9
1395,2024-11-30 05:44:31,15.0,67.0,8.9
1396,2024-11-30 05:54:31,15.0,67.0,8.9
1397,2024-11-30 06:04:31,15.0,67.0,8.9
1398,2024-11-30 06:14:31,15.0,67.0,8.9
1399,2024-11-30 06:24:31,15.0,67.0,8.9
1400,2024-11-30 06:34:31,15.0,67.0,8.9
1401,2024-11-30 06:44:31,15.0,67.5,9.0
1402,2024-11-30 06:54:31,15.0,67.5,9.0
1403,2024-11-30 07:04:31,15.0,68.0,9.1
1404,2024-11-30 07:14:31,15.0,67.5,9.0
1405,2024-11-30 07:24:31,15.0,68.0,9.1
1406,2024-11-30 07:34:31,15.0,68.0,9.1
1407,2024-11-30 07:44:31,15.0,68.0,9.1
1408,2024-11-30 07:54:31,15.0,67.5,9.0
1409,2024-11-30 08:04:31,15.0,67.5,9.0
1410,2024-11-30 08:14:31,15.0,68.0,9.1
1411,2024-11-30 08:24:31,15.0,68.0,9.1
1412,2024-11-30 08:34:31,15.0,67.5,9.0
1413,2024-11-30 08:44:31,15.0,67.5,9.0
1414,2024-11-30 08:54:31,15.0,67.5,9.0
1415,2024-11-30 09:04:31,15.0,67.5,9.0
1416,2024-11-30 09:14:31,15.0,67.5,9.0
1417,2024-11-30 09:24:31,15.0,68.0,9.1
1418,2024-11-30 09:34:31,15.0,68.0,9.1
1419,2024-11-30 09:44:31,15.0,67.5,9.0
1420,2024-11-30 09:54:31,15.5,67.5,9.5
1421,2024-11-30 10:04:31,15.5,67.0,9.4
1422,2024-11-30 10:14:31,16.0,67.0,9.9
1423,2024-11-30 10:24:31,16.0,66.5,9.8
1424,2024-11-30 10:34:31,16.0,66.5,9.8
1425,2024-11-30 10:44:31,16.5,66.0,10.1
1426,2024-11-30 10:54:31,16.5,66.0,10.1
1427,2024-11-30 11:04:31,16.5,66.0,10.1
1428,2024-11-30 11:14:31,16.5,66.0,10.1
1429,2024-11-30 11:24:31,16.5,66.0,10.1
1430,2024-11-30 11:34:31,17.0,66.0,10.6
1431,2024-11-30 11:44:31,17.0,66.0,10.6
1432,2024-11-30 11:54:31,17.0,66.0,10.6
1433,2024-11-30 12:04:31,17.0,66.0,10.6
1434,2024-11-30 12:14:31,17.5,66.0,11.1
1435,2024-11-30 12:24:31,17.5,66.0,11.1
1436,2024-11-30 12:34:31,17.5,66.0,11.1
1437,2024-11-30 12:44:31,17.5,66.0,11.1
1438,2024-11-30 12:54:31,17.5,66.0,11.1
1439,2024-11-30 13:04:31,18.0,66.0,11.6
1440,2024-11-30 13:14:31,18.0,66.0,11.6
1441,2024-11-30 13:24:31,18.0,66.0,11.6
1442,2024-11-30 13:34:31,18.0,66.0,11.6
1443,2024-11-30 13:44:31,18.0,65.5,11.4
1444,2024-11-30 13:54:31,18.0,65.5,11.4
1445,2024-11-30 14:04:31,18.5,65.5,11.9
1446,2024-11-30 14:14:31,18.5,65.0,11.8
1447,2024-11-30 14:24:31,18.5,65.0,11.8
1448,2024-11-30 14:34:31,18.5,65.0,11.8
1449,2024-11-30 14:44:31,18.5,64.5,11.7
1450,2024-11-30 14:54:31,18.5,64.5,11.7
1451,2024-11-30 15:04:31,18.5,65.0,11.8
1452,2024-11-30 15:14:31,18.5,64.5,11.7
1453,2024-11-30 15:24:31,18.5,64.5,11.7
1454,2024-11-30 15:34:31,18.5,64.0,11.6
1455,2024-11-30 15:44:31,18.5,64.0,11.6
1456,2024-11-30 15:54:31,18.5,64.0,11.6
1457,2024-11-30 16:04:31,18.5,64.0,11.6
1458,2024-11-30 16:14:31,18.5,64.0,11.6
1459,2024-11-30 16:24:31,18.5,64.0,11.6
1460,2024-11-30 16:34:31,18.5,64.0,11.6
1461,2024-11-30 16:44:31,18.5,64.0,11.6
1462,2024-11-30 16:54:31,18.5,64.5,11.7
1463,2024-11-30 17:04:31,18.0,64.5,11.2
