balcony_left,Time,Celsius(�C),Humidity(%rh),Dew Point(�C),Serial Number
1,2024-11-20 13:34:45,21.0,45.0,8.6,065019212
2,2024-11-20 13:44:45,21.5,37.5,6.4
3,2024-11-20 13:54:45,19.5,39.0,5.2
4,2024-11-20 14:04:45,18.5,37.5,3.7
5,2024-11-20 14:14:45,17.5,38.0,3.0
6,2024-11-20 14:24:45,18.0,40.0,4.2
7,2024-11-20 14:34:45,17.5,39.0,3.4
8,2024-11-20 14:44:45,17.5,40.0,3.8
9,2024-11-20 14:54:45,17.5,40.5,3.9
10,2024-11-20 15:04:45,17.5,39.5,3.6
11,2024-11-20 15:14:45,17.5,38.5,3.2
12,2024-11-20 15:24:45,17.5,38.0,3.0
13,2024-11-20 15:34:45,17.0,38.5,2.8
14,2024-11-20 15:44:45,17.0,38.5,2.8
15,2024-11-20 15:54:45,17.0,39.0,3.0
16,2024-11-20 16:04:45,17.0,40.0,3.3
17,2024-11-20 16:14:45,17.0,38.5,2.8
18,2024-11-20 16:24:45,17.0,40.0,3.3
19,2024-11-20 16:34:45,17.0,40.5,3.5
20,2024-11-20 16:44:45,17.0,40.5,3.5
21,2024-11-20 16:54:45,17.0,40.0,3.3
22,2024-11-20 17:04:45,16.0,39.0,2.1
23,2024-11-20 17:14:45,15.0,40.0,1.5
24,2024-11-20 17:24:45,14.5,40.5,1.3
25,2024-11-20 17:34:45,14.0,41.0,1.0
26,2024-11-20 17:44:45,14.0,41.5,1.1
27,2024-11-20 17:54:45,13.5,42.0,0.9
28,2024-11-20 18:04:45,13.5,42.0,0.9
29,2024-11-20 18:14:45,13.0,42.5,0.6
30,2024-11-20 18:24:45,13.0,42.5,0.6
31,2024-11-20 18:34:45,13.0,43.0,0.7
32,2024-11-20 18:44:45,13.0,43.0,0.7
33,2024-11-20 18:54:45,13.0,43.0,0.7
34,2024-11-20 19:04:45,12.5,43.5,0.4
35,2024-11-20 19:14:45,12.5,43.5,0.4
36,2024-11-20 19:24:45,12.5,43.5,0.4
37,2024-11-20 19:34:45,12.5,43.5,0.4
38,2024-11-20 19:44:45,12.5,44.0,0.6
39,2024-11-20 19:54:45,12.5,44.0,0.6
40,2024-11-20 20:04:45,12.5,44.0,0.6
41,2024-11-20 20:14:45,12.5,44.0,0.6
42,2024-11-20 20:24:45,12.5,44.0,0.6
43,2024-11-20 20:34:45,12.5,44.5,0.8
44,2024-11-20 20:44:45,12.0,44.5,0.3
45,2024-11-20 20:54:45,12.0,44.5,0.3
46,2024-11-20 21:04:45,12.0,44.5,0.3
47,2024-11-20 21:14:45,12.0,44.5,0.3
48,2024-11-20 21:24:45,12.0,44.5,0.3
49,2024-11-20 21:34:45,12.0,44.5,0.3
50,2024-11-20 21:44:45,12.0,45.0,0.5
51,2024-11-20 21:54:45,12.0,45.0,0.5
52,2024-11-20 22:04:45,12.0,45.0,0.5
53,2024-11-20 22:14:45,12.0,45.0,0.5
54,2024-11-20 22:24:45,12.0,45.0,0.5
55,2024-11-20 22:34:45,12.0,45.0,0.5
56,2024-11-20 22:44:45,12.0,45.0,0.5
57,2024-11-20 22:54:45,12.0,45.0,0.5
58,2024-11-20 23:04:45,12.0,45.0,0.5
59,2024-11-20 23:14:45,12.0,45.0,0.5
60,2024-11-20 23:24:45,12.0,45.0,0.5
61,2024-11-20 23:34:45,12.0,45.0,0.5
62,2024-11-20 23:44:45,12.0,45.0,0.5
63,2024-11-20 23:54:45,12.0,45.0,0.5
64,2024-11-21 00:04:45,12.0,45.0,0.5
65,2024-11-21 00:14:45,12.0,45.0,0.5
66,2024-11-21 00:24:45,12.0,45.0,0.5
67,2024-11-21 00:34:45,12.0,45.0,0.5
68,2024-11-21 00:44:45,12.0,45.0,0.5
69,2024-11-21 00:54:45,12.0,45.0,0.5
70,2024-11-21 01:04:45,12.0,45.5,0.6
71,2024-11-21 01:14:45,12.0,45.5,0.6
72,2024-11-21 01:24:45,12.0,45.5,0.6
73,2024-11-21 01:34:45,12.0,45.5,0.6
74,2024-11-21 01:44:45,12.0,45.5,0.6
75,2024-11-21 01:54:45,12.0,45.5,0.6
76,2024-11-21 02:04:45,12.0,45.5,0.6
77,2024-11-21 02:14:45,12.0,45.5,0.6
78,2024-11-21 02:24:45,12.0,45.5,0.6
79,2024-11-21 02:34:45,12.0,45.5,0.6
80,2024-11-21 02:44:45,12.0,45.5,0.6
81,2024-11-21 02:54:45,12.0,45.5,0.6
82,2024-11-21 03:04:45,11.5,45.5,0.1
83,2024-11-21 03:14:45,11.5,45.5,0.1
84,2024-11-21 03:24:45,11.5,45.5,0.1
85,2024-11-21 03:34:45,11.5,45.5,0.1
86,2024-11-21 03:44:45,11.5,45.5,0.1
87,2024-11-21 03:54:45,11.5,45.5,0.1
88,2024-11-21 04:04:45,11.5,45.5,0.1
89,2024-11-21 04:14:45,11.5,45.5,0.1
90,2024-11-21 04:24:45,11.5,45.5,0.1
91,2024-11-21 04:34:45,11.5,45.5,0.1
92,2024-11-21 04:44:45,11.5,45.5,0.1
93,2024-11-21 04:54:45,11.5,45.5,0.1
94,2024-11-21 05:04:45,11.5,45.5,0.1
95,2024-11-21 05:14:45,11.5,45.5,0.1
96,2024-11-21 05:24:45,11.5,45.5,0.1
97,2024-11-21 05:34:45,11.5,45.5,0.1
98,2024-11-21 05:44:45,11.5,45.5,0.1
99,2024-11-21 05:54:45,11.5,45.5,0.1
100,2024-11-21 06:04:45,11.5,45.5,0.1
101,2024-11-21 06:14:45,11.5,45.5,0.1
102,2024-11-21 06:24:45,11.5,45.5,0.1
103,2024-11-21 06:34:45,11.5,45.5,0.1
104,2024-11-21 06:44:45,11.5,45.0,0.0
105,2024-11-21 06:54:45,11.5,45.0,0.0
106,2024-11-21 07:04:45,11.5,45.0,0.0
107,2024-11-21 07:14:45,11.5,45.0,0.0
108,2024-11-21 07:24:45,11.5,45.5,0.1
109,2024-11-21 07:34:45,11.5,45.5,0.1
110,2024-11-21 07:44:45,11.5,45.5,0.1
111,2024-11-21 07:54:45,11.5,45.5,0.1
112,2024-11-21 08:04:45,11.5,45.5,0.1
113,2024-11-21 08:14:45,11.5,45.5,0.1
114,2024-11-21 08:24:45,11.5,45.5,0.1
115,2024-11-21 08:34:45,11.5,45.5,0.1
116,2024-11-21 08:44:45,11.5,45.5,0.1
117,2024-11-21 08:54:45,11.5,45.5,0.1
118,2024-11-21 09:04:45,11.5,45.5,0.1
119,2024-11-21 09:14:45,11.5,45.5,0.1
120,2024-11-21 09:24:45,11.5,45.5,0.1
121,2024-11-21 09:34:45,11.5,46.0,0.3
122,2024-11-21 09:44:45,11.5,46.0,0.3
123,2024-11-21 09:54:45,11.5,46.0,0.3
124,2024-11-21 10:04:45,11.5,46.0,0.3
125,2024-11-21 10:14:45,11.5,46.0,0.3
126,2024-11-21 10:24:45,11.5,46.0,0.3
127,2024-11-21 10:34:45,11.5,46.0,0.3
128,2024-11-21 10:44:45,11.5,46.0,0.3
129,2024-11-21 10:54:45,11.5,46.0,0.3
130,2024-11-21 11:04:45,11.5,46.5,0.4
131,2024-11-21 11:14:45,11.5,46.5,0.4
132,2024-11-21 11:24:45,12.0,46.5,0.9
133,2024-11-21 11:34:45,12.0,46.5,0.9
134,2024-11-21 11:44:45,12.0,46.5,0.9
135,2024-11-21 11:54:45,13.0,49.0,2.5
136,2024-11-21 12:04:45,14.0,45.0,2.3
137,2024-11-21 12:14:45,13.5,45.5,2.0
138,2024-11-21 12:24:45,13.5,46.0,2.1
139,2024-11-21 12:34:45,13.5,47.0,2.4
140,2024-11-21 12:44:45,13.5,47.0,2.4
141,2024-11-21 12:54:45,13.5,47.0,2.4
142,2024-11-21 13:04:45,13.5,47.0,2.4
143,2024-11-21 13:14:45,13.5,47.0,2.4
144,2024-11-21 13:24:45,13.5,46.5,2.3
145,2024-11-21 13:34:45,13.5,47.0,2.4
146,2024-11-21 13:44:45,13.5,46.5,2.3
147,2024-11-21 13:54:45,13.5,46.5,2.3
148,2024-11-21 14:04:45,13.5,47.0,2.4
149,2024-11-21 14:14:45,13.5,47.0,2.4
150,2024-11-21 14:24:45,13.5,47.0,2.4
151,2024-11-21 14:34:45,13.5,46.5,2.3
152,2024-11-21 14:44:45,13.5,47.0,2.4
153,2024-11-21 14:54:45,13.5,47.0,2.4
154,2024-11-21 15:04:45,13.5,46.5,2.3
155,2024-11-21 15:14:45,14.0,46.5,2.7
156,2024-11-21 15:24:45,14.0,46.5,2.7
157,2024-11-21 15:34:45,14.0,46.5,2.7
158,2024-11-21 15:44:45,14.0,46.5,2.7
159,2024-11-21 15:54:45,13.5,46.5,2.3
160,2024-11-21 16:04:45,13.5,46.5,2.3
161,2024-11-21 16:14:45,13.5,46.5,2.3
162,2024-11-21 16:24:45,13.5,46.5,2.3
163,2024-11-21 16:34:45,13.5,46.5,2.3
164,2024-11-21 16:44:45,13.5,46.5,2.3
165,2024-11-21 16:54:45,13.5,46.5,2.3
166,2024-11-21 17:04:45,13.5,46.5,2.3
167,2024-11-21 17:14:45,13.5,46.5,2.3
168,2024-11-21 17:24:45,13.5,46.5,2.3
169,2024-11-21 17:34:45,13.5,46.5,2.3
170,2024-11-21 17:44:45,13.5,46.5,2.3
171,2024-11-21 17:54:45,13.5,46.5,2.3
172,2024-11-21 18:04:45,13.5,46.5,2.3
173,2024-11-21 18:14:45,13.5,46.5,2.3
174,2024-11-21 18:24:45,14.0,46.5,2.7
175,2024-11-21 18:34:45,13.5,46.5,2.3
176,2024-11-21 18:44:45,13.5,46.5,2.3
177,2024-11-21 18:54:45,13.5,46.5,2.3
178,2024-11-21 19:04:45,13.5,46.5,2.3
179,2024-11-21 19:14:45,13.5,46.0,2.1
180,2024-11-21 19:24:45,13.5,46.0,2.1
181,2024-11-21 19:34:45,13.5,46.0,2.1
182,2024-11-21 19:44:45,13.5,46.0,2.1
183,2024-11-21 19:54:45,13.5,46.0,2.1
184,2024-11-21 20:04:45,13.5,46.0,2.1
185,2024-11-21 20:14:45,13.5,46.0,2.1
186,2024-11-21 20:24:45,13.5,46.0,2.1
187,2024-11-21 20:34:45,13.5,46.0,2.1
188,2024-11-21 20:44:45,13.0,46.0,1.7
189,2024-11-21 20:54:45,13.0,46.0,1.7
190,2024-11-21 21:04:45,13.0,46.0,1.7
191,2024-11-21 21:14:45,13.0,46.0,1.7
192,2024-11-21 21:24:45,13.0,46.5,1.8
193,2024-11-21 21:34:45,13.0,46.5,1.8
194,2024-11-21 21:44:45,13.0,46.5,1.8
195,2024-11-21 21:54:45,13.0,46.5,1.8
196,2024-11-21 22:04:45,13.0,46.5,1.8
197,2024-11-21 22:14:45,13.0,46.5,1.8
198,2024-11-21 22:24:45,13.0,46.5,1.8
199,2024-11-21 22:34:45,13.0,46.5,1.8
200,2024-11-21 22:44:45,13.0,46.5,1.8
201,2024-11-21 22:54:45,13.0,46.5,1.8
202,2024-11-21 23:04:45,13.0,46.5,1.8
203,2024-11-21 23:14:45,13.0,46.5,1.8
204,2024-11-21 23:24:45,13.0,46.5,1.8
205,2024-11-21 23:34:45,13.0,46.5,1.8
206,2024-11-21 23:44:45,12.5,46.5,1.4
207,2024-11-21 23:54:45,12.5,46.5,1.4
208,2024-11-22 00:04:45,12.5,46.5,1.4
209,2024-11-22 00:14:45,12.5,46.5,1.4
210,2024-11-22 00:24:45,12.5,46.5,1.4
211,2024-11-22 00:34:45,12.5,46.5,1.4
212,2024-11-22 00:44:45,12.5,46.5,1.4
213,2024-11-22 00:54:45,12.5,46.5,1.4
214,2024-11-22 01:04:45,12.5,46.5,1.4
215,2024-11-22 01:14:45,12.5,46.5,1.4
216,2024-11-22 01:24:45,12.5,46.5,1.4
217,2024-11-22 01:34:45,12.5,46.5,1.4
218,2024-11-22 01:44:45,12.5,46.5,1.4
219,2024-11-22 01:54:45,12.5,46.5,1.4
220,2024-11-22 02:04:45,12.5,46.5,1.4
221,2024-11-22 02:14:45,12.5,46.5,1.4
222,2024-11-22 02:24:45,12.5,46.5,1.4
223,2024-11-22 02:34:45,12.5,46.5,1.4
224,2024-11-22 02:44:45,12.5,46.5,1.4
225,2024-11-22 02:54:45,12.5,46.5,1.4
226,2024-11-22 03:04:45,12.5,46.5,1.4
227,2024-11-22 03:14:45,12.5,46.5,1.4
228,2024-11-22 03:24:45,12.5,46.5,1.4
229,2024-11-22 03:34:45,12.5,46.0,1.2
230,2024-11-22 03:44:45,12.5,46.0,1.2
231,2024-11-22 03:54:45,12.5,46.0,1.2
232,2024-11-22 04:04:45,12.0,46.0,0.8
233,2024-11-22 04:14:45,12.0,46.0,0.8
234,2024-11-22 04:24:45,12.0,46.0,0.8
235,2024-11-22 04:34:45,12.0,46.0,0.8
236,2024-11-22 04:44:45,12.0,46.0,0.8
237,2024-11-22 04:54:45,12.0,46.0,0.8
238,2024-11-22 05:04:45,12.0,46.0,0.8
239,2024-11-22 05:14:45,12.0,46.0,0.8
240,2024-11-22 05:24:45,12.0,46.0,0.8
241,2024-11-22 05:34:45,12.0,46.0,0.8
242,2024-11-22 05:44:45,12.0,46.0,0.8
243,2024-11-22 05:54:45,12.0,46.0,0.8
244,2024-11-22 06:04:45,12.0,46.0,0.8
245,2024-11-22 06:14:45,12.0,46.0,0.8
246,2024-11-22 06:24:45,12.0,46.0,0.8
247,2024-11-22 06:34:45,12.0,46.0,0.8
248,2024-11-22 06:44:45,12.0,46.0,0.8
249,2024-11-22 06:54:45,12.0,46.0,0.8
250,2024-11-22 07:04:45,12.0,46.5,0.9
251,2024-11-22 07:14:45,12.0,46.5,0.9
252,2024-11-22 07:24:45,12.0,46.5,0.9
253,2024-11-22 07:34:45,12.0,46.5,0.9
254,2024-11-22 07:44:45,12.0,46.5,0.9
255,2024-11-22 07:54:45,12.0,46.5,0.9
256,2024-11-22 08:04:45,12.0,46.5,0.9
257,2024-11-22 08:14:45,12.0,46.5,0.9
258,2024-11-22 08:24:45,12.5,46.5,1.4
259,2024-11-22 08:34:45,12.5,46.5,1.4
260,2024-11-22 08:44:45,12.5,46.5,1.4
261,2024-11-22 08:54:45,12.5,46.5,1.4
262,2024-11-22 09:04:45,12.5,46.5,1.4
263,2024-11-22 09:14:45,12.5,47.0,1.5
264,2024-11-22 09:24:45,12.5,47.0,1.5
265,2024-11-22 09:34:45,12.5,47.0,1.5
266,2024-11-22 09:44:45,12.5,47.0,1.5
267,2024-11-22 09:54:45,12.5,47.0,1.5
268,2024-11-22 10:04:45,12.5,47.0,1.5
269,2024-11-22 10:14:45,12.5,47.0,1.5
270,2024-11-22 10:24:45,13.0,47.0,2.0
271,2024-11-22 10:34:45,13.0,47.0,2.0
272,2024-11-22 10:44:45,13.0,47.0,2.0
273,2024-11-22 10:54:45,13.0,47.5,2.1
274,2024-11-22 11:04:45,13.0,47.5,2.1
275,2024-11-22 11:14:45,13.0,47.5,2.1
276,2024-11-22 11:24:45,13.0,47.5,2.1
277,2024-11-22 11:34:45,13.0,47.5,2.1
278,2024-11-22 11:44:45,13.5,47.5,2.6
279,2024-11-22 11:54:45,13.5,47.5,2.6
280,2024-11-22 12:04:45,13.5,47.5,2.6
281,2024-11-22 12:14:45,13.5,48.0,2.7
282,2024-11-22 12:24:45,13.5,48.0,2.7
283,2024-11-22 12:34:45,13.5,48.0,2.7
284,2024-11-22 12:44:45,14.0,48.5,3.3
285,2024-11-22 12:54:45,14.0,48.0,3.2
286,2024-11-22 13:04:45,14.0,48.5,3.3
287,2024-11-22 13:14:45,14.0,49.0,3.5
288,2024-11-22 13:24:45,14.0,48.5,3.3
289,2024-11-22 13:34:45,14.0,48.5,3.3
290,2024-11-22 13:44:45,14.5,48.5,3.8
291,2024-11-22 13:54:45,14.5,48.5,3.8
292,2024-11-22 14:04:45,14.5,48.5,3.8
293,2024-11-22 14:14:45,14.5,48.5,3.8
294,2024-11-22 14:24:45,14.5,48.5,3.8
295,2024-11-22 14:34:45,14.5,48.5,3.8
296,2024-11-22 14:44:45,14.5,48.5,3.8
297,2024-11-22 14:54:45,14.5,48.5,3.8
298,2024-11-22 15:04:45,14.5,48.0,3.6
299,2024-11-22 15:14:45,14.5,48.0,3.6
300,2024-11-22 15:24:45,14.5,48.0,3.6
301,2024-11-22 15:34:45,14.5,48.0,3.6
302,2024-11-22 15:44:45,14.5,48.0,3.6
303,2024-11-22 15:54:45,14.5,48.0,3.6
304,2024-11-22 16:04:45,14.5,48.0,3.6
305,2024-11-22 16:14:45,14.5,48.0,3.6
306,2024-11-22 16:24:45,14.5,48.0,3.6
307,2024-11-22 16:34:45,14.5,48.0,3.6
308,2024-11-22 16:44:45,14.5,48.0,3.6
309,2024-11-22 16:54:45,14.5,48.0,3.6
310,2024-11-22 17:04:45,14.5,48.0,3.6
311,2024-11-22 17:14:45,14.5,48.0,3.6
312,2024-11-22 17:24:45,14.5,48.0,3.6
313,2024-11-22 17:34:45,14.0,48.0,3.2
314,2024-11-22 17:44:45,14.0,48.0,3.2
315,2024-11-22 17:54:45,14.0,47.5,3.0
316,2024-11-22 18:04:45,14.0,47.5,3.0
317,2024-11-22 18:14:45,14.0,47.5,3.0
318,2024-11-22 18:24:45,14.0,47.5,3.0
319,2024-11-22 18:34:45,14.0,47.5,3.0
320,2024-11-22 18:44:45,14.0,47.5,3.0
321,2024-11-22 18:54:45,14.0,47.5,3.0
322,2024-11-22 19:04:45,14.0,47.5,3.0
323,2024-11-22 19:14:45,14.0,47.0,2.9
324,2024-11-22 19:24:45,14.0,47.0,2.9
325,2024-11-22 19:34:45,14.0,47.0,2.9
326,2024-11-22 19:44:45,14.0,47.0,2.9
327,2024-11-22 19:54:45,14.0,47.0,2.9
328,2024-11-22 20:04:45,13.5,47.0,2.4
329,2024-11-22 20:14:45,13.5,47.0,2.4
330,2024-11-22 20:24:45,13.5,47.0,2.4
331,2024-11-22 20:34:45,13.5,47.0,2.4
332,2024-11-22 20:44:45,13.5,47.0,2.4
333,2024-11-22 20:54:45,13.5,47.0,2.4
334,2024-11-22 21:04:45,13.5,47.0,2.4
335,2024-11-22 21:14:45,13.5,47.0,2.4
336,2024-11-22 21:24:45,13.5,47.0,2.4
337,2024-11-22 21:34:45,13.5,47.0,2.4
338,2024-11-22 21:44:45,13.5,47.0,2.4
339,2024-11-22 21:54:45,13.5,47.0,2.4
340,2024-11-22 22:04:45,13.5,47.0,2.4
341,2024-11-22 22:14:45,13.5,47.0,2.4
342,2024-11-22 22:24:45,13.5,47.0,2.4
343,2024-11-22 22:34:45,13.5,47.0,2.4
344,2024-11-22 22:44:45,13.5,47.0,2.4
345,2024-11-22 22:54:45,13.0,47.0,2.0
346,2024-11-22 23:04:45,13.0,47.0,2.0
347,2024-11-22 23:14:45,13.0,47.0,2.0
348,2024-11-22 23:24:45,13.0,47.0,2.0
349,2024-11-22 23:34:45,13.0,47.0,2.0
350,2024-11-22 23:44:45,13.0,47.0,2.0
351,2024-11-22 23:54:45,13.0,47.0,2.0
352,2024-11-23 00:04:45,13.0,47.0,2.0
353,2024-11-23 00:14:45,13.0,47.0,2.0
354,2024-11-23 00:24:45,13.0,47.0,2.0
355,2024-11-23 00:34:45,13.0,47.0,2.0
356,2024-11-23 00:44:45,13.0,47.0,2.0
357,2024-11-23 00:54:45,13.0,47.0,2.0
358,2024-11-23 01:04:45,13.0,47.0,2.0
359,2024-11-23 01:14:45,13.0,47.0,2.0
360,2024-11-23 01:24:45,13.0,47.0,2.0
361,2024-11-23 01:34:45,13.0,47.0,2.0
362,2024-11-23 01:44:45,13.0,47.0,2.0
363,2024-11-23 01:54:45,13.0,47.0,2.0
364,2024-11-23 02:04:45,13.0,47.0,2.0
365,2024-11-23 02:14:45,13.0,47.0,2.0
366,2024-11-23 02:24:45,13.0,47.0,2.0
367,2024-11-23 02:34:45,13.0,47.0,2.0
368,2024-11-23 02:44:45,13.0,47.0,2.0
369,2024-11-23 02:54:45,13.0,47.0,2.0
370,2024-11-23 03:04:45,13.0,47.0,2.0
371,2024-11-23 03:14:45,13.0,47.0,2.0
372,2024-11-23 03:24:45,13.0,47.0,2.0
373,2024-11-23 03:34:45,13.0,47.0,2.0
374,2024-11-23 03:44:45,13.0,47.0,2.0
375,2024-11-23 03:54:45,13.0,47.0,2.0
376,2024-11-23 04:04:45,12.5,47.0,1.5
377,2024-11-23 04:14:45,12.5,47.0,1.5
378,2024-11-23 04:24:45,12.5,47.0,1.5
379,2024-11-23 04:34:45,12.5,47.0,1.5
380,2024-11-23 04:44:45,12.5,47.0,1.5
381,2024-11-23 04:54:45,12.5,47.0,1.5
382,2024-11-23 05:04:45,12.5,47.0,1.5
383,2024-11-23 05:14:45,12.5,47.0,1.5
384,2024-11-23 05:24:45,12.5,47.0,1.5
385,2024-11-23 05:34:45,12.5,47.0,1.5
386,2024-11-23 05:44:45,12.5,47.0,1.5
387,2024-11-23 05:54:45,12.5,47.0,1.5
388,2024-11-23 06:04:45,12.5,47.5,1.7
389,2024-11-23 06:14:45,12.5,47.5,1.7
390,2024-11-23 06:24:45,12.5,48.0,1.8
391,2024-11-23 06:34:45,12.5,48.0,1.8
392,2024-11-23 06:44:45,12.5,48.0,1.8
393,2024-11-23 06:54:45,12.5,48.0,1.8
394,2024-11-23 07:04:45,12.5,48.5,1.9
395,2024-11-23 07:14:45,12.5,48.5,1.9
396,2024-11-23 07:24:45,12.5,48.5,1.9
397,2024-11-23 07:34:45,12.5,48.5,1.9
398,2024-11-23 07:44:45,12.5,48.5,1.9
399,2024-11-23 07:54:45,12.5,48.5,1.9
400,2024-11-23 08:04:45,12.5,48.5,1.9
401,2024-11-23 08:14:45,12.5,49.0,2.1
402,2024-11-23 08:24:45,12.5,49.0,2.1
403,2024-11-23 08:34:45,12.5,49.0,2.1
404,2024-11-23 08:44:45,12.5,49.0,2.1
405,2024-11-23 08:54:45,12.5,49.0,2.1
406,2024-11-23 09:04:45,12.5,49.0,2.1
407,2024-11-23 09:14:45,12.5,49.0,2.1
408,2024-11-23 09:24:45,12.5,49.0,2.1
409,2024-11-23 09:34:45,12.5,49.0,2.1
410,2024-11-23 09:44:45,12.5,49.0,2.1
411,2024-11-23 09:54:45,12.5,49.0,2.1
412,2024-11-23 10:04:45,12.5,49.0,2.1
413,2024-11-23 10:14:45,12.5,49.0,2.1
414,2024-11-23 10:24:45,12.5,49.0,2.1
415,2024-11-23 10:34:45,13.0,49.0,2.5
416,2024-11-23 10:44:45,13.0,49.0,2.5
417,2024-11-23 10:54:45,13.0,49.0,2.5
418,2024-11-23 11:04:45,13.0,49.0,2.5
419,2024-11-23 11:14:45,13.0,49.0,2.5
420,2024-11-23 11:24:45,13.0,49.0,2.5
421,2024-11-23 11:34:45,13.0,49.0,2.5
422,2024-11-23 11:44:45,13.0,49.5,2.7
423,2024-11-23 11:54:45,13.0,49.5,2.7
424,2024-11-23 12:04:45,13.0,49.5,2.7
425,2024-11-23 12:14:45,13.0,49.5,2.7
426,2024-11-23 12:24:45,13.0,49.5,2.7
427,2024-11-23 12:34:45,13.0,49.5,2.7
428,2024-11-23 12:44:45,13.5,49.5,3.2
429,2024-11-23 12:54:45,13.5,50.0,3.3
430,2024-11-23 13:04:45,13.5,49.5,3.2
431,2024-11-23 13:14:45,13.5,50.5,3.4
432,2024-11-23 13:24:45,13.5,50.0,3.3
433,2024-11-23 13:34:45,13.5,50.0,3.3
434,2024-11-23 13:44:45,13.5,50.0,3.3
435,2024-11-23 13:54:45,13.5,50.0,3.3
436,2024-11-23 14:04:45,13.5,50.0,3.3
437,2024-11-23 14:14:45,13.5,49.5,3.2
438,2024-11-23 14:24:45,13.5,49.5,3.2
439,2024-11-23 14:34:45,13.5,49.5,3.2
440,2024-11-23 14:44:45,13.5,49.5,3.2
441,2024-11-23 14:54:45,13.5,49.5,3.2
442,2024-11-23 15:04:45,13.5,49.5,3.2
443,2024-11-23 15:14:45,13.0,49.5,2.7
444,2024-11-23 15:24:45,13.0,49.5,2.7
445,2024-11-23 15:34:45,13.0,49.5,2.7
446,2024-11-23 15:44:45,13.0,49.5,2.7
447,2024-11-23 15:54:45,13.0,49.5,2.7
448,2024-11-23 16:04:45,13.0,49.5,2.7
449,2024-11-23 16:14:45,13.0,49.5,2.7
450,2024-11-23 16:24:45,13.0,49.5,2.7
451,2024-11-23 16:34:45,13.0,49.5,2.7
452,2024-11-23 16:44:45,13.0,49.5,2.7
453,2024-11-23 16:54:45,13.0,50.0,2.8
454,2024-11-23 17:04:45,13.0,50.0,2.8
455,2024-11-23 17:14:45,13.0,50.0,2.8
456,2024-11-23 17:24:45,13.0,50.0,2.8
457,2024-11-23 17:34:45,13.0,50.0,2.8
458,2024-11-23 17:44:45,13.0,50.0,2.8
459,2024-11-23 17:54:45,13.0,50.0,2.8
460,2024-11-23 18:04:45,13.0,50.0,2.8
461,2024-11-23 18:14:45,13.0,50.0,2.8
462,2024-11-23 18:24:45,13.0,50.0,2.8
463,2024-11-23 18:34:45,13.0,50.0,2.8
464,2024-11-23 18:44:45,13.0,50.5,3.0
465,2024-11-23 18:54:45,13.0,50.5,3.0
466,2024-11-23 19:04:45,13.0,50.5,3.0
467,2024-11-23 19:14:45,13.0,50.5,3.0
468,2024-11-23 19:24:45,13.0,50.5,3.0
469,2024-11-23 19:34:45,13.0,50.5,3.0
470,2024-11-23 19:44:45,13.0,50.5,3.0
471,2024-11-23 19:54:45,13.0,50.5,3.0
472,2024-11-23 20:04:45,12.5,50.5,2.5
473,2024-11-23 20:14:45,12.5,50.5,2.5
474,2024-11-23 20:24:45,12.5,51.0,2.7
475,2024-11-23 20:34:45,13.0,51.0,3.1
476,2024-11-23 20:44:45,12.5,51.0,2.7
477,2024-11-23 20:54:45,12.5,51.0,2.7
478,2024-11-23 21:04:45,12.5,51.0,2.7
479,2024-11-23 21:14:45,12.5,51.0,2.7
480,2024-11-23 21:24:45,12.5,51.0,2.7
481,2024-11-23 21:34:45,13.0,51.5,3.3
482,2024-11-23 21:44:45,13.0,51.5,3.3
483,2024-11-23 21:54:45,13.0,51.5,3.3
484,2024-11-23 22:04:45,13.0,51.5,3.3
485,2024-11-23 22:14:45,13.0,52.0,3.4
486,2024-11-23 22:24:45,13.0,52.0,3.4
487,2024-11-23 22:34:45,13.0,52.0,3.4
488,2024-11-23 22:44:45,13.0,52.5,3.5
489,2024-11-23 22:54:45,13.0,52.5,3.5
490,2024-11-23 23:04:45,13.0,52.5,3.5
491,2024-11-23 23:14:45,13.0,53.0,3.7
492,2024-11-23 23:24:45,13.0,53.0,3.7
493,2024-11-23 23:34:45,13.0,53.5,3.8
494,2024-11-23 23:44:45,13.0,53.5,3.8
495,2024-11-23 23:54:45,13.0,54.0,3.9
496,2024-11-24 00:04:45,13.5,54.5,4.5
497,2024-11-24 00:14:45,13.5,55.0,4.6
498,2024-11-24 00:24:45,13.5,55.0,4.6
499,2024-11-24 00:34:45,13.5,55.5,4.8
500,2024-11-24 00:44:45,13.5,56.0,4.9
501,2024-11-24 00:54:45,13.5,56.0,4.9
502,2024-11-24 01:04:45,13.5,56.5,5.0
503,2024-11-24 01:14:45,13.5,57.0,5.2
504,2024-11-24 01:24:45,13.5,57.0,5.2
505,2024-11-24 01:34:45,14.0,57.5,5.8
506,2024-11-24 01:44:45,14.0,57.5,5.8
507,2024-11-24 01:54:45,14.0,57.5,5.8
508,2024-11-24 02:04:45,14.0,58.0,5.9
509,2024-11-24 02:14:45,14.0,58.5,6.0
510,2024-11-24 02:24:45,14.0,58.5,6.0
511,2024-11-24 02:34:45,14.0,59.0,6.1
512,2024-11-24 02:44:45,14.0,59.0,6.1
513,2024-11-24 02:54:45,14.0,59.5,6.2
514,2024-11-24 03:04:45,14.5,59.5,6.7
515,2024-11-24 03:14:45,14.5,60.0,6.8
516,2024-11-24 03:24:45,14.5,60.0,6.8
517,2024-11-24 03:34:45,14.5,60.5,7.0
518,2024-11-24 03:44:45,14.5,60.5,7.0
519,2024-11-24 03:54:45,14.5,61.0,7.1
520,2024-11-24 04:04:45,14.5,60.5,7.0
521,2024-11-24 04:14:45,14.5,61.0,7.1
522,2024-11-24 04:24:45,14.5,61.0,7.1
523,2024-11-24 04:34:45,14.5,61.0,7.1
524,2024-11-24 04:44:45,14.5,61.0,7.1
525,2024-11-24 04:54:45,14.5,61.0,7.1
526,2024-11-24 05:04:45,14.5,61.0,7.1
527,2024-11-24 05:14:45,14.5,61.0,7.1
528,2024-11-24 05:24:45,14.5,61.0,7.1
529,2024-11-24 05:34:45,14.5,60.5,7.0
530,2024-11-24 05:44:45,14.5,60.5,7.0
531,2024-11-24 05:54:45,14.5,60.0,6.8
532,2024-11-24 06:04:45,14.5,60.0,6.8
533,2024-11-24 06:14:45,14.5,60.0,6.8
534,2024-11-24 06:24:45,14.5,59.5,6.7
535,2024-11-24 06:34:45,14.5,59.5,6.7
536,2024-11-24 06:44:45,14.5,59.5,6.7
537,2024-11-24 06:54:45,14.5,59.5,6.7
538,2024-11-24 07:04:45,14.5,59.5,6.7
539,2024-11-24 07:14:45,14.5,59.0,6.6
540,2024-11-24 07:24:45,14.5,59.0,6.6
541,2024-11-24 07:34:45,14.5,59.0,6.6
542,2024-11-24 07:44:45,14.5,59.0,6.6
543,2024-11-24 07:54:45,14.5,59.0,6.6
544,2024-11-24 08:04:45,14.5,58.5,6.5
545,2024-11-24 08:14:45,14.5,58.5,6.5
546,2024-11-24 08:24:45,14.5,58.5,6.5
547,2024-11-24 08:34:45,14.5,58.5,6.5
548,2024-11-24 08:44:45,14.5,58.5,6.5
549,2024-11-24 08:54:45,14.0,58.5,6.0
550,2024-11-24 09:04:45,14.0,58.0,5.9
551,2024-11-24 09:14:45,14.0,58.0,5.9
552,2024-11-24 09:24:45,14.0,58.0,5.9
553,2024-11-24 09:34:45,14.0,58.0,5.9
554,2024-11-24 09:44:45,14.0,57.5,5.8
555,2024-11-24 09:54:45,14.0,57.5,5.8
556,2024-11-24 10:04:45,14.0,57.5,5.8
557,2024-11-24 10:14:45,14.0,57.5,5.8
558,2024-11-24 10:24:45,14.5,57.5,6.2
559,2024-11-24 10:34:45,14.5,57.5,6.2
560,2024-11-24 10:44:45,14.5,57.0,6.1
561,2024-11-24 10:54:45,14.5,57.0,6.1
562,2024-11-24 11:04:45,14.5,57.0,6.1
563,2024-11-24 11:14:45,14.5,57.0,6.1
564,2024-11-24 11:24:45,14.5,57.0,6.1
565,2024-11-24 11:34:45,14.5,57.0,6.1
566,2024-11-24 11:44:45,14.5,57.0,6.1
567,2024-11-24 11:54:45,14.5,57.5,6.2
568,2024-11-24 12:04:45,14.5,57.5,6.2
569,2024-11-24 12:14:45,15.0,57.5,6.7
570,2024-11-24 12:24:45,15.0,57.0,6.6
571,2024-11-24 12:34:45,15.0,56.5,6.4
572,2024-11-24 12:44:45,15.5,56.5,6.9
573,2024-11-24 12:54:45,15.5,56.5,6.9
574,2024-11-24 13:04:45,15.5,56.0,6.8
575,2024-11-24 13:14:45,15.5,56.0,6.8
576,2024-11-24 13:24:45,15.5,56.0,6.8
577,2024-11-24 13:34:45,15.5,55.5,6.6
578,2024-11-24 13:44:45,15.5,55.5,6.6
579,2024-11-24 13:54:45,15.5,55.5,6.6
580,2024-11-24 14:04:45,16.0,55.0,7.0
581,2024-11-24 14:14:45,16.0,55.0,7.0
582,2024-11-24 14:24:45,16.0,55.0,7.0
583,2024-11-24 14:34:45,16.0,55.0,7.0
584,2024-11-24 14:44:45,15.5,55.0,6.5
585,2024-11-24 14:54:45,15.5,55.0,6.5
586,2024-11-24 15:04:45,15.5,55.0,6.5
587,2024-11-24 15:14:45,15.5,55.0,6.5
588,2024-11-24 15:24:45,15.5,55.0,6.5
589,2024-11-24 15:34:45,15.5,55.0,6.5
590,2024-11-24 15:44:45,15.5,55.0,6.5
591,2024-11-24 15:54:45,15.5,55.0,6.5
592,2024-11-24 16:04:45,15.0,55.0,6.0
593,2024-11-24 16:14:45,15.0,55.0,6.0
594,2024-11-24 16:24:45,15.0,55.0,6.0
595,2024-11-24 16:34:45,15.0,55.0,6.0
596,2024-11-24 16:44:45,15.0,55.0,6.0
597,2024-11-24 16:54:45,15.0,55.0,6.0
598,2024-11-24 17:04:45,15.0,55.0,6.0
599,2024-11-24 17:14:45,15.0,55.0,6.0
600,2024-11-24 17:24:45,15.0,55.0,6.0
601,2024-11-24 17:34:45,15.0,54.5,5.9
602,2024-11-24 17:44:45,15.0,54.5,5.9
603,2024-11-24 17:54:45,15.0,55.0,6.0
604,2024-11-24 18:04:45,15.0,55.0,6.0
605,2024-11-24 18:14:45,15.0,55.0,6.0
606,2024-11-24 18:24:45,15.0,54.5,5.9
607,2024-11-24 18:34:45,15.0,54.0,5.8
608,2024-11-24 18:44:45,15.0,54.5,5.9
609,2024-11-24 18:54:45,15.0,54.5,5.9
610,2024-11-24 19:04:45,15.0,54.5,5.9
611,2024-11-24 19:14:45,15.0,55.0,6.0
612,2024-11-24 19:24:45,15.0,54.5,5.9
613,2024-11-24 19:34:45,15.0,54.5,5.9
614,2024-11-24 19:44:45,15.0,54.5,5.9
615,2024-11-24 19:54:45,15.0,54.5,5.9
616,2024-11-24 20:04:45,15.5,54.5,6.4
617,2024-11-24 20:14:45,15.0,54.5,5.9
618,2024-11-24 20:24:45,15.0,54.5,5.9
619,2024-11-24 20:34:45,15.0,54.5,5.9
620,2024-11-24 20:44:45,15.0,54.5,5.9
621,2024-11-24 20:54:45,15.0,54.5,5.9
622,2024-11-24 21:04:45,15.0,54.5,5.9
623,2024-11-24 21:14:45,15.0,54.5,5.9
624,2024-11-24 21:24:45,15.0,55.0,6.0
625,2024-11-24 21:34:45,14.5,55.0,5.6
626,2024-11-24 21:44:45,14.5,55.0,5.6
627,2024-11-24 21:54:45,14.5,55.5,5.7
628,2024-11-24 22:04:45,14.5,55.5,5.7
629,2024-11-24 22:14:45,14.5,56.0,5.8
630,2024-11-24 22:24:45,14.5,55.5,5.7
631,2024-11-24 22:34:45,14.5,56.0,5.8
632,2024-11-24 22:44:45,14.5,56.0,5.8
633,2024-11-24 22:54:45,14.0,56.0,5.4
634,2024-11-24 23:04:45,14.0,56.5,5.5
635,2024-11-24 23:14:45,14.0,56.5,5.5
636,2024-11-24 23:24:45,14.0,57.0,5.6
637,2024-11-24 23:34:45,14.0,57.0,5.6
638,2024-11-24 23:44:45,14.0,57.0,5.6
639,2024-11-24 23:54:45,14.0,57.5,5.8
640,2024-11-25 00:04:45,14.0,57.5,5.8
641,2024-11-25 00:14:45,14.0,58.0,5.9
642,2024-11-25 00:24:45,14.0,58.0,5.9
643,2024-11-25 00:34:45,14.0,58.0,5.9
644,2024-11-25 00:44:45,14.0,58.0,5.9
645,2024-11-25 00:54:45,13.5,58.0,5.4
646,2024-11-25 01:04:45,13.5,58.0,5.4
647,2024-11-25 01:14:45,13.5,58.5,5.5
648,2024-11-25 01:24:45,13.5,58.0,5.4
649,2024-11-25 01:34:45,13.5,58.0,5.4
650,2024-11-25 01:44:45,13.5,58.0,5.4
651,2024-11-25 01:54:45,13.5,58.0,5.4
652,2024-11-25 02:04:45,13.5,58.0,5.4
653,2024-11-25 02:14:45,13.5,58.0,5.4
654,2024-11-25 02:24:45,13.5,58.0,5.4
655,2024-11-25 02:34:45,13.5,58.0,5.4
656,2024-11-25 02:44:45,13.5,58.0,5.4
657,2024-11-25 02:54:45,13.5,58.0,5.4
658,2024-11-25 03:04:45,13.5,58.0,5.4
659,2024-11-25 03:14:45,13.5,58.0,5.4
660,2024-11-25 03:24:45,13.0,58.0,4.9
661,2024-11-25 03:34:45,13.0,58.0,4.9
662,2024-11-25 03:44:45,13.0,58.5,5.1
663,2024-11-25 03:54:45,13.0,58.5,5.1
664,2024-11-25 04:04:45,13.0,58.0,4.9
665,2024-11-25 04:14:45,13.0,58.5,5.1
666,2024-11-25 04:24:45,13.0,58.5,5.1
667,2024-11-25 04:34:45,13.0,59.0,5.2
668,2024-11-25 04:44:45,13.0,58.5,5.1
669,2024-11-25 04:54:45,13.0,58.5,5.1
670,2024-11-25 05:04:45,13.0,59.0,5.2
671,2024-11-25 05:14:45,13.0,59.0,5.2
672,2024-11-25 05:24:45,13.0,59.0,5.2
673,2024-11-25 05:34:45,13.0,59.0,5.2
674,2024-11-25 05:44:45,13.0,59.0,5.2
675,2024-11-25 05:54:45,13.0,59.0,5.2
676,2024-11-25 06:04:45,13.0,59.5,5.3
677,2024-11-25 06:14:45,13.0,59.5,5.3
678,2024-11-25 06:24:45,13.0,59.5,5.3
679,2024-11-25 06:34:45,13.0,59.5,5.3
680,2024-11-25 06:44:45,13.0,59.5,5.3
681,2024-11-25 06:54:45,13.0,60.0,5.4
682,2024-11-25 07:04:45,13.0,59.5,5.3
683,2024-11-25 07:14:45,13.0,59.5,5.3
684,2024-11-25 07:24:45,13.0,59.5,5.3
685,2024-11-25 07:34:45,13.0,60.0,5.4
686,2024-11-25 07:44:45,13.0,60.5,5.5
687,2024-11-25 07:54:45,13.0,60.0,5.4
688,2024-11-25 08:04:45,13.0,60.0,5.4
689,2024-11-25 08:14:45,13.0,60.0,5.4
690,2024-11-25 08:24:45,13.0,60.0,5.4
691,2024-11-25 08:34:45,13.0,60.5,5.5
692,2024-11-25 08:44:45,13.0,60.0,5.4
693,2024-11-25 08:54:45,13.0,60.0,5.4
694,2024-11-25 09:04:45,13.0,60.0,5.4
695,2024-11-25 09:14:45,13.0,60.0,5.4
696,2024-11-25 09:24:45,13.0,60.0,5.4
697,2024-11-25 09:34:45,13.0,60.0,5.4
698,2024-11-25 09:44:45,13.0,60.0,5.4
699,2024-11-25 09:54:45,13.0,60.0,5.4
700,2024-11-25 10:04:45,13.5,60.0,5.9
701,2024-11-25 10:14:45,13.5,59.5,5.8
702,2024-11-25 10:24:45,13.5,59.5,5.8
703,2024-11-25 10:34:45,13.5,59.5,5.8
704,2024-11-25 10:44:45,13.5,59.5,5.8
705,2024-11-25 10:54:45,14.0,59.5,6.2
706,2024-11-25 11:04:45,14.0,59.0,6.1
707,2024-11-25 11:14:45,14.0,59.0,6.1
708,2024-11-25 11:24:45,14.0,59.0,6.1
709,2024-11-25 11:34:45,14.0,59.0,6.1
710,2024-11-25 11:44:45,14.0,59.0,6.1
711,2024-11-25 11:54:45,14.5,59.0,6.6
712,2024-11-25 12:04:45,14.5,58.5,6.5
713,2024-11-25 12:14:45,14.5,58.5,6.5
714,2024-11-25 12:24:45,14.5,58.5,6.5
715,2024-11-25 12:34:45,15.0,58.5,6.9
716,2024-11-25 12:44:45,15.0,58.0,6.8
717,2024-11-25 12:54:45,15.0,58.0,6.8
718,2024-11-25 13:04:45,15.0,58.0,6.8
719,2024-11-25 13:14:45,15.0,58.0,6.8
720,2024-11-25 13:24:45,15.5,58.0,7.3
721,2024-11-25 13:34:45,15.5,58.0,7.3
722,2024-11-25 13:44:45,15.5,58.0,7.3
723,2024-11-25 13:54:45,15.5,58.0,7.3
724,2024-11-25 14:04:45,15.5,58.0,7.3
725,2024-11-25 14:14:45,15.5,57.5,7.2
726,2024-11-25 14:24:45,15.5,57.5,7.2
727,2024-11-25 14:34:45,15.5,57.5,7.2
728,2024-11-25 14:44:45,15.5,57.5,7.2
729,2024-11-25 14:54:45,16.0,57.0,7.5
730,2024-11-25 15:04:45,16.0,57.0,7.5
731,2024-11-25 15:14:45,16.0,57.0,7.5
732,2024-11-25 15:24:45,16.0,57.0,7.5
733,2024-11-25 15:34:45,16.0,57.0,7.5
734,2024-11-25 15:44:45,16.0,56.5,7.4
735,2024-11-25 15:54:45,16.0,56.5,7.4
736,2024-11-25 16:04:45,16.0,56.5,7.4
737,2024-11-25 16:14:45,16.0,56.5,7.4
738,2024-11-25 16:24:45,16.0,56.0,7.2
739,2024-11-25 16:34:45,16.0,56.0,7.2
740,2024-11-25 16:44:45,16.0,56.0,7.2
741,2024-11-25 16:54:45,16.0,56.0,7.2
742,2024-11-25 17:04:45,15.5,56.0,6.8
743,2024-11-25 17:14:45,15.5,56.0,6.8
744,2024-11-25 17:24:45,16.0,55.5,7.1
745,2024-11-25 17:34:45,16.5,55.0,7.4
746,2024-11-25 17:44:45,16.5,54.5,7.3
747,2024-11-25 17:54:45,16.5,54.0,7.2
748,2024-11-25 18:04:45,16.5,54.0,7.2
749,2024-11-25 18:14:45,17.0,53.5,7.5
750,2024-11-25 18:24:45,17.0,53.5,7.5
751,2024-11-25 18:34:45,17.0,53.5,7.5
752,2024-11-25 18:44:45,17.0,53.0,7.4
753,2024-11-25 18:54:45,17.0,53.0,7.4
754,2024-11-25 19:04:45,17.5,52.5,7.7
755,2024-11-25 19:14:45,17.5,52.5,7.7
756,2024-11-25 19:24:45,17.5,52.5,7.7
757,2024-11-25 19:34:45,17.5,52.5,7.7
758,2024-11-25 19:44:45,17.5,52.0,7.5
759,2024-11-25 19:54:45,17.5,52.0,7.5
760,2024-11-25 20:04:45,17.5,52.0,7.5
761,2024-11-25 20:14:45,17.5,51.5,7.4
762,2024-11-25 20:24:45,17.5,51.5,7.4
763,2024-11-25 20:34:45,17.5,51.5,7.4
764,2024-11-25 20:44:45,17.5,51.5,7.4
765,2024-11-25 20:54:45,17.5,51.0,7.3
766,2024-11-25 21:04:45,17.0,51.0,6.8
767,2024-11-25 21:14:45,16.5,51.5,6.5
768,2024-11-25 21:24:45,16.5,52.0,6.6
769,2024-11-25 21:34:45,16.0,52.0,6.2
770,2024-11-25 21:44:45,16.0,52.5,6.3
771,2024-11-25 21:54:45,16.0,52.5,6.3
772,2024-11-25 22:04:45,15.5,52.5,5.8
773,2024-11-25 22:14:45,15.5,52.5,5.8
774,2024-11-25 22:24:45,15.5,52.5,5.8
775,2024-11-25 22:34:45,15.5,53.0,6.0
776,2024-11-25 22:44:45,15.0,53.0,5.5
777,2024-11-25 22:54:45,15.0,53.0,5.5
778,2024-11-25 23:04:45,15.0,53.0,5.5
779,2024-11-25 23:14:45,15.0,53.0,5.5
780,2024-11-25 23:24:45,15.0,53.0,5.5
781,2024-11-25 23:34:45,14.5,53.0,5.0
782,2024-11-25 23:44:45,14.5,53.5,5.2
783,2024-11-25 23:54:45,14.5,53.5,5.2
784,2024-11-26 00:04:45,14.5,53.5,5.2
785,2024-11-26 00:14:45,14.5,53.5,5.2
786,2024-11-26 00:24:45,14.5,53.5,5.2
787,2024-11-26 00:34:45,14.5,53.5,5.2
788,2024-11-26 00:44:45,14.0,54.0,4.9
789,2024-11-26 00:54:45,14.0,54.0,4.9
790,2024-11-26 01:04:45,14.0,54.0,4.9
791,2024-11-26 01:14:45,14.0,54.0,4.9
792,2024-11-26 01:24:45,14.0,54.0,4.9
793,2024-11-26 01:34:45,14.0,54.0,4.9
794,2024-11-26 01:44:45,14.0,54.0,4.9
795,2024-11-26 01:54:45,14.0,54.0,4.9
796,2024-11-26 02:04:45,14.0,54.5,5.0
797,2024-11-26 02:14:45,14.0,54.5,5.0
798,2024-11-26 02:24:45,13.5,54.5,4.5
799,2024-11-26 02:34:45,13.5,54.5,4.5
800,2024-11-26 02:44:45,13.5,54.5,4.5
801,2024-11-26 02:54:45,13.5,54.5,4.5
802,2024-11-26 03:04:45,13.5,54.5,4.5
803,2024-11-26 03:14:45,13.5,55.0,4.6
804,2024-11-26 03:24:45,13.5,55.0,4.6
805,2024-11-26 03:34:45,13.5,55.0,4.6
806,2024-11-26 03:44:45,13.5,55.0,4.6
807,2024-11-26 03:54:45,13.5,55.0,4.6
808,2024-11-26 04:04:45,13.5,55.0,4.6
809,2024-11-26 04:14:45,13.5,55.0,4.6
810,2024-11-26 04:24:45,13.5,55.5,4.8
811,2024-11-26 04:34:45,13.5,55.5,4.8
812,2024-11-26 04:44:45,13.5,55.5,4.8
813,2024-11-26 04:54:45,13.5,55.5,4.8
814,2024-11-26 05:04:45,13.5,55.5,4.8
815,2024-11-26 05:14:45,13.5,55.5,4.8
816,2024-11-26 05:24:45,13.0,56.0,4.4
817,2024-11-26 05:34:45,13.0,56.0,4.4
818,2024-11-26 05:44:45,13.0,56.0,4.4
819,2024-11-26 05:54:45,13.0,56.0,4.4
820,2024-11-26 06:04:45,13.0,56.0,4.4
821,2024-11-26 06:14:45,13.0,56.0,4.4
822,2024-11-26 06:24:45,13.0,56.0,4.4
823,2024-11-26 06:34:45,13.0,56.0,4.4
824,2024-11-26 06:44:45,13.0,56.0,4.4
825,2024-11-26 06:54:45,13.0,56.0,4.4
826,2024-11-26 07:04:45,13.0,56.0,4.4
827,2024-11-26 07:14:45,13.0,56.5,4.6
828,2024-11-26 07:24:45,13.0,56.5,4.6
829,2024-11-26 07:34:45,13.0,56.5,4.6
830,2024-11-26 07:44:45,13.0,56.5,4.6
831,2024-11-26 07:54:45,13.0,56.5,4.6
832,2024-11-26 08:04:45,13.0,56.5,4.6
833,2024-11-26 08:14:45,13.0,56.5,4.6
834,2024-11-26 08:24:45,13.0,56.5,4.6
835,2024-11-26 08:34:45,13.0,56.5,4.6
836,2024-11-26 08:44:45,13.0,56.5,4.6
837,2024-11-26 08:54:45,13.0,56.5,4.6
838,2024-11-26 09:04:45,13.0,56.5,4.6
839,2024-11-26 09:14:45,13.0,56.5,4.6
840,2024-11-26 09:24:45,13.0,56.5,4.6
841,2024-11-26 09:34:45,13.0,56.5,4.6
842,2024-11-26 09:44:45,13.0,56.5,4.6
843,2024-11-26 09:54:45,13.0,56.5,4.6
844,2024-11-26 10:04:45,13.5,56.5,5.0
845,2024-11-26 10:14:45,13.5,56.5,5.0
846,2024-11-26 10:24:45,13.5,56.5,5.0
847,2024-11-26 10:34:45,13.5,56.5,5.0
848,2024-11-26 10:44:45,13.5,56.5,5.0
849,2024-11-26 10:54:45,14.0,56.5,5.5
850,2024-11-26 11:04:45,14.0,56.5,5.5
851,2024-11-26 11:14:45,14.0,56.5,5.5
852,2024-11-26 11:24:45,14.0,56.5,5.5
853,2024-11-26 11:34:45,14.0,56.5,5.5
854,2024-11-26 11:44:45,14.5,56.5,6.0
855,2024-11-26 11:54:45,14.5,56.5,6.0
856,2024-11-26 12:04:45,14.5,56.5,6.0
857,2024-11-26 12:14:45,14.5,56.5,6.0
858,2024-11-26 12:24:45,14.5,56.5,6.0
859,2024-11-26 12:34:45,15.0,56.5,6.4
860,2024-11-26 12:44:45,15.0,56.5,6.4
861,2024-11-26 12:54:45,15.0,56.5,6.4
862,2024-11-26 13:04:45,15.0,56.5,6.4
863,2024-11-26 13:14:45,15.5,56.5,6.9
864,2024-11-26 13:24:45,15.5,56.0,6.8
865,2024-11-26 13:34:45,15.5,56.0,6.8
866,2024-11-26 13:44:45,15.5,56.0,6.8
867,2024-11-26 13:54:45,15.5,56.0,6.8
868,2024-11-26 14:04:45,15.5,55.5,6.6
869,2024-11-26 14:14:45,15.5,55.5,6.6
870,2024-11-26 14:24:45,15.5,55.5,6.6
871,2024-11-26 14:34:45,15.5,55.5,6.6
872,2024-11-26 14:44:45,15.5,55.5,6.6
873,2024-11-26 14:54:45,15.5,55.0,6.5
874,2024-11-26 15:04:45,15.5,55.0,6.5
875,2024-11-26 15:14:45,15.5,55.0,6.5
876,2024-11-26 15:24:45,15.5,55.0,6.5
877,2024-11-26 15:34:45,16.0,54.5,6.8
878,2024-11-26 15:44:45,16.0,54.5,6.8
879,2024-11-26 15:54:45,16.0,54.5,6.8
880,2024-11-26 16:04:45,16.0,54.5,6.8
881,2024-11-26 16:14:45,15.5,54.0,6.2
882,2024-11-26 16:24:45,15.5,54.0,6.2
883,2024-11-26 16:34:45,15.5,54.0,6.2
884,2024-11-26 16:44:45,15.5,54.0,6.2
885,2024-11-26 16:54:45,15.5,54.0,6.2
886,2024-11-26 17:04:45,15.5,54.0,6.2
887,2024-11-26 17:14:45,15.0,54.0,5.8
888,2024-11-26 17:24:45,15.0,54.0,5.8
889,2024-11-26 17:34:45,15.0,53.5,5.6
890,2024-11-26 17:44:45,15.0,53.5,5.6
891,2024-11-26 17:54:45,14.5,53.5,5.2
892,2024-11-26 18:04:45,14.5,53.5,5.2
893,2024-11-26 18:14:45,14.5,53.5,5.2
894,2024-11-26 18:24:45,14.5,53.5,5.2
895,2024-11-26 18:34:45,14.5,53.5,5.2
896,2024-11-26 18:44:45,14.5,54.0,5.3
897,2024-11-26 18:54:45,14.0,54.0,4.9
898,2024-11-26 19:04:45,14.0,54.0,4.9
899,2024-11-26 19:14:45,14.0,54.0,4.9
900,2024-11-26 19:24:45,14.0,54.0,4.9
901,2024-11-26 19:34:45,14.0,54.5,5.0
902,2024-11-26 19:44:45,14.0,54.5,5.0
903,2024-11-26 19:54:45,14.0,54.5,5.0
904,2024-11-26 20:04:45,14.0,54.5,5.0
905,2024-11-26 20:14:45,14.0,54.5,5.0
906,2024-11-26 20:24:45,14.0,54.5,5.0
907,2024-11-26 20:34:45,14.0,54.0,4.9
908,2024-11-26 20:44:45,14.0,54.0,4.9
909,2024-11-26 20:54:45,14.0,54.0,4.9
910,2024-11-26 21:04:45,14.0,54.0,4.9
911,2024-11-26 21:14:45,14.0,54.0,4.9
912,2024-11-26 21:24:45,14.0,54.0,4.9
913,2024-11-26 21:34:45,14.0,54.0,4.9
914,2024-11-26 21:44:45,14.0,54.0,4.9
915,2024-11-26 21:54:45,14.0,54.0,4.9
916,2024-11-26 22:04:45,14.0,54.0,4.9
917,2024-11-26 22:14:45,13.5,53.5,4.3
918,2024-11-26 22:24:45,13.5,53.5,4.3
919,2024-11-26 22:34:45,13.5,53.5,4.3
920,2024-11-26 22:44:45,13.5,53.5,4.3
921,2024-11-26 22:54:45,13.5,53.5,4.3
922,2024-11-26 23:04:45,13.5,53.5,4.3
923,2024-11-26 23:14:45,13.5,53.5,4.3
924,2024-11-26 23:24:45,13.0,54.0,3.9
925,2024-11-26 23:34:45,13.0,53.5,3.8
926,2024-11-26 23:44:45,13.0,54.0,3.9
927,2024-11-26 23:54:45,13.0,53.5,3.8
928,2024-11-27 00:04:45,13.0,53.5,3.8
929,2024-11-27 00:14:45,13.0,53.5,3.8
930,2024-11-27 00:24:45,13.0,53.5,3.8
931,2024-11-27 00:34:45,13.0,54.0,3.9
932,2024-11-27 00:44:45,12.5,53.5,3.3
933,2024-11-27 00:54:45,12.5,53.5,3.3
934,2024-11-27 01:04:45,12.5,54.0,3.5
935,2024-11-27 01:14:45,12.5,54.0,3.5
936,2024-11-27 01:24:45,12.5,54.0,3.5
937,2024-11-27 01:34:45,12.5,54.0,3.5
938,2024-11-27 01:44:45,12.5,54.0,3.5
939,2024-11-27 01:54:45,12.5,54.0,3.5
940,2024-11-27 02:04:45,12.5,54.0,3.5
941,2024-11-27 02:14:45,12.5,54.5,3.6
942,2024-11-27 02:24:45,12.5,54.0,3.5
943,2024-11-27 02:34:45,12.5,54.5,3.6
944,2024-11-27 02:44:45,12.5,54.5,3.6
945,2024-11-27 02:54:45,12.0,54.5,3.1
946,2024-11-27 03:04:45,12.0,54.5,3.1
947,2024-11-27 03:14:45,12.0,54.5,3.1
948,2024-11-27 03:24:45,12.0,55.0,3.3
949,2024-11-27 03:34:45,12.0,55.0,3.3
950,2024-11-27 03:44:45,12.0,55.0,3.3
951,2024-11-27 03:54:45,12.5,55.0,3.7
952,2024-11-27 04:04:45,12.5,55.0,3.7
953,2024-11-27 04:14:45,12.5,55.0,3.7
954,2024-11-27 04:24:45,12.5,55.0,3.7
955,2024-11-27 04:34:45,12.5,55.0,3.7
956,2024-11-27 04:44:45,12.5,55.0,3.7
957,2024-11-27 04:54:45,12.5,55.0,3.7
958,2024-11-27 05:04:45,12.5,54.5,3.6
959,2024-11-27 05:14:45,12.5,54.5,3.6
960,2024-11-27 05:24:45,12.5,54.5,3.6
961,2024-11-27 05:34:45,12.5,54.5,3.6
962,2024-11-27 05:44:45,13.0,54.5,4.1
963,2024-11-27 05:54:45,13.0,54.5,4.1
964,2024-11-27 06:04:45,13.0,54.5,4.1
965,2024-11-27 06:14:45,13.0,54.5,4.1
966,2024-11-27 06:24:45,13.0,54.0,3.9
967,2024-11-27 06:34:45,13.0,54.0,3.9
968,2024-11-27 06:44:45,13.0,54.0,3.9
969,2024-11-27 06:54:45,13.0,54.0,3.9
970,2024-11-27 07:04:45,13.0,54.0,3.9
971,2024-11-27 07:14:45,13.0,54.0,3.9
972,2024-11-27 07:24:45,13.0,54.0,3.9
973,2024-11-27 07:34:45,13.0,54.0,3.9
974,2024-11-27 07:44:45,13.5,54.0,4.4
975,2024-11-27 07:54:45,13.5,54.0,4.4
976,2024-11-27 08:04:45,13.5,54.0,4.4
977,2024-11-27 08:14:45,13.5,54.0,4.4
978,2024-11-27 08:24:45,13.5,54.0,4.4
979,2024-11-27 08:34:45,13.5,53.5,4.3
980,2024-11-27 08:44:45,13.5,53.5,4.3
981,2024-11-27 08:54:45,13.5,53.5,4.3
982,2024-11-27 09:04:45,13.5,53.5,4.3
983,2024-11-27 09:14:45,13.5,53.5,4.3
984,2024-11-27 09:24:45,13.5,53.0,4.1
985,2024-11-27 09:34:45,13.5,53.0,4.1
986,2024-11-27 09:44:45,13.5,53.0,4.1
987,2024-11-27 09:54:45,13.5,53.0,4.1
988,2024-11-27 10:04:45,13.5,53.0,4.1
989,2024-11-27 10:14:45,13.5,53.0,4.1
990,2024-11-27 10:24:45,14.0,52.5,4.4
991,2024-11-27 10:34:45,14.0,52.5,4.4
992,2024-11-27 10:44:45,14.0,52.5,4.4
993,2024-11-27 10:54:45,14.0,52.5,4.4
994,2024-11-27 11:04:45,14.0,52.5,4.4
995,2024-11-27 11:14:45,14.0,52.5,4.4
996,2024-11-27 11:24:45,14.0,52.5,4.4
997,2024-11-27 11:34:45,14.5,52.5,4.9
998,2024-11-27 11:44:45,14.5,52.0,4.8
999,2024-11-27 11:54:45,14.5,52.0,4.8
1000,2024-11-27 12:04:45,14.5,52.0,4.8
1001,2024-11-27 12:14:45,14.5,52.0,4.8
1002,2024-11-27 12:24:45,14.5,52.0,4.8
1003,2024-11-27 12:34:45,14.5,52.0,4.8
1004,2024-11-27 12:44:45,15.0,52.0,5.2
1005,2024-11-27 12:54:45,15.0,52.0,5.2
1006,2024-11-27 13:04:45,15.0,51.5,5.1
1007,2024-11-27 13:14:45,15.0,51.5,5.1
1008,2024-11-27 13:24:45,15.0,51.5,5.1
1009,2024-11-27 13:34:45,15.0,51.5,5.1
1010,2024-11-27 13:44:45,15.0,51.5,5.1
1011,2024-11-27 13:54:45,15.0,51.5,5.1
1012,2024-11-27 14:04:45,15.0,51.5,5.1
1013,2024-11-27 14:14:45,15.0,51.0,5.0
1014,2024-11-27 14:24:45,15.5,51.0,5.4
1015,2024-11-27 14:34:45,15.5,51.0,5.4
1016,2024-11-27 14:44:45,15.5,51.0,5.4
1017,2024-11-27 14:54:45,15.5,51.0,5.4
1018,2024-11-27 15:04:45,15.5,51.0,5.4
1019,2024-11-27 15:14:45,15.5,51.0,5.4
1020,2024-11-27 15:24:45,15.5,50.5,5.3
1021,2024-11-27 15:34:45,15.5,50.5,5.3
1022,2024-11-27 15:44:45,15.5,50.5,5.3
1023,2024-11-27 15:54:45,15.5,50.5,5.3
1024,2024-11-27 16:04:45,15.5,50.5,5.3
1025,2024-11-27 16:14:45,15.5,50.5,5.3
1026,2024-11-27 16:24:45,15.5,50.0,5.1
1027,2024-11-27 16:34:45,15.5,50.0,5.1
1028,2024-11-27 16:44:45,15.5,50.0,5.1
1029,2024-11-27 16:54:45,15.5,50.0,5.1
1030,2024-11-27 17:04:45,15.0,49.5,4.5
1031,2024-11-27 17:14:45,15.0,49.5,4.5
1032,2024-11-27 17:24:45,15.0,49.5,4.5
1033,2024-11-27 17:34:45,15.0,49.5,4.5
1034,2024-11-27 17:44:45,15.0,49.5,4.5
1035,2024-11-27 17:54:45,15.0,49.0,4.4
1036,2024-11-27 18:04:45,14.5,49.0,3.9
1037,2024-11-27 18:14:45,14.5,49.0,3.9
1038,2024-11-27 18:24:45,14.5,48.5,3.8
1039,2024-11-27 18:34:45,14.5,48.5,3.8
1040,2024-11-27 18:44:45,14.5,48.5,3.8
1041,2024-11-27 18:54:45,14.5,48.5,3.8
1042,2024-11-27 19:04:45,14.5,49.0,3.9
1043,2024-11-27 19:14:45,14.5,48.5,3.8
1044,2024-11-27 19:24:45,14.0,48.5,3.3
1045,2024-11-27 19:34:45,14.0,48.5,3.3
1046,2024-11-27 19:44:45,14.0,48.5,3.3
1047,2024-11-27 19:54:45,14.0,48.5,3.3
1048,2024-11-27 20:04:45,14.0,48.5,3.3
1049,2024-11-27 20:14:45,14.0,48.5,3.3
1050,2024-11-27 20:24:45,14.0,49.0,3.5
1051,2024-11-27 20:34:45,14.0,48.5,3.3
1052,2024-11-27 20:44:45,14.0,48.5,3.3
1053,2024-11-27 20:54:45,14.0,48.5,3.3
1054,2024-11-27 21:04:45,14.0,49.0,3.5
1055,2024-11-27 21:14:45,14.0,48.5,3.3
1056,2024-11-27 21:24:45,13.5,49.0,3.0
1057,2024-11-27 21:34:45,13.5,48.5,2.9
1058,2024-11-27 21:44:45,13.5,48.5,2.9
1059,2024-11-27 21:54:45,13.5,48.5,2.9
1060,2024-11-27 22:04:45,13.5,48.5,2.9
1061,2024-11-27 22:14:45,13.0,48.5,2.4
1062,2024-11-27 22:24:45,13.0,48.5,2.4
1063,2024-11-27 22:34:45,13.0,49.0,2.5
1064,2024-11-27 22:44:45,13.0,48.5,2.4
1065,2024-11-27 22:54:45,12.5,48.5,1.9
1066,2024-11-27 23:04:45,12.5,48.5,1.9
1067,2024-11-27 23:14:45,12.5,49.0,2.1
1068,2024-11-27 23:24:45,12.5,48.5,1.9
1069,2024-11-27 23:34:45,12.5,49.0,2.1
1070,2024-11-27 23:44:45,12.5,49.0,2.1
1071,2024-11-27 23:54:45,12.5,49.0,2.1
1072,2024-11-28 00:04:45,12.5,49.0,2.1
1073,2024-11-28 00:14:45,12.5,49.0,2.1
1074,2024-11-28 00:24:45,12.5,49.0,2.1
1075,2024-11-28 00:34:45,12.5,48.5,1.9
1076,2024-11-28 00:44:45,12.5,48.5,1.9
1077,2024-11-28 00:54:45,12.5,48.5,1.9
1078,2024-11-28 01:04:45,12.5,48.5,1.9
1079,2024-11-28 01:14:45,12.5,48.5,1.9
1080,2024-11-28 01:24:45,12.5,48.5,1.9
1081,2024-11-28 01:34:45,12.5,48.5,1.9
1082,2024-11-28 01:44:45,12.5,48.0,1.8
1083,2024-11-28 01:54:45,12.5,48.0,1.8
1084,2024-11-28 02:04:45,12.5,48.0,1.8
1085,2024-11-28 02:14:45,12.5,48.0,1.8
1086,2024-11-28 02:24:45,12.5,48.0,1.8
1087,2024-11-28 02:34:45,12.5,48.0,1.8
1088,2024-11-28 02:44:45,12.5,47.5,1.7
1089,2024-11-28 02:54:45,12.5,47.5,1.7
1090,2024-11-28 03:04:45,12.5,47.5,1.7
1091,2024-11-28 03:14:45,12.5,47.5,1.7
1092,2024-11-28 03:24:45,12.5,47.5,1.7
1093,2024-11-28 03:34:45,12.5,47.5,1.7
1094,2024-11-28 03:44:45,12.5,47.5,1.7
1095,2024-11-28 03:54:45,12.5,47.0,1.5
1096,2024-11-28 04:04:45,12.5,47.0,1.5
1097,2024-11-28 04:14:45,12.5,47.0,1.5
1098,2024-11-28 04:24:45,12.5,47.0,1.5
1099,2024-11-28 04:34:45,12.5,47.0,1.5
1100,2024-11-28 04:44:45,12.0,47.0,1.1
1101,2024-11-28 04:54:45,12.0,47.0,1.1
1102,2024-11-28 05:04:45,12.0,47.0,1.1
1103,2024-11-28 05:14:45,12.0,47.0,1.1
1104,2024-11-28 05:24:45,12.0,46.5,0.9
1105,2024-11-28 05:34:45,12.0,46.5,0.9
1106,2024-11-28 05:44:45,12.0,46.5,0.9
1107,2024-11-28 05:54:45,12.0,46.5,0.9
1108,2024-11-28 06:04:45,12.0,46.5,0.9
1109,2024-11-28 06:14:45,12.0,46.5,0.9
1110,2024-11-28 06:24:45,12.0,46.5,0.9
1111,2024-11-28 06:34:45,12.0,46.5,0.9
1112,2024-11-28 06:44:45,12.0,46.5,0.9
1113,2024-11-28 06:54:45,12.0,46.5,0.9
1114,2024-11-28 07:04:45,12.0,46.5,0.9
1115,2024-11-28 07:14:45,12.0,46.5,0.9
1116,2024-11-28 07:24:45,12.0,46.5,0.9
1117,2024-11-28 07:34:45,12.0,46.5,0.9
1118,2024-11-28 07:44:45,12.0,46.5,0.9
1119,2024-11-28 07:54:45,12.0,47.0,1.1
1120,2024-11-28 08:04:45,12.0,47.0,1.1
1121,2024-11-28 08:14:45,12.0,47.0,1.1
1122,2024-11-28 08:24:45,12.0,47.0,1.1
1123,2024-11-28 08:34:45,12.0,46.5,0.9
1124,2024-11-28 08:44:45,12.0,46.5,0.9
1125,2024-11-28 08:54:45,12.0,46.5,0.9
1126,2024-11-28 09:04:45,12.5,46.5,1.4
1127,2024-11-28 09:14:45,12.5,46.5,1.4
1128,2024-11-28 09:24:45,12.5,46.5,1.4
1129,2024-11-28 09:34:45,12.5,46.5,1.4
1130,2024-11-28 09:44:45,12.5,46.5,1.4
1131,2024-11-28 09:54:45,12.5,46.5,1.4
1132,2024-11-28 10:04:45,12.5,46.0,1.2
1133,2024-11-28 10:14:45,12.5,46.0,1.2
1134,2024-11-28 10:24:45,12.5,46.0,1.2
1135,2024-11-28 10:34:45,12.5,46.0,1.2
1136,2024-11-28 10:44:45,12.5,46.0,1.2
1137,2024-11-28 10:54:45,12.5,46.0,1.2
1138,2024-11-28 11:04:45,12.5,46.5,1.4
1139,2024-11-28 11:14:45,12.5,46.5,1.4
1140,2024-11-28 11:24:45,13.0,46.5,1.8
1141,2024-11-28 11:34:45,13.0,46.5,1.8
1142,2024-11-28 11:44:45,13.0,46.5,1.8
1143,2024-11-28 11:54:45,13.0,46.5,1.8
1144,2024-11-28 12:04:45,13.0,46.5,1.8
1145,2024-11-28 12:14:45,13.0,46.5,1.8
1146,2024-11-28 12:24:45,13.5,47.0,2.4
1147,2024-11-28 12:34:45,13.5,47.0,2.4
1148,2024-11-28 12:44:45,13.5,47.0,2.4
1149,2024-11-28 12:54:45,13.5,47.0,2.4
1150,2024-11-28 13:04:45,13.5,47.0,2.4
1151,2024-11-28 13:14:45,13.5,47.0,2.4
1152,2024-11-28 13:24:45,13.5,47.0,2.4
1153,2024-11-28 13:34:45,13.5,47.0,2.4
1154,2024-11-28 13:44:45,13.5,47.5,2.6
1155,2024-11-28 13:54:45,14.0,47.0,2.9
1156,2024-11-28 14:04:45,14.0,47.0,2.9
1157,2024-11-28 14:14:45,14.0,47.0,2.9
1158,2024-11-28 14:24:45,14.0,47.0,2.9
1159,2024-11-28 14:34:45,14.0,47.0,2.9
1160,2024-11-28 14:44:45,14.0,47.0,2.9
1161,2024-11-28 14:54:45,14.0,47.0,2.9
1162,2024-11-28 15:04:45,14.0,47.5,3.0
1163,2024-11-28 15:14:45,14.0,47.5,3.0
1164,2024-11-28 15:24:45,14.0,47.5,3.0
1165,2024-11-28 15:34:45,14.0,47.5,3.0
1166,2024-11-28 15:44:45,14.0,47.5,3.0
1167,2024-11-28 15:54:45,14.0,47.0,2.9
1168,2024-11-28 16:04:45,14.0,47.5,3.0
1169,2024-11-28 16:14:45,14.0,47.5,3.0
1170,2024-11-28 16:24:45,14.0,47.5,3.0
1171,2024-11-28 16:34:45,14.0,47.5,3.0
1172,2024-11-28 16:44:45,14.0,47.5,3.0
1173,2024-11-28 16:54:45,14.0,47.5,3.0
1174,2024-11-28 17:04:45,14.0,47.5,3.0
1175,2024-11-28 17:14:45,14.0,47.5,3.0
1176,2024-11-28 17:24:45,14.0,47.5,3.0
1177,2024-11-28 17:34:45,14.0,47.5,3.0
1178,2024-11-28 17:44:45,14.0,47.5,3.0
1179,2024-11-28 17:54:45,14.0,47.5,3.0
1180,2024-11-28 18:04:45,14.0,47.5,3.0
1181,2024-11-28 18:14:45,14.0,47.5,3.0
1182,2024-11-28 18:24:45,14.0,47.5,3.0
1183,2024-11-28 18:34:45,14.0,47.5,3.0
1184,2024-11-28 18:44:45,14.0,47.5,3.0
1185,2024-11-28 18:54:45,14.0,47.5,3.0
1186,2024-11-28 19:04:45,14.0,47.5,3.0
1187,2024-11-28 19:14:45,14.0,47.5,3.0
1188,2024-11-28 19:24:45,14.0,48.0,3.2
1189,2024-11-28 19:34:45,14.0,48.0,3.2
1190,2024-11-28 19:44:45,14.0,48.0,3.2
1191,2024-11-28 19:54:45,14.0,48.0,3.2
1192,2024-11-28 20:04:45,14.0,48.0,3.2
1193,2024-11-28 20:14:45,14.0,48.0,3.2
1194,2024-11-28 20:24:45,14.0,48.0,3.2
1195,2024-11-28 20:34:45,14.0,48.0,3.2
1196,2024-11-28 20:44:45,14.0,48.0,3.2
1197,2024-11-28 20:54:45,14.0,48.0,3.2
1198,2024-11-28 21:04:45,14.0,48.0,3.2
1199,2024-11-28 21:14:45,14.0,48.0,3.2
1200,2024-11-28 21:24:45,13.5,48.5,2.9
1201,2024-11-28 21:34:45,13.5,48.5,2.9
1202,2024-11-28 21:44:45,13.5,48.5,2.9
1203,2024-11-28 21:54:45,13.5,48.5,2.9
1204,2024-11-28 22:04:45,13.5,48.5,2.9
1205,2024-11-28 22:14:45,13.5,48.5,2.9
1206,2024-11-28 22:24:45,13.5,48.5,2.9
1207,2024-11-28 22:34:45,13.5,48.5,2.9
1208,2024-11-28 22:44:45,13.5,48.5,2.9
1209,2024-11-28 22:54:45,13.5,48.5,2.9
1210,2024-11-28 23:04:45,13.5,48.5,2.9
1211,2024-11-28 23:14:45,13.5,48.5,2.9
1212,2024-11-28 23:24:45,13.5,49.0,3.0
1213,2024-11-28 23:34:45,13.5,49.0,3.0
1214,2024-11-28 23:44:45,13.5,49.0,3.0
1215,2024-11-28 23:54:45,13.5,49.0,3.0
1216,2024-11-29 00:04:45,13.5,49.0,3.0
1217,2024-11-29 00:14:45,13.5,49.0,3.0
1218,2024-11-29 00:24:45,13.5,49.0,3.0
1219,2024-11-29 00:34:45,13.5,49.0,3.0
1220,2024-11-29 00:44:45,13.5,49.5,3.2
1221,2024-11-29 00:54:45,13.5,49.5,3.2
1222,2024-11-29 01:04:45,13.5,49.5,3.2
1223,2024-11-29 01:14:45,13.5,49.5,3.2
1224,2024-11-29 01:24:45,13.5,49.5,3.2
1225,2024-11-29 01:34:45,13.5,50.0,3.3
1226,2024-11-29 01:44:45,13.5,50.0,3.3
1227,2024-11-29 01:54:45,13.5,50.0,3.3
1228,2024-11-29 02:04:45,13.5,50.0,3.3
1229,2024-11-29 02:14:45,13.5,50.5,3.4
1230,2024-11-29 02:24:45,13.5,50.5,3.4
1231,2024-11-29 02:34:45,13.5,50.5,3.4
1232,2024-11-29 02:44:45,13.5,50.5,3.4
1233,2024-11-29 02:54:45,13.5,51.0,3.6
1234,2024-11-29 03:04:45,13.5,51.0,3.6
1235,2024-11-29 03:14:45,13.5,51.0,3.6
1236,2024-11-29 03:24:45,13.5,51.0,3.6
1237,2024-11-29 03:34:45,13.5,51.0,3.6
1238,2024-11-29 03:44:45,13.5,51.0,3.6
1239,2024-11-29 03:54:45,13.5,51.5,3.7
1240,2024-11-29 04:04:45,13.5,51.5,3.7
1241,2024-11-29 04:14:45,13.5,51.5,3.7
1242,2024-11-29 04:24:45,13.5,51.5,3.7
1243,2024-11-29 04:34:45,13.5,51.5,3.7
1244,2024-11-29 04:44:45,13.5,51.5,3.7
1245,2024-11-29 04:54:45,13.5,51.5,3.7
1246,2024-11-29 05:04:45,13.5,52.0,3.8
1247,2024-11-29 05:14:45,13.5,52.0,3.8
1248,2024-11-29 05:24:45,13.5,52.0,3.8
1249,2024-11-29 05:34:45,13.5,52.0,3.8
1250,2024-11-29 05:44:45,13.5,52.0,3.8
1251,2024-11-29 05:54:45,13.5,52.0,3.8
1252,2024-11-29 06:04:45,13.5,52.5,4.0
1253,2024-11-29 06:14:45,13.5,52.5,4.0
1254,2024-11-29 06:24:45,13.5,52.5,4.0
1255,2024-11-29 06:34:45,13.5,52.5,4.0
1256,2024-11-29 06:44:45,13.5,53.0,4.1
1257,2024-11-29 06:54:45,13.5,53.0,4.1
1258,2024-11-29 07:04:45,13.5,53.0,4.1
1259,2024-11-29 07:14:45,14.0,53.5,4.7
1260,2024-11-29 07:24:45,14.0,53.5,4.7
1261,2024-11-29 07:34:45,14.0,53.5,4.7
1262,2024-11-29 07:44:45,14.0,53.5,4.7
1263,2024-11-29 07:54:45,14.0,53.5,4.7
1264,2024-11-29 08:04:45,14.0,53.5,4.7
1265,2024-11-29 08:14:45,14.0,54.0,4.9
1266,2024-11-29 08:24:45,14.0,54.0,4.9
1267,2024-11-29 08:34:45,14.0,54.0,4.9
1268,2024-11-29 08:44:45,14.0,54.0,4.9
1269,2024-11-29 08:54:45,14.0,54.0,4.9
1270,2024-11-29 09:04:45,14.0,54.0,4.9
1271,2024-11-29 09:14:45,14.0,54.5,5.0
1272,2024-11-29 09:24:45,14.0,54.5,5.0
1273,2024-11-29 09:34:45,14.5,54.5,5.4
1274,2024-11-29 09:44:45,14.5,54.5,5.4
1275,2024-11-29 09:54:45,14.5,54.5,5.4
1276,2024-11-29 10:04:45,14.5,54.5,5.4
1277,2024-11-29 10:14:45,14.5,55.0,5.6
1278,2024-11-29 10:24:45,14.5,55.0,5.6
1279,2024-11-29 10:34:45,14.5,55.0,5.6
1280,2024-11-29 10:44:45,14.5,55.0,5.6
1281,2024-11-29 10:54:45,14.5,55.0,5.6
1282,2024-11-29 11:04:45,15.0,55.0,6.0
1283,2024-11-29 11:14:45,15.0,55.5,6.2
1284,2024-11-29 11:24:45,15.0,55.5,6.2
1285,2024-11-29 11:34:45,15.0,55.5,6.2
1286,2024-11-29 11:44:45,15.5,56.0,6.8
1287,2024-11-29 11:54:45,15.5,55.5,6.6
1288,2024-11-29 12:04:45,15.5,55.5,6.6
1289,2024-11-29 12:14:45,15.5,55.5,6.6
1290,2024-11-29 12:24:45,15.5,56.0,6.8
1291,2024-11-29 12:34:45,15.5,56.0,6.8
1292,2024-11-29 12:44:45,16.0,56.0,7.2
1293,2024-11-29 12:54:45,16.0,56.0,7.2
1294,2024-11-29 13:04:45,16.0,56.0,7.2
1295,2024-11-29 13:14:45,16.0,55.5,7.1
1296,2024-11-29 13:24:45,16.0,55.5,7.1
1297,2024-11-29 13:34:45,16.0,56.5,7.4
1298,2024-11-29 13:44:45,16.0,56.0,7.2
1299,2024-11-29 13:54:45,16.5,56.0,7.7
1300,2024-11-29 14:04:45,16.5,56.0,7.7
1301,2024-11-29 14:14:45,16.5,56.0,7.7
1302,2024-11-29 14:24:45,16.5,56.0,7.7
1303,2024-11-29 14:34:45,16.5,56.0,7.7
1304,2024-11-29 14:44:45,16.5,55.5,7.6
1305,2024-11-29 14:54:45,16.5,56.0,7.7
1306,2024-11-29 15:04:45,16.5,56.0,7.7
1307,2024-11-29 15:14:45,16.5,56.0,7.7
1308,2024-11-29 15:24:45,16.5,56.0,7.7
1309,2024-11-29 15:34:45,16.5,55.5,7.6
1310,2024-11-29 15:44:45,16.5,56.0,7.7
1311,2024-11-29 15:54:45,16.5,56.0,7.7
1312,2024-11-29 16:04:45,16.5,56.0,7.7
1313,2024-11-29 16:14:45,16.5,56.0,7.7
1314,2024-11-29 16:24:45,16.5,56.0,7.7
1315,2024-11-29 16:34:45,16.5,56.0,7.7
1316,2024-11-29 16:44:45,16.5,56.0,7.7
1317,2024-11-29 16:54:45,16.5,56.0,7.7
1318,2024-11-29 17:04:45,16.5,56.0,7.7
1319,2024-11-29 17:14:45,16.5,56.5,7.8
1320,2024-11-29 17:24:45,16.5,56.5,7.8
1321,2024-11-29 17:34:45,16.0,56.5,7.4
1322,2024-11-29 17:44:45,16.0,56.5,7.4
1323,2024-11-29 17:54:45,16.0,56.5,7.4
1324,2024-11-29 18:04:45,16.0,56.5,7.4
1325,2024-11-29 18:14:45,16.0,57.0,7.5
1326,2024-11-29 18:24:45,16.0,57.0,7.5
1327,2024-11-29 18:34:45,15.5,57.0,7.0
1328,2024-11-29 18:44:45,15.5,57.0,7.0
1329,2024-11-29 18:54:45,15.5,57.5,7.2
1330,2024-11-29 19:04:45,15.5,57.5,7.2
1331,2024-11-29 19:14:45,15.5,57.5,7.2
1332,2024-11-29 19:24:45,15.5,57.5,7.2
1333,2024-11-29 19:34:45,15.5,57.5,7.2
1334,2024-11-29 19:44:45,15.5,58.0,7.3
1335,2024-11-29 19:54:45,15.5,58.0,7.3
1336,2024-11-29 20:04:45,15.0,58.0,6.8
1337,2024-11-29 20:14:45,15.0,58.0,6.8
1338,2024-11-29 20:24:45,15.0,58.5,6.9
1339,2024-11-29 20:34:45,15.0,58.5,6.9
1340,2024-11-29 20:44:45,15.0,58.5,6.9
1341,2024-11-29 20:54:45,15.0,58.5,6.9
1342,2024-11-29 21:04:45,15.0,58.5,6.9
1343,2024-11-29 21:14:45,15.0,58.5,6.9
1344,2024-11-29 21:24:45,15.0,59.0,7.1
1345,2024-11-29 21:34:45,15.0,59.0,7.1
1346,2024-11-29 21:44:45,15.0,59.0,7.1
1347,2024-11-29 21:54:45,15.0,59.5,7.2
1348,2024-11-29 22:04:45,15.0,59.5,7.2
1349,2024-11-29 22:14:45,15.0,59.5,7.2
1350,2024-11-29 22:24:45,15.0,59.5,7.2
1351,2024-11-29 22:34:45,15.0,59.5,7.2
1352,2024-11-29 22:44:45,15.0,60.0,7.3
1353,2024-11-29 22:54:45,15.0,60.0,7.3
1354,2024-11-29 23:04:45,15.0,60.0,7.3
1355,2024-11-29 23:14:45,15.0,60.5,7.4
1356,2024-11-29 23:24:45,15.0,61.0,7.5
1357,2024-11-29 23:34:45,15.0,60.5,7.4
1358,2024-11-29 23:44:45,15.0,60.5,7.4
1359,2024-11-29 23:54:45,15.0,61.0,7.5
1360,2024-11-30 00:04:45,14.5,61.0,7.1
1361,2024-11-30 00:14:45,14.5,61.0,7.1
1362,2024-11-30 00:24:45,14.5,61.5,7.2
1363,2024-11-30 00:34:45,14.5,61.5,7.2
1364,2024-11-30 00:44:45,14.5,61.5,7.2
1365,2024-11-30 00:54:45,14.5,62.0,7.3
1366,2024-11-30 01:04:45,14.5,62.0,7.3
1367,2024-11-30 01:14:45,14.5,62.0,7.3
1368,2024-11-30 01:24:45,14.5,62.5,7.4
1369,2024-11-30 01:34:45,14.5,62.0,7.3
1370,2024-11-30 01:44:45,14.5,62.5,7.4
1371,2024-11-30 01:54:45,14.5,62.5,7.4
1372,2024-11-30 02:04:45,14.5,62.5,7.4
1373,2024-11-30 02:14:45,14.5,63.0,7.5
1374,2024-11-30 02:24:45,14.5,63.0,7.5
1375,2024-11-30 02:34:45,14.5,63.5,7.7
1376,2024-11-30 02:44:45,14.5,63.5,7.7
1377,2024-11-30 02:54:45,15.0,63.5,8.1
1378,2024-11-30 03:04:45,15.0,63.5,8.1
1379,2024-11-30 03:14:45,15.0,64.0,8.3
1380,2024-11-30 03:24:45,15.0,64.0,8.3
1381,2024-11-30 03:34:45,15.0,64.0,8.3
1382,2024-11-30 03:44:45,15.0,64.5,8.4
1383,2024-11-30 03:54:45,15.0,64.5,8.4
1384,2024-11-30 04:04:45,15.0,64.5,8.4
1385,2024-11-30 04:14:45,15.0,65.0,8.5
1386,2024-11-30 04:24:45,15.0,65.0,8.5
1387,2024-11-30 04:34:45,15.0,65.0,8.5
1388,2024-11-30 04:44:45,15.0,65.0,8.5
1389,2024-11-30 04:54:45,15.0,65.5,8.6
1390,2024-11-30 05:04:45,15.0,65.5,8.6
1391,2024-11-30 05:14:45,15.0,65.5,8.6
1392,2024-11-30 05:24:45,15.0,65.5,8.6
1393,2024-11-30 05:34:45,15.0,66.0,8.7
1394,2024-11-30 05:44:45,15.0,66.0,8.7
1395,2024-11-30 05:54:45,15.0,66.0,8.7
1396,2024-11-30 06:04:45,14.5,66.0,8.2
1397,2024-11-30 06:14:45,14.5,66.0,8.2
1398,2024-11-30 06:24:45,15.0,66.0,8.7
1399,2024-11-30 06:34:45,15.0,66.0,8.7
1400,2024-11-30 06:44:45,15.0,66.0,8.7
1401,2024-11-30 06:54:45,15.0,66.0,8.7
1402,2024-11-30 07:04:45,15.0,66.0,8.7
1403,2024-11-30 07:14:45,15.0,66.0,8.7
1404,2024-11-30 07:24:45,15.0,66.0,8.7
1405,2024-11-30 07:34:45,15.0,66.5,8.8
1406,2024-11-30 07:44:45,15.0,66.5,8.8
1407,2024-11-30 07:54:45,15.0,66.5,8.8
1408,2024-11-30 08:04:45,15.0,66.5,8.8
1409,2024-11-30 08:14:45,15.0,66.5,8.8
1410,2024-11-30 08:24:45,15.0,66.5,8.8
1411,2024-11-30 08:34:45,15.0,66.5,8.8
1412,2024-11-30 08:44:45,15.0,66.5,8.8
1413,2024-11-30 08:54:45,15.0,66.5,8.8
1414,2024-11-30 09:04:45,14.5,66.5,8.3
1415,2024-11-30 09:14:45,15.0,67.0,8.9
1416,2024-11-30 09:24:45,15.0,67.0,8.9
1417,2024-11-30 09:34:45,15.0,67.0,8.9
1418,2024-11-30 09:44:45,15.0,67.0,8.9
1419,2024-11-30 09:54:45,15.0,67.0,8.9
1420,2024-11-30 10:04:45,15.0,67.0,8.9
1421,2024-11-30 10:14:45,15.5,66.5,9.3
1422,2024-11-30 10:24:45,15.5,66.5,9.3
1423,2024-11-30 10:34:45,15.5,66.5,9.3
1424,2024-11-30 10:44:45,15.5,66.5,9.3
1425,2024-11-30 10:54:45,15.5,66.5,9.3
1426,2024-11-30 11:04:45,16.0,66.5,9.8
1427,2024-11-30 11:14:45,16.0,66.5,9.8
1428,2024-11-30 11:24:45,16.0,66.0,9.7
1429,2024-11-30 11:34:45,16.0,66.0,9.7
1430,2024-11-30 11:44:45,16.5,66.0,10.1
1431,2024-11-30 11:54:45,16.5,66.0,10.1
1432,2024-11-30 12:04:45,16.5,66.0,10.1
1433,2024-11-30 12:14:45,16.5,66.0,10.1
1434,2024-11-30 12:24:45,17.0,65.5,10.5
1435,2024-11-30 12:34:45,17.0,65.5,10.5
1436,2024-11-30 12:44:45,17.0,65.5,10.5
1437,2024-11-30 12:54:45,17.0,65.5,10.5
1438,2024-11-30 13:04:45,17.0,65.5,10.5
1439,2024-11-30 13:14:45,17.5,66.0,11.1
1440,2024-11-30 13:24:45,17.5,66.0,11.1
1441,2024-11-30 13:34:45,17.5,65.5,11.0
1442,2024-11-30 13:44:45,17.5,65.5,11.0
1443,2024-11-30 13:54:45,17.5,65.0,10.9
1444,2024-11-30 14:04:45,17.5,65.0,10.9
1445,2024-11-30 14:14:45,18.0,65.0,11.3
1446,2024-11-30 14:24:45,18.0,64.5,11.2
1447,2024-11-30 14:34:45,18.0,64.5,11.2
1448,2024-11-30 14:44:45,18.0,64.0,11.1
1449,2024-11-30 14:54:45,18.0,64.0,11.1
1450,2024-11-30 15:04:45,18.0,64.0,11.1
1451,2024-11-30 15:14:45,18.0,64.0,11.1
1452,2024-11-30 15:24:45,18.0,64.0,11.1
1453,2024-11-30 15:34:45,18.0,63.5,11.0
1454,2024-11-30 15:44:45,18.0,63.5,11.0
1455,2024-11-30 15:54:45,18.0,63.5,11.0
1456,2024-11-30 16:04:45,18.0,63.5,11.0
1457,2024-11-30 16:14:45,18.0,63.5,11.0
1458,2024-11-30 16:24:45,18.0,63.5,11.0
1459,2024-11-30 16:34:45,18.0,63.5,11.0
1460,2024-11-30 16:44:45,18.0,63.5,11.0
1461,2024-11-30 16:54:45,18.0,63.5,11.0
1462,2024-11-30 17:04:45,17.5,63.5,10.5
