balcony_right,Time,Celsius(ï¿½C),Serial Number
1,2024-11-20 13:13:51,18.5,052269746
2,2024-11-20 13:23:51,17.0
3,2024-11-20 13:33:51,17.0
4,2024-11-20 13:43:51,18.5
5,2024-11-20 13:53:51,18.5
6,2024-11-20 14:03:51,18.0
7,2024-11-20 14:13:51,18.0
8,2024-11-20 14:23:51,17.5
9,2024-11-20 14:33:51,17.5
10,2024-11-20 14:43:51,17.5
11,2024-11-20 14:53:51,17.5
12,2024-11-20 15:03:51,17.5
13,2024-11-20 15:13:51,17.5
14,2024-11-20 15:23:51,17.5
15,2024-11-20 15:33:51,17.5
16,2024-11-20 15:43:51,17.5
17,2024-11-20 15:53:51,17.5
18,2024-11-20 16:03:51,17.0
19,2024-11-20 16:13:51,17.0
20,2024-11-20 16:23:51,17.0
21,2024-11-20 16:33:51,17.0
22,2024-11-20 16:43:51,17.0
23,2024-11-20 16:53:51,17.0
24,2024-11-20 17:03:51,17.0
25,2024-11-20 17:13:51,16.5
26,2024-11-20 17:23:51,16.0
27,2024-11-20 17:33:51,15.5
28,2024-11-20 17:43:51,15.0
29,2024-11-20 17:53:51,14.5
30,2024-11-20 18:03:51,14.5
31,2024-11-20 18:13:51,14.0
32,2024-11-20 18:23:51,14.0
33,2024-11-20 18:33:51,13.5
34,2024-11-20 18:43:51,13.5
35,2024-11-20 18:53:51,13.5
36,2024-11-20 19:03:51,13.0
37,2024-11-20 19:13:51,13.0
38,2024-11-20 19:23:51,13.0
39,2024-11-20 19:33:51,13.0
40,2024-11-20 19:43:51,13.0
41,2024-11-20 19:53:51,13.0
42,2024-11-20 20:03:51,12.5
43,2024-11-20 20:13:51,12.5
44,2024-11-20 20:23:51,12.5
45,2024-11-20 20:33:51,12.5
46,2024-11-20 20:43:51,12.5
47,2024-11-20 20:53:51,12.5
48,2024-11-20 21:03:51,12.5
49,2024-11-20 21:13:51,12.5
50,2024-11-20 21:23:51,12.5
51,2024-11-20 21:33:51,12.5
52,2024-11-20 21:43:51,12.5
53,2024-11-20 21:53:51,12.0
54,2024-11-20 22:03:51,12.0
55,2024-11-20 22:13:51,12.0
56,2024-11-20 22:23:51,12.0
57,2024-11-20 22:33:51,12.0
58,2024-11-20 22:43:51,12.0
59,2024-11-20 22:53:51,12.0
60,2024-11-20 23:03:51,12.0
61,2024-11-20 23:13:51,12.0
62,2024-11-20 23:23:51,12.0
63,2024-11-20 23:33:51,12.0
64,2024-11-20 23:43:51,12.0
65,2024-11-20 23:53:51,12.0
66,2024-11-21 00:03:51,12.0
67,2024-11-21 00:13:51,12.0
68,2024-11-21 00:23:51,12.0
69,2024-11-21 00:33:51,12.0
70,2024-11-21 00:43:51,12.0
71,2024-11-21 00:53:51,12.0
72,2024-11-21 01:03:51,12.0
73,2024-11-21 01:13:51,12.0
74,2024-11-21 01:23:51,12.0
75,2024-11-21 01:33:51,12.0
76,2024-11-21 01:43:51,12.0
77,2024-11-21 01:53:51,12.0
78,2024-11-21 02:03:51,12.0
79,2024-11-21 02:13:51,12.0
80,2024-11-21 02:23:51,12.0
81,2024-11-21 02:33:51,12.0
82,2024-11-21 02:43:51,12.0
83,2024-11-21 02:53:51,12.0
84,2024-11-21 03:03:51,12.0
85,2024-11-21 03:13:51,12.0
86,2024-11-21 03:23:51,12.0
87,2024-11-21 03:33:51,12.0
88,2024-11-21 03:43:51,12.0
89,2024-11-21 03:53:51,12.0
90,2024-11-21 04:03:51,12.0
91,2024-11-21 04:13:51,12.0
92,2024-11-21 04:23:51,12.0
93,2024-11-21 04:33:51,12.0
94,2024-11-21 04:43:51,12.0
95,2024-11-21 04:53:51,12.0
96,2024-11-21 05:03:51,12.0
97,2024-11-21 05:13:51,12.0
98,2024-11-21 05:23:51,12.0
99,2024-11-21 05:33:51,12.0
100,2024-11-21 05:43:51,12.0
101,2024-11-21 05:53:51,12.0
102,2024-11-21 06:03:51,12.0
103,2024-11-21 06:13:51,12.0
104,2024-11-21 06:23:51,12.0
105,2024-11-21 06:33:51,12.0
106,2024-11-21 06:43:51,12.0
107,2024-11-21 06:53:51,12.0
108,2024-11-21 07:03:51,12.0
109,2024-11-21 07:13:51,12.0
110,2024-11-21 07:23:51,12.0
111,2024-11-21 07:33:51,12.0
112,2024-11-21 07:43:51,12.0
113,2024-11-21 07:53:51,12.0
114,2024-11-21 08:03:51,12.0
115,2024-11-21 08:13:51,11.5
116,2024-11-21 08:23:51,12.0
117,2024-11-21 08:33:51,11.5
118,2024-11-21 08:43:51,11.5
119,2024-11-21 08:53:51,11.5
120,2024-11-21 09:03:51,11.5
121,2024-11-21 09:13:51,11.5
122,2024-11-21 09:23:51,12.0
123,2024-11-21 09:33:51,12.0
124,2024-11-21 09:43:51,12.0
125,2024-11-21 09:53:51,12.0
126,2024-11-21 10:03:51,12.0
127,2024-11-21 10:13:51,12.0
128,2024-11-21 10:23:51,12.0
129,2024-11-21 10:33:51,12.0
130,2024-11-21 10:43:51,12.0
131,2024-11-21 10:53:51,12.0
132,2024-11-21 11:03:51,12.0
133,2024-11-21 11:13:51,12.0
134,2024-11-21 11:23:51,12.0
135,2024-11-21 11:33:51,12.0
136,2024-11-21 11:43:51,12.0
137,2024-11-21 11:53:51,12.5
138,2024-11-21 12:03:51,16.0
139,2024-11-21 12:13:51,14.0
140,2024-11-21 12:23:51,13.5
141,2024-11-21 12:33:51,13.5
142,2024-11-21 12:43:51,13.5
143,2024-11-21 12:53:51,13.5
144,2024-11-21 13:03:51,13.5
145,2024-11-21 13:13:51,13.5
146,2024-11-21 13:23:51,13.5
147,2024-11-21 13:33:51,13.5
148,2024-11-21 13:43:51,13.5
149,2024-11-21 13:53:51,13.5
150,2024-11-21 14:03:51,13.5
151,2024-11-21 14:13:51,13.5
152,2024-11-21 14:23:51,13.5
153,2024-11-21 14:33:51,13.5
154,2024-11-21 14:43:51,13.5
155,2024-11-21 14:53:51,13.5
156,2024-11-21 15:03:51,13.5
157,2024-11-21 15:13:51,13.5
158,2024-11-21 15:23:51,13.5
159,2024-11-21 15:33:51,13.5
160,2024-11-21 15:43:51,13.5
161,2024-11-21 15:53:51,13.5
162,2024-11-21 16:03:51,13.5
163,2024-11-21 16:13:51,13.5
164,2024-11-21 16:23:51,13.5
165,2024-11-21 16:33:51,13.5
166,2024-11-21 16:43:51,13.5
167,2024-11-21 16:53:51,13.5
168,2024-11-21 17:03:51,13.5
169,2024-11-21 17:13:51,13.5
170,2024-11-21 17:23:51,13.5
171,2024-11-21 17:33:51,13.5
172,2024-11-21 17:43:51,13.5
173,2024-11-21 17:53:51,13.5
174,2024-11-21 18:03:51,13.5
175,2024-11-21 18:13:51,13.5
176,2024-11-21 18:23:51,13.5
177,2024-11-21 18:33:51,13.5
178,2024-11-21 18:43:51,13.5
179,2024-11-21 18:53:51,13.5
180,2024-11-21 19:03:51,13.5
181,2024-11-21 19:13:51,13.5
182,2024-11-21 19:23:51,13.5
183,2024-11-21 19:33:51,13.5
184,2024-11-21 19:43:51,13.5
185,2024-11-21 19:53:51,13.5
186,2024-11-21 20:03:51,13.0
187,2024-11-21 20:13:51,13.0
188,2024-11-21 20:23:51,13.0
189,2024-11-21 20:33:51,13.0
190,2024-11-21 20:43:51,13.0
191,2024-11-21 20:53:51,13.0
192,2024-11-21 21:03:51,13.0
193,2024-11-21 21:13:51,13.0
194,2024-11-21 21:23:51,13.0
195,2024-11-21 21:33:51,13.0
196,2024-11-21 21:43:51,13.0
197,2024-11-21 21:53:51,13.0
198,2024-11-21 22:03:51,13.0
199,2024-11-21 22:13:51,13.0
200,2024-11-21 22:23:51,13.0
201,2024-11-21 22:33:51,13.0
202,2024-11-21 22:43:51,13.0
203,2024-11-21 22:53:51,13.0
204,2024-11-21 23:03:51,13.0
205,2024-11-21 23:13:51,13.0
206,2024-11-21 23:23:51,13.0
207,2024-11-21 23:33:51,13.0
208,2024-11-21 23:43:51,13.0
209,2024-11-21 23:53:51,13.0
210,2024-11-22 00:03:51,13.0
211,2024-11-22 00:13:51,12.5
212,2024-11-22 00:23:51,12.5
213,2024-11-22 00:33:51,12.5
214,2024-11-22 00:43:51,12.5
215,2024-11-22 00:53:51,12.5
216,2024-11-22 01:03:51,12.5
217,2024-11-22 01:13:51,12.5
218,2024-11-22 01:23:51,12.5
219,2024-11-22 01:33:51,12.5
220,2024-11-22 01:43:51,12.5
221,2024-11-22 01:53:51,12.5
222,2024-11-22 02:03:51,12.5
223,2024-11-22 02:13:51,12.5
224,2024-11-22 02:23:51,12.5
225,2024-11-22 02:33:51,12.5
226,2024-11-22 02:43:51,12.5
227,2024-11-22 02:53:51,12.5
228,2024-11-22 03:03:51,12.5
229,2024-11-22 03:13:51,12.5
230,2024-11-22 03:23:51,12.5
231,2024-11-22 03:33:51,12.5
232,2024-11-22 03:43:51,12.5
233,2024-11-22 03:53:51,12.5
234,2024-11-22 04:03:51,12.5
235,2024-11-22 04:13:51,12.5
236,2024-11-22 04:23:51,12.5
237,2024-11-22 04:33:51,12.5
238,2024-11-22 04:43:51,12.0
239,2024-11-22 04:53:51,12.0
240,2024-11-22 05:03:51,12.0
241,2024-11-22 05:13:51,12.0
242,2024-11-22 05:23:51,12.0
243,2024-11-22 05:33:51,12.0
244,2024-11-22 05:43:51,12.0
245,2024-11-22 05:53:51,12.0
246,2024-11-22 06:03:51,12.0
247,2024-11-22 06:13:51,12.0
248,2024-11-22 06:23:51,12.5
249,2024-11-22 06:33:51,12.5
250,2024-11-22 06:43:51,12.5
251,2024-11-22 06:53:51,12.5
252,2024-11-22 07:03:51,12.5
253,2024-11-22 07:13:51,12.5
254,2024-11-22 07:23:51,12.0
255,2024-11-22 07:33:51,12.0
256,2024-11-22 07:43:51,12.0
257,2024-11-22 07:53:51,12.0
258,2024-11-22 08:03:51,12.0
259,2024-11-22 08:13:51,12.0
260,2024-11-22 08:23:51,12.0
261,2024-11-22 08:33:51,12.0
262,2024-11-22 08:43:51,12.0
263,2024-11-22 08:53:51,12.0
264,2024-11-22 09:03:51,12.0
265,2024-11-22 09:13:51,12.0
266,2024-11-22 09:23:51,12.0
267,2024-11-22 09:33:51,12.0
268,2024-11-22 09:43:51,12.0
269,2024-11-22 09:53:51,12.5
270,2024-11-22 10:03:51,12.5
271,2024-11-22 10:13:51,12.5
272,2024-11-22 10:23:51,12.5
273,2024-11-22 10:33:51,12.5
274,2024-11-22 10:43:51,12.5
275,2024-11-22 10:53:51,13.0
276,2024-11-22 11:03:51,13.0
277,2024-11-22 11:13:51,13.0
278,2024-11-22 11:23:51,13.0
279,2024-11-22 11:33:51,13.0
280,2024-11-22 11:43:51,13.0
281,2024-11-22 11:53:51,13.0
282,2024-11-22 12:03:51,13.5
283,2024-11-22 12:13:51,13.5
284,2024-11-22 12:23:51,13.5
285,2024-11-22 12:33:51,13.5
286,2024-11-22 12:43:51,13.5
287,2024-11-22 12:53:51,13.5
288,2024-11-22 13:03:51,13.5
289,2024-11-22 13:13:51,13.5
290,2024-11-22 13:23:51,14.0
291,2024-11-22 13:33:51,14.0
292,2024-11-22 13:43:51,14.0
293,2024-11-22 13:53:51,14.0
294,2024-11-22 14:03:51,14.0
295,2024-11-22 14:13:51,14.0
296,2024-11-22 14:23:51,14.0
297,2024-11-22 14:33:51,14.0
298,2024-11-22 14:43:51,14.0
299,2024-11-22 14:53:51,14.0
300,2024-11-22 15:03:51,14.0
301,2024-11-22 15:13:51,14.0
302,2024-11-22 15:23:51,14.0
303,2024-11-22 15:33:51,14.0
304,2024-11-22 15:43:51,14.0
305,2024-11-22 15:53:51,14.0
306,2024-11-22 16:03:51,14.0
307,2024-11-22 16:13:51,14.0
308,2024-11-22 16:23:51,14.0
309,2024-11-22 16:33:51,14.0
310,2024-11-22 16:43:51,14.0
311,2024-11-22 16:53:51,14.0
312,2024-11-22 17:03:51,14.0
313,2024-11-22 17:13:51,14.0
314,2024-11-22 17:23:51,14.0
315,2024-11-22 17:33:51,14.0
316,2024-11-22 17:43:51,14.0
317,2024-11-22 17:53:51,14.0
318,2024-11-22 18:03:51,14.0
319,2024-11-22 18:13:51,14.0
320,2024-11-22 18:23:51,14.0
321,2024-11-22 18:33:51,14.0
322,2024-11-22 18:43:51,14.0
323,2024-11-22 18:53:51,14.0
324,2024-11-22 19:03:51,14.0
325,2024-11-22 19:13:51,14.0
326,2024-11-22 19:23:51,14.0
327,2024-11-22 19:33:51,13.5
328,2024-11-22 19:43:51,13.5
329,2024-11-22 19:53:51,13.5
330,2024-11-22 20:03:51,13.5
331,2024-11-22 20:13:51,13.5
332,2024-11-22 20:23:51,13.5
333,2024-11-22 20:33:51,13.5
334,2024-11-22 20:43:51,13.5
335,2024-11-22 20:53:51,13.5
336,2024-11-22 21:03:51,13.5
337,2024-11-22 21:13:51,13.5
338,2024-11-22 21:23:51,13.5
339,2024-11-22 21:33:51,13.5
340,2024-11-22 21:43:51,13.5
341,2024-11-22 21:53:51,13.5
342,2024-11-22 22:03:51,13.5
343,2024-11-22 22:13:51,13.5
344,2024-11-22 22:23:51,13.5
345,2024-11-22 22:33:51,13.5
346,2024-11-22 22:43:51,13.5
347,2024-11-22 22:53:51,13.5
348,2024-11-22 23:03:51,13.5
349,2024-11-22 23:13:51,13.5
350,2024-11-22 23:23:51,13.5
351,2024-11-22 23:33:51,13.5
352,2024-11-22 23:43:51,13.5
353,2024-11-22 23:53:51,13.0
354,2024-11-23 00:03:51,13.0
355,2024-11-23 00:13:51,13.0
356,2024-11-23 00:23:51,13.0
357,2024-11-23 00:33:51,13.0
358,2024-11-23 00:43:51,13.0
359,2024-11-23 00:53:51,13.0
360,2024-11-23 01:03:51,13.0
361,2024-11-23 01:13:51,13.0
362,2024-11-23 01:23:51,13.0
363,2024-11-23 01:33:51,13.0
364,2024-11-23 01:43:51,13.0
365,2024-11-23 01:53:51,13.0
366,2024-11-23 02:03:51,13.0
367,2024-11-23 02:13:51,13.0
368,2024-11-23 02:23:51,13.0
369,2024-11-23 02:33:51,13.0
370,2024-11-23 02:43:51,13.0
371,2024-11-23 02:53:51,13.0
372,2024-11-23 03:03:51,13.0
373,2024-11-23 03:13:51,13.0
374,2024-11-23 03:23:51,13.0
375,2024-11-23 03:33:51,13.0
376,2024-11-23 03:43:51,13.0
377,2024-11-23 03:53:51,13.0
378,2024-11-23 04:03:51,13.0
379,2024-11-23 04:13:51,13.0
380,2024-11-23 04:23:51,13.0
381,2024-11-23 04:33:51,13.0
382,2024-11-23 04:43:51,13.0
383,2024-11-23 04:53:51,13.0
384,2024-11-23 05:03:51,12.5
385,2024-11-23 05:13:51,12.5
386,2024-11-23 05:23:51,12.5
387,2024-11-23 05:33:51,12.5
388,2024-11-23 05:43:51,13.0
389,2024-11-23 05:53:51,13.0
390,2024-11-23 06:03:51,13.0
391,2024-11-23 06:13:51,13.0
392,2024-11-23 06:23:51,13.0
393,2024-11-23 06:33:51,13.0
394,2024-11-23 06:43:51,13.0
395,2024-11-23 06:53:51,13.0
396,2024-11-23 07:03:51,13.0
397,2024-11-23 07:13:51,13.0
398,2024-11-23 07:23:51,12.5
399,2024-11-23 07:33:51,12.5
400,2024-11-23 07:43:51,12.5
401,2024-11-23 07:53:51,12.5
402,2024-11-23 08:03:51,12.5
403,2024-11-23 08:13:51,12.5
404,2024-11-23 08:23:51,12.5
405,2024-11-23 08:33:51,12.5
406,2024-11-23 08:43:51,12.5
407,2024-11-23 08:53:51,12.5
408,2024-11-23 09:03:51,12.5
409,2024-11-23 09:13:51,12.5
410,2024-11-23 09:23:51,12.5
411,2024-11-23 09:33:51,12.5
412,2024-11-23 09:43:51,12.5
413,2024-11-23 09:53:51,12.5
414,2024-11-23 10:03:51,12.5
415,2024-11-23 10:13:51,12.5
416,2024-11-23 10:23:51,12.5
417,2024-11-23 10:33:51,12.5
418,2024-11-23 10:43:51,12.5
419,2024-11-23 10:53:51,12.5
420,2024-11-23 11:03:51,12.5
421,2024-11-23 11:13:51,12.5
422,2024-11-23 11:23:51,13.0
423,2024-11-23 11:33:51,13.0
424,2024-11-23 11:43:51,13.0
425,2024-11-23 11:53:51,13.0
426,2024-11-23 12:03:51,13.0
427,2024-11-23 12:13:51,13.0
428,2024-11-23 12:23:51,13.0
429,2024-11-23 12:33:51,13.0
430,2024-11-23 12:43:51,13.0
431,2024-11-23 12:53:51,13.0
432,2024-11-23 13:03:51,13.0
433,2024-11-23 13:13:51,13.0
434,2024-11-23 13:23:51,13.0
435,2024-11-23 13:33:51,13.0
436,2024-11-23 13:43:51,13.0
437,2024-11-23 13:53:51,13.0
438,2024-11-23 14:03:51,13.5
439,2024-11-23 14:13:51,13.5
440,2024-11-23 14:23:51,13.5
441,2024-11-23 14:33:51,13.5
442,2024-11-23 14:43:51,13.5
443,2024-11-23 14:53:51,13.0
444,2024-11-23 15:03:51,13.0
445,2024-11-23 15:13:51,13.0
446,2024-11-23 15:23:51,13.0
447,2024-11-23 15:33:51,13.0
448,2024-11-23 15:43:51,13.0
449,2024-11-23 15:53:51,13.0
450,2024-11-23 16:03:51,13.0
451,2024-11-23 16:13:51,13.0
452,2024-11-23 16:23:51,13.0
453,2024-11-23 16:33:51,13.0
454,2024-11-23 16:43:51,13.0
455,2024-11-23 16:53:51,13.0
456,2024-11-23 17:03:51,13.0
457,2024-11-23 17:13:51,13.0
458,2024-11-23 17:23:51,13.0
459,2024-11-23 17:33:51,13.0
460,2024-11-23 17:43:51,13.0
461,2024-11-23 17:53:51,13.0
462,2024-11-23 18:03:51,13.0
463,2024-11-23 18:13:51,13.0
464,2024-11-23 18:23:51,13.0
465,2024-11-23 18:33:51,13.0
466,2024-11-23 18:43:51,13.0
467,2024-11-23 18:53:51,13.0
468,2024-11-23 19:03:51,13.0
469,2024-11-23 19:13:51,13.0
470,2024-11-23 19:23:51,13.0
471,2024-11-23 19:33:51,13.0
472,2024-11-23 19:43:51,13.0
473,2024-11-23 19:53:51,13.0
474,2024-11-23 20:03:51,13.0
475,2024-11-23 20:13:51,13.0
476,2024-11-23 20:23:51,13.0
477,2024-11-23 20:33:51,13.0
478,2024-11-23 20:43:51,13.0
479,2024-11-23 20:53:51,13.0
480,2024-11-23 21:03:51,13.0
481,2024-11-23 21:13:51,13.0
482,2024-11-23 21:23:51,13.0
483,2024-11-23 21:33:51,13.0
484,2024-11-23 21:43:51,13.0
485,2024-11-23 21:53:51,13.0
486,2024-11-23 22:03:51,13.0
487,2024-11-23 22:13:51,13.0
488,2024-11-23 22:23:51,13.0
489,2024-11-23 22:33:51,13.0
490,2024-11-23 22:43:51,13.0
491,2024-11-23 22:53:51,13.0
492,2024-11-23 23:03:51,13.0
493,2024-11-23 23:13:51,13.0
494,2024-11-23 23:23:51,13.0
495,2024-11-23 23:33:51,13.0
496,2024-11-23 23:43:51,13.0
497,2024-11-23 23:53:51,13.0
498,2024-11-24 00:03:51,13.0
499,2024-11-24 00:13:51,13.0
500,2024-11-24 00:23:51,13.5
501,2024-11-24 00:33:51,13.5
502,2024-11-24 00:43:51,13.5
503,2024-11-24 00:53:51,13.5
504,2024-11-24 01:03:51,13.5
505,2024-11-24 01:13:51,13.5
506,2024-11-24 01:23:51,13.5
507,2024-11-24 01:33:51,13.5
508,2024-11-24 01:43:51,13.5
509,2024-11-24 01:53:51,13.5
510,2024-11-24 02:03:51,14.0
511,2024-11-24 02:13:51,14.0
512,2024-11-24 02:23:51,14.0
513,2024-11-24 02:33:51,14.0
514,2024-11-24 02:43:51,14.0
515,2024-11-24 02:53:51,14.0
516,2024-11-24 03:03:51,14.0
517,2024-11-24 03:13:51,14.0
518,2024-11-24 03:23:51,14.0
519,2024-11-24 03:33:51,14.0
520,2024-11-24 03:43:51,14.0
521,2024-11-24 03:53:51,14.0
522,2024-11-24 04:03:51,14.0
523,2024-11-24 04:13:51,14.0
524,2024-11-24 04:23:51,14.5
525,2024-11-24 04:33:51,14.5
526,2024-11-24 04:43:51,14.5
527,2024-11-24 04:53:51,14.5
528,2024-11-24 05:03:51,14.5
529,2024-11-24 05:13:51,14.5
530,2024-11-24 05:23:51,14.5
531,2024-11-24 05:33:51,14.5
532,2024-11-24 05:43:51,14.5
533,2024-11-24 05:53:51,14.5
534,2024-11-24 06:03:51,14.5
535,2024-11-24 06:13:51,14.5
536,2024-11-24 06:23:51,14.5
537,2024-11-24 06:33:51,14.5
538,2024-11-24 06:43:51,14.5
539,2024-11-24 06:53:51,14.0
540,2024-11-24 07:03:51,14.0
541,2024-11-24 07:13:51,14.0
542,2024-11-24 07:23:51,14.0
543,2024-11-24 07:33:51,14.0
544,2024-11-24 07:43:51,14.0
545,2024-11-24 07:53:51,14.0
546,2024-11-24 08:03:51,14.0
547,2024-11-24 08:13:51,14.0
548,2024-11-24 08:23:51,14.0
549,2024-11-24 08:33:51,14.0
550,2024-11-24 08:43:51,14.0
551,2024-11-24 08:53:51,14.0
552,2024-11-24 09:03:51,14.0
553,2024-11-24 09:13:51,14.0
554,2024-11-24 09:23:51,14.0
555,2024-11-24 09:33:51,14.0
556,2024-11-24 09:43:51,14.0
557,2024-11-24 09:53:51,14.0
558,2024-11-24 10:03:51,14.0
559,2024-11-24 10:13:51,14.0
560,2024-11-24 10:23:51,14.5
561,2024-11-24 10:33:51,14.5
562,2024-11-24 10:43:51,14.5
563,2024-11-24 10:53:51,14.5
564,2024-11-24 11:03:51,14.5
565,2024-11-24 11:13:51,14.5
566,2024-11-24 11:23:51,14.5
567,2024-11-24 11:33:51,14.5
568,2024-11-24 11:43:51,14.5
569,2024-11-24 11:53:51,14.5
570,2024-11-24 12:03:51,14.5
571,2024-11-24 12:13:51,14.5
572,2024-11-24 12:23:51,15.0
573,2024-11-24 12:33:51,15.0
574,2024-11-24 12:43:51,15.0
575,2024-11-24 12:53:51,15.0
576,2024-11-24 13:03:51,15.0
577,2024-11-24 13:13:51,15.0
578,2024-11-24 13:23:51,15.5
579,2024-11-24 13:33:51,15.5
580,2024-11-24 13:43:51,15.5
581,2024-11-24 13:53:51,15.5
582,2024-11-24 14:03:51,15.5
583,2024-11-24 14:13:51,15.5
584,2024-11-24 14:23:51,15.5
585,2024-11-24 14:33:51,15.5
586,2024-11-24 14:43:51,15.5
587,2024-11-24 14:53:51,15.5
588,2024-11-24 15:03:51,15.5
589,2024-11-24 15:13:51,15.5
590,2024-11-24 15:23:51,15.0
591,2024-11-24 15:33:51,15.0
592,2024-11-24 15:43:51,15.0
593,2024-11-24 15:53:51,15.0
594,2024-11-24 16:03:51,15.0
595,2024-11-24 16:13:51,15.0
596,2024-11-24 16:23:51,15.0
597,2024-11-24 16:33:51,15.0
598,2024-11-24 16:43:51,15.0
599,2024-11-24 16:53:51,15.0
600,2024-11-24 17:03:51,15.0
601,2024-11-24 17:13:51,15.0
602,2024-11-24 17:23:51,15.0
603,2024-11-24 17:33:51,15.0
604,2024-11-24 17:43:51,15.0
605,2024-11-24 17:53:51,15.0
606,2024-11-24 18:03:51,15.0
607,2024-11-24 18:13:51,15.0
608,2024-11-24 18:23:51,15.0
609,2024-11-24 18:33:51,15.0
610,2024-11-24 18:43:51,15.0
611,2024-11-24 18:53:51,15.0
612,2024-11-24 19:03:51,15.0
613,2024-11-24 19:13:51,15.0
614,2024-11-24 19:23:51,15.0
615,2024-11-24 19:33:51,15.0
616,2024-11-24 19:43:51,15.0
617,2024-11-24 19:53:51,15.0
618,2024-11-24 20:03:51,15.0
619,2024-11-24 20:13:51,15.0
620,2024-11-24 20:23:51,15.0
621,2024-11-24 20:33:51,15.0
622,2024-11-24 20:43:51,15.0
623,2024-11-24 20:53:51,15.0
624,2024-11-24 21:03:51,15.0
625,2024-11-24 21:13:51,14.5
626,2024-11-24 21:23:51,14.5
627,2024-11-24 21:33:51,14.5
628,2024-11-24 21:43:51,14.5
629,2024-11-24 21:53:51,14.5
630,2024-11-24 22:03:51,14.5
631,2024-11-24 22:13:51,14.5
632,2024-11-24 22:23:51,14.5
633,2024-11-24 22:33:51,14.0
634,2024-11-24 22:43:51,14.0
635,2024-11-24 22:53:51,14.0
636,2024-11-24 23:03:51,14.0
637,2024-11-24 23:13:51,14.0
638,2024-11-24 23:23:51,14.0
639,2024-11-24 23:33:51,14.0
640,2024-11-24 23:43:51,14.0
641,2024-11-24 23:53:51,14.0
642,2024-11-25 00:03:51,14.0
643,2024-11-25 00:13:51,14.0
644,2024-11-25 00:23:51,14.0
645,2024-11-25 00:33:51,13.5
646,2024-11-25 00:43:51,13.5
647,2024-11-25 00:53:51,13.5
648,2024-11-25 01:03:51,13.5
649,2024-11-25 01:13:51,13.5
650,2024-11-25 01:23:51,13.5
651,2024-11-25 01:33:51,13.5
652,2024-11-25 01:43:51,13.5
653,2024-11-25 01:53:51,13.5
654,2024-11-25 02:03:51,13.5
655,2024-11-25 02:13:51,13.5
656,2024-11-25 02:23:51,13.5
657,2024-11-25 02:33:51,13.5
658,2024-11-25 02:43:51,13.5
659,2024-11-25 02:53:51,13.5
660,2024-11-25 03:03:51,13.5
661,2024-11-25 03:13:51,13.5
662,2024-11-25 03:23:51,13.0
663,2024-11-25 03:33:51,13.0
664,2024-11-25 03:43:51,13.0
665,2024-11-25 03:53:51,13.0
666,2024-11-25 04:03:51,13.0
667,2024-11-25 04:13:51,13.0
668,2024-11-25 04:23:51,13.0
669,2024-11-25 04:33:51,13.0
670,2024-11-25 04:43:51,13.0
671,2024-11-25 04:53:51,13.0
672,2024-11-25 05:03:51,13.0
673,2024-11-25 05:13:51,13.0
674,2024-11-25 05:23:51,13.0
675,2024-11-25 05:33:51,13.0
676,2024-11-25 05:43:51,13.0
677,2024-11-25 05:53:51,13.0
678,2024-11-25 06:03:51,13.0
679,2024-11-25 06:13:51,13.0
680,2024-11-25 06:23:51,13.0
681,2024-11-25 06:33:51,13.0
682,2024-11-25 06:43:51,13.0
683,2024-11-25 06:53:51,13.0
684,2024-11-25 07:03:51,13.0
685,2024-11-25 07:13:51,13.0
686,2024-11-25 07:23:51,13.0
687,2024-11-25 07:33:51,13.0
688,2024-11-25 07:43:51,13.0
689,2024-11-25 07:53:51,13.0
690,2024-11-25 08:03:51,13.0
691,2024-11-25 08:13:51,13.0
692,2024-11-25 08:23:51,13.0
693,2024-11-25 08:33:51,13.0
694,2024-11-25 08:43:51,13.0
695,2024-11-25 08:53:51,13.0
696,2024-11-25 09:03:51,13.0
697,2024-11-25 09:13:51,13.0
698,2024-11-25 09:23:51,13.0
699,2024-11-25 09:33:51,13.0
700,2024-11-25 09:43:51,13.0
701,2024-11-25 09:53:51,13.0
702,2024-11-25 10:03:51,13.0
703,2024-11-25 10:13:51,13.5
704,2024-11-25 10:23:51,13.5
705,2024-11-25 10:33:51,13.5
706,2024-11-25 10:43:51,13.5
707,2024-11-25 10:53:51,13.5
708,2024-11-25 11:03:51,14.0
709,2024-11-25 11:13:51,14.0
710,2024-11-25 11:23:51,14.0
711,2024-11-25 11:33:51,14.0
712,2024-11-25 11:43:51,14.0
713,2024-11-25 11:53:51,14.0
714,2024-11-25 12:03:51,14.5
715,2024-11-25 12:13:51,14.5
716,2024-11-25 12:23:51,14.5
717,2024-11-25 12:33:51,15.0
718,2024-11-25 12:43:51,15.0
719,2024-11-25 12:53:51,15.0
720,2024-11-25 13:03:51,15.0
721,2024-11-25 13:13:51,15.0
722,2024-11-25 13:23:51,15.0
723,2024-11-25 13:33:51,15.5
724,2024-11-25 13:43:51,15.5
725,2024-11-25 13:53:51,15.5
726,2024-11-25 14:03:51,15.5
727,2024-11-25 14:13:51,15.5
728,2024-11-25 14:23:51,15.5
729,2024-11-25 14:33:51,15.5
730,2024-11-25 14:43:51,15.5
731,2024-11-25 14:53:51,15.5
732,2024-11-25 15:03:51,15.5
733,2024-11-25 15:13:51,15.5
734,2024-11-25 15:23:51,15.5
735,2024-11-25 15:33:51,15.5
736,2024-11-25 15:43:51,15.5
737,2024-11-25 15:53:51,15.5
738,2024-11-25 16:03:51,15.5
739,2024-11-25 16:13:51,15.5
740,2024-11-25 16:23:51,15.5
741,2024-11-25 16:33:51,15.5
742,2024-11-25 16:43:51,15.5
743,2024-11-25 16:53:51,15.5
744,2024-11-25 17:03:51,15.5
745,2024-11-25 17:13:51,15.5
746,2024-11-25 17:23:51,15.5
747,2024-11-25 17:33:51,16.0
748,2024-11-25 17:43:51,16.0
749,2024-11-25 17:53:51,16.0
750,2024-11-25 18:03:51,16.0
751,2024-11-25 18:13:51,16.0
752,2024-11-25 18:23:51,16.0
753,2024-11-25 18:33:51,16.0
754,2024-11-25 18:43:51,16.0
755,2024-11-25 18:53:51,16.5
756,2024-11-25 19:03:51,16.5
757,2024-11-25 19:13:51,16.5
758,2024-11-25 19:23:51,16.5
759,2024-11-25 19:33:51,16.5
760,2024-11-25 19:43:51,16.5
761,2024-11-25 19:53:51,16.5
762,2024-11-25 20:03:51,16.5
763,2024-11-25 20:13:51,16.5
764,2024-11-25 20:23:51,16.5
765,2024-11-25 20:33:51,16.5
766,2024-11-25 20:43:51,16.5
767,2024-11-25 20:53:51,16.5
768,2024-11-25 21:03:51,16.0
769,2024-11-25 21:13:51,16.0
770,2024-11-25 21:23:51,15.5
771,2024-11-25 21:33:51,15.5
772,2024-11-25 21:43:51,15.5
773,2024-11-25 21:53:51,15.0
774,2024-11-25 22:03:51,15.0
775,2024-11-25 22:13:51,15.0
776,2024-11-25 22:23:51,15.0
777,2024-11-25 22:33:51,15.0
778,2024-11-25 22:43:51,14.5
779,2024-11-25 22:53:51,14.5
780,2024-11-25 23:03:51,14.5
781,2024-11-25 23:13:51,14.5
782,2024-11-25 23:23:51,14.5
783,2024-11-25 23:33:51,14.5
784,2024-11-25 23:43:51,14.0
785,2024-11-25 23:53:51,14.0
786,2024-11-26 00:03:51,14.0
787,2024-11-26 00:13:51,14.0
788,2024-11-26 00:23:51,14.0
789,2024-11-26 00:33:51,14.0
790,2024-11-26 00:43:51,14.0
791,2024-11-26 00:53:51,14.0
792,2024-11-26 01:03:51,13.5
793,2024-11-26 01:13:51,13.5
794,2024-11-26 01:23:51,13.5
795,2024-11-26 01:33:51,13.5
796,2024-11-26 01:43:51,13.5
797,2024-11-26 01:53:51,13.5
798,2024-11-26 02:03:51,13.5
799,2024-11-26 02:13:51,13.5
800,2024-11-26 02:23:51,13.5
801,2024-11-26 02:33:51,13.5
802,2024-11-26 02:43:51,13.5
803,2024-11-26 02:53:51,13.5
804,2024-11-26 03:03:51,13.5
805,2024-11-26 03:13:51,13.0
806,2024-11-26 03:23:51,13.0
807,2024-11-26 03:33:51,13.0
808,2024-11-26 03:43:51,13.0
809,2024-11-26 03:53:51,13.0
810,2024-11-26 04:03:51,13.0
811,2024-11-26 04:13:51,13.0
812,2024-11-26 04:23:51,13.0
813,2024-11-26 04:33:51,13.0
814,2024-11-26 04:43:51,13.0
815,2024-11-26 04:53:51,13.0
816,2024-11-26 05:03:51,13.0
817,2024-11-26 05:13:51,13.0
818,2024-11-26 05:23:51,13.0
819,2024-11-26 05:33:51,13.0
820,2024-11-26 05:43:51,13.0
821,2024-11-26 05:53:51,13.0
822,2024-11-26 06:03:51,13.0
823,2024-11-26 06:13:51,13.0
824,2024-11-26 06:23:51,13.0
825,2024-11-26 06:33:51,13.0
826,2024-11-26 06:43:51,13.0
827,2024-11-26 06:53:51,13.0
828,2024-11-26 07:03:51,13.0
829,2024-11-26 07:13:51,13.0
830,2024-11-26 07:23:51,13.0
831,2024-11-26 07:33:51,13.0
832,2024-11-26 07:43:51,13.0
833,2024-11-26 07:53:51,13.0
834,2024-11-26 08:03:51,13.0
835,2024-11-26 08:13:51,13.0
836,2024-11-26 08:23:51,12.5
837,2024-11-26 08:33:51,12.5
838,2024-11-26 08:43:51,12.5
839,2024-11-26 08:53:51,12.5
840,2024-11-26 09:03:51,12.5
841,2024-11-26 09:13:51,12.5
842,2024-11-26 09:23:51,12.5
843,2024-11-26 09:33:51,12.5
844,2024-11-26 09:43:51,13.0
845,2024-11-26 09:53:51,13.0
846,2024-11-26 10:03:51,13.0
847,2024-11-26 10:13:51,13.0
848,2024-11-26 10:23:51,13.5
849,2024-11-26 10:33:51,13.5
850,2024-11-26 10:43:51,13.5
851,2024-11-26 10:53:51,13.5
852,2024-11-26 11:03:51,13.5
853,2024-11-26 11:13:51,13.5
854,2024-11-26 11:23:51,14.0
855,2024-11-26 11:33:51,14.0
856,2024-11-26 11:43:51,14.0
857,2024-11-26 11:53:51,14.0
858,2024-11-26 12:03:51,14.5
859,2024-11-26 12:13:51,14.5
860,2024-11-26 12:23:51,14.5
861,2024-11-26 12:33:51,14.5
862,2024-11-26 12:43:51,15.0
863,2024-11-26 12:53:51,15.0
864,2024-11-26 13:03:51,15.0
865,2024-11-26 13:13:51,15.0
866,2024-11-26 13:23:51,15.0
867,2024-11-26 13:33:51,15.0
868,2024-11-26 13:43:51,15.0
869,2024-11-26 13:53:51,15.0
870,2024-11-26 14:03:51,15.5
871,2024-11-26 14:13:51,15.5
872,2024-11-26 14:23:51,15.5
873,2024-11-26 14:33:51,15.5
874,2024-11-26 14:43:51,15.5
875,2024-11-26 14:53:51,15.5
876,2024-11-26 15:03:51,15.5
877,2024-11-26 15:13:51,15.5
878,2024-11-26 15:23:51,15.5
879,2024-11-26 15:33:51,15.5
880,2024-11-26 15:43:51,15.5
881,2024-11-26 15:53:51,15.5
882,2024-11-26 16:03:51,15.5
883,2024-11-26 16:13:51,15.5
884,2024-11-26 16:23:51,15.5
885,2024-11-26 16:33:51,15.5
886,2024-11-26 16:43:51,15.5
887,2024-11-26 16:53:51,15.5
888,2024-11-26 17:03:51,15.0
889,2024-11-26 17:13:51,15.0
890,2024-11-26 17:23:51,15.0
891,2024-11-26 17:33:51,15.0
892,2024-11-26 17:43:51,14.5
893,2024-11-26 17:53:51,14.5
894,2024-11-26 18:03:51,14.5
895,2024-11-26 18:13:51,14.5
896,2024-11-26 18:23:51,14.5
897,2024-11-26 18:33:51,14.0
898,2024-11-26 18:43:51,14.0
899,2024-11-26 18:53:51,14.0
900,2024-11-26 19:03:51,14.0
901,2024-11-26 19:13:51,14.0
902,2024-11-26 19:23:51,14.0
903,2024-11-26 19:33:51,14.0
904,2024-11-26 19:43:51,14.0
905,2024-11-26 19:53:51,14.0
906,2024-11-26 20:03:51,14.0
907,2024-11-26 20:13:51,14.0
908,2024-11-26 20:23:51,14.0
909,2024-11-26 20:33:51,14.0
910,2024-11-26 20:43:51,14.0
911,2024-11-26 20:53:51,14.0
912,2024-11-26 21:03:51,14.0
913,2024-11-26 21:13:51,14.0
914,2024-11-26 21:23:51,14.0
915,2024-11-26 21:33:51,14.0
916,2024-11-26 21:43:51,14.0
917,2024-11-26 21:53:51,14.0
918,2024-11-26 22:03:51,14.0
919,2024-11-26 22:13:51,13.5
920,2024-11-26 22:23:51,13.5
921,2024-11-26 22:33:51,13.5
922,2024-11-26 22:43:51,13.5
923,2024-11-26 22:53:51,13.5
924,2024-11-26 23:03:51,13.5
925,2024-11-26 23:13:51,13.5
926,2024-11-26 23:23:51,13.0
927,2024-11-26 23:33:51,13.0
928,2024-11-26 23:43:51,13.0
929,2024-11-26 23:53:51,13.0
930,2024-11-27 00:03:51,13.0
931,2024-11-27 00:13:51,13.0
932,2024-11-27 00:23:51,13.0
933,2024-11-27 00:33:51,13.0
934,2024-11-27 00:43:51,13.0
935,2024-11-27 00:53:51,12.5
936,2024-11-27 01:03:51,12.5
937,2024-11-27 01:13:51,12.5
938,2024-11-27 01:23:51,12.5
939,2024-11-27 01:33:51,12.5
940,2024-11-27 01:43:51,12.5
941,2024-11-27 01:53:51,12.5
942,2024-11-27 02:03:51,12.5
943,2024-11-27 02:13:51,12.5
944,2024-11-27 02:23:51,12.5
945,2024-11-27 02:33:51,12.5
946,2024-11-27 02:43:51,12.5
947,2024-11-27 02:53:51,12.5
948,2024-11-27 03:03:51,12.0
949,2024-11-27 03:13:51,12.0
950,2024-11-27 03:23:51,12.0
951,2024-11-27 03:33:51,12.0
952,2024-11-27 03:43:51,12.5
953,2024-11-27 03:53:51,12.5
954,2024-11-27 04:03:51,12.5
955,2024-11-27 04:13:51,12.5
956,2024-11-27 04:23:51,12.5
957,2024-11-27 04:33:51,12.5
958,2024-11-27 04:43:51,12.5
959,2024-11-27 04:53:51,12.5
960,2024-11-27 05:03:51,12.5
961,2024-11-27 05:13:51,12.5
962,2024-11-27 05:23:51,12.5
963,2024-11-27 05:33:51,13.0
964,2024-11-27 05:43:51,13.0
965,2024-11-27 05:53:51,13.0
966,2024-11-27 06:03:51,13.0
967,2024-11-27 06:13:51,13.0
968,2024-11-27 06:23:51,13.0
969,2024-11-27 06:33:51,13.0
970,2024-11-27 06:43:51,13.0
971,2024-11-27 06:53:51,13.0
972,2024-11-27 07:03:51,13.0
973,2024-11-27 07:13:51,13.0
974,2024-11-27 07:23:51,13.0
975,2024-11-27 07:33:51,13.0
976,2024-11-27 07:43:51,13.0
977,2024-11-27 07:53:51,13.0
978,2024-11-27 08:03:51,13.0
979,2024-11-27 08:13:51,13.5
980,2024-11-27 08:23:51,13.0
981,2024-11-27 08:33:51,13.5
982,2024-11-27 08:43:51,13.5
983,2024-11-27 08:53:51,13.5
984,2024-11-27 09:03:51,13.5
985,2024-11-27 09:13:51,13.5
986,2024-11-27 09:23:51,13.5
987,2024-11-27 09:33:51,13.5
988,2024-11-27 09:43:51,13.5
989,2024-11-27 09:53:51,13.5
990,2024-11-27 10:03:51,13.5
991,2024-11-27 10:13:51,13.5
992,2024-11-27 10:23:51,13.5
993,2024-11-27 10:33:51,13.5
994,2024-11-27 10:43:51,13.5
995,2024-11-27 10:53:51,14.0
996,2024-11-27 11:03:51,14.0
997,2024-11-27 11:13:51,14.0
998,2024-11-27 11:23:51,14.0
999,2024-11-27 11:33:51,14.0
1000,2024-11-27 11:43:51,14.0
1001,2024-11-27 11:53:51,14.5
1002,2024-11-27 12:03:51,14.5
1003,2024-11-27 12:13:51,14.5
1004,2024-11-27 12:23:51,14.5
1005,2024-11-27 12:33:51,14.5
1006,2024-11-27 12:43:51,14.5
1007,2024-11-27 12:53:51,14.5
1008,2024-11-27 13:03:51,14.5
1009,2024-11-27 13:13:51,14.5
1010,2024-11-27 13:23:51,15.0
1011,2024-11-27 13:33:51,15.0
1012,2024-11-27 13:43:51,15.0
1013,2024-11-27 13:53:51,15.0
1014,2024-11-27 14:03:51,15.0
1015,2024-11-27 14:13:51,15.0
1016,2024-11-27 14:23:51,15.0
1017,2024-11-27 14:33:51,15.0
1018,2024-11-27 14:43:51,15.0
1019,2024-11-27 14:53:51,15.0
1020,2024-11-27 15:03:51,15.0
1021,2024-11-27 15:13:51,15.0
1022,2024-11-27 15:23:51,15.0
1023,2024-11-27 15:33:51,15.0
1024,2024-11-27 15:43:51,15.0
1025,2024-11-27 15:53:51,15.0
1026,2024-11-27 16:03:51,15.0
1027,2024-11-27 16:13:51,15.0
1028,2024-11-27 16:23:51,15.0
1029,2024-11-27 16:33:51,15.0
1030,2024-11-27 16:43:51,15.0
1031,2024-11-27 16:53:51,15.0
1032,2024-11-27 17:03:51,15.0
1033,2024-11-27 17:13:51,15.0
1034,2024-11-27 17:23:51,15.0
1035,2024-11-27 17:33:51,14.5
1036,2024-11-27 17:43:51,14.5
1037,2024-11-27 17:53:51,14.5
1038,2024-11-27 18:03:51,14.5
1039,2024-11-27 18:13:51,14.5
1040,2024-11-27 18:23:51,14.5
1041,2024-11-27 18:33:51,14.5
1042,2024-11-27 18:43:51,14.0
1043,2024-11-27 18:53:51,14.0
1044,2024-11-27 19:03:51,14.0
1045,2024-11-27 19:13:51,14.0
1046,2024-11-27 19:23:51,14.0
1047,2024-11-27 19:33:51,14.0
1048,2024-11-27 19:43:51,14.0
1049,2024-11-27 19:53:51,14.0
1050,2024-11-27 20:03:51,14.0
1051,2024-11-27 20:13:51,14.0
1052,2024-11-27 20:23:51,14.0
1053,2024-11-27 20:33:51,14.0
1054,2024-11-27 20:43:51,14.0
1055,2024-11-27 20:53:51,14.0
1056,2024-11-27 21:03:51,13.5
1057,2024-11-27 21:13:51,13.5
1058,2024-11-27 21:23:51,13.5
1059,2024-11-27 21:33:51,13.5
1060,2024-11-27 21:43:51,13.5
1061,2024-11-27 21:53:51,13.5
1062,2024-11-27 22:03:51,13.0
1063,2024-11-27 22:13:51,13.0
1064,2024-11-27 22:23:51,13.0
1065,2024-11-27 22:33:51,13.0
1066,2024-11-27 22:43:51,13.0
1067,2024-11-27 22:53:51,13.0
1068,2024-11-27 23:03:51,12.5
1069,2024-11-27 23:13:51,12.5
1070,2024-11-27 23:23:51,12.5
1071,2024-11-27 23:33:51,12.5
1072,2024-11-27 23:43:51,12.5
1073,2024-11-27 23:53:51,12.5
1074,2024-11-28 00:03:51,12.5
1075,2024-11-28 00:13:51,12.5
1076,2024-11-28 00:23:51,12.5
1077,2024-11-28 00:33:51,12.5
1078,2024-11-28 00:43:51,12.5
1079,2024-11-28 00:53:51,12.5
1080,2024-11-28 01:03:51,12.5
1081,2024-11-28 01:13:51,12.5
1082,2024-11-28 01:23:51,12.5
1083,2024-11-28 01:33:51,12.5
1084,2024-11-28 01:43:51,12.5
1085,2024-11-28 01:53:51,12.5
1086,2024-11-28 02:03:51,12.5
1087,2024-11-28 02:13:51,12.5
1088,2024-11-28 02:23:51,12.5
1089,2024-11-28 02:33:51,12.5
1090,2024-11-28 02:43:51,12.5
1091,2024-11-28 02:53:51,12.5
1092,2024-11-28 03:03:51,12.5
1093,2024-11-28 03:13:51,12.5
1094,2024-11-28 03:23:51,12.5
1095,2024-11-28 03:33:51,12.5
1096,2024-11-28 03:43:51,12.5
1097,2024-11-28 03:53:51,12.5
1098,2024-11-28 04:03:51,12.5
1099,2024-11-28 04:13:51,12.5
1100,2024-11-28 04:23:51,12.5
1101,2024-11-28 04:33:51,12.5
1102,2024-11-28 04:43:51,12.5
1103,2024-11-28 04:53:51,12.5
1104,2024-11-28 05:03:51,12.5
1105,2024-11-28 05:13:51,12.5
1106,2024-11-28 05:23:51,12.5
1107,2024-11-28 05:33:51,12.5
1108,2024-11-28 05:43:51,12.5
1109,2024-11-28 05:53:51,12.5
1110,2024-11-28 06:03:51,12.0
1111,2024-11-28 06:13:51,12.0
1112,2024-11-28 06:23:51,12.0
1113,2024-11-28 06:33:51,12.0
1114,2024-11-28 06:43:51,12.0
1115,2024-11-28 06:53:51,12.0
1116,2024-11-28 07:03:51,12.0
1117,2024-11-28 07:13:51,12.0
1118,2024-11-28 07:23:51,12.0
1119,2024-11-28 07:33:51,12.0
1120,2024-11-28 07:43:51,12.0
1121,2024-11-28 07:53:51,12.0
1122,2024-11-28 08:03:51,12.0
1123,2024-11-28 08:13:51,12.0
1124,2024-11-28 08:23:51,12.0
1125,2024-11-28 08:33:51,12.0
1126,2024-11-28 08:43:51,12.0
1127,2024-11-28 08:53:51,12.0
1128,2024-11-28 09:03:51,12.0
1129,2024-11-28 09:13:51,12.0
1130,2024-11-28 09:23:51,12.0
1131,2024-11-28 09:33:51,12.0
1132,2024-11-28 09:43:51,12.0
1133,2024-11-28 09:53:51,12.0
1134,2024-11-28 10:03:51,12.0
1135,2024-11-28 10:13:51,12.0
1136,2024-11-28 10:23:51,12.5
1137,2024-11-28 10:33:51,12.5
1138,2024-11-28 10:43:51,12.5
1139,2024-11-28 10:53:51,12.5
1140,2024-11-28 11:03:51,12.5
1141,2024-11-28 11:13:51,12.5
1142,2024-11-28 11:23:51,12.5
1143,2024-11-28 11:33:51,12.5
1144,2024-11-28 11:43:51,12.5
1145,2024-11-28 11:53:51,13.0
1146,2024-11-28 12:03:51,13.0
1147,2024-11-28 12:13:51,13.0
1148,2024-11-28 12:23:51,13.0
1149,2024-11-28 12:33:51,13.0
1150,2024-11-28 12:43:51,13.0
1151,2024-11-28 12:53:51,13.0
1152,2024-11-28 13:03:51,13.5
1153,2024-11-28 13:13:51,13.5
1154,2024-11-28 13:23:51,13.5
1155,2024-11-28 13:33:51,13.5
1156,2024-11-28 13:43:51,13.5
1157,2024-11-28 13:53:51,13.5
1158,2024-11-28 14:03:51,13.5
1159,2024-11-28 14:13:51,13.5
1160,2024-11-28 14:23:51,13.5
1161,2024-11-28 14:33:51,13.5
1162,2024-11-28 14:43:51,13.5
1163,2024-11-28 14:53:51,13.5
1164,2024-11-28 15:03:51,13.5
1165,2024-11-28 15:13:51,13.5
1166,2024-11-28 15:23:51,13.5
1167,2024-11-28 15:33:51,13.5
1168,2024-11-28 15:43:51,13.5
1169,2024-11-28 15:53:51,13.5
1170,2024-11-28 16:03:51,13.5
1171,2024-11-28 16:13:51,13.5
1172,2024-11-28 16:23:51,13.5
1173,2024-11-28 16:33:51,13.5
1174,2024-11-28 16:43:51,13.5
1175,2024-11-28 16:53:51,13.5
1176,2024-11-28 17:03:51,13.5
1177,2024-11-28 17:13:51,13.5
1178,2024-11-28 17:23:51,13.5
1179,2024-11-28 17:33:51,13.5
1180,2024-11-28 17:43:51,13.5
1181,2024-11-28 17:53:51,13.5
1182,2024-11-28 18:03:51,13.5
1183,2024-11-28 18:13:51,13.5
1184,2024-11-28 18:23:51,13.5
1185,2024-11-28 18:33:51,13.5
1186,2024-11-28 18:43:51,13.5
1187,2024-11-28 18:53:51,13.5
1188,2024-11-28 19:03:51,13.5
1189,2024-11-28 19:13:51,13.5
1190,2024-11-28 19:23:51,13.5
1191,2024-11-28 19:33:51,13.5
1192,2024-11-28 19:43:51,13.5
1193,2024-11-28 19:53:51,13.5
1194,2024-11-28 20:03:51,13.5
1195,2024-11-28 20:13:51,13.5
1196,2024-11-28 20:23:51,13.5
1197,2024-11-28 20:33:51,13.5
1198,2024-11-28 20:43:51,13.5
1199,2024-11-28 20:53:51,13.5
1200,2024-11-28 21:03:51,13.5
1201,2024-11-28 21:13:51,13.5
1202,2024-11-28 21:23:51,13.5
1203,2024-11-28 21:33:51,13.5
1204,2024-11-28 21:43:51,13.5
1205,2024-11-28 21:53:51,13.5
1206,2024-11-28 22:03:51,13.5
1207,2024-11-28 22:13:51,13.5
1208,2024-11-28 22:23:51,13.5
1209,2024-11-28 22:33:51,13.5
1210,2024-11-28 22:43:51,13.5
1211,2024-11-28 22:53:51,13.5
1212,2024-11-28 23:03:51,13.5
1213,2024-11-28 23:13:51,13.5
1214,2024-11-28 23:23:51,13.5
1215,2024-11-28 23:33:51,13.5
1216,2024-11-28 23:43:51,13.5
1217,2024-11-28 23:53:51,13.5
1218,2024-11-29 00:03:51,13.5
1219,2024-11-29 00:13:51,13.5
1220,2024-11-29 00:23:51,13.5
1221,2024-11-29 00:33:51,13.5
1222,2024-11-29 00:43:51,13.5
1223,2024-11-29 00:53:51,13.5
1224,2024-11-29 01:03:51,13.5
1225,2024-11-29 01:13:51,13.5
1226,2024-11-29 01:23:51,13.5
1227,2024-11-29 01:33:51,13.5
1228,2024-11-29 01:43:51,13.5
1229,2024-11-29 01:53:51,13.5
1230,2024-11-29 02:03:51,13.5
1231,2024-11-29 02:13:51,13.5
1232,2024-11-29 02:23:51,13.5
1233,2024-11-29 02:33:51,13.5
1234,2024-11-29 02:43:51,13.5
1235,2024-11-29 02:53:51,13.5
1236,2024-11-29 03:03:51,13.5
1237,2024-11-29 03:13:51,13.5
1238,2024-11-29 03:23:51,13.5
1239,2024-11-29 03:33:51,13.5
1240,2024-11-29 03:43:51,13.5
1241,2024-11-29 03:53:51,13.5
1242,2024-11-29 04:03:51,13.5
1243,2024-11-29 04:13:51,13.5
1244,2024-11-29 04:23:51,13.5
1245,2024-11-29 04:33:51,13.5
1246,2024-11-29 04:43:51,13.5
1247,2024-11-29 04:53:51,13.5
1248,2024-11-29 05:03:51,13.5
1249,2024-11-29 05:13:51,13.5
1250,2024-11-29 05:23:51,13.5
1251,2024-11-29 05:33:51,13.5
1252,2024-11-29 05:43:51,13.5
1253,2024-11-29 05:53:51,13.5
1254,2024-11-29 06:03:51,13.5
1255,2024-11-29 06:13:51,13.5
1256,2024-11-29 06:23:51,13.5
1257,2024-11-29 06:33:51,13.5
1258,2024-11-29 06:43:51,13.5
1259,2024-11-29 06:53:51,13.5
1260,2024-11-29 07:03:51,14.0
1261,2024-11-29 07:13:51,14.0
1262,2024-11-29 07:23:51,14.0
1263,2024-11-29 07:33:51,14.0
1264,2024-11-29 07:43:51,14.0
1265,2024-11-29 07:53:51,14.0
1266,2024-11-29 08:03:51,14.0
1267,2024-11-29 08:13:51,14.0
1268,2024-11-29 08:23:51,14.0
1269,2024-11-29 08:33:51,14.0
1270,2024-11-29 08:43:51,14.0
1271,2024-11-29 08:53:51,14.0
1272,2024-11-29 09:03:51,14.0
1273,2024-11-29 09:13:51,14.0
1274,2024-11-29 09:23:51,14.0
1275,2024-11-29 09:33:51,14.0
1276,2024-11-29 09:43:51,14.0
1277,2024-11-29 09:53:51,14.0
1278,2024-11-29 10:03:51,14.0
1279,2024-11-29 10:13:51,14.0
1280,2024-11-29 10:23:51,14.0
1281,2024-11-29 10:33:51,14.0
1282,2024-11-29 10:43:51,14.5
1283,2024-11-29 10:53:51,14.5
1284,2024-11-29 11:03:51,14.5
1285,2024-11-29 11:13:51,14.5
1286,2024-11-29 11:23:51,14.5
1287,2024-11-29 11:33:51,14.5
1288,2024-11-29 11:43:51,15.0
1289,2024-11-29 11:53:51,15.0
1290,2024-11-29 12:03:51,15.0
1291,2024-11-29 12:13:51,15.0
1292,2024-11-29 12:23:51,15.0
1293,2024-11-29 12:33:51,15.0
1294,2024-11-29 12:43:51,15.5
1295,2024-11-29 12:53:51,15.5
1296,2024-11-29 13:03:51,15.5
1297,2024-11-29 13:13:51,15.5
1298,2024-11-29 13:23:51,15.5
1299,2024-11-29 13:33:51,15.5
1300,2024-11-29 13:43:51,15.5
1301,2024-11-29 13:53:51,15.5
1302,2024-11-29 14:03:51,16.0
1303,2024-11-29 14:13:51,16.0
1304,2024-11-29 14:23:51,16.0
1305,2024-11-29 14:33:51,16.0
1306,2024-11-29 14:43:51,16.0
1307,2024-11-29 14:53:51,16.0
1308,2024-11-29 15:03:51,16.0
1309,2024-11-29 15:13:51,16.0
1310,2024-11-29 15:23:51,16.0
1311,2024-11-29 15:33:51,16.0
1312,2024-11-29 15:43:51,16.0
1313,2024-11-29 15:53:51,16.0
1314,2024-11-29 16:03:51,16.0
1315,2024-11-29 16:13:51,16.0
1316,2024-11-29 16:23:51,16.0
1317,2024-11-29 16:33:51,16.0
1318,2024-11-29 16:43:51,16.0
1319,2024-11-29 16:53:51,16.0
1320,2024-11-29 17:03:51,16.0
1321,2024-11-29 17:13:51,16.0
1322,2024-11-29 17:23:51,16.0
1323,2024-11-29 17:33:51,15.5
1324,2024-11-29 17:43:51,15.5
1325,2024-11-29 17:53:51,15.5
1326,2024-11-29 18:03:51,15.5
1327,2024-11-29 18:13:51,15.5
1328,2024-11-29 18:23:51,15.5
1329,2024-11-29 18:33:51,15.0
1330,2024-11-29 18:43:51,15.0
1331,2024-11-29 18:53:51,15.0
1332,2024-11-29 19:03:51,15.0
1333,2024-11-29 19:13:51,15.0
1334,2024-11-29 19:23:51,15.0
1335,2024-11-29 19:33:51,15.0
1336,2024-11-29 19:43:51,15.0
1337,2024-11-29 19:53:51,15.0
1338,2024-11-29 20:03:51,14.5
1339,2024-11-29 20:13:51,14.5
1340,2024-11-29 20:23:51,14.5
1341,2024-11-29 20:33:51,14.5
1342,2024-11-29 20:43:51,14.5
1343,2024-11-29 20:53:51,14.5
1344,2024-11-29 21:03:51,14.5
1345,2024-11-29 21:13:51,14.5
1346,2024-11-29 21:23:51,14.5
1347,2024-11-29 21:33:51,14.5
1348,2024-11-29 21:43:51,14.5
1349,2024-11-29 21:53:51,14.5
1350,2024-11-29 22:03:51,14.5
1351,2024-11-29 22:13:51,14.5
1352,2024-11-29 22:23:51,14.5
1353,2024-11-29 22:33:51,14.5
1354,2024-11-29 22:43:51,14.5
1355,2024-11-29 22:53:51,14.5
1356,2024-11-29 23:03:51,14.5
1357,2024-11-29 23:13:51,14.5
1358,2024-11-29 23:23:51,14.5
1359,2024-11-29 23:33:51,14.5
1360,2024-11-29 23:43:51,14.5
1361,2024-11-29 23:53:51,14.5
1362,2024-11-30 00:03:51,14.5
1363,2024-11-30 00:13:51,14.5
1364,2024-11-30 00:23:51,14.5
1365,2024-11-30 00:33:51,14.5
1366,2024-11-30 00:43:51,14.5
1367,2024-11-30 00:53:51,14.5
1368,2024-11-30 01:03:51,14.5
1369,2024-11-30 01:13:51,14.5
1370,2024-11-30 01:23:51,14.5
1371,2024-11-30 01:33:51,14.5
1372,2024-11-30 01:43:51,14.5
1373,2024-11-30 01:53:51,14.5
1374,2024-11-30 02:03:51,14.5
1375,2024-11-30 02:13:51,14.5
1376,2024-11-30 02:23:51,14.5
1377,2024-11-30 02:33:51,14.5
1378,2024-11-30 02:43:51,14.5
1379,2024-11-30 02:53:51,14.5
1380,2024-11-30 03:03:51,14.5
1381,2024-11-30 03:13:51,14.5
1382,2024-11-30 03:23:51,14.5
1383,2024-11-30 03:33:51,14.5
1384,2024-11-30 03:43:51,14.5
1385,2024-11-30 03:53:51,14.5
1386,2024-11-30 04:03:51,14.5
1387,2024-11-30 04:13:51,14.5
1388,2024-11-30 04:23:51,14.5
1389,2024-11-30 04:33:51,14.5
1390,2024-11-30 04:43:51,14.5
1391,2024-11-30 04:53:51,14.5
1392,2024-11-30 05:03:51,14.5
1393,2024-11-30 05:13:51,14.5
1394,2024-11-30 05:23:51,14.5
1395,2024-11-30 05:33:51,14.5
1396,2024-11-30 05:43:51,14.5
1397,2024-11-30 05:53:51,14.5
1398,2024-11-30 06:03:51,14.5
1399,2024-11-30 06:13:51,14.5
1400,2024-11-30 06:23:51,14.5
1401,2024-11-30 06:33:51,14.5
1402,2024-11-30 06:43:51,14.5
1403,2024-11-30 06:53:51,14.5
1404,2024-11-30 07:03:51,14.5
1405,2024-11-30 07:13:51,14.5
1406,2024-11-30 07:23:51,14.5
1407,2024-11-30 07:33:51,14.5
1408,2024-11-30 07:43:51,14.5
1409,2024-11-30 07:53:51,14.5
1410,2024-11-30 08:03:51,14.5
1411,2024-11-30 08:13:51,14.5
1412,2024-11-30 08:23:51,14.5
1413,2024-11-30 08:33:51,14.5
1414,2024-11-30 08:43:51,14.5
1415,2024-11-30 08:53:51,14.5
1416,2024-11-30 09:03:51,14.5
1417,2024-11-30 09:13:51,14.5
1418,2024-11-30 09:23:51,14.5
1419,2024-11-30 09:33:51,14.5
1420,2024-11-30 09:43:51,14.5
1421,2024-11-30 09:53:51,14.5
1422,2024-11-30 10:03:51,14.5
1423,2024-11-30 10:13:51,15.0
1424,2024-11-30 10:23:51,15.0
1425,2024-11-30 10:33:51,15.0
1426,2024-11-30 10:43:51,15.0
1427,2024-11-30 10:53:51,15.0
1428,2024-11-30 11:03:51,15.5
1429,2024-11-30 11:13:51,15.5
1430,2024-11-30 11:23:51,15.5
1431,2024-11-30 11:33:51,15.5
1432,2024-11-30 11:43:51,16.0
1433,2024-11-30 11:53:51,16.0
1434,2024-11-30 12:03:51,16.0
1435,2024-11-30 12:13:51,16.0
1436,2024-11-30 12:23:51,16.0
1437,2024-11-30 12:33:51,16.5
1438,2024-11-30 12:43:51,16.5
1439,2024-11-30 12:53:51,16.5
1440,2024-11-30 13:03:51,16.5
1441,2024-11-30 13:13:51,16.5
1442,2024-11-30 13:23:51,17.0
1443,2024-11-30 13:33:51,17.0
1444,2024-11-30 13:43:51,17.0
1445,2024-11-30 13:53:51,17.0
1446,2024-11-30 14:03:51,17.0
1447,2024-11-30 14:13:51,17.0
1448,2024-11-30 14:23:51,17.0
1449,2024-11-30 14:33:51,17.0
1450,2024-11-30 14:43:51,17.0
1451,2024-11-30 14:53:51,17.5
1452,2024-11-30 15:03:51,17.5
1453,2024-11-30 15:13:51,17.5
1454,2024-11-30 15:23:51,17.5
1455,2024-11-30 15:33:51,17.5
1456,2024-11-30 15:43:51,17.5
1457,2024-11-30 15:53:51,17.5
1458,2024-11-30 16:03:51,17.5
1459,2024-11-30 16:13:51,17.5
1460,2024-11-30 16:23:51,17.5
1461,2024-11-30 16:33:51,17.5
1462,2024-11-30 16:43:51,17.5
1463,2024-11-30 16:53:51,17.5
1464,2024-11-30 17:03:51,17.5
