platform_left_pillar,Time,Celsius(�C),Humidity(%rh),Dew Point(�C),Serial Number
1,2024-11-20 13:17:20,17.5,50.5,7.1,010031964
2,2024-11-20 13:27:20,17.0,44.5,4.8
3,2024-11-20 13:37:20,16.5,47.5,5.3
4,2024-11-20 13:47:20,17.0,43.0,4.3
5,2024-11-20 13:57:20,17.0,44.5,4.8
6,2024-11-20 14:07:20,17.5,39.5,3.6
7,2024-11-20 14:17:20,17.0,41.0,3.7
8,2024-11-20 14:27:20,17.0,42.5,4.2
9,2024-11-20 14:37:20,17.5,42.0,4.5
10,2024-11-20 14:47:20,17.5,42.5,4.6
11,2024-11-20 14:57:20,17.5,42.0,4.5
12,2024-11-20 15:07:20,17.5,41.5,4.3
13,2024-11-20 15:17:20,17.5,39.0,3.4
14,2024-11-20 15:27:20,17.5,40.5,3.9
15,2024-11-20 15:37:20,17.0,39.0,3.0
16,2024-11-20 15:47:20,17.0,40.5,3.5
17,2024-11-20 15:57:20,17.0,40.0,3.3
18,2024-11-20 16:07:20,17.0,41.0,3.7
19,2024-11-20 16:17:20,17.0,40.0,3.3
20,2024-11-20 16:27:20,16.5,40.5,3.0
21,2024-11-20 16:37:20,16.5,40.5,3.0
22,2024-11-20 16:47:20,16.5,40.5,3.0
23,2024-11-20 16:57:20,16.5,39.0,2.5
24,2024-11-20 17:07:20,16.0,38.5,1.9
25,2024-11-20 17:17:20,15.5,39.0,1.6
26,2024-11-20 17:27:20,15.0,39.0,1.2
27,2024-11-20 17:37:20,14.5,39.5,0.9
28,2024-11-20 17:47:20,14.5,40.0,1.1
29,2024-11-20 17:57:20,14.0,40.5,0.8
30,2024-11-20 18:07:20,14.0,41.0,1.0
31,2024-11-20 18:17:20,13.5,41.0,0.5
32,2024-11-20 18:27:20,13.5,41.5,0.7
33,2024-11-20 18:37:20,13.0,41.5,0.2
34,2024-11-20 18:47:20,13.0,42.0,0.4
35,2024-11-20 18:57:20,13.0,42.0,0.4
36,2024-11-20 19:07:20,13.0,42.5,0.6
37,2024-11-20 19:17:20,12.5,42.5,0.1
38,2024-11-20 19:27:20,12.5,42.5,0.1
39,2024-11-20 19:37:20,12.5,43.0,0.3
40,2024-11-20 19:47:20,12.5,43.0,0.3
41,2024-11-20 19:57:20,12.5,43.0,0.3
42,2024-11-20 20:07:20,12.5,43.5,0.4
43,2024-11-20 20:17:20,12.5,43.5,0.4
44,2024-11-20 20:27:20,12.5,43.5,0.4
45,2024-11-20 20:37:20,12.5,43.5,0.4
46,2024-11-20 20:47:20,12.5,43.5,0.4
47,2024-11-20 20:57:20,12.0,44.0,0.1
48,2024-11-20 21:07:20,12.0,44.0,0.1
49,2024-11-20 21:17:20,12.0,44.0,0.1
50,2024-11-20 21:27:20,12.0,44.0,0.1
51,2024-11-20 21:37:20,12.0,44.0,0.1
52,2024-11-20 21:47:20,12.0,44.5,0.3
53,2024-11-20 21:57:20,12.0,44.5,0.3
54,2024-11-20 22:07:20,12.0,44.5,0.3
55,2024-11-20 22:17:20,12.0,44.5,0.3
56,2024-11-20 22:27:20,12.0,44.5,0.3
57,2024-11-20 22:37:20,12.0,44.5,0.3
58,2024-11-20 22:47:20,12.0,44.5,0.3
59,2024-11-20 22:57:20,12.0,44.5,0.3
60,2024-11-20 23:07:20,12.0,44.5,0.3
61,2024-11-20 23:17:20,12.0,44.5,0.3
62,2024-11-20 23:27:20,12.0,44.5,0.3
63,2024-11-20 23:37:20,12.0,45.0,0.5
64,2024-11-20 23:47:20,12.0,45.0,0.5
65,2024-11-20 23:57:20,12.0,45.0,0.5
66,2024-11-21 00:07:20,12.0,45.0,0.5
67,2024-11-21 00:17:20,12.0,45.0,0.5
68,2024-11-21 00:27:20,12.0,45.0,0.5
69,2024-11-21 00:37:20,12.0,45.0,0.5
70,2024-11-21 00:47:20,12.0,45.0,0.5
71,2024-11-21 00:57:20,12.0,45.0,0.5
72,2024-11-21 01:07:20,12.0,45.0,0.5
73,2024-11-21 01:17:20,12.0,45.0,0.5
74,2024-11-21 01:27:20,12.0,45.0,0.5
75,2024-11-21 01:37:20,12.0,45.0,0.5
76,2024-11-21 01:47:20,12.0,45.0,0.5
77,2024-11-21 01:57:20,12.0,45.0,0.5
78,2024-11-21 02:07:20,12.0,45.0,0.5
79,2024-11-21 02:17:20,12.0,45.0,0.5
80,2024-11-21 02:27:20,12.0,45.0,0.5
81,2024-11-21 02:37:20,12.0,45.0,0.5
82,2024-11-21 02:47:20,11.5,45.0,0.0
83,2024-11-21 02:57:20,11.5,45.0,0.0
84,2024-11-21 03:07:20,11.5,45.0,0.0
85,2024-11-21 03:17:20,11.5,45.0,0.0
86,2024-11-21 03:27:20,11.5,45.0,0.0
87,2024-11-21 03:37:20,11.5,45.0,0.0
88,2024-11-21 03:47:20,11.5,45.0,0.0
89,2024-11-21 03:57:20,11.5,45.0,0.0
90,2024-11-21 04:07:20,11.5,45.0,0.0
91,2024-11-21 04:17:20,11.5,45.0,0.0
92,2024-11-21 04:27:20,11.5,45.0,0.0
93,2024-11-21 04:37:20,11.5,45.5,0.1
94,2024-11-21 04:47:20,11.5,45.5,0.1
95,2024-11-21 04:57:20,11.5,45.0,0.0
96,2024-11-21 05:07:20,11.5,45.5,0.1
97,2024-11-21 05:17:20,11.5,45.5,0.1
98,2024-11-21 05:27:20,11.5,45.5,0.1
99,2024-11-21 05:37:20,11.5,45.5,0.1
100,2024-11-21 05:47:20,11.5,45.5,0.1
101,2024-11-21 05:57:20,11.5,45.5,0.1
102,2024-11-21 06:07:20,11.5,45.5,0.1
103,2024-11-21 06:17:20,11.5,45.0,0.0
104,2024-11-21 06:27:20,11.5,45.0,0.0
105,2024-11-21 06:37:20,11.5,45.0,0.0
106,2024-11-21 06:47:20,11.5,45.0,0.0
107,2024-11-21 06:57:20,11.5,45.0,0.0
108,2024-11-21 07:07:20,11.5,45.0,0.0
109,2024-11-21 07:17:20,11.5,45.0,0.0
110,2024-11-21 07:27:20,11.5,45.0,0.0
111,2024-11-21 07:37:20,11.5,45.0,0.0
112,2024-11-21 07:47:20,11.5,45.0,0.0
113,2024-11-21 07:57:20,11.5,45.0,0.0
114,2024-11-21 08:07:20,11.5,45.0,0.0
115,2024-11-21 08:17:20,11.5,45.0,0.0
116,2024-11-21 08:27:20,11.5,45.0,0.0
117,2024-11-21 08:37:20,11.5,45.5,0.1
118,2024-11-21 08:47:20,11.5,45.5,0.1
119,2024-11-21 08:57:20,11.5,45.5,0.1
120,2024-11-21 09:07:20,11.5,45.5,0.1
121,2024-11-21 09:17:20,11.5,45.5,0.1
122,2024-11-21 09:27:20,11.5,45.5,0.1
123,2024-11-21 09:37:20,11.5,45.5,0.1
124,2024-11-21 09:47:20,11.5,45.5,0.1
125,2024-11-21 09:57:20,11.5,45.5,0.1
126,2024-11-21 10:07:20,11.5,45.5,0.1
127,2024-11-21 10:17:20,11.5,46.0,0.3
128,2024-11-21 10:27:20,11.5,46.0,0.3
129,2024-11-21 10:37:20,11.5,46.0,0.3
130,2024-11-21 10:47:20,11.5,46.0,0.3
131,2024-11-21 10:57:20,11.5,46.0,0.3
132,2024-11-21 11:07:20,11.5,46.0,0.3
133,2024-11-21 11:17:20,11.5,46.0,0.3
134,2024-11-21 11:27:20,11.5,46.5,0.4
135,2024-11-21 11:37:20,11.5,46.5,0.4
136,2024-11-21 11:47:20,13.0,51.5,3.3
137,2024-11-21 11:57:20,14.5,45.0,2.7
138,2024-11-21 12:07:20,15.0,45.0,3.2
139,2024-11-21 12:17:20,15.0,44.5,3.0
140,2024-11-21 12:27:20,15.0,44.5,3.0
141,2024-11-21 12:37:20,15.5,44.5,3.5
142,2024-11-21 12:47:20,15.5,44.5,3.5
143,2024-11-21 12:57:20,15.5,44.5,3.5
144,2024-11-21 13:07:20,15.5,45.0,3.6
145,2024-11-21 13:17:20,16.0,44.5,3.9
146,2024-11-21 13:27:20,16.0,44.5,3.9
147,2024-11-21 13:37:20,16.0,44.5,3.9
148,2024-11-21 13:47:20,16.0,44.0,3.8
149,2024-11-21 13:57:20,16.0,44.0,3.8
150,2024-11-21 14:07:20,16.0,44.0,3.8
151,2024-11-21 14:17:20,16.0,44.0,3.8
152,2024-11-21 14:27:20,16.0,44.0,3.8
153,2024-11-21 14:37:20,16.0,44.0,3.8
154,2024-11-21 14:47:20,16.0,43.5,3.6
155,2024-11-21 14:57:20,16.0,43.0,3.4
156,2024-11-21 15:07:20,16.0,43.0,3.4
157,2024-11-21 15:17:20,16.0,43.0,3.4
158,2024-11-21 15:27:20,16.0,43.0,3.4
159,2024-11-21 15:37:20,16.0,43.0,3.4
160,2024-11-21 15:47:20,16.0,43.0,3.4
161,2024-11-21 15:57:20,16.0,43.0,3.4
162,2024-11-21 16:07:20,16.0,43.0,3.4
163,2024-11-21 16:17:20,16.0,43.0,3.4
164,2024-11-21 16:27:20,16.0,43.0,3.4
165,2024-11-21 16:37:20,16.0,43.0,3.4
166,2024-11-21 16:47:20,15.5,43.0,3.0
167,2024-11-21 16:57:20,15.5,43.0,3.0
168,2024-11-21 17:07:20,15.5,43.0,3.0
169,2024-11-21 17:17:20,15.5,43.0,3.0
170,2024-11-21 17:27:20,15.5,43.0,3.0
171,2024-11-21 17:37:20,15.5,43.0,3.0
172,2024-11-21 17:47:20,15.5,43.0,3.0
173,2024-11-21 17:57:20,15.5,43.0,3.0
174,2024-11-21 18:07:20,15.5,43.0,3.0
175,2024-11-21 18:17:20,15.5,43.5,3.2
176,2024-11-21 18:27:20,15.5,43.5,3.2
177,2024-11-21 18:37:20,15.5,43.5,3.2
178,2024-11-21 18:47:20,15.5,43.5,3.2
179,2024-11-21 18:57:20,15.5,43.5,3.2
180,2024-11-21 19:07:20,15.5,43.5,3.2
181,2024-11-21 19:17:20,15.5,43.5,3.2
182,2024-11-21 19:27:20,15.5,43.0,3.0
183,2024-11-21 19:37:20,15.5,43.5,3.2
184,2024-11-21 19:47:20,15.5,43.5,3.2
185,2024-11-21 19:57:20,15.5,43.5,3.2
186,2024-11-21 20:07:20,15.5,43.5,3.2
187,2024-11-21 20:17:20,15.0,43.5,2.7
188,2024-11-21 20:27:20,15.0,43.5,2.7
189,2024-11-21 20:37:20,15.0,43.5,2.7
190,2024-11-21 20:47:20,15.0,43.5,2.7
191,2024-11-21 20:57:20,15.0,43.5,2.7
192,2024-11-21 21:07:20,15.0,43.5,2.7
193,2024-11-21 21:17:20,15.0,43.5,2.7
194,2024-11-21 21:27:20,15.0,43.5,2.7
195,2024-11-21 21:37:20,15.0,43.5,2.7
196,2024-11-21 21:47:20,15.0,43.5,2.7
197,2024-11-21 21:57:20,15.0,43.5,2.7
198,2024-11-21 22:07:20,15.0,43.5,2.7
199,2024-11-21 22:17:20,15.0,43.5,2.7
200,2024-11-21 22:27:20,15.0,43.0,2.5
201,2024-11-21 22:37:20,15.0,43.5,2.7
202,2024-11-21 22:47:20,15.0,43.5,2.7
203,2024-11-21 22:57:20,15.0,43.5,2.7
204,2024-11-21 23:07:20,15.0,43.0,2.5
205,2024-11-21 23:17:20,15.0,43.0,2.5
206,2024-11-21 23:27:20,15.0,43.5,2.7
207,2024-11-21 23:37:20,15.0,43.0,2.5
208,2024-11-21 23:47:20,15.0,43.0,2.5
209,2024-11-21 23:57:20,15.0,43.5,2.7
210,2024-11-22 00:07:20,15.0,43.0,2.5
211,2024-11-22 00:17:20,15.0,43.0,2.5
212,2024-11-22 00:27:20,15.0,43.0,2.5
213,2024-11-22 00:37:20,15.0,43.0,2.5
214,2024-11-22 00:47:20,15.0,43.0,2.5
215,2024-11-22 00:57:20,15.0,43.0,2.5
216,2024-11-22 01:07:20,14.5,43.0,2.1
217,2024-11-22 01:17:20,14.5,43.0,2.1
218,2024-11-22 01:27:20,14.5,43.0,2.1
219,2024-11-22 01:37:20,14.5,43.0,2.1
220,2024-11-22 01:47:20,14.5,43.0,2.1
221,2024-11-22 01:57:20,14.5,43.0,2.1
222,2024-11-22 02:07:20,14.5,43.0,2.1
223,2024-11-22 02:17:20,14.5,43.0,2.1
224,2024-11-22 02:27:20,14.5,43.0,2.1
225,2024-11-22 02:37:20,14.5,43.0,2.1
226,2024-11-22 02:47:20,14.5,43.0,2.1
227,2024-11-22 02:57:20,14.5,43.0,2.1
228,2024-11-22 03:07:20,14.5,43.0,2.1
229,2024-11-22 03:17:20,14.5,43.0,2.1
230,2024-11-22 03:27:20,14.5,42.5,1.9
231,2024-11-22 03:37:20,14.5,42.5,1.9
232,2024-11-22 03:47:20,14.5,42.5,1.9
233,2024-11-22 03:57:20,14.5,42.5,1.9
234,2024-11-22 04:07:20,14.5,42.5,1.9
235,2024-11-22 04:17:20,14.5,42.5,1.9
236,2024-11-22 04:27:20,14.5,42.5,1.9
237,2024-11-22 04:37:20,14.5,42.5,1.9
238,2024-11-22 04:47:20,14.5,42.5,1.9
239,2024-11-22 04:57:20,14.5,42.5,1.9
240,2024-11-22 05:07:20,14.5,42.5,1.9
241,2024-11-22 05:17:20,14.5,42.5,1.9
242,2024-11-22 05:27:20,14.5,42.5,1.9
243,2024-11-22 05:37:20,14.0,42.5,1.5
244,2024-11-22 05:47:20,14.5,42.5,1.9
245,2024-11-22 05:57:20,14.5,42.0,1.8
246,2024-11-22 06:07:20,14.5,42.5,1.9
247,2024-11-22 06:17:20,14.5,42.5,1.9
248,2024-11-22 06:27:20,14.5,42.5,1.9
249,2024-11-22 06:37:20,14.5,42.5,1.9
250,2024-11-22 06:47:20,14.5,45.0,2.7
251,2024-11-22 06:57:20,14.5,45.0,2.7
252,2024-11-22 07:07:20,14.5,44.0,2.4
253,2024-11-22 07:17:20,14.5,43.5,2.2
254,2024-11-22 07:27:20,14.5,43.0,2.1
255,2024-11-22 07:37:20,14.5,43.0,2.1
256,2024-11-22 07:47:20,14.5,42.5,1.9
257,2024-11-22 07:57:20,14.5,42.5,1.9
258,2024-11-22 08:07:20,14.5,42.5,1.9
259,2024-11-22 08:17:20,14.5,42.5,1.9
260,2024-11-22 08:27:20,14.5,42.5,1.9
261,2024-11-22 08:37:20,14.5,42.5,1.9
262,2024-11-22 08:47:20,14.5,43.0,2.1
263,2024-11-22 08:57:20,14.5,43.0,2.1
264,2024-11-22 09:07:20,14.5,43.0,2.1
265,2024-11-22 09:17:20,14.5,43.0,2.1
266,2024-11-22 09:27:20,14.5,43.0,2.1
267,2024-11-22 09:37:20,14.5,43.0,2.1
268,2024-11-22 09:47:20,14.5,43.0,2.1
269,2024-11-22 09:57:20,14.5,43.0,2.1
270,2024-11-22 10:07:20,14.5,43.0,2.1
271,2024-11-22 10:17:20,14.5,43.0,2.1
272,2024-11-22 10:27:20,15.0,43.0,2.5
273,2024-11-22 10:37:20,15.0,43.5,2.7
274,2024-11-22 10:47:20,15.0,44.0,2.9
275,2024-11-22 10:57:20,15.0,44.0,2.9
276,2024-11-22 11:07:20,15.0,44.0,2.9
277,2024-11-22 11:17:20,15.0,44.0,2.9
278,2024-11-22 11:27:20,15.5,44.0,3.3
279,2024-11-22 11:37:20,15.5,44.5,3.5
280,2024-11-22 11:47:20,15.5,44.5,3.5
281,2024-11-22 11:57:20,15.5,44.5,3.5
282,2024-11-22 12:07:20,15.5,45.0,3.6
283,2024-11-22 12:17:20,15.5,45.5,3.8
284,2024-11-22 12:27:20,16.0,45.5,4.2
285,2024-11-22 12:37:20,16.0,46.0,4.4
286,2024-11-22 12:47:20,16.0,46.0,4.4
287,2024-11-22 12:57:20,16.0,46.0,4.4
288,2024-11-22 13:07:20,16.0,46.0,4.4
289,2024-11-22 13:17:20,16.5,46.0,4.9
290,2024-11-22 13:27:20,16.5,46.0,4.9
291,2024-11-22 13:37:20,16.5,46.5,5.0
292,2024-11-22 13:47:20,16.5,46.5,5.0
293,2024-11-22 13:57:20,16.5,46.0,4.9
294,2024-11-22 14:07:20,16.5,46.0,4.9
295,2024-11-22 14:17:20,16.5,45.5,4.7
296,2024-11-22 14:27:20,16.5,45.5,4.7
297,2024-11-22 14:37:20,16.5,45.5,4.7
298,2024-11-22 14:47:20,16.5,45.5,4.7
299,2024-11-22 14:57:20,16.5,45.5,4.7
300,2024-11-22 15:07:20,16.5,45.0,4.5
301,2024-11-22 15:17:20,16.5,45.0,4.5
302,2024-11-22 15:27:20,16.5,45.0,4.5
303,2024-11-22 15:37:20,16.5,45.0,4.5
304,2024-11-22 15:47:20,16.5,45.0,4.5
305,2024-11-22 15:57:20,16.5,44.5,4.4
306,2024-11-22 16:07:20,16.5,44.5,4.4
307,2024-11-22 16:17:20,16.5,44.5,4.4
308,2024-11-22 16:27:20,16.5,44.5,4.4
309,2024-11-22 16:37:20,16.5,44.5,4.4
310,2024-11-22 16:47:20,16.5,44.5,4.4
311,2024-11-22 16:57:20,16.5,44.5,4.4
312,2024-11-22 17:07:20,16.5,45.0,4.5
313,2024-11-22 17:17:20,16.5,44.5,4.4
314,2024-11-22 17:27:20,16.5,44.5,4.4
315,2024-11-22 17:37:20,16.5,44.5,4.4
316,2024-11-22 17:47:20,16.5,44.5,4.4
317,2024-11-22 17:57:20,16.5,44.5,4.4
318,2024-11-22 18:07:20,16.0,44.0,3.8
319,2024-11-22 18:17:20,16.0,44.0,3.8
320,2024-11-22 18:27:20,16.0,44.0,3.8
321,2024-11-22 18:37:20,16.0,44.0,3.8
322,2024-11-22 18:47:20,16.0,44.0,3.8
323,2024-11-22 18:57:20,16.0,43.5,3.6
324,2024-11-22 19:07:20,16.0,44.5,3.9
325,2024-11-22 19:17:20,16.0,44.0,3.8
326,2024-11-22 19:27:20,16.0,44.5,3.9
327,2024-11-22 19:37:20,16.0,44.5,3.9
328,2024-11-22 19:47:20,16.0,44.0,3.8
329,2024-11-22 19:57:20,16.0,44.0,3.8
330,2024-11-22 20:07:20,16.0,44.0,3.8
331,2024-11-22 20:17:20,16.0,44.0,3.8
332,2024-11-22 20:27:20,16.0,44.0,3.8
333,2024-11-22 20:37:20,16.0,43.5,3.6
334,2024-11-22 20:47:20,16.0,43.5,3.6
335,2024-11-22 20:57:20,16.0,43.5,3.6
336,2024-11-22 21:07:20,16.0,43.5,3.6
337,2024-11-22 21:17:20,15.5,43.5,3.2
338,2024-11-22 21:27:20,15.5,43.0,3.0
339,2024-11-22 21:37:20,15.5,43.0,3.0
340,2024-11-22 21:47:20,15.5,43.0,3.0
341,2024-11-22 21:57:20,15.5,43.0,3.0
342,2024-11-22 22:07:20,15.5,43.0,3.0
343,2024-11-22 22:17:20,15.5,43.0,3.0
344,2024-11-22 22:27:20,15.5,43.0,3.0
345,2024-11-22 22:37:20,15.5,43.0,3.0
346,2024-11-22 22:47:20,15.5,43.0,3.0
347,2024-11-22 22:57:20,15.5,43.0,3.0
348,2024-11-22 23:07:20,15.5,43.0,3.0
349,2024-11-22 23:17:20,15.5,43.0,3.0
350,2024-11-22 23:27:20,15.5,43.0,3.0
351,2024-11-22 23:37:20,15.5,43.0,3.0
352,2024-11-22 23:47:20,15.5,43.0,3.0
353,2024-11-22 23:57:20,15.5,43.0,3.0
354,2024-11-23 00:07:20,15.5,43.0,3.0
355,2024-11-23 00:17:20,15.5,43.0,3.0
356,2024-11-23 00:27:20,15.5,43.0,3.0
357,2024-11-23 00:37:20,15.5,43.0,3.0
358,2024-11-23 00:47:20,15.5,43.0,3.0
359,2024-11-23 00:57:20,15.5,43.0,3.0
360,2024-11-23 01:07:20,15.5,43.0,3.0
361,2024-11-23 01:17:20,15.0,43.0,2.5
362,2024-11-23 01:27:20,15.0,43.0,2.5
363,2024-11-23 01:37:20,15.0,43.0,2.5
364,2024-11-23 01:47:20,15.0,43.0,2.5
365,2024-11-23 01:57:20,15.0,43.0,2.5
366,2024-11-23 02:07:20,15.0,43.0,2.5
367,2024-11-23 02:17:20,15.0,43.0,2.5
368,2024-11-23 02:27:20,15.0,43.0,2.5
369,2024-11-23 02:37:20,15.0,43.0,2.5
370,2024-11-23 02:47:20,15.0,43.0,2.5
371,2024-11-23 02:57:20,15.0,43.0,2.5
372,2024-11-23 03:07:20,15.0,43.0,2.5
373,2024-11-23 03:17:20,15.0,43.0,2.5
374,2024-11-23 03:27:20,15.0,43.0,2.5
375,2024-11-23 03:37:20,15.0,43.0,2.5
376,2024-11-23 03:47:20,15.0,43.0,2.5
377,2024-11-23 03:57:20,15.0,43.0,2.5
378,2024-11-23 04:07:20,15.0,43.0,2.5
379,2024-11-23 04:17:20,15.0,43.5,2.7
380,2024-11-23 04:27:20,15.0,43.5,2.7
381,2024-11-23 04:37:20,15.0,43.5,2.7
382,2024-11-23 04:47:20,15.0,43.5,2.7
383,2024-11-23 04:57:20,14.5,43.5,2.2
384,2024-11-23 05:07:20,14.5,43.5,2.2
385,2024-11-23 05:17:20,14.5,43.5,2.2
386,2024-11-23 05:27:20,14.5,43.5,2.2
387,2024-11-23 05:37:20,14.5,43.5,2.2
388,2024-11-23 05:47:20,14.5,43.5,2.2
389,2024-11-23 05:57:20,14.5,44.0,2.4
390,2024-11-23 06:07:20,14.5,44.0,2.4
391,2024-11-23 06:17:20,14.5,45.5,2.9
392,2024-11-23 06:27:20,14.5,46.0,3.0
393,2024-11-23 06:37:20,15.0,46.5,3.6
394,2024-11-23 06:47:20,15.0,46.0,3.5
395,2024-11-23 06:57:20,15.0,45.5,3.3
396,2024-11-23 07:07:20,15.0,45.5,3.3
397,2024-11-23 07:17:20,15.0,45.0,3.2
398,2024-11-23 07:27:20,15.0,45.0,3.2
399,2024-11-23 07:37:20,14.5,45.0,2.7
400,2024-11-23 07:47:20,14.5,45.0,2.7
401,2024-11-23 07:57:20,14.5,45.0,2.7
402,2024-11-23 08:07:20,14.5,45.0,2.7
403,2024-11-23 08:17:20,14.5,45.0,2.7
404,2024-11-23 08:27:20,14.5,45.0,2.7
405,2024-11-23 08:37:20,14.5,45.0,2.7
406,2024-11-23 08:47:20,14.5,45.0,2.7
407,2024-11-23 08:57:20,14.5,45.0,2.7
408,2024-11-23 09:07:20,14.5,45.0,2.7
409,2024-11-23 09:17:20,14.5,45.5,2.9
410,2024-11-23 09:27:20,14.5,45.5,2.9
411,2024-11-23 09:37:20,14.5,45.5,2.9
412,2024-11-23 09:47:20,14.5,45.5,2.9
413,2024-11-23 09:57:20,14.5,45.5,2.9
414,2024-11-23 10:07:20,14.5,45.5,2.9
415,2024-11-23 10:17:20,14.5,45.5,2.9
416,2024-11-23 10:27:20,14.5,45.5,2.9
417,2024-11-23 10:37:20,14.5,45.5,2.9
418,2024-11-23 10:47:20,14.5,45.5,2.9
419,2024-11-23 10:57:20,14.5,45.5,2.9
420,2024-11-23 11:07:20,15.0,45.5,3.3
421,2024-11-23 11:17:20,15.0,46.0,3.5
422,2024-11-23 11:27:20,15.0,45.5,3.3
423,2024-11-23 11:37:20,15.0,45.5,3.3
424,2024-11-23 11:47:20,15.0,45.5,3.3
425,2024-11-23 11:57:20,15.0,45.5,3.3
426,2024-11-23 12:07:20,15.0,46.0,3.5
427,2024-11-23 12:17:20,15.0,46.5,3.6
428,2024-11-23 12:27:20,15.0,46.5,3.6
429,2024-11-23 12:37:20,15.0,47.0,3.8
430,2024-11-23 12:47:20,15.0,47.0,3.8
431,2024-11-23 12:57:20,15.0,47.5,3.9
432,2024-11-23 13:07:20,15.0,47.5,3.9
433,2024-11-23 13:17:20,15.5,47.5,4.4
434,2024-11-23 13:27:20,15.5,47.5,4.4
435,2024-11-23 13:37:20,15.5,47.5,4.4
436,2024-11-23 13:47:20,15.5,47.0,4.2
437,2024-11-23 13:57:20,15.5,47.0,4.2
438,2024-11-23 14:07:20,15.5,47.0,4.2
439,2024-11-23 14:17:20,15.5,47.0,4.2
440,2024-11-23 14:27:20,15.5,47.0,4.2
441,2024-11-23 14:37:20,15.5,46.5,4.1
442,2024-11-23 14:47:20,15.5,47.0,4.2
443,2024-11-23 14:57:20,15.5,46.5,4.1
444,2024-11-23 15:07:20,15.0,46.5,3.6
445,2024-11-23 15:17:20,15.0,46.5,3.6
446,2024-11-23 15:27:20,15.0,46.5,3.6
447,2024-11-23 15:37:20,15.0,46.5,3.6
448,2024-11-23 15:47:20,15.0,46.5,3.6
449,2024-11-23 15:57:20,15.0,46.5,3.6
450,2024-11-23 16:07:20,15.0,46.5,3.6
451,2024-11-23 16:17:20,15.0,46.0,3.5
452,2024-11-23 16:27:20,15.0,46.0,3.5
453,2024-11-23 16:37:20,15.0,46.0,3.5
454,2024-11-23 16:47:20,15.0,46.0,3.5
455,2024-11-23 16:57:20,15.0,46.5,3.6
456,2024-11-23 17:07:20,15.0,46.5,3.6
457,2024-11-23 17:17:20,15.0,46.5,3.6
458,2024-11-23 17:27:20,15.0,46.5,3.6
459,2024-11-23 17:37:20,15.0,46.5,3.6
460,2024-11-23 17:47:20,15.0,46.5,3.6
461,2024-11-23 17:57:20,15.0,46.5,3.6
462,2024-11-23 18:07:20,15.0,46.5,3.6
463,2024-11-23 18:17:20,15.0,46.5,3.6
464,2024-11-23 18:27:20,15.0,46.5,3.6
465,2024-11-23 18:37:20,15.0,46.5,3.6
466,2024-11-23 18:47:20,15.0,46.5,3.6
467,2024-11-23 18:57:20,15.0,46.5,3.6
468,2024-11-23 19:07:20,15.0,47.0,3.8
469,2024-11-23 19:17:20,15.0,46.5,3.6
470,2024-11-23 19:27:20,15.0,47.0,3.8
471,2024-11-23 19:37:20,15.0,47.5,3.9
472,2024-11-23 19:47:20,15.0,47.5,3.9
473,2024-11-23 19:57:20,15.0,47.5,3.9
474,2024-11-23 20:07:20,15.0,47.0,3.8
475,2024-11-23 20:17:20,15.0,47.0,3.8
476,2024-11-23 20:27:20,15.0,47.0,3.8
477,2024-11-23 20:37:20,15.0,47.5,3.9
478,2024-11-23 20:47:20,15.0,47.5,3.9
479,2024-11-23 20:57:20,15.0,47.5,3.9
480,2024-11-23 21:07:20,15.0,47.5,3.9
481,2024-11-23 21:17:20,15.0,47.5,3.9
482,2024-11-23 21:27:20,15.0,47.5,3.9
483,2024-11-23 21:37:20,15.0,47.5,3.9
484,2024-11-23 21:47:20,15.0,48.0,4.1
485,2024-11-23 21:57:20,15.0,48.0,4.1
486,2024-11-23 22:07:20,15.0,48.0,4.1
487,2024-11-23 22:17:20,15.0,48.5,4.2
488,2024-11-23 22:27:20,15.0,48.5,4.2
489,2024-11-23 22:37:20,15.0,49.0,4.4
490,2024-11-23 22:47:20,15.0,49.0,4.4
491,2024-11-23 22:57:20,15.0,49.5,4.5
492,2024-11-23 23:07:20,15.0,50.5,4.8
493,2024-11-23 23:17:20,15.0,50.5,4.8
494,2024-11-23 23:27:20,15.0,50.5,4.8
495,2024-11-23 23:37:20,15.0,51.0,5.0
496,2024-11-23 23:47:20,15.0,51.5,5.1
497,2024-11-23 23:57:20,15.0,52.0,5.2
498,2024-11-24 00:07:20,15.5,52.0,5.7
499,2024-11-24 00:17:20,15.5,52.5,5.8
500,2024-11-24 00:27:20,15.5,53.0,6.0
501,2024-11-24 00:37:20,15.5,53.0,6.0
502,2024-11-24 00:47:20,15.5,53.5,6.1
503,2024-11-24 00:57:20,15.5,53.5,6.1
504,2024-11-24 01:07:20,15.5,54.5,6.4
505,2024-11-24 01:17:20,15.5,54.5,6.4
506,2024-11-24 01:27:20,15.5,55.0,6.5
507,2024-11-24 01:37:20,15.5,55.0,6.5
508,2024-11-24 01:47:20,16.0,55.0,7.0
509,2024-11-24 01:57:20,16.0,56.0,7.2
510,2024-11-24 02:07:20,16.0,56.0,7.2
511,2024-11-24 02:17:20,16.0,56.0,7.2
512,2024-11-24 02:27:20,16.0,56.0,7.2
513,2024-11-24 02:37:20,16.0,56.0,7.2
514,2024-11-24 02:47:20,16.0,56.5,7.4
515,2024-11-24 02:57:20,16.0,57.0,7.5
516,2024-11-24 03:07:20,16.0,56.5,7.4
517,2024-11-24 03:17:20,16.0,57.0,7.5
518,2024-11-24 03:27:20,16.0,57.0,7.5
519,2024-11-24 03:37:20,16.0,57.0,7.5
520,2024-11-24 03:47:20,16.0,57.0,7.5
521,2024-11-24 03:57:20,16.0,57.0,7.5
522,2024-11-24 04:07:20,16.0,57.0,7.5
523,2024-11-24 04:17:20,16.0,57.0,7.5
524,2024-11-24 04:27:20,16.0,57.0,7.5
525,2024-11-24 04:37:20,16.0,57.0,7.5
526,2024-11-24 04:47:20,16.0,57.0,7.5
527,2024-11-24 04:57:20,16.0,56.5,7.4
528,2024-11-24 05:07:20,16.0,56.5,7.4
529,2024-11-24 05:17:20,16.0,56.0,7.2
530,2024-11-24 05:27:20,16.0,56.0,7.2
531,2024-11-24 05:37:20,16.0,56.0,7.2
532,2024-11-24 05:47:20,16.0,55.5,7.1
533,2024-11-24 05:57:20,16.0,55.5,7.1
534,2024-11-24 06:07:20,16.0,55.0,7.0
535,2024-11-24 06:17:20,16.0,55.0,7.0
536,2024-11-24 06:27:20,16.0,55.0,7.0
537,2024-11-24 06:37:20,16.0,54.5,6.8
538,2024-11-24 06:47:20,16.0,54.5,6.8
539,2024-11-24 06:57:20,16.0,54.5,6.8
540,2024-11-24 07:07:20,16.0,54.5,6.8
541,2024-11-24 07:17:20,16.0,54.0,6.7
542,2024-11-24 07:27:20,16.0,54.0,6.7
543,2024-11-24 07:37:20,16.0,54.0,6.7
544,2024-11-24 07:47:20,16.0,54.0,6.7
545,2024-11-24 07:57:20,16.0,54.0,6.7
546,2024-11-24 08:07:20,16.0,54.0,6.7
547,2024-11-24 08:17:20,16.0,53.5,6.6
548,2024-11-24 08:27:20,16.0,53.5,6.6
549,2024-11-24 08:37:20,16.0,53.5,6.6
550,2024-11-24 08:47:20,16.0,53.5,6.6
551,2024-11-24 08:57:20,16.0,53.5,6.6
552,2024-11-24 09:07:20,16.0,53.5,6.6
553,2024-11-24 09:17:20,16.0,53.5,6.6
554,2024-11-24 09:27:20,16.0,53.0,6.4
555,2024-11-24 09:37:20,16.0,53.0,6.4
556,2024-11-24 09:47:20,16.0,53.0,6.4
557,2024-11-24 09:57:20,16.0,53.0,6.4
558,2024-11-24 10:07:20,16.0,53.0,6.4
559,2024-11-24 10:17:20,16.0,52.5,6.3
560,2024-11-24 10:27:20,16.0,52.5,6.3
561,2024-11-24 10:37:20,16.0,52.5,6.3
562,2024-11-24 10:47:20,16.5,52.5,6.8
563,2024-11-24 10:57:20,16.5,52.5,6.8
564,2024-11-24 11:07:20,16.5,52.5,6.8
565,2024-11-24 11:17:20,16.5,52.5,6.8
566,2024-11-24 11:27:20,16.5,52.5,6.8
567,2024-11-24 11:37:20,16.5,53.0,6.9
568,2024-11-24 11:47:20,16.5,53.0,6.9
569,2024-11-24 11:57:20,16.5,53.0,6.9
570,2024-11-24 12:07:20,16.5,53.0,6.9
571,2024-11-24 12:17:20,17.0,53.0,7.4
572,2024-11-24 12:27:20,17.0,53.0,7.4
573,2024-11-24 12:37:20,17.0,53.0,7.4
574,2024-11-24 12:47:20,17.5,52.5,7.7
575,2024-11-24 12:57:20,17.5,52.5,7.7
576,2024-11-24 13:07:20,17.5,52.5,7.7
577,2024-11-24 13:17:20,17.5,52.5,7.7
578,2024-11-24 13:27:20,17.5,51.5,7.4
579,2024-11-24 13:37:20,17.5,52.0,7.5
580,2024-11-24 13:47:20,18.0,51.5,7.9
581,2024-11-24 13:57:20,18.0,51.5,7.9
582,2024-11-24 14:07:20,18.0,51.5,7.9
583,2024-11-24 14:17:20,18.0,51.5,7.9
584,2024-11-24 14:27:20,18.0,51.5,7.9
585,2024-11-24 14:37:20,18.0,51.5,7.9
586,2024-11-24 14:47:20,18.0,50.5,7.6
587,2024-11-24 14:57:20,18.0,50.5,7.6
588,2024-11-24 15:07:20,17.5,51.0,7.3
589,2024-11-24 15:17:20,17.5,50.5,7.1
590,2024-11-24 15:27:20,17.5,50.5,7.1
591,2024-11-24 15:37:20,17.5,51.0,7.3
592,2024-11-24 15:47:20,17.5,51.0,7.3
593,2024-11-24 15:57:20,17.5,51.0,7.3
594,2024-11-24 16:07:20,17.5,51.0,7.3
595,2024-11-24 16:17:20,17.5,50.5,7.1
596,2024-11-24 16:27:20,17.5,50.5,7.1
597,2024-11-24 16:37:20,17.0,50.5,6.7
598,2024-11-24 16:47:20,17.0,50.5,6.7
599,2024-11-24 16:57:20,17.0,50.5,6.7
600,2024-11-24 17:07:20,17.0,50.5,6.7
601,2024-11-24 17:17:20,17.0,50.5,6.7
602,2024-11-24 17:27:20,17.0,50.5,6.7
603,2024-11-24 17:37:20,17.0,50.5,6.7
604,2024-11-24 17:47:20,17.0,50.5,6.7
605,2024-11-24 17:57:20,17.0,50.5,6.7
606,2024-11-24 18:07:20,17.0,50.0,6.5
607,2024-11-24 18:17:20,16.5,49.0,5.8
608,2024-11-24 18:27:20,16.5,49.5,5.9
609,2024-11-24 18:37:20,16.5,49.0,5.8
610,2024-11-24 18:47:20,17.0,50.0,6.5
611,2024-11-24 18:57:20,17.0,50.0,6.5
612,2024-11-24 19:07:20,17.0,50.0,6.5
613,2024-11-24 19:17:20,17.0,49.0,6.2
614,2024-11-24 19:27:20,17.0,49.0,6.2
615,2024-11-24 19:37:20,17.0,49.5,6.4
616,2024-11-24 19:47:20,17.0,50.0,6.5
617,2024-11-24 19:57:20,17.0,49.0,6.2
618,2024-11-24 20:07:20,17.0,49.5,6.4
619,2024-11-24 20:17:20,17.0,50.0,6.5
620,2024-11-24 20:27:20,17.0,50.5,6.7
621,2024-11-24 20:37:20,17.0,50.5,6.7
622,2024-11-24 20:47:20,16.5,51.0,6.3
623,2024-11-24 20:57:20,16.5,51.0,6.3
624,2024-11-24 21:07:20,16.5,51.5,6.5
625,2024-11-24 21:17:20,16.5,52.0,6.6
626,2024-11-24 21:27:20,16.0,52.0,6.2
627,2024-11-24 21:37:20,16.0,52.5,6.3
628,2024-11-24 21:47:20,16.0,52.5,6.3
629,2024-11-24 21:57:20,16.0,53.0,6.4
630,2024-11-24 22:07:20,16.0,53.0,6.4
631,2024-11-24 22:17:20,15.5,53.5,6.1
632,2024-11-24 22:27:20,15.5,53.5,6.1
633,2024-11-24 22:37:20,15.5,53.5,6.1
634,2024-11-24 22:47:20,15.5,54.0,6.2
635,2024-11-24 22:57:20,15.5,54.0,6.2
636,2024-11-24 23:07:20,15.5,54.5,6.4
637,2024-11-24 23:17:20,15.5,54.5,6.4
638,2024-11-24 23:27:20,15.5,54.5,6.4
639,2024-11-24 23:37:20,15.5,55.0,6.5
640,2024-11-24 23:47:20,15.0,55.0,6.0
641,2024-11-24 23:57:20,15.0,55.0,6.0
642,2024-11-25 00:07:20,15.0,55.5,6.2
643,2024-11-25 00:17:20,15.0,55.5,6.2
644,2024-11-25 00:27:20,15.0,55.5,6.2
645,2024-11-25 00:37:20,15.0,55.5,6.2
646,2024-11-25 00:47:20,15.0,55.5,6.2
647,2024-11-25 00:57:20,15.0,55.5,6.2
648,2024-11-25 01:07:20,15.0,55.5,6.2
649,2024-11-25 01:17:20,15.0,55.5,6.2
650,2024-11-25 01:27:20,15.0,55.5,6.2
651,2024-11-25 01:37:20,15.0,55.5,6.2
652,2024-11-25 01:47:20,15.0,55.0,6.0
653,2024-11-25 01:57:20,15.0,55.0,6.0
654,2024-11-25 02:07:20,15.0,55.0,6.0
655,2024-11-25 02:17:20,15.0,55.0,6.0
656,2024-11-25 02:27:20,14.5,55.0,5.6
657,2024-11-25 02:37:20,14.5,55.0,5.6
658,2024-11-25 02:47:20,14.5,55.0,5.6
659,2024-11-25 02:57:20,14.5,55.0,5.6
660,2024-11-25 03:07:20,14.5,55.5,5.7
661,2024-11-25 03:17:20,14.5,55.5,5.7
662,2024-11-25 03:27:20,14.5,55.5,5.7
663,2024-11-25 03:37:20,14.5,55.5,5.7
664,2024-11-25 03:47:20,14.5,55.5,5.7
665,2024-11-25 03:57:20,14.5,55.5,5.7
666,2024-11-25 04:07:20,14.5,55.5,5.7
667,2024-11-25 04:17:20,14.5,55.5,5.7
668,2024-11-25 04:27:20,14.5,55.5,5.7
669,2024-11-25 04:37:20,14.5,55.5,5.7
670,2024-11-25 04:47:20,14.5,55.5,5.7
671,2024-11-25 04:57:20,14.5,55.5,5.7
672,2024-11-25 05:07:20,14.5,56.0,5.8
673,2024-11-25 05:17:20,14.5,56.0,5.8
674,2024-11-25 05:27:20,14.5,56.0,5.8
675,2024-11-25 05:37:20,14.5,56.5,6.0
676,2024-11-25 05:47:20,14.0,56.5,5.5
677,2024-11-25 05:57:20,14.0,56.5,5.5
678,2024-11-25 06:07:20,14.0,56.5,5.5
679,2024-11-25 06:17:20,14.0,56.5,5.5
680,2024-11-25 06:27:20,14.5,56.5,6.0
681,2024-11-25 06:37:20,14.5,56.5,6.0
682,2024-11-25 06:47:20,14.5,56.5,6.0
683,2024-11-25 06:57:20,14.5,56.5,6.0
684,2024-11-25 07:07:20,14.5,56.5,6.0
685,2024-11-25 07:17:20,14.5,56.5,6.0
686,2024-11-25 07:27:20,14.5,57.0,6.1
687,2024-11-25 07:37:20,14.5,59.0,6.6
688,2024-11-25 07:47:20,14.0,58.5,6.0
689,2024-11-25 07:57:20,14.0,58.5,6.0
690,2024-11-25 08:07:20,14.0,58.0,5.9
691,2024-11-25 08:17:20,14.0,58.0,5.9
692,2024-11-25 08:27:20,14.0,57.5,5.8
693,2024-11-25 08:37:20,14.0,57.5,5.8
694,2024-11-25 08:47:20,14.0,57.5,5.8
695,2024-11-25 08:57:20,14.0,57.5,5.8
696,2024-11-25 09:07:20,14.0,57.5,5.8
697,2024-11-25 09:17:20,14.0,57.0,5.6
698,2024-11-25 09:27:20,14.0,57.0,5.6
699,2024-11-25 09:37:20,14.5,56.5,6.0
700,2024-11-25 09:47:20,14.5,56.0,5.8
701,2024-11-25 09:57:20,15.0,55.5,6.2
702,2024-11-25 10:07:20,15.0,55.5,6.2
703,2024-11-25 10:17:20,15.0,55.0,6.0
704,2024-11-25 10:27:20,15.5,54.5,6.4
705,2024-11-25 10:37:20,15.5,54.5,6.4
706,2024-11-25 10:47:20,15.5,54.5,6.4
707,2024-11-25 10:57:20,15.5,54.0,6.2
708,2024-11-25 11:07:20,16.0,54.0,6.7
709,2024-11-25 11:17:20,16.0,54.0,6.7
710,2024-11-25 11:27:20,16.0,54.0,6.7
711,2024-11-25 11:37:20,16.0,54.0,6.7
712,2024-11-25 11:47:20,16.0,53.5,6.6
713,2024-11-25 11:57:20,16.5,53.5,7.0
714,2024-11-25 12:07:20,16.5,53.0,6.9
715,2024-11-25 12:17:20,16.5,53.0,6.9
716,2024-11-25 12:27:20,17.0,52.5,7.2
717,2024-11-25 12:37:20,17.0,52.5,7.2
718,2024-11-25 12:47:20,17.0,52.0,7.1
719,2024-11-25 12:57:20,17.0,52.0,7.1
720,2024-11-25 13:07:20,17.5,52.5,7.7
721,2024-11-25 13:17:20,17.5,52.0,7.5
722,2024-11-25 13:27:20,17.5,52.5,7.7
723,2024-11-25 13:37:20,17.5,52.5,7.7
724,2024-11-25 13:47:20,17.5,53.0,7.8
725,2024-11-25 13:57:20,17.5,53.0,7.8
726,2024-11-25 14:07:20,17.5,53.0,7.8
727,2024-11-25 14:17:20,17.5,52.5,7.7
728,2024-11-25 14:27:20,17.5,52.5,7.7
729,2024-11-25 14:37:20,18.0,52.5,8.1
730,2024-11-25 14:47:20,18.0,52.0,8.0
731,2024-11-25 14:57:20,18.0,51.5,7.9
732,2024-11-25 15:07:20,18.0,51.0,7.7
733,2024-11-25 15:17:20,18.0,51.0,7.7
734,2024-11-25 15:27:20,18.0,51.0,7.7
735,2024-11-25 15:37:20,18.0,50.5,7.6
736,2024-11-25 15:47:20,18.0,50.0,7.4
737,2024-11-25 15:57:20,18.0,50.5,7.6
738,2024-11-25 16:07:20,18.0,50.5,7.6
739,2024-11-25 16:17:20,18.0,50.5,7.6
740,2024-11-25 16:27:20,17.5,50.5,7.1
741,2024-11-25 16:37:20,17.5,50.5,7.1
742,2024-11-25 16:47:20,17.5,50.5,7.1
743,2024-11-25 16:57:20,17.5,51.0,7.3
744,2024-11-25 17:07:20,17.5,51.0,7.3
745,2024-11-25 17:17:20,17.5,51.0,7.3
746,2024-11-25 17:27:20,17.5,51.0,7.3
747,2024-11-25 17:37:20,17.5,51.0,7.3
748,2024-11-25 17:47:20,17.5,51.0,7.3
749,2024-11-25 17:57:20,17.5,51.0,7.3
750,2024-11-25 18:07:20,18.0,50.5,7.6
751,2024-11-25 18:17:20,18.0,50.5,7.6
752,2024-11-25 18:27:20,18.0,50.0,7.4
753,2024-11-25 18:37:20,18.5,49.5,7.7
754,2024-11-25 18:47:20,18.5,49.5,7.7
755,2024-11-25 18:57:20,18.5,49.5,7.7
756,2024-11-25 19:07:20,18.5,49.5,7.7
757,2024-11-25 19:17:20,18.5,49.0,7.6
758,2024-11-25 19:27:20,18.5,49.0,7.6
759,2024-11-25 19:37:20,18.5,49.0,7.6
760,2024-11-25 19:47:20,18.5,48.5,7.4
761,2024-11-25 19:57:20,18.5,48.5,7.4
762,2024-11-25 20:07:20,18.5,48.5,7.4
763,2024-11-25 20:17:20,18.5,48.5,7.4
764,2024-11-25 20:27:20,18.5,48.5,7.4
765,2024-11-25 20:37:20,18.5,48.5,7.4
766,2024-11-25 20:47:20,18.0,48.5,7.0
767,2024-11-25 20:57:20,18.0,49.0,7.1
768,2024-11-25 21:07:20,17.5,49.0,6.7
769,2024-11-25 21:17:20,17.5,49.5,6.8
770,2024-11-25 21:27:20,17.0,50.0,6.5
771,2024-11-25 21:37:20,17.0,50.0,6.5
772,2024-11-25 21:47:20,17.0,50.5,6.7
773,2024-11-25 21:57:20,16.5,50.5,6.2
774,2024-11-25 22:07:20,16.5,50.5,6.2
775,2024-11-25 22:17:20,16.5,50.5,6.2
776,2024-11-25 22:27:20,16.5,50.5,6.2
777,2024-11-25 22:37:20,16.0,51.0,5.9
778,2024-11-25 22:47:20,16.0,51.0,5.9
779,2024-11-25 22:57:20,16.0,51.0,5.9
780,2024-11-25 23:07:20,16.0,51.0,5.9
781,2024-11-25 23:17:20,16.0,51.0,5.9
782,2024-11-25 23:27:20,16.0,51.5,6.0
783,2024-11-25 23:37:20,16.0,51.5,6.0
784,2024-11-25 23:47:20,15.5,51.5,5.6
785,2024-11-25 23:57:20,15.5,51.5,5.6
786,2024-11-26 00:07:20,15.5,51.5,5.6
787,2024-11-26 00:17:20,15.5,51.5,5.6
788,2024-11-26 00:27:20,15.5,51.5,5.6
789,2024-11-26 00:37:20,15.5,51.5,5.6
790,2024-11-26 00:47:20,15.0,52.0,5.2
791,2024-11-26 00:57:20,15.0,52.0,5.2
792,2024-11-26 01:07:20,15.0,52.0,5.2
793,2024-11-26 01:17:20,15.0,52.0,5.2
794,2024-11-26 01:27:20,15.0,52.0,5.2
795,2024-11-26 01:37:20,15.0,52.0,5.2
796,2024-11-26 01:47:20,15.0,52.0,5.2
797,2024-11-26 01:57:20,15.0,52.5,5.4
798,2024-11-26 02:07:20,15.0,52.5,5.4
799,2024-11-26 02:17:20,15.0,52.5,5.4
800,2024-11-26 02:27:20,14.5,52.5,4.9
801,2024-11-26 02:37:20,14.5,52.5,4.9
802,2024-11-26 02:47:20,14.5,52.5,4.9
803,2024-11-26 02:57:20,14.5,53.0,5.0
804,2024-11-26 03:07:20,14.5,53.0,5.0
805,2024-11-26 03:17:20,14.5,53.0,5.0
806,2024-11-26 03:27:20,14.5,53.0,5.0
807,2024-11-26 03:37:20,14.5,53.0,5.0
808,2024-11-26 03:47:20,14.5,53.0,5.0
809,2024-11-26 03:57:20,14.5,53.0,5.0
810,2024-11-26 04:07:20,14.5,53.0,5.0
811,2024-11-26 04:17:20,14.5,53.5,5.2
812,2024-11-26 04:27:20,14.5,53.5,5.2
813,2024-11-26 04:37:20,14.5,53.5,5.2
814,2024-11-26 04:47:20,14.5,53.5,5.2
815,2024-11-26 04:57:20,14.5,53.5,5.2
816,2024-11-26 05:07:20,14.5,53.5,5.2
817,2024-11-26 05:17:20,14.5,53.5,5.2
818,2024-11-26 05:27:20,14.0,53.5,4.7
819,2024-11-26 05:37:20,14.0,54.0,4.9
820,2024-11-26 05:47:20,14.0,54.0,4.9
821,2024-11-26 05:57:20,14.0,54.0,4.9
822,2024-11-26 06:07:20,14.0,54.0,4.9
823,2024-11-26 06:17:20,14.0,54.0,4.9
824,2024-11-26 06:27:20,14.0,54.0,4.9
825,2024-11-26 06:37:20,14.0,54.0,4.9
826,2024-11-26 06:47:20,14.0,54.0,4.9
827,2024-11-26 06:57:20,14.0,54.0,4.9
828,2024-11-26 07:07:20,14.0,54.0,4.9
829,2024-11-26 07:17:20,14.0,54.0,4.9
830,2024-11-26 07:27:20,14.0,55.5,5.2
831,2024-11-26 07:37:20,14.0,55.0,5.1
832,2024-11-26 07:47:20,14.0,55.0,5.1
833,2024-11-26 07:57:20,14.0,55.0,5.1
834,2024-11-26 08:07:20,14.0,54.5,5.0
835,2024-11-26 08:17:20,14.0,54.5,5.0
836,2024-11-26 08:27:20,14.0,54.5,5.0
837,2024-11-26 08:37:20,14.0,54.5,5.0
838,2024-11-26 08:47:20,14.0,54.5,5.0
839,2024-11-26 08:57:20,14.0,54.5,5.0
840,2024-11-26 09:07:20,14.0,54.5,5.0
841,2024-11-26 09:17:20,14.0,54.5,5.0
842,2024-11-26 09:27:20,14.0,54.5,5.0
843,2024-11-26 09:37:20,14.0,54.0,4.9
844,2024-11-26 09:47:20,14.5,53.5,5.2
845,2024-11-26 09:57:20,14.5,53.5,5.2
846,2024-11-26 10:07:20,15.0,53.0,5.5
847,2024-11-26 10:17:20,15.0,53.0,5.5
848,2024-11-26 10:27:20,15.0,52.5,5.4
849,2024-11-26 10:37:20,15.5,52.5,5.8
850,2024-11-26 10:47:20,15.5,52.5,5.8
851,2024-11-26 10:57:20,15.5,52.5,5.8
852,2024-11-26 11:07:20,15.5,52.5,5.8
853,2024-11-26 11:17:20,16.0,52.5,6.3
854,2024-11-26 11:27:20,16.0,52.5,6.3
855,2024-11-26 11:37:20,16.0,52.0,6.2
856,2024-11-26 11:47:20,16.5,52.0,6.6
857,2024-11-26 11:57:20,16.5,52.0,6.6
858,2024-11-26 12:07:20,16.5,52.0,6.6
859,2024-11-26 12:17:20,17.0,52.0,7.1
860,2024-11-26 12:27:20,17.0,52.0,7.1
861,2024-11-26 12:37:20,17.0,52.0,7.1
862,2024-11-26 12:47:20,17.0,52.0,7.1
863,2024-11-26 12:57:20,17.0,51.5,6.9
864,2024-11-26 13:07:20,17.5,52.0,7.5
865,2024-11-26 13:17:20,17.5,51.5,7.4
866,2024-11-26 13:27:20,17.5,51.5,7.4
867,2024-11-26 13:37:20,17.5,51.5,7.4
868,2024-11-26 13:47:20,17.5,51.0,7.3
869,2024-11-26 13:57:20,17.5,51.5,7.4
870,2024-11-26 14:07:20,17.5,51.0,7.3
871,2024-11-26 14:17:20,17.5,51.0,7.3
872,2024-11-26 14:27:20,17.5,50.5,7.1
873,2024-11-26 14:37:20,17.5,51.0,7.3
874,2024-11-26 14:47:20,17.5,50.5,7.1
875,2024-11-26 14:57:20,17.5,50.5,7.1
876,2024-11-26 15:07:20,17.5,50.5,7.1
877,2024-11-26 15:17:20,17.5,50.0,7.0
878,2024-11-26 15:27:20,17.5,50.0,7.0
879,2024-11-26 15:37:20,17.5,50.0,7.0
880,2024-11-26 15:47:20,17.5,50.0,7.0
881,2024-11-26 15:57:20,17.5,49.5,6.8
882,2024-11-26 16:07:20,17.5,49.5,6.8
883,2024-11-26 16:17:20,17.5,49.5,6.8
884,2024-11-26 16:27:20,17.5,49.5,6.8
885,2024-11-26 16:37:20,17.5,50.0,7.0
886,2024-11-26 16:47:20,17.0,50.5,6.7
887,2024-11-26 16:57:20,17.0,50.5,6.7
888,2024-11-26 17:07:20,17.0,50.5,6.7
889,2024-11-26 17:17:20,16.5,51.0,6.3
890,2024-11-26 17:27:20,16.5,51.0,6.3
891,2024-11-26 17:37:20,16.5,51.0,6.3
892,2024-11-26 17:47:20,16.0,51.0,5.9
893,2024-11-26 17:57:20,16.0,51.0,5.9
894,2024-11-26 18:07:20,16.0,51.5,6.0
895,2024-11-26 18:17:20,16.0,51.5,6.0
896,2024-11-26 18:27:20,15.5,51.5,5.6
897,2024-11-26 18:37:20,15.5,52.0,5.7
898,2024-11-26 18:47:20,15.5,52.0,5.7
899,2024-11-26 18:57:20,15.5,52.0,5.7
900,2024-11-26 19:07:20,15.0,52.0,5.2
901,2024-11-26 19:17:20,15.0,52.5,5.4
902,2024-11-26 19:27:20,15.0,52.0,5.2
903,2024-11-26 19:37:20,15.5,52.0,5.7
904,2024-11-26 19:47:20,15.5,51.5,5.6
905,2024-11-26 19:57:20,15.5,51.5,5.6
906,2024-11-26 20:07:20,15.5,51.0,5.4
907,2024-11-26 20:17:20,15.5,51.0,5.4
908,2024-11-26 20:27:20,15.5,51.0,5.4
909,2024-11-26 20:37:20,16.0,50.5,5.7
910,2024-11-26 20:47:20,16.0,50.5,5.7
911,2024-11-26 20:57:20,16.0,50.5,5.7
912,2024-11-26 21:07:20,16.0,50.5,5.7
913,2024-11-26 21:17:20,16.0,50.0,5.6
914,2024-11-26 21:27:20,15.5,50.5,5.3
915,2024-11-26 21:37:20,15.5,50.5,5.3
916,2024-11-26 21:47:20,15.5,50.5,5.3
917,2024-11-26 21:57:20,15.5,50.5,5.3
918,2024-11-26 22:07:20,15.5,50.5,5.3
919,2024-11-26 22:17:20,15.0,50.5,4.8
920,2024-11-26 22:27:20,15.0,50.5,4.8
921,2024-11-26 22:37:20,15.0,51.0,5.0
922,2024-11-26 22:47:20,15.0,51.0,5.0
923,2024-11-26 22:57:20,15.0,51.0,5.0
924,2024-11-26 23:07:20,14.5,51.0,4.5
925,2024-11-26 23:17:20,14.5,51.0,4.5
926,2024-11-26 23:27:20,14.5,51.0,4.5
927,2024-11-26 23:37:20,14.5,51.5,4.6
928,2024-11-26 23:47:20,14.5,51.5,4.6
929,2024-11-26 23:57:20,14.5,51.5,4.6
930,2024-11-27 00:07:20,14.0,51.5,4.2
931,2024-11-27 00:17:20,14.0,51.5,4.2
932,2024-11-27 00:27:20,14.0,51.5,4.2
933,2024-11-27 00:37:20,14.0,51.5,4.2
934,2024-11-27 00:47:20,14.0,51.5,4.2
935,2024-11-27 00:57:20,14.0,52.0,4.3
936,2024-11-27 01:07:20,14.0,52.0,4.3
937,2024-11-27 01:17:20,14.0,52.0,4.3
938,2024-11-27 01:27:20,14.0,52.0,4.3
939,2024-11-27 01:37:20,14.0,52.0,4.3
940,2024-11-27 01:47:20,13.5,52.0,3.8
941,2024-11-27 01:57:20,13.5,52.0,3.8
942,2024-11-27 02:07:20,13.5,52.0,3.8
943,2024-11-27 02:17:20,13.5,52.0,3.8
944,2024-11-27 02:27:20,13.5,52.0,3.8
945,2024-11-27 02:37:20,13.5,52.5,4.0
946,2024-11-27 02:47:20,13.5,52.5,4.0
947,2024-11-27 02:57:20,13.5,52.5,4.0
948,2024-11-27 03:07:20,13.5,52.5,4.0
949,2024-11-27 03:17:20,13.5,52.5,4.0
950,2024-11-27 03:27:20,13.5,52.5,4.0
951,2024-11-27 03:37:20,13.5,52.5,4.0
952,2024-11-27 03:47:20,14.0,52.0,4.3
953,2024-11-27 03:57:20,14.0,52.0,4.3
954,2024-11-27 04:07:20,14.0,51.5,4.2
955,2024-11-27 04:17:20,14.0,51.5,4.2
956,2024-11-27 04:27:20,14.0,51.0,4.0
957,2024-11-27 04:37:20,14.5,51.0,4.5
958,2024-11-27 04:47:20,14.5,51.0,4.5
959,2024-11-27 04:57:20,14.5,51.0,4.5
960,2024-11-27 05:07:20,14.5,51.0,4.5
961,2024-11-27 05:17:20,14.5,50.5,4.4
962,2024-11-27 05:27:20,14.5,50.5,4.4
963,2024-11-27 05:37:20,14.5,50.5,4.4
964,2024-11-27 05:47:20,14.5,50.0,4.2
965,2024-11-27 05:57:20,15.0,50.0,4.7
966,2024-11-27 06:07:20,15.0,50.0,4.7
967,2024-11-27 06:17:20,15.0,50.0,4.7
968,2024-11-27 06:27:20,15.0,49.5,4.5
969,2024-11-27 06:37:20,15.0,49.5,4.5
970,2024-11-27 06:47:20,15.0,49.5,4.5
971,2024-11-27 06:57:20,15.0,49.5,4.5
972,2024-11-27 07:07:20,15.0,50.0,4.7
973,2024-11-27 07:17:20,15.0,51.5,5.1
974,2024-11-27 07:27:20,15.0,50.5,4.8
975,2024-11-27 07:37:20,15.5,50.0,5.1
976,2024-11-27 07:47:20,15.5,49.5,5.0
977,2024-11-27 07:57:20,15.5,49.5,5.0
978,2024-11-27 08:07:20,15.5,49.0,4.8
979,2024-11-27 08:17:20,15.5,49.0,4.8
980,2024-11-27 08:27:20,15.5,49.0,4.8
981,2024-11-27 08:37:20,15.5,48.5,4.7
982,2024-11-27 08:47:20,15.5,48.5,4.7
983,2024-11-27 08:57:20,15.5,48.5,4.7
984,2024-11-27 09:07:20,15.5,48.5,4.7
985,2024-11-27 09:17:20,15.5,48.5,4.7
986,2024-11-27 09:27:20,15.5,48.5,4.7
987,2024-11-27 09:37:20,15.5,48.0,4.5
988,2024-11-27 09:47:20,15.5,48.0,4.5
989,2024-11-27 09:57:20,15.5,48.0,4.5
990,2024-11-27 10:07:20,15.5,47.5,4.4
991,2024-11-27 10:17:20,15.5,47.5,4.4
992,2024-11-27 10:27:20,16.0,47.5,4.9
993,2024-11-27 10:37:20,16.0,47.5,4.9
994,2024-11-27 10:47:20,16.0,47.0,4.7
995,2024-11-27 10:57:20,16.0,47.0,4.7
996,2024-11-27 11:07:20,16.0,47.0,4.7
997,2024-11-27 11:17:20,16.0,47.0,4.7
998,2024-11-27 11:27:20,16.5,47.0,5.2
999,2024-11-27 11:37:20,16.5,46.5,5.0
1000,2024-11-27 11:47:20,16.5,46.5,5.0
1001,2024-11-27 11:57:20,16.5,46.5,5.0
1002,2024-11-27 12:07:20,16.5,46.0,4.9
1003,2024-11-27 12:17:20,17.0,46.0,5.3
1004,2024-11-27 12:27:20,17.0,46.0,5.3
1005,2024-11-27 12:37:20,17.0,46.0,5.3
1006,2024-11-27 12:47:20,17.0,46.0,5.3
1007,2024-11-27 12:57:20,17.0,46.5,5.5
1008,2024-11-27 13:07:20,17.0,46.0,5.3
1009,2024-11-27 13:17:20,17.0,45.5,5.2
1010,2024-11-27 13:27:20,17.5,46.0,5.8
1011,2024-11-27 13:37:20,17.5,45.5,5.6
1012,2024-11-27 13:47:20,17.5,46.0,5.8
1013,2024-11-27 13:57:20,17.5,45.5,5.6
1014,2024-11-27 14:07:20,17.5,44.5,5.3
1015,2024-11-27 14:17:20,17.5,45.0,5.4
1016,2024-11-27 14:27:20,17.5,45.0,5.4
1017,2024-11-27 14:37:20,17.5,45.5,5.6
1018,2024-11-27 14:47:20,17.5,45.5,5.6
1019,2024-11-27 14:57:20,17.5,45.5,5.6
1020,2024-11-27 15:07:20,17.5,45.5,5.6
1021,2024-11-27 15:17:20,17.5,45.5,5.6
1022,2024-11-27 15:27:20,17.5,45.5,5.6
1023,2024-11-27 15:37:20,17.5,45.5,5.6
1024,2024-11-27 15:47:20,17.5,45.0,5.4
1025,2024-11-27 15:57:20,17.5,45.5,5.6
1026,2024-11-27 16:07:20,17.5,45.0,5.4
1027,2024-11-27 16:17:20,17.5,44.5,5.3
1028,2024-11-27 16:27:20,17.5,44.5,5.3
1029,2024-11-27 16:37:20,17.0,45.0,5.0
1030,2024-11-27 16:47:20,17.0,45.0,5.0
1031,2024-11-27 16:57:20,17.0,45.5,5.2
1032,2024-11-27 17:07:20,17.0,45.0,5.0
1033,2024-11-27 17:17:20,17.0,45.5,5.2
1034,2024-11-27 17:27:20,17.0,45.5,5.2
1035,2024-11-27 17:37:20,16.5,45.5,4.7
1036,2024-11-27 17:47:20,16.5,45.5,4.7
1037,2024-11-27 17:57:20,16.5,45.5,4.7
1038,2024-11-27 18:07:20,16.5,45.5,4.7
1039,2024-11-27 18:17:20,16.0,45.5,4.2
1040,2024-11-27 18:27:20,16.0,46.0,4.4
1041,2024-11-27 18:37:20,16.0,45.5,4.2
1042,2024-11-27 18:47:20,16.0,46.0,4.4
1043,2024-11-27 18:57:20,16.0,46.0,4.4
1044,2024-11-27 19:07:20,16.0,46.0,4.4
1045,2024-11-27 19:17:20,16.0,46.5,4.6
1046,2024-11-27 19:27:20,15.5,46.5,4.1
1047,2024-11-27 19:37:20,16.0,46.5,4.6
1048,2024-11-27 19:47:20,16.0,46.5,4.6
1049,2024-11-27 19:57:20,16.0,46.5,4.6
1050,2024-11-27 20:07:20,15.5,46.5,4.1
1051,2024-11-27 20:17:20,15.5,46.5,4.1
1052,2024-11-27 20:27:20,15.5,46.5,4.1
1053,2024-11-27 20:37:20,15.5,46.5,4.1
1054,2024-11-27 20:47:20,15.5,46.5,4.1
1055,2024-11-27 20:57:20,15.5,46.5,4.1
1056,2024-11-27 21:07:20,15.5,46.0,3.9
1057,2024-11-27 21:17:20,15.5,46.5,4.1
1058,2024-11-27 21:27:20,15.5,46.0,3.9
1059,2024-11-27 21:37:20,15.0,46.5,3.6
1060,2024-11-27 21:47:20,15.0,46.5,3.6
1061,2024-11-27 21:57:20,14.5,46.5,3.2
1062,2024-11-27 22:07:20,14.5,46.5,3.2
1063,2024-11-27 22:17:20,14.5,47.0,3.3
1064,2024-11-27 22:27:20,14.5,47.0,3.3
1065,2024-11-27 22:37:20,14.0,47.0,2.9
1066,2024-11-27 22:47:20,14.0,47.0,2.9
1067,2024-11-27 22:57:20,14.0,47.0,2.9
1068,2024-11-27 23:07:20,14.0,47.0,2.9
1069,2024-11-27 23:17:20,14.0,47.0,2.9
1070,2024-11-27 23:27:20,13.5,47.0,2.4
1071,2024-11-27 23:37:20,13.5,47.0,2.4
1072,2024-11-27 23:47:20,14.0,47.0,2.9
1073,2024-11-27 23:57:20,14.0,46.5,2.7
1074,2024-11-28 00:07:20,14.0,46.0,2.6
1075,2024-11-28 00:17:20,14.0,46.0,2.6
1076,2024-11-28 00:27:20,14.5,45.5,2.9
1077,2024-11-28 00:37:20,14.5,45.0,2.7
1078,2024-11-28 00:47:20,14.5,45.0,2.7
1079,2024-11-28 00:57:20,14.5,45.0,2.7
1080,2024-11-28 01:07:20,14.5,44.5,2.6
1081,2024-11-28 01:17:20,14.5,44.5,2.6
1082,2024-11-28 01:27:20,14.5,44.5,2.6
1083,2024-11-28 01:37:20,14.5,44.5,2.6
1084,2024-11-28 01:47:20,14.5,44.0,2.4
1085,2024-11-28 01:57:20,14.5,44.0,2.4
1086,2024-11-28 02:07:20,14.5,44.0,2.4
1087,2024-11-28 02:17:20,14.5,44.0,2.4
1088,2024-11-28 02:27:20,14.5,43.5,2.2
1089,2024-11-28 02:37:20,14.5,43.5,2.2
1090,2024-11-28 02:47:20,14.5,43.5,2.2
1091,2024-11-28 02:57:20,14.5,43.5,2.2
1092,2024-11-28 03:07:20,14.5,43.5,2.2
1093,2024-11-28 03:17:20,14.5,43.0,2.1
1094,2024-11-28 03:27:20,14.5,43.0,2.1
1095,2024-11-28 03:37:20,14.5,43.0,2.1
1096,2024-11-28 03:47:20,14.5,43.0,2.1
1097,2024-11-28 03:57:20,14.5,43.0,2.1
1098,2024-11-28 04:07:20,14.5,43.0,2.1
1099,2024-11-28 04:17:20,14.5,43.0,2.1
1100,2024-11-28 04:27:20,14.5,42.5,1.9
1101,2024-11-28 04:37:20,14.5,42.5,1.9
1102,2024-11-28 04:47:20,14.5,42.5,1.9
1103,2024-11-28 04:57:20,14.5,42.5,1.9
1104,2024-11-28 05:07:20,14.5,42.5,1.9
1105,2024-11-28 05:17:20,14.5,42.5,1.9
1106,2024-11-28 05:27:20,14.5,42.5,1.9
1107,2024-11-28 05:37:20,14.0,42.5,1.5
1108,2024-11-28 05:47:20,14.5,42.0,1.8
1109,2024-11-28 05:57:20,14.5,42.0,1.8
1110,2024-11-28 06:07:20,14.5,42.0,1.8
1111,2024-11-28 06:17:20,14.5,42.0,1.8
1112,2024-11-28 06:27:20,14.5,42.0,1.8
1113,2024-11-28 06:37:20,14.5,42.0,1.8
1114,2024-11-28 06:47:20,14.5,41.5,1.6
1115,2024-11-28 06:57:20,14.5,41.5,1.6
1116,2024-11-28 07:07:20,14.5,42.0,1.8
1117,2024-11-28 07:17:20,14.5,42.5,1.9
1118,2024-11-28 07:27:20,14.5,44.5,2.6
1119,2024-11-28 07:37:20,14.5,43.5,2.2
1120,2024-11-28 07:47:20,14.5,43.0,2.1
1121,2024-11-28 07:57:20,14.5,42.5,1.9
1122,2024-11-28 08:07:20,14.5,42.5,1.9
1123,2024-11-28 08:17:20,14.5,42.0,1.8
1124,2024-11-28 08:27:20,14.5,42.0,1.8
1125,2024-11-28 08:37:20,14.5,42.0,1.8
1126,2024-11-28 08:47:20,14.5,42.0,1.8
1127,2024-11-28 08:57:20,14.5,41.5,1.6
1128,2024-11-28 09:07:20,14.5,41.5,1.6
1129,2024-11-28 09:17:20,14.5,41.5,1.6
1130,2024-11-28 09:27:20,14.5,41.5,1.6
1131,2024-11-28 09:37:20,14.5,41.5,1.6
1132,2024-11-28 09:47:20,14.5,41.5,1.6
1133,2024-11-28 09:57:20,14.5,41.5,1.6
1134,2024-11-28 10:07:20,14.5,41.5,1.6
1135,2024-11-28 10:17:20,14.5,41.5,1.6
1136,2024-11-28 10:27:20,14.5,41.5,1.6
1137,2024-11-28 10:37:20,14.5,41.0,1.4
1138,2024-11-28 10:47:20,14.5,41.0,1.4
1139,2024-11-28 10:57:20,14.5,41.5,1.6
1140,2024-11-28 11:07:20,15.0,41.5,2.0
1141,2024-11-28 11:17:20,15.0,42.0,2.2
1142,2024-11-28 11:27:20,15.0,42.0,2.2
1143,2024-11-28 11:37:20,15.0,42.5,2.4
1144,2024-11-28 11:47:20,15.0,42.5,2.4
1145,2024-11-28 11:57:20,15.5,42.5,2.8
1146,2024-11-28 12:07:20,15.5,43.0,3.0
1147,2024-11-28 12:17:20,15.5,43.0,3.0
1148,2024-11-28 12:27:20,15.5,43.5,3.2
1149,2024-11-28 12:37:20,15.5,43.5,3.2
1150,2024-11-28 12:47:20,15.5,43.5,3.2
1151,2024-11-28 12:57:20,16.0,43.5,3.6
1152,2024-11-28 13:07:20,16.0,43.5,3.6
1153,2024-11-28 13:17:20,16.0,43.5,3.6
1154,2024-11-28 13:27:20,16.0,43.5,3.6
1155,2024-11-28 13:37:20,16.0,44.0,3.8
1156,2024-11-28 13:47:20,16.0,44.0,3.8
1157,2024-11-28 13:57:20,16.0,44.0,3.8
1158,2024-11-28 14:07:20,16.0,43.5,3.6
1159,2024-11-28 14:17:20,16.0,44.0,3.8
1160,2024-11-28 14:27:20,16.0,43.5,3.6
1161,2024-11-28 14:37:20,16.0,43.5,3.6
1162,2024-11-28 14:47:20,16.0,43.5,3.6
1163,2024-11-28 14:57:20,16.0,43.5,3.6
1164,2024-11-28 15:07:20,16.0,43.5,3.6
1165,2024-11-28 15:17:20,16.0,43.5,3.6
1166,2024-11-28 15:27:20,16.0,43.5,3.6
1167,2024-11-28 15:37:20,16.0,44.0,3.8
1168,2024-11-28 15:47:20,16.0,43.5,3.6
1169,2024-11-28 15:57:20,16.0,43.5,3.6
1170,2024-11-28 16:07:20,16.0,43.5,3.6
1171,2024-11-28 16:17:20,16.0,43.5,3.6
1172,2024-11-28 16:27:20,16.0,43.5,3.6
1173,2024-11-28 16:37:20,16.0,43.5,3.6
1174,2024-11-28 16:47:20,16.0,44.0,3.8
1175,2024-11-28 16:57:20,16.0,43.5,3.6
1176,2024-11-28 17:07:20,16.0,43.5,3.6
1177,2024-11-28 17:17:20,16.0,43.5,3.6
1178,2024-11-28 17:27:20,16.0,43.5,3.6
1179,2024-11-28 17:37:20,15.5,43.5,3.2
1180,2024-11-28 17:47:20,15.5,43.5,3.2
1181,2024-11-28 17:57:20,15.5,43.5,3.2
1182,2024-11-28 18:07:20,16.0,43.5,3.6
1183,2024-11-28 18:17:20,16.0,43.5,3.6
1184,2024-11-28 18:27:20,16.0,43.5,3.6
1185,2024-11-28 18:37:20,16.0,43.5,3.6
1186,2024-11-28 18:47:20,16.0,44.0,3.8
1187,2024-11-28 18:57:20,16.0,44.0,3.8
1188,2024-11-28 19:07:20,16.0,44.0,3.8
1189,2024-11-28 19:17:20,16.0,44.0,3.8
1190,2024-11-28 19:27:20,16.0,44.5,3.9
1191,2024-11-28 19:37:20,16.0,44.5,3.9
1192,2024-11-28 19:47:20,16.0,44.5,3.9
1193,2024-11-28 19:57:20,16.0,44.5,3.9
1194,2024-11-28 20:07:20,16.0,44.5,3.9
1195,2024-11-28 20:17:20,16.0,44.5,3.9
1196,2024-11-28 20:27:20,16.0,44.5,3.9
1197,2024-11-28 20:37:20,16.0,44.5,3.9
1198,2024-11-28 20:47:20,16.0,44.5,3.9
1199,2024-11-28 20:57:20,16.0,44.5,3.9
1200,2024-11-28 21:07:20,16.0,44.5,3.9
1201,2024-11-28 21:17:20,16.0,44.5,3.9
1202,2024-11-28 21:27:20,16.0,44.5,3.9
1203,2024-11-28 21:37:20,15.5,45.0,3.6
1204,2024-11-28 21:47:20,15.5,45.0,3.6
1205,2024-11-28 21:57:20,15.5,45.0,3.6
1206,2024-11-28 22:07:20,15.5,45.0,3.6
1207,2024-11-28 22:17:20,15.5,45.0,3.6
1208,2024-11-28 22:27:20,15.5,45.0,3.6
1209,2024-11-28 22:37:20,15.5,45.0,3.6
1210,2024-11-28 22:47:20,15.5,45.0,3.6
1211,2024-11-28 22:57:20,15.5,45.0,3.6
1212,2024-11-28 23:07:20,15.5,45.0,3.6
1213,2024-11-28 23:17:20,15.5,45.0,3.6
1214,2024-11-28 23:27:20,15.5,45.0,3.6
1215,2024-11-28 23:37:20,15.5,45.0,3.6
1216,2024-11-28 23:47:20,15.5,45.0,3.6
1217,2024-11-28 23:57:20,15.5,45.5,3.8
1218,2024-11-29 00:07:20,15.5,45.5,3.8
1219,2024-11-29 00:17:20,15.5,45.5,3.8
1220,2024-11-29 00:27:20,15.5,45.5,3.8
1221,2024-11-29 00:37:20,15.5,45.5,3.8
1222,2024-11-29 00:47:20,15.5,45.5,3.8
1223,2024-11-29 00:57:20,15.5,45.5,3.8
1224,2024-11-29 01:07:20,15.5,45.5,3.8
1225,2024-11-29 01:17:20,15.5,46.0,3.9
1226,2024-11-29 01:27:20,15.5,46.0,3.9
1227,2024-11-29 01:37:20,15.5,46.0,3.9
1228,2024-11-29 01:47:20,15.5,46.0,3.9
1229,2024-11-29 01:57:20,15.5,46.5,4.1
1230,2024-11-29 02:07:20,15.5,46.5,4.1
1231,2024-11-29 02:17:20,15.5,46.5,4.1
1232,2024-11-29 02:27:20,15.5,46.5,4.1
1233,2024-11-29 02:37:20,15.5,46.5,4.1
1234,2024-11-29 02:47:20,15.5,47.0,4.2
1235,2024-11-29 02:57:20,15.5,47.0,4.2
1236,2024-11-29 03:07:20,15.5,47.0,4.2
1237,2024-11-29 03:17:20,15.5,47.0,4.2
1238,2024-11-29 03:27:20,15.5,47.0,4.2
1239,2024-11-29 03:37:20,15.5,47.0,4.2
1240,2024-11-29 03:47:20,15.5,47.0,4.2
1241,2024-11-29 03:57:20,15.5,47.5,4.4
1242,2024-11-29 04:07:20,15.5,47.5,4.4
1243,2024-11-29 04:17:20,15.5,47.5,4.4
1244,2024-11-29 04:27:20,15.5,47.5,4.4
1245,2024-11-29 04:37:20,15.5,47.5,4.4
1246,2024-11-29 04:47:20,15.5,47.5,4.4
1247,2024-11-29 04:57:20,15.5,47.5,4.4
1248,2024-11-29 05:07:20,15.5,48.0,4.5
1249,2024-11-29 05:17:20,15.5,48.0,4.5
1250,2024-11-29 05:27:20,15.5,48.0,4.5
1251,2024-11-29 05:37:20,15.5,48.5,4.7
1252,2024-11-29 05:47:20,15.5,48.0,4.5
1253,2024-11-29 05:57:20,15.5,48.0,4.5
1254,2024-11-29 06:07:20,15.5,48.0,4.5
1255,2024-11-29 06:17:20,15.5,48.0,4.5
1256,2024-11-29 06:27:20,16.0,49.0,5.3
1257,2024-11-29 06:37:20,16.0,50.5,5.7
1258,2024-11-29 06:47:20,16.0,51.0,5.9
1259,2024-11-29 06:57:20,16.0,51.0,5.9
1260,2024-11-29 07:07:20,16.0,50.5,5.7
1261,2024-11-29 07:17:20,16.0,50.0,5.6
1262,2024-11-29 07:27:20,16.0,50.0,5.6
1263,2024-11-29 07:37:20,16.0,49.5,5.4
1264,2024-11-29 07:47:20,16.0,49.5,5.4
1265,2024-11-29 07:57:20,16.0,49.5,5.4
1266,2024-11-29 08:07:20,16.0,50.0,5.6
1267,2024-11-29 08:17:20,16.0,50.0,5.6
1268,2024-11-29 08:27:20,16.0,50.0,5.6
1269,2024-11-29 08:37:20,16.0,50.0,5.6
1270,2024-11-29 08:47:20,16.0,50.0,5.6
1271,2024-11-29 08:57:20,16.0,50.0,5.6
1272,2024-11-29 09:07:20,16.0,50.5,5.7
1273,2024-11-29 09:17:20,16.0,50.5,5.7
1274,2024-11-29 09:27:20,16.0,50.5,5.7
1275,2024-11-29 09:37:20,16.0,50.5,5.7
1276,2024-11-29 09:47:20,16.0,50.5,5.7
1277,2024-11-29 09:57:20,16.0,50.5,5.7
1278,2024-11-29 10:07:20,16.5,50.5,6.2
1279,2024-11-29 10:17:20,16.5,50.5,6.2
1280,2024-11-29 10:27:20,16.5,51.0,6.3
1281,2024-11-29 10:37:20,16.5,51.0,6.3
1282,2024-11-29 10:47:20,16.5,52.0,6.6
1283,2024-11-29 10:57:20,16.5,52.0,6.6
1284,2024-11-29 11:07:20,17.0,52.0,7.1
1285,2024-11-29 11:17:20,17.0,52.5,7.2
1286,2024-11-29 11:27:20,17.0,52.5,7.2
1287,2024-11-29 11:37:20,17.5,53.0,7.8
1288,2024-11-29 11:47:20,17.5,53.0,7.8
1289,2024-11-29 11:57:20,17.5,53.0,7.8
1290,2024-11-29 12:07:20,17.5,53.0,7.8
1291,2024-11-29 12:17:20,17.5,53.0,7.8
1292,2024-11-29 12:27:20,18.0,53.5,8.4
1293,2024-11-29 12:37:20,18.0,53.5,8.4
1294,2024-11-29 12:47:20,18.0,53.5,8.4
1295,2024-11-29 12:57:20,18.0,53.5,8.4
1296,2024-11-29 13:07:20,18.5,53.0,8.7
1297,2024-11-29 13:17:20,18.5,53.0,8.7
1298,2024-11-29 13:27:20,18.5,53.5,8.9
1299,2024-11-29 13:37:20,18.5,53.5,8.9
1300,2024-11-29 13:47:20,18.5,53.0,8.7
1301,2024-11-29 13:57:20,18.5,53.5,8.9
1302,2024-11-29 14:07:20,18.5,53.5,8.9
1303,2024-11-29 14:17:20,18.5,53.5,8.9
1304,2024-11-29 14:27:20,18.5,53.0,8.7
1305,2024-11-29 14:37:20,18.5,53.0,8.7
1306,2024-11-29 14:47:20,18.5,53.0,8.7
1307,2024-11-29 14:57:20,18.5,53.0,8.7
1308,2024-11-29 15:07:20,18.5,53.0,8.7
1309,2024-11-29 15:17:20,18.5,53.0,8.7
1310,2024-11-29 15:27:20,18.5,52.5,8.6
1311,2024-11-29 15:37:20,18.5,52.5,8.6
1312,2024-11-29 15:47:20,18.5,52.5,8.6
1313,2024-11-29 15:57:20,18.5,52.5,8.6
1314,2024-11-29 16:07:20,18.5,52.5,8.6
1315,2024-11-29 16:17:20,18.5,52.5,8.6
1316,2024-11-29 16:27:20,18.5,53.0,8.7
1317,2024-11-29 16:37:20,18.5,53.0,8.7
1318,2024-11-29 16:47:20,18.0,53.0,8.3
1319,2024-11-29 16:57:20,18.0,53.5,8.4
1320,2024-11-29 17:07:20,18.0,53.5,8.4
1321,2024-11-29 17:17:20,17.5,53.5,8.0
1322,2024-11-29 17:27:20,17.5,54.0,8.1
1323,2024-11-29 17:37:20,17.5,54.0,8.1
1324,2024-11-29 17:47:20,17.0,54.5,7.8
1325,2024-11-29 17:57:20,17.0,54.5,7.8
1326,2024-11-29 18:07:20,17.0,54.5,7.8
1327,2024-11-29 18:17:20,17.0,55.0,7.9
1328,2024-11-29 18:27:20,17.0,55.0,7.9
1329,2024-11-29 18:37:20,16.5,55.0,7.4
1330,2024-11-29 18:47:20,16.5,55.5,7.6
1331,2024-11-29 18:57:20,16.5,55.5,7.6
1332,2024-11-29 19:07:20,16.5,55.5,7.6
1333,2024-11-29 19:17:20,16.5,56.0,7.7
1334,2024-11-29 19:27:20,16.5,56.0,7.7
1335,2024-11-29 19:37:20,16.5,56.0,7.7
1336,2024-11-29 19:47:20,16.5,56.0,7.7
1337,2024-11-29 19:57:20,16.5,56.0,7.7
1338,2024-11-29 20:07:20,16.0,56.5,7.4
1339,2024-11-29 20:17:20,16.0,56.5,7.4
1340,2024-11-29 20:27:20,16.0,56.5,7.4
1341,2024-11-29 20:37:20,16.0,56.5,7.4
1342,2024-11-29 20:47:20,16.0,56.5,7.4
1343,2024-11-29 20:57:20,16.0,56.5,7.4
1344,2024-11-29 21:07:20,16.0,56.5,7.4
1345,2024-11-29 21:17:20,16.0,57.0,7.5
1346,2024-11-29 21:27:20,16.0,57.0,7.5
1347,2024-11-29 21:37:20,16.0,57.0,7.5
1348,2024-11-29 21:47:20,16.0,57.0,7.5
1349,2024-11-29 21:57:20,16.0,57.5,7.6
1350,2024-11-29 22:07:20,16.0,57.5,7.6
1351,2024-11-29 22:17:20,16.0,58.0,7.7
1352,2024-11-29 22:27:20,16.0,58.0,7.7
1353,2024-11-29 22:37:20,16.0,58.0,7.7
1354,2024-11-29 22:47:20,16.0,58.5,7.9
1355,2024-11-29 22:57:20,16.0,58.5,7.9
1356,2024-11-29 23:07:20,16.0,58.5,7.9
1357,2024-11-29 23:17:20,16.0,58.5,7.9
1358,2024-11-29 23:27:20,16.0,59.0,8.0
1359,2024-11-29 23:37:20,16.0,59.0,8.0
1360,2024-11-29 23:47:20,15.5,59.5,7.7
1361,2024-11-29 23:57:20,15.5,59.5,7.7
1362,2024-11-30 00:07:20,15.5,59.5,7.7
1363,2024-11-30 00:17:20,15.5,59.5,7.7
1364,2024-11-30 00:27:20,15.5,60.0,7.8
1365,2024-11-30 00:37:20,15.5,60.0,7.8
1366,2024-11-30 00:47:20,15.5,60.0,7.8
1367,2024-11-30 00:57:20,15.5,60.5,7.9
1368,2024-11-30 01:07:20,15.5,60.5,7.9
1369,2024-11-30 01:17:20,15.5,60.5,7.9
1370,2024-11-30 01:27:20,15.5,61.0,8.0
1371,2024-11-30 01:37:20,15.5,61.0,8.0
1372,2024-11-30 01:47:20,15.5,61.0,8.0
1373,2024-11-30 01:57:20,15.5,61.0,8.0
1374,2024-11-30 02:07:20,15.5,61.5,8.1
1375,2024-11-30 02:17:20,15.5,61.5,8.1
1376,2024-11-30 02:27:20,15.5,61.5,8.1
1377,2024-11-30 02:37:20,15.5,61.5,8.1
1378,2024-11-30 02:47:20,15.5,62.0,8.3
1379,2024-11-30 02:57:20,15.5,62.0,8.3
1380,2024-11-30 03:07:20,15.5,62.0,8.3
1381,2024-11-30 03:17:20,15.5,62.0,8.3
1382,2024-11-30 03:27:20,15.5,62.5,8.4
1383,2024-11-30 03:37:20,15.5,62.5,8.4
1384,2024-11-30 03:47:20,15.5,62.5,8.4
1385,2024-11-30 03:57:20,15.5,63.0,8.5
1386,2024-11-30 04:07:20,15.5,63.0,8.5
1387,2024-11-30 04:17:20,15.5,63.0,8.5
1388,2024-11-30 04:27:20,15.5,63.0,8.5
1389,2024-11-30 04:37:20,15.5,63.5,8.6
1390,2024-11-30 04:47:20,15.5,63.0,8.5
1391,2024-11-30 04:57:20,15.5,63.0,8.5
1392,2024-11-30 05:07:20,15.5,63.0,8.5
1393,2024-11-30 05:17:20,15.5,63.5,8.6
1394,2024-11-30 05:27:20,15.5,63.5,8.6
1395,2024-11-30 05:37:20,15.5,63.5,8.6
1396,2024-11-30 05:47:20,15.5,63.5,8.6
1397,2024-11-30 05:57:20,15.5,63.5,8.6
1398,2024-11-30 06:07:20,15.5,64.0,8.7
1399,2024-11-30 06:17:20,15.5,63.5,8.6
1400,2024-11-30 06:27:20,15.5,63.5,8.6
1401,2024-11-30 06:37:20,15.5,64.0,8.7
1402,2024-11-30 06:47:20,15.5,64.5,8.8
1403,2024-11-30 06:57:20,15.5,64.5,8.8
1404,2024-11-30 07:07:20,15.5,64.5,8.8
1405,2024-11-30 07:17:20,15.5,64.5,8.8
1406,2024-11-30 07:27:20,15.5,64.5,8.8
1407,2024-11-30 07:37:20,15.5,64.5,8.8
1408,2024-11-30 07:47:20,15.5,64.5,8.8
1409,2024-11-30 07:57:20,15.5,64.0,8.7
1410,2024-11-30 08:07:20,15.5,64.0,8.7
1411,2024-11-30 08:17:20,15.5,64.0,8.7
1412,2024-11-30 08:27:20,15.5,64.0,8.7
1413,2024-11-30 08:37:20,15.5,64.0,8.7
1414,2024-11-30 08:47:20,15.5,64.0,8.7
1415,2024-11-30 08:57:20,15.5,64.0,8.7
1416,2024-11-30 09:07:20,15.5,64.0,8.7
1417,2024-11-30 09:17:20,15.5,64.0,8.7
1418,2024-11-30 09:27:20,15.5,64.0,8.7
1419,2024-11-30 09:37:20,16.0,64.0,9.2
1420,2024-11-30 09:47:20,16.0,63.5,9.1
1421,2024-11-30 09:57:20,16.5,63.0,9.4
1422,2024-11-30 10:07:20,16.5,62.5,9.3
1423,2024-11-30 10:17:20,16.5,62.0,9.2
1424,2024-11-30 10:27:20,17.0,62.0,9.7
1425,2024-11-30 10:37:20,17.0,62.0,9.7
1426,2024-11-30 10:47:20,17.0,61.5,9.6
1427,2024-11-30 10:57:20,17.5,61.5,10.0
1428,2024-11-30 11:07:20,17.5,61.5,10.0
1429,2024-11-30 11:17:20,17.5,61.5,10.0
1430,2024-11-30 11:27:20,18.0,61.5,10.5
1431,2024-11-30 11:37:20,18.0,61.5,10.5
1432,2024-11-30 11:47:20,18.0,61.5,10.5
1433,2024-11-30 11:57:20,18.5,61.5,11.0
1434,2024-11-30 12:07:20,18.5,61.5,11.0
1435,2024-11-30 12:17:20,18.5,61.5,11.0
1436,2024-11-30 12:27:20,18.5,61.5,11.0
1437,2024-11-30 12:37:20,19.0,61.0,11.3
1438,2024-11-30 12:47:20,19.0,61.5,11.4
1439,2024-11-30 12:57:20,19.0,61.0,11.3
1440,2024-11-30 13:07:20,19.0,61.0,11.3
1441,2024-11-30 13:17:20,19.5,61.5,11.9
1442,2024-11-30 13:27:20,19.5,61.0,11.8
1443,2024-11-30 13:37:20,19.5,61.0,11.8
1444,2024-11-30 13:47:20,19.5,60.5,11.7
1445,2024-11-30 13:57:20,19.5,60.0,11.5
1446,2024-11-30 14:07:20,19.5,60.0,11.5
1447,2024-11-30 14:17:20,19.5,60.0,11.5
1448,2024-11-30 14:27:20,19.5,60.0,11.5
1449,2024-11-30 14:37:20,19.5,60.0,11.5
1450,2024-11-30 14:47:20,19.5,60.0,11.5
1451,2024-11-30 14:57:20,20.0,59.5,11.9
1452,2024-11-30 15:07:20,20.0,59.5,11.9
1453,2024-11-30 15:17:20,20.0,59.0,11.7
1454,2024-11-30 15:27:20,20.0,59.0,11.7
1455,2024-11-30 15:37:20,20.0,59.0,11.7
1456,2024-11-30 15:47:20,20.0,59.0,11.7
1457,2024-11-30 15:57:20,20.0,59.0,11.7
1458,2024-11-30 16:07:20,20.0,58.5,11.6
1459,2024-11-30 16:17:20,20.0,58.5,11.6
1460,2024-11-30 16:27:20,19.5,59.0,11.3
1461,2024-11-30 16:37:20,19.5,59.0,11.3
1462,2024-11-30 16:47:20,19.5,59.5,11.4
