unknown_location,Time,Celsius(ï¿½C),Serial Number
1,2024-11-20 13:31:41,25.5,060025853
2,2024-11-20 13:41:41,21.0
3,2024-11-20 13:51:41,19.0
4,2024-11-20 14:01:41,18.5
5,2024-11-20 14:11:41,18.0
6,2024-11-20 14:21:41,17.5
7,2024-11-20 14:31:41,18.0
8,2024-11-20 14:41:41,17.5
9,2024-11-20 14:51:41,17.5
10,2024-11-20 15:01:41,17.5
11,2024-11-20 15:11:41,17.5
12,2024-11-20 15:21:41,17.5
13,2024-11-20 15:31:41,17.5
14,2024-11-20 15:41:41,17.5
15,2024-11-20 15:51:41,17.0
16,2024-11-20 16:01:41,17.0
17,2024-11-20 16:11:41,17.0
18,2024-11-20 16:21:41,17.0
19,2024-11-20 16:31:41,17.0
20,2024-11-20 16:41:41,17.0
21,2024-11-20 16:51:41,17.0
22,2024-11-20 17:01:41,16.5
23,2024-11-20 17:11:41,16.0
24,2024-11-20 17:21:41,15.5
25,2024-11-20 17:31:41,15.0
26,2024-11-20 17:41:41,14.5
27,2024-11-20 17:51:41,14.5
28,2024-11-20 18:01:41,14.0
29,2024-11-20 18:11:41,14.0
30,2024-11-20 18:21:41,13.5
31,2024-11-20 18:31:41,13.5
32,2024-11-20 18:41:41,13.5
33,2024-11-20 18:51:41,13.0
34,2024-11-20 19:01:41,13.0
35,2024-11-20 19:11:41,13.0
36,2024-11-20 19:21:41,13.0
37,2024-11-20 19:31:41,13.0
38,2024-11-20 19:41:41,13.0
39,2024-11-20 19:51:41,12.5
40,2024-11-20 20:01:41,12.5
41,2024-11-20 20:11:41,12.5
42,2024-11-20 20:21:41,12.5
43,2024-11-20 20:31:41,12.5
44,2024-11-20 20:41:41,12.5
45,2024-11-20 20:51:41,12.5
46,2024-11-20 21:01:41,12.5
47,2024-11-20 21:11:41,12.5
48,2024-11-20 21:21:41,12.5
49,2024-11-20 21:31:41,12.5
50,2024-11-20 21:41:41,12.5
51,2024-11-20 21:51:41,12.5
52,2024-11-20 22:01:41,12.0
53,2024-11-20 22:11:41,12.0
54,2024-11-20 22:21:41,12.0
55,2024-11-20 22:31:41,12.0
56,2024-11-20 22:41:41,12.0
57,2024-11-20 22:51:41,12.0
58,2024-11-20 23:01:41,12.0
59,2024-11-20 23:11:41,12.0
60,2024-11-20 23:21:41,12.0
61,2024-11-20 23:31:41,12.0
62,2024-11-20 23:41:41,12.0
63,2024-11-20 23:51:41,12.0
64,2024-11-21 00:01:41,12.0
65,2024-11-21 00:11:41,12.0
66,2024-11-21 00:21:41,12.0
67,2024-11-21 00:31:41,12.0
68,2024-11-21 00:41:41,12.0
69,2024-11-21 00:51:41,12.0
70,2024-11-21 01:01:41,12.0
71,2024-11-21 01:11:41,12.0
72,2024-11-21 01:21:41,12.0
73,2024-11-21 01:31:41,12.0
74,2024-11-21 01:41:41,12.0
75,2024-11-21 01:51:41,12.0
76,2024-11-21 02:01:41,12.0
77,2024-11-21 02:11:41,12.0
78,2024-11-21 02:21:41,12.0
79,2024-11-21 02:31:41,12.0
80,2024-11-21 02:41:41,12.0
81,2024-11-21 02:51:41,12.0
82,2024-11-21 03:01:41,12.0
83,2024-11-21 03:11:41,12.0
84,2024-11-21 03:21:41,12.0
85,2024-11-21 03:31:41,12.0
86,2024-11-21 03:41:41,12.0
87,2024-11-21 03:51:41,12.0
88,2024-11-21 04:01:41,12.0
89,2024-11-21 04:11:41,12.0
90,2024-11-21 04:21:41,12.0
91,2024-11-21 04:31:41,12.0
92,2024-11-21 04:41:41,12.0
93,2024-11-21 04:51:41,12.0
94,2024-11-21 05:01:41,12.0
95,2024-11-21 05:11:41,12.0
96,2024-11-21 05:21:41,12.0
97,2024-11-21 05:31:41,12.0
98,2024-11-21 05:41:41,12.0
99,2024-11-21 05:51:41,12.0
100,2024-11-21 06:01:41,12.0
101,2024-11-21 06:11:41,12.0
102,2024-11-21 06:21:41,12.0
103,2024-11-21 06:31:41,12.0
104,2024-11-21 06:41:41,12.0
105,2024-11-21 06:51:41,12.0
106,2024-11-21 07:01:41,12.0
107,2024-11-21 07:11:41,12.0
108,2024-11-21 07:21:41,12.0
109,2024-11-21 07:31:41,12.0
110,2024-11-21 07:41:41,12.0
111,2024-11-21 07:51:41,12.0
112,2024-11-21 08:01:41,12.0
113,2024-11-21 08:11:41,12.0
114,2024-11-21 08:21:41,12.0
115,2024-11-21 08:31:41,12.0
116,2024-11-21 08:41:41,12.0
117,2024-11-21 08:51:41,12.0
118,2024-11-21 09:01:41,12.0
119,2024-11-21 09:11:41,12.0
120,2024-11-21 09:21:41,12.0
121,2024-11-21 09:31:41,12.0
122,2024-11-21 09:41:41,12.0
123,2024-11-21 09:51:41,12.0
124,2024-11-21 10:01:41,12.0
125,2024-11-21 10:11:41,12.0
126,2024-11-21 10:21:41,12.0
127,2024-11-21 10:31:41,12.0
128,2024-11-21 10:41:41,12.0
129,2024-11-21 10:51:41,12.0
130,2024-11-21 11:01:41,12.0
131,2024-11-21 11:11:41,12.0
132,2024-11-21 11:21:41,12.0
133,2024-11-21 11:31:41,12.0
134,2024-11-21 11:41:41,12.0
135,2024-11-21 11:51:41,12.5
136,2024-11-21 12:01:41,14.0
137,2024-11-21 12:11:41,16.5
138,2024-11-21 12:21:41,14.5
139,2024-11-21 12:31:41,13.5
140,2024-11-21 12:41:41,13.0
141,2024-11-21 12:51:41,13.0
142,2024-11-21 13:01:41,12.5
143,2024-11-21 13:11:41,12.5
144,2024-11-21 13:21:41,12.5
145,2024-11-21 13:31:41,12.5
146,2024-11-21 13:41:41,12.5
147,2024-11-21 13:51:41,12.5
148,2024-11-21 14:01:41,12.5
149,2024-11-21 14:11:41,12.5
150,2024-11-21 14:21:41,12.5
151,2024-11-21 14:31:41,12.5
152,2024-11-21 14:41:41,12.5
153,2024-11-21 14:51:41,12.5
154,2024-11-21 15:01:41,12.5
155,2024-11-21 15:11:41,12.5
156,2024-11-21 15:21:41,12.5
157,2024-11-21 15:31:41,12.5
158,2024-11-21 15:41:41,12.5
159,2024-11-21 15:51:41,12.5
160,2024-11-21 16:01:41,12.5
161,2024-11-21 16:11:41,12.5
162,2024-11-21 16:21:41,12.5
163,2024-11-21 16:31:41,12.5
164,2024-11-21 16:41:41,12.5
165,2024-11-21 16:51:41,12.5
166,2024-11-21 17:01:41,12.5
167,2024-11-21 17:11:41,12.5
168,2024-11-21 17:21:41,12.5
169,2024-11-21 17:31:41,12.5
170,2024-11-21 17:41:41,12.5
171,2024-11-21 17:51:41,12.5
172,2024-11-21 18:01:41,12.0
173,2024-11-21 18:11:41,12.0
174,2024-11-21 18:21:41,12.0
175,2024-11-21 18:31:41,12.0
176,2024-11-21 18:41:41,12.0
177,2024-11-21 18:51:41,12.0
178,2024-11-21 19:01:41,12.0
179,2024-11-21 19:11:41,12.0
180,2024-11-21 19:21:41,12.0
181,2024-11-21 19:31:41,12.0
182,2024-11-21 19:41:41,12.0
183,2024-11-21 19:51:41,12.0
184,2024-11-21 20:01:41,12.0
185,2024-11-21 20:11:41,12.0
186,2024-11-21 20:21:41,12.0
187,2024-11-21 20:31:41,12.0
188,2024-11-21 20:41:41,12.0
189,2024-11-21 20:51:41,12.0
190,2024-11-21 21:01:41,12.0
191,2024-11-21 21:11:41,12.0
192,2024-11-21 21:21:41,12.0
193,2024-11-21 21:31:41,12.0
194,2024-11-21 21:41:41,12.0
195,2024-11-21 21:51:41,12.0
196,2024-11-21 22:01:41,12.0
197,2024-11-21 22:11:41,12.0
198,2024-11-21 22:21:41,12.0
199,2024-11-21 22:31:41,12.0
200,2024-11-21 22:41:41,12.0
201,2024-11-21 22:51:41,12.0
202,2024-11-21 23:01:41,12.0
203,2024-11-21 23:11:41,12.0
204,2024-11-21 23:21:41,12.0
205,2024-11-21 23:31:41,12.0
206,2024-11-21 23:41:41,12.0
207,2024-11-21 23:51:41,12.0
208,2024-11-22 00:01:41,12.0
209,2024-11-22 00:11:41,12.0
210,2024-11-22 00:21:41,12.0
211,2024-11-22 00:31:41,12.0
212,2024-11-22 00:41:41,12.0
213,2024-11-22 00:51:41,12.0
214,2024-11-22 01:01:41,12.0
215,2024-11-22 01:11:41,12.0
216,2024-11-22 01:21:41,12.0
217,2024-11-22 01:31:41,12.0
218,2024-11-22 01:41:41,12.0
219,2024-11-22 01:51:41,12.0
220,2024-11-22 02:01:41,12.0
221,2024-11-22 02:11:41,12.0
222,2024-11-22 02:21:41,12.0
223,2024-11-22 02:31:41,12.0
224,2024-11-22 02:41:41,12.0
225,2024-11-22 02:51:41,12.0
226,2024-11-22 03:01:41,12.0
227,2024-11-22 03:11:41,12.0
228,2024-11-22 03:21:41,11.5
229,2024-11-22 03:31:41,11.5
230,2024-11-22 03:41:41,11.5
231,2024-11-22 03:51:41,11.5
232,2024-11-22 04:01:41,11.5
233,2024-11-22 04:11:41,11.5
234,2024-11-22 04:21:41,11.5
235,2024-11-22 04:31:41,11.5
236,2024-11-22 04:41:41,11.5
237,2024-11-22 04:51:41,11.5
238,2024-11-22 05:01:41,11.5
239,2024-11-22 05:11:41,11.5
240,2024-11-22 05:21:41,11.5
241,2024-11-22 05:31:41,11.5
242,2024-11-22 05:41:41,11.5
243,2024-11-22 05:51:41,11.5
244,2024-11-22 06:01:41,11.5
245,2024-11-22 06:11:41,11.5
246,2024-11-22 06:21:41,11.5
247,2024-11-22 06:31:41,12.0
248,2024-11-22 06:41:41,12.0
249,2024-11-22 06:51:41,12.0
250,2024-11-22 07:01:41,12.0
251,2024-11-22 07:11:41,12.0
252,2024-11-22 07:21:41,12.0
253,2024-11-22 07:31:41,11.5
254,2024-11-22 07:41:41,11.5
255,2024-11-22 07:51:41,11.5
256,2024-11-22 08:01:41,11.5
257,2024-11-22 08:11:41,11.5
258,2024-11-22 08:21:41,11.5
259,2024-11-22 08:31:41,11.5
260,2024-11-22 08:41:41,11.5
261,2024-11-22 08:51:41,11.5
262,2024-11-22 09:01:41,11.5
263,2024-11-22 09:11:41,11.5
264,2024-11-22 09:21:41,11.5
265,2024-11-22 09:31:41,11.5
266,2024-11-22 09:41:41,11.5
267,2024-11-22 09:51:41,11.5
268,2024-11-22 10:01:41,11.5
269,2024-11-22 10:11:41,11.5
270,2024-11-22 10:21:41,12.5
271,2024-11-22 10:31:41,13.5
272,2024-11-22 10:41:41,14.5
273,2024-11-22 10:51:41,15.5
274,2024-11-22 11:01:41,16.5
275,2024-11-22 11:11:41,17.5
276,2024-11-22 11:21:41,18.5
277,2024-11-22 11:31:41,19.5
278,2024-11-22 11:41:41,20.5
279,2024-11-22 11:51:41,21.0
280,2024-11-22 12:01:41,22.0
281,2024-11-22 12:11:41,22.5
282,2024-11-22 12:21:41,23.0
283,2024-11-22 12:31:41,23.5
284,2024-11-22 12:41:41,24.0
285,2024-11-22 12:51:41,23.5
286,2024-11-22 13:01:41,23.5
287,2024-11-22 13:11:41,23.0
288,2024-11-22 13:21:41,22.5
289,2024-11-22 13:31:41,22.0
290,2024-11-22 13:41:41,21.5
291,2024-11-22 13:51:41,21.5
292,2024-11-22 14:01:41,21.0
293,2024-11-22 14:11:41,21.0
294,2024-11-22 14:21:41,20.5
295,2024-11-22 14:31:41,21.0
296,2024-11-22 14:41:41,21.5
297,2024-11-22 14:51:41,22.0
298,2024-11-22 15:01:41,22.5
299,2024-11-22 15:11:41,23.0
300,2024-11-22 15:21:41,23.5
301,2024-11-22 15:31:41,24.0
302,2024-11-22 15:41:41,24.5
303,2024-11-22 15:51:41,24.5
304,2024-11-22 16:01:41,24.5
305,2024-11-22 16:11:41,24.5
306,2024-11-22 16:21:41,24.5
307,2024-11-22 16:31:41,24.5
308,2024-11-22 16:41:41,24.5
309,2024-11-22 16:51:41,24.5
310,2024-11-22 17:01:41,24.5
311,2024-11-22 17:11:41,24.0
312,2024-11-22 17:21:41,23.5
313,2024-11-22 17:31:41,23.0
314,2024-11-22 17:41:41,22.5
315,2024-11-22 17:51:41,21.5
316,2024-11-22 18:01:41,21.0
317,2024-11-22 18:11:41,20.5
318,2024-11-22 18:21:41,20.5
319,2024-11-22 18:31:41,20.0
320,2024-11-22 18:41:41,19.5
321,2024-11-22 18:51:41,19.0
322,2024-11-22 19:01:41,18.5
323,2024-11-22 19:11:41,18.5
324,2024-11-22 19:21:41,18.0
325,2024-11-22 19:31:41,18.0
326,2024-11-22 19:41:41,17.5
327,2024-11-22 19:51:41,17.5
328,2024-11-22 20:01:41,17.0
329,2024-11-22 20:11:41,17.0
330,2024-11-22 20:21:41,16.5
331,2024-11-22 20:31:41,16.5
332,2024-11-22 20:41:41,16.0
333,2024-11-22 20:51:41,16.0
334,2024-11-22 21:01:41,16.0
335,2024-11-22 21:11:41,15.5
336,2024-11-22 21:21:41,15.5
337,2024-11-22 21:31:41,15.5
338,2024-11-22 21:41:41,15.0
339,2024-11-22 21:51:41,15.0
340,2024-11-22 22:01:41,15.0
341,2024-11-22 22:11:41,15.0
342,2024-11-22 22:21:41,14.5
343,2024-11-22 22:31:41,14.5
344,2024-11-22 22:41:41,14.5
345,2024-11-22 22:51:41,14.5
346,2024-11-22 23:01:41,14.5
347,2024-11-22 23:11:41,14.0
348,2024-11-22 23:21:41,14.0
349,2024-11-22 23:31:41,14.0
350,2024-11-22 23:41:41,14.0
351,2024-11-22 23:51:41,14.0
352,2024-11-23 00:01:41,14.0
353,2024-11-23 00:11:41,13.5
354,2024-11-23 00:21:41,13.5
355,2024-11-23 00:31:41,13.5
356,2024-11-23 00:41:41,13.5
357,2024-11-23 00:51:41,13.5
358,2024-11-23 01:01:41,13.5
359,2024-11-23 01:11:41,13.5
360,2024-11-23 01:21:41,13.0
361,2024-11-23 01:31:41,13.0
362,2024-11-23 01:41:41,13.0
363,2024-11-23 01:51:41,13.0
364,2024-11-23 02:01:41,13.0
365,2024-11-23 02:11:41,13.0
366,2024-11-23 02:21:41,13.0
367,2024-11-23 02:31:41,13.0
368,2024-11-23 02:41:41,13.0
369,2024-11-23 02:51:41,13.0
370,2024-11-23 03:01:41,12.5
371,2024-11-23 03:11:41,12.5
372,2024-11-23 03:21:41,12.5
373,2024-11-23 03:31:41,12.5
374,2024-11-23 03:41:41,12.5
375,2024-11-23 03:51:41,12.5
376,2024-11-23 04:01:41,12.5
377,2024-11-23 04:11:41,12.5
378,2024-11-23 04:21:41,12.5
379,2024-11-23 04:31:41,12.5
380,2024-11-23 04:41:41,12.5
381,2024-11-23 04:51:41,12.5
382,2024-11-23 05:01:41,12.5
383,2024-11-23 05:11:41,12.5
384,2024-11-23 05:21:41,12.5
385,2024-11-23 05:31:41,12.0
386,2024-11-23 05:41:41,12.0
387,2024-11-23 05:51:41,12.0
388,2024-11-23 06:01:41,12.0
389,2024-11-23 06:11:41,12.0
390,2024-11-23 06:21:41,12.0
391,2024-11-23 06:31:41,12.0
392,2024-11-23 06:41:41,12.0
393,2024-11-23 06:51:41,12.0
394,2024-11-23 07:01:41,12.0
395,2024-11-23 07:11:41,12.0
396,2024-11-23 07:21:41,12.0
397,2024-11-23 07:31:41,12.0
398,2024-11-23 07:41:41,12.0
399,2024-11-23 07:51:41,12.0
400,2024-11-23 08:01:41,12.0
401,2024-11-23 08:11:41,12.0
402,2024-11-23 08:21:41,12.0
403,2024-11-23 08:31:41,12.0
404,2024-11-23 08:41:41,12.0
405,2024-11-23 08:51:41,12.0
406,2024-11-23 09:01:41,12.0
407,2024-11-23 09:11:41,11.5
408,2024-11-23 09:21:41,11.5
409,2024-11-23 09:31:41,11.5
410,2024-11-23 09:41:41,11.5
411,2024-11-23 09:51:41,11.5
412,2024-11-23 10:01:41,11.5
413,2024-11-23 10:11:41,11.5
414,2024-11-23 10:21:41,11.5
415,2024-11-23 10:31:41,11.5
416,2024-11-23 10:41:41,11.5
417,2024-11-23 10:51:41,11.5
418,2024-11-23 11:01:41,11.5
419,2024-11-23 11:11:41,11.5
420,2024-11-23 11:21:41,11.5
421,2024-11-23 11:31:41,11.5
422,2024-11-23 11:41:41,11.5
423,2024-11-23 11:51:41,11.5
424,2024-11-23 12:01:41,11.5
425,2024-11-23 12:11:41,11.5
426,2024-11-23 12:21:41,11.5
427,2024-11-23 12:31:41,11.5
428,2024-11-23 12:41:41,11.5
429,2024-11-23 12:51:41,11.5
430,2024-11-23 13:01:41,11.5
431,2024-11-23 13:11:41,11.5
432,2024-11-23 13:21:41,11.5
433,2024-11-23 13:31:41,11.5
434,2024-11-23 13:41:41,11.5
435,2024-11-23 13:51:41,11.5
436,2024-11-23 14:01:41,11.5
437,2024-11-23 14:11:41,11.5
438,2024-11-23 14:21:41,11.5
439,2024-11-23 14:31:41,11.5
440,2024-11-23 14:41:41,11.5
441,2024-11-23 14:51:41,11.5
442,2024-11-23 15:01:41,11.5
443,2024-11-23 15:11:41,12.0
444,2024-11-23 15:21:41,13.0
445,2024-11-23 15:31:41,13.5
446,2024-11-23 15:41:41,14.0
447,2024-11-23 15:51:41,14.0
448,2024-11-23 16:01:41,14.0
449,2024-11-23 16:11:41,14.0
450,2024-11-23 16:21:41,14.0
451,2024-11-23 16:31:41,14.0
452,2024-11-23 16:41:41,14.0
453,2024-11-23 16:51:41,13.5
454,2024-11-23 17:01:41,13.5
455,2024-11-23 17:11:41,13.5
456,2024-11-23 17:21:41,13.5
457,2024-11-23 17:31:41,13.0
458,2024-11-23 17:41:41,13.0
459,2024-11-23 17:51:41,13.0
460,2024-11-23 18:01:41,13.0
461,2024-11-23 18:11:41,13.0
462,2024-11-23 18:21:41,12.5
463,2024-11-23 18:31:41,12.5
464,2024-11-23 18:41:41,12.5
465,2024-11-23 18:51:41,12.5
466,2024-11-23 19:01:41,12.5
467,2024-11-23 19:11:41,12.5
468,2024-11-23 19:21:41,12.5
469,2024-11-23 19:31:41,12.5
470,2024-11-23 19:41:41,12.5
471,2024-11-23 19:51:41,12.0
472,2024-11-23 20:01:41,12.0
473,2024-11-23 20:11:41,12.0
474,2024-11-23 20:21:41,12.0
475,2024-11-23 20:31:41,12.0
476,2024-11-23 20:41:41,12.0
477,2024-11-23 20:51:41,12.0
478,2024-11-23 21:01:41,12.0
479,2024-11-23 21:11:41,12.0
480,2024-11-23 21:21:41,12.0
481,2024-11-23 21:31:41,12.0
482,2024-11-23 21:41:41,12.0
483,2024-11-23 21:51:41,12.0
484,2024-11-23 22:01:41,12.0
485,2024-11-23 22:11:41,12.0
486,2024-11-23 22:21:41,12.0
487,2024-11-23 22:31:41,12.0
488,2024-11-23 22:41:41,12.0
489,2024-11-23 22:51:41,12.0
490,2024-11-23 23:01:41,12.0
491,2024-11-23 23:11:41,12.0
492,2024-11-23 23:21:41,12.0
493,2024-11-23 23:31:41,12.0
494,2024-11-23 23:41:41,12.0
495,2024-11-23 23:51:41,12.0
496,2024-11-24 00:01:41,12.0
497,2024-11-24 00:11:41,12.0
498,2024-11-24 00:21:41,12.0
499,2024-11-24 00:31:41,12.0
500,2024-11-24 00:41:41,12.0
501,2024-11-24 00:51:41,12.0
502,2024-11-24 01:01:41,12.0
503,2024-11-24 01:11:41,12.0
504,2024-11-24 01:21:41,12.0
505,2024-11-24 01:31:41,12.0
506,2024-11-24 01:41:41,12.0
507,2024-11-24 01:51:41,12.0
508,2024-11-24 02:01:41,12.5
509,2024-11-24 02:11:41,12.5
510,2024-11-24 02:21:41,12.5
511,2024-11-24 02:31:41,12.5
512,2024-11-24 02:41:41,12.5
513,2024-11-24 02:51:41,12.5
514,2024-11-24 03:01:41,12.5
515,2024-11-24 03:11:41,12.5
516,2024-11-24 03:21:41,12.5
517,2024-11-24 03:31:41,12.5
518,2024-11-24 03:41:41,12.5
519,2024-11-24 03:51:41,12.5
520,2024-11-24 04:01:41,12.5
521,2024-11-24 04:11:41,13.0
522,2024-11-24 04:21:41,13.0
523,2024-11-24 04:31:41,13.0
524,2024-11-24 04:41:41,13.0
525,2024-11-24 04:51:41,13.0
526,2024-11-24 05:01:41,13.0
527,2024-11-24 05:11:41,13.0
528,2024-11-24 05:21:41,13.0
529,2024-11-24 05:31:41,13.0
530,2024-11-24 05:41:41,13.0
531,2024-11-24 05:51:41,13.0
532,2024-11-24 06:01:41,13.0
533,2024-11-24 06:11:41,13.0
534,2024-11-24 06:21:41,13.0
535,2024-11-24 06:31:41,13.0
536,2024-11-24 06:41:41,13.0
537,2024-11-24 06:51:41,13.0
538,2024-11-24 07:01:41,13.0
539,2024-11-24 07:11:41,13.0
540,2024-11-24 07:21:41,13.0
541,2024-11-24 07:31:41,13.0
542,2024-11-24 07:41:41,13.0
543,2024-11-24 07:51:41,13.0
544,2024-11-24 08:01:41,13.0
545,2024-11-24 08:11:41,13.0
546,2024-11-24 08:21:41,12.5
547,2024-11-24 08:31:41,12.5
548,2024-11-24 08:41:41,12.5
549,2024-11-24 08:51:41,12.5
550,2024-11-24 09:01:41,12.5
551,2024-11-24 09:11:41,12.5
552,2024-11-24 09:21:41,12.5
553,2024-11-24 09:31:41,12.5
554,2024-11-24 09:41:41,12.5
555,2024-11-24 09:51:41,12.5
556,2024-11-24 10:01:41,12.5
557,2024-11-24 10:11:41,12.5
558,2024-11-24 10:21:41,12.5
559,2024-11-24 10:31:41,12.5
560,2024-11-24 10:41:41,12.5
561,2024-11-24 10:51:41,12.5
562,2024-11-24 11:01:41,12.5
563,2024-11-24 11:11:41,12.5
564,2024-11-24 11:21:41,12.5
565,2024-11-24 11:31:41,12.5
566,2024-11-24 11:41:41,12.5
567,2024-11-24 11:51:41,12.5
568,2024-11-24 12:01:41,12.5
569,2024-11-24 12:11:41,12.5
570,2024-11-24 12:21:41,12.5
571,2024-11-24 12:31:41,12.5
572,2024-11-24 12:41:41,12.5
573,2024-11-24 12:51:41,12.5
574,2024-11-24 13:01:41,12.5
575,2024-11-24 13:11:41,12.5
576,2024-11-24 13:21:41,12.5
577,2024-11-24 13:31:41,12.5
578,2024-11-24 13:41:41,12.5
579,2024-11-24 13:51:41,13.0
580,2024-11-24 14:01:41,13.0
581,2024-11-24 14:11:41,13.0
582,2024-11-24 14:21:41,13.0
583,2024-11-24 14:31:41,13.0
584,2024-11-24 14:41:41,13.0
585,2024-11-24 14:51:41,13.0
586,2024-11-24 15:01:41,13.0
587,2024-11-24 15:11:41,13.0
588,2024-11-24 15:21:41,13.0
589,2024-11-24 15:31:41,13.0
590,2024-11-24 15:41:41,13.0
591,2024-11-24 15:51:41,13.0
592,2024-11-24 16:01:41,13.0
593,2024-11-24 16:11:41,13.0
594,2024-11-24 16:21:41,13.0
595,2024-11-24 16:31:41,13.0
596,2024-11-24 16:41:41,13.0
597,2024-11-24 16:51:41,13.0
598,2024-11-24 17:01:41,13.0
599,2024-11-24 17:11:41,13.0
600,2024-11-24 17:21:41,13.0
601,2024-11-24 17:31:41,13.0
602,2024-11-24 17:41:41,12.5
603,2024-11-24 17:51:41,12.5
604,2024-11-24 18:01:41,12.5
605,2024-11-24 18:11:41,12.5
606,2024-11-24 18:21:41,12.5
607,2024-11-24 18:31:41,12.5
608,2024-11-24 18:41:41,12.5
609,2024-11-24 18:51:41,12.5
610,2024-11-24 19:01:41,12.5
611,2024-11-24 19:11:41,12.5
612,2024-11-24 19:21:41,12.5
613,2024-11-24 19:31:41,12.5
614,2024-11-24 19:41:41,12.5
615,2024-11-24 19:51:41,12.5
616,2024-11-24 20:01:41,13.0
617,2024-11-24 20:11:41,13.0
618,2024-11-24 20:21:41,12.5
619,2024-11-24 20:31:41,13.0
620,2024-11-24 20:41:41,13.0
621,2024-11-24 20:51:41,13.0
622,2024-11-24 21:01:41,13.0
623,2024-11-24 21:11:41,13.0
624,2024-11-24 21:21:41,13.0
625,2024-11-24 21:31:41,13.0
626,2024-11-24 21:41:41,13.0
627,2024-11-24 21:51:41,13.0
628,2024-11-24 22:01:41,13.0
629,2024-11-24 22:11:41,13.0
630,2024-11-24 22:21:41,13.0
631,2024-11-24 22:31:41,13.0
632,2024-11-24 22:41:41,13.0
633,2024-11-24 22:51:41,13.0
634,2024-11-24 23:01:41,13.0
635,2024-11-24 23:11:41,13.0
636,2024-11-24 23:21:41,13.0
637,2024-11-24 23:31:41,13.0
638,2024-11-24 23:41:41,12.5
639,2024-11-24 23:51:41,12.5
640,2024-11-25 00:01:41,12.5
641,2024-11-25 00:11:41,13.0
642,2024-11-25 00:21:41,12.5
643,2024-11-25 00:31:41,12.5
644,2024-11-25 00:41:41,12.5
645,2024-11-25 00:51:41,12.5
646,2024-11-25 01:01:41,12.5
647,2024-11-25 01:11:41,12.5
648,2024-11-25 01:21:41,12.5
649,2024-11-25 01:31:41,12.5
650,2024-11-25 01:41:41,12.5
651,2024-11-25 01:51:41,12.5
652,2024-11-25 02:01:41,12.5
653,2024-11-25 02:11:41,12.5
654,2024-11-25 02:21:41,12.5
655,2024-11-25 02:31:41,12.5
656,2024-11-25 02:41:41,12.5
657,2024-11-25 02:51:41,12.5
658,2024-11-25 03:01:41,12.5
659,2024-11-25 03:11:41,12.5
660,2024-11-25 03:21:41,12.5
661,2024-11-25 03:31:41,12.5
662,2024-11-25 03:41:41,12.5
663,2024-11-25 03:51:41,12.5
664,2024-11-25 04:01:41,12.5
665,2024-11-25 04:11:41,12.5
666,2024-11-25 04:21:41,12.5
667,2024-11-25 04:31:41,12.5
668,2024-11-25 04:41:41,12.5
669,2024-11-25 04:51:41,12.5
670,2024-11-25 05:01:41,12.5
671,2024-11-25 05:11:41,12.5
672,2024-11-25 05:21:41,12.5
673,2024-11-25 05:31:41,12.5
674,2024-11-25 05:41:41,12.5
675,2024-11-25 05:51:41,12.5
676,2024-11-25 06:01:41,12.5
677,2024-11-25 06:11:41,12.5
678,2024-11-25 06:21:41,12.5
679,2024-11-25 06:31:41,12.5
680,2024-11-25 06:41:41,12.5
681,2024-11-25 06:51:41,12.5
682,2024-11-25 07:01:41,12.5
683,2024-11-25 07:11:41,12.5
684,2024-11-25 07:21:41,12.5
685,2024-11-25 07:31:41,12.5
686,2024-11-25 07:41:41,12.5
687,2024-11-25 07:51:41,12.5
688,2024-11-25 08:01:41,12.0
689,2024-11-25 08:11:41,12.0
690,2024-11-25 08:21:41,12.0
691,2024-11-25 08:31:41,12.0
692,2024-11-25 08:41:41,12.0
693,2024-11-25 08:51:41,12.0
694,2024-11-25 09:01:41,12.0
695,2024-11-25 09:11:41,12.0
696,2024-11-25 09:21:41,12.0
697,2024-11-25 09:31:41,12.0
698,2024-11-25 09:41:41,12.0
699,2024-11-25 09:51:41,12.0
700,2024-11-25 10:01:41,12.0
701,2024-11-25 10:11:41,12.0
702,2024-11-25 10:21:41,12.0
703,2024-11-25 10:31:41,12.5
704,2024-11-25 10:41:41,13.5
705,2024-11-25 10:51:41,15.0
706,2024-11-25 11:01:41,16.0
707,2024-11-25 11:11:41,17.0
708,2024-11-25 11:21:41,18.0
709,2024-11-25 11:31:41,19.0
710,2024-11-25 11:41:41,20.0
711,2024-11-25 11:51:41,21.0
712,2024-11-25 12:01:41,22.0
713,2024-11-25 12:11:41,22.5
714,2024-11-25 12:21:41,23.0
715,2024-11-25 12:31:41,24.0
716,2024-11-25 12:41:41,24.5
717,2024-11-25 12:51:41,25.0
718,2024-11-25 13:01:41,25.5
719,2024-11-25 13:11:41,26.0
720,2024-11-25 13:21:41,26.0
721,2024-11-25 13:31:41,26.0
722,2024-11-25 13:41:41,25.5
723,2024-11-25 13:51:41,25.0
724,2024-11-25 14:01:41,24.5
725,2024-11-25 14:11:41,24.0
726,2024-11-25 14:21:41,23.5
727,2024-11-25 14:31:41,23.0
728,2024-11-25 14:41:41,22.5
729,2024-11-25 14:51:41,22.0
730,2024-11-25 15:01:41,21.5
731,2024-11-25 15:11:41,21.0
732,2024-11-25 15:21:41,21.0
733,2024-11-25 15:31:41,20.5
734,2024-11-25 15:41:41,20.0
735,2024-11-25 15:51:41,20.0
736,2024-11-25 16:01:41,19.5
737,2024-11-25 16:11:41,19.5
738,2024-11-25 16:21:41,19.5
739,2024-11-25 16:31:41,19.5
740,2024-11-25 16:41:41,19.0
741,2024-11-25 16:51:41,19.0
742,2024-11-25 17:01:41,19.0
743,2024-11-25 17:11:41,19.0
744,2024-11-25 17:21:41,18.5
745,2024-11-25 17:31:41,18.5
746,2024-11-25 17:41:41,18.5
747,2024-11-25 17:51:41,18.0
748,2024-11-25 18:01:41,18.0
749,2024-11-25 18:11:41,17.5
750,2024-11-25 18:21:41,17.5
751,2024-11-25 18:31:41,17.5
752,2024-11-25 18:41:41,17.0
753,2024-11-25 18:51:41,17.0
754,2024-11-25 19:01:41,17.0
755,2024-11-25 19:11:41,16.5
756,2024-11-25 19:21:41,16.5
757,2024-11-25 19:31:41,16.5
758,2024-11-25 19:41:41,16.0
759,2024-11-25 19:51:41,16.0
760,2024-11-25 20:01:41,16.0
761,2024-11-25 20:11:41,16.0
762,2024-11-25 20:21:41,15.5
763,2024-11-25 20:31:41,15.5
764,2024-11-25 20:41:41,15.5
765,2024-11-25 20:51:41,15.5
766,2024-11-25 21:01:41,15.5
767,2024-11-25 21:11:41,15.5
768,2024-11-25 21:21:41,15.0
769,2024-11-25 21:31:41,15.0
770,2024-11-25 21:41:41,15.0
771,2024-11-25 21:51:41,15.0
772,2024-11-25 22:01:41,15.0
773,2024-11-25 22:11:41,15.0
774,2024-11-25 22:21:41,14.5
775,2024-11-25 22:31:41,14.5
776,2024-11-25 22:41:41,14.5
777,2024-11-25 22:51:41,14.5
778,2024-11-25 23:01:41,14.5
779,2024-11-25 23:11:41,14.5
780,2024-11-25 23:21:41,14.5
781,2024-11-25 23:31:41,14.5
782,2024-11-25 23:41:41,14.0
783,2024-11-25 23:51:41,14.0
784,2024-11-26 00:01:41,14.0
785,2024-11-26 00:11:41,14.0
786,2024-11-26 00:21:41,14.0
787,2024-11-26 00:31:41,14.0
788,2024-11-26 00:41:41,14.0
789,2024-11-26 00:51:41,14.0
790,2024-11-26 01:01:41,14.0
791,2024-11-26 01:11:41,14.0
792,2024-11-26 01:21:41,13.5
793,2024-11-26 01:31:41,13.5
794,2024-11-26 01:41:41,13.5
795,2024-11-26 01:51:41,13.5
796,2024-11-26 02:01:41,13.5
797,2024-11-26 02:11:41,13.5
798,2024-11-26 02:21:41,13.5
799,2024-11-26 02:31:41,13.5
800,2024-11-26 02:41:41,13.5
801,2024-11-26 02:51:41,13.5
802,2024-11-26 03:01:41,13.5
803,2024-11-26 03:11:41,13.5
804,2024-11-26 03:21:41,13.5
805,2024-11-26 03:31:41,13.0
806,2024-11-26 03:41:41,13.0
807,2024-11-26 03:51:41,13.0
808,2024-11-26 04:01:41,13.0
809,2024-11-26 04:11:41,13.0
810,2024-11-26 04:21:41,13.0
811,2024-11-26 04:31:41,13.0
812,2024-11-26 04:41:41,13.0
813,2024-11-26 04:51:41,13.0
814,2024-11-26 05:01:41,13.0
815,2024-11-26 05:11:41,13.0
816,2024-11-26 05:21:41,13.0
817,2024-11-26 05:31:41,13.0
818,2024-11-26 05:41:41,13.0
819,2024-11-26 05:51:41,13.0
820,2024-11-26 06:01:41,13.0
821,2024-11-26 06:11:41,13.0
822,2024-11-26 06:21:41,13.0
823,2024-11-26 06:31:41,13.0
824,2024-11-26 06:41:41,12.5
825,2024-11-26 06:51:41,12.5
826,2024-11-26 07:01:41,12.5
827,2024-11-26 07:11:41,12.5
828,2024-11-26 07:21:41,12.5
829,2024-11-26 07:31:41,12.5
830,2024-11-26 07:41:41,12.5
831,2024-11-26 07:51:41,12.5
832,2024-11-26 08:01:41,12.5
833,2024-11-26 08:11:41,12.5
834,2024-11-26 08:21:41,12.5
835,2024-11-26 08:31:41,12.5
836,2024-11-26 08:41:41,12.5
837,2024-11-26 08:51:41,12.5
838,2024-11-26 09:01:41,12.5
839,2024-11-26 09:11:41,12.5
840,2024-11-26 09:21:41,12.5
841,2024-11-26 09:31:41,12.5
842,2024-11-26 09:41:41,12.5
843,2024-11-26 09:51:41,12.5
844,2024-11-26 10:01:41,12.5
845,2024-11-26 10:11:41,12.5
846,2024-11-26 10:21:41,12.5
847,2024-11-26 10:31:41,12.5
848,2024-11-26 10:41:41,12.5
849,2024-11-26 10:51:41,12.5
850,2024-11-26 11:01:41,12.5
851,2024-11-26 11:11:41,12.5
852,2024-11-26 11:21:41,12.5
853,2024-11-26 11:31:41,12.5
854,2024-11-26 11:41:41,13.0
855,2024-11-26 11:51:41,13.0
856,2024-11-26 12:01:41,13.0
857,2024-11-26 12:11:41,13.0
858,2024-11-26 12:21:41,13.0
859,2024-11-26 12:31:41,13.0
860,2024-11-26 12:41:41,13.0
861,2024-11-26 12:51:41,13.0
862,2024-11-26 13:01:41,13.0
863,2024-11-26 13:11:41,13.0
864,2024-11-26 13:21:41,13.0
865,2024-11-26 13:31:41,13.0
866,2024-11-26 13:41:41,13.0
867,2024-11-26 13:51:41,13.0
868,2024-11-26 14:01:41,13.0
869,2024-11-26 14:11:41,13.0
870,2024-11-26 14:21:41,13.0
871,2024-11-26 14:31:41,13.0
872,2024-11-26 14:41:41,13.0
873,2024-11-26 14:51:41,13.0
874,2024-11-26 15:01:41,13.0
875,2024-11-26 15:11:41,13.0
876,2024-11-26 15:21:41,13.5
877,2024-11-26 15:31:41,13.5
878,2024-11-26 15:41:41,13.5
879,2024-11-26 15:51:41,13.5
880,2024-11-26 16:01:41,13.5
881,2024-11-26 16:11:41,13.5
882,2024-11-26 16:21:41,13.5
883,2024-11-26 16:31:41,13.5
884,2024-11-26 16:41:41,13.5
885,2024-11-26 16:51:41,13.5
886,2024-11-26 17:01:41,13.5
887,2024-11-26 17:11:41,13.5
888,2024-11-26 17:21:41,13.5
889,2024-11-26 17:31:41,13.5
890,2024-11-26 17:41:41,13.5
891,2024-11-26 17:51:41,13.5
892,2024-11-26 18:01:41,13.5
893,2024-11-26 18:11:41,13.5
894,2024-11-26 18:21:41,13.5
895,2024-11-26 18:31:41,13.5
896,2024-11-26 18:41:41,13.5
897,2024-11-26 18:51:41,13.5
898,2024-11-26 19:01:41,13.5
899,2024-11-26 19:11:41,13.0
900,2024-11-26 19:21:41,13.0
901,2024-11-26 19:31:41,13.0
902,2024-11-26 19:41:41,13.0
903,2024-11-26 19:51:41,13.0
904,2024-11-26 20:01:41,13.0
905,2024-11-26 20:11:41,13.0
906,2024-11-26 20:21:41,13.0
907,2024-11-26 20:31:41,13.0
908,2024-11-26 20:41:41,13.0
909,2024-11-26 20:51:41,13.0
910,2024-11-26 21:01:41,13.0
911,2024-11-26 21:11:41,13.0
912,2024-11-26 21:21:41,13.0
913,2024-11-26 21:31:41,13.0
914,2024-11-26 21:41:41,13.0
915,2024-11-26 21:51:41,13.0
916,2024-11-26 22:01:41,13.0
917,2024-11-26 22:11:41,12.5
918,2024-11-26 22:21:41,12.5
919,2024-11-26 22:31:41,12.5
920,2024-11-26 22:41:41,12.5
921,2024-11-26 22:51:41,12.5
922,2024-11-26 23:01:41,12.5
923,2024-11-26 23:11:41,12.5
924,2024-11-26 23:21:41,12.5
925,2024-11-26 23:31:41,12.5
926,2024-11-26 23:41:41,12.5
927,2024-11-26 23:51:41,12.5
928,2024-11-27 00:01:41,12.5
929,2024-11-27 00:11:41,12.5
930,2024-11-27 00:21:41,12.5
931,2024-11-27 00:31:41,12.5
932,2024-11-27 00:41:41,12.5
933,2024-11-27 00:51:41,12.5
934,2024-11-27 01:01:41,12.5
935,2024-11-27 01:11:41,12.5
936,2024-11-27 01:21:41,12.5
937,2024-11-27 01:31:41,12.5
938,2024-11-27 01:41:41,12.0
939,2024-11-27 01:51:41,12.0
940,2024-11-27 02:01:41,12.0
941,2024-11-27 02:11:41,12.0
942,2024-11-27 02:21:41,12.0
943,2024-11-27 02:31:41,12.0
944,2024-11-27 02:41:41,12.0
945,2024-11-27 02:51:41,12.0
946,2024-11-27 03:01:41,12.0
947,2024-11-27 03:11:41,12.0
948,2024-11-27 03:21:41,12.0
949,2024-11-27 03:31:41,12.0
950,2024-11-27 03:41:41,12.0
951,2024-11-27 03:51:41,12.0
952,2024-11-27 04:01:41,12.0
953,2024-11-27 04:11:41,12.0
954,2024-11-27 04:21:41,12.0
955,2024-11-27 04:31:41,12.0
956,2024-11-27 04:41:41,12.0
957,2024-11-27 04:51:41,12.0
958,2024-11-27 05:01:41,12.0
959,2024-11-27 05:11:41,12.0
960,2024-11-27 05:21:41,12.0
961,2024-11-27 05:31:41,12.0
962,2024-11-27 05:41:41,12.0
963,2024-11-27 05:51:41,12.0
964,2024-11-27 06:01:41,12.0
965,2024-11-27 06:11:41,11.5
966,2024-11-27 06:21:41,11.5
967,2024-11-27 06:31:41,11.5
968,2024-11-27 06:41:41,11.5
969,2024-11-27 06:51:41,11.5
970,2024-11-27 07:01:41,11.5
971,2024-11-27 07:11:41,11.5
972,2024-11-27 07:21:41,11.5
973,2024-11-27 07:31:41,11.5
974,2024-11-27 07:41:41,11.5
975,2024-11-27 07:51:41,11.5
976,2024-11-27 08:01:41,11.5
977,2024-11-27 08:11:41,11.5
978,2024-11-27 08:21:41,11.5
979,2024-11-27 08:31:41,11.5
980,2024-11-27 08:41:41,11.5
981,2024-11-27 08:51:41,11.5
982,2024-11-27 09:01:41,11.5
983,2024-11-27 09:11:41,11.5
984,2024-11-27 09:21:41,11.5
985,2024-11-27 09:31:41,11.5
986,2024-11-27 09:41:41,11.5
987,2024-11-27 09:51:41,11.5
988,2024-11-27 10:01:41,11.5
989,2024-11-27 10:11:41,11.5
990,2024-11-27 10:21:41,11.5
991,2024-11-27 10:31:41,11.5
992,2024-11-27 10:41:41,11.5
993,2024-11-27 10:51:41,11.5
994,2024-11-27 11:01:41,11.5
995,2024-11-27 11:11:41,11.5
996,2024-11-27 11:21:41,11.5
997,2024-11-27 11:31:41,11.5
998,2024-11-27 11:41:41,11.5
999,2024-11-27 11:51:41,11.5
1000,2024-11-27 12:01:41,11.5
1001,2024-11-27 12:11:41,11.5
1002,2024-11-27 12:21:41,11.5
1003,2024-11-27 12:31:41,11.5
1004,2024-11-27 12:41:41,11.5
1005,2024-11-27 12:51:41,11.5
1006,2024-11-27 13:01:41,11.5
1007,2024-11-27 13:11:41,11.5
1008,2024-11-27 13:21:41,11.5
1009,2024-11-27 13:31:41,12.0
1010,2024-11-27 13:41:41,13.0
1011,2024-11-27 13:51:41,13.5
1012,2024-11-27 14:01:41,15.0
1013,2024-11-27 14:11:41,16.0
1014,2024-11-27 14:21:41,17.0
1015,2024-11-27 14:31:41,18.0
1016,2024-11-27 14:41:41,19.0
1017,2024-11-27 14:51:41,20.0
1018,2024-11-27 15:01:41,20.5
1019,2024-11-27 15:11:41,21.5
1020,2024-11-27 15:21:41,22.0
1021,2024-11-27 15:31:41,22.5
1022,2024-11-27 15:41:41,23.0
1023,2024-11-27 15:51:41,23.5
1024,2024-11-27 16:01:41,24.0
1025,2024-11-27 16:11:41,24.5
1026,2024-11-27 16:21:41,25.0
1027,2024-11-27 16:31:41,25.5
1028,2024-11-27 16:41:41,26.0
1029,2024-11-27 16:51:41,26.0
1030,2024-11-27 17:01:41,26.5
1031,2024-11-27 17:11:41,27.0
1032,2024-11-27 17:21:41,27.0
1033,2024-11-27 17:31:41,26.5
1034,2024-11-27 17:41:41,25.5
1035,2024-11-27 17:51:41,25.0
1036,2024-11-27 18:01:41,24.5
1037,2024-11-27 18:11:41,23.5
1038,2024-11-27 18:21:41,23.0
1039,2024-11-27 18:31:41,22.5
1040,2024-11-27 18:41:41,21.5
1041,2024-11-27 18:51:41,21.0
1042,2024-11-27 19:01:41,20.5
1043,2024-11-27 19:11:41,20.0
1044,2024-11-27 19:21:41,19.5
1045,2024-11-27 19:31:41,19.5
1046,2024-11-27 19:41:41,19.0
1047,2024-11-27 19:51:41,18.5
1048,2024-11-27 20:01:41,18.0
1049,2024-11-27 20:11:41,18.0
1050,2024-11-27 20:21:41,17.5
1051,2024-11-27 20:31:41,17.5
1052,2024-11-27 20:41:41,17.0
1053,2024-11-27 20:51:41,17.0
1054,2024-11-27 21:01:41,16.5
1055,2024-11-27 21:11:41,16.5
1056,2024-11-27 21:21:41,16.0
1057,2024-11-27 21:31:41,16.0
1058,2024-11-27 21:41:41,16.0
1059,2024-11-27 21:51:41,15.5
1060,2024-11-27 22:01:41,15.5
1061,2024-11-27 22:11:41,15.5
1062,2024-11-27 22:21:41,15.0
1063,2024-11-27 22:31:41,15.0
1064,2024-11-27 22:41:41,15.0
1065,2024-11-27 22:51:41,15.0
1066,2024-11-27 23:01:41,14.5
1067,2024-11-27 23:11:41,14.5
1068,2024-11-27 23:21:41,14.5
1069,2024-11-27 23:31:41,14.5
1070,2024-11-27 23:41:41,14.0
1071,2024-11-27 23:51:41,14.0
1072,2024-11-28 00:01:41,14.0
1073,2024-11-28 00:11:41,14.0
1074,2024-11-28 00:21:41,13.5
1075,2024-11-28 00:31:41,13.5
1076,2024-11-28 00:41:41,13.5
1077,2024-11-28 00:51:41,13.5
1078,2024-11-28 01:01:41,13.5
1079,2024-11-28 01:11:41,13.5
1080,2024-11-28 01:21:41,13.0
1081,2024-11-28 01:31:41,13.0
1082,2024-11-28 01:41:41,13.0
1083,2024-11-28 01:51:41,13.0
1084,2024-11-28 02:01:41,13.0
1085,2024-11-28 02:11:41,13.0
1086,2024-11-28 02:21:41,13.0
1087,2024-11-28 02:31:41,12.5
1088,2024-11-28 02:41:41,12.5
1089,2024-11-28 02:51:41,12.5
1090,2024-11-28 03:01:41,12.5
1091,2024-11-28 03:11:41,12.5
1092,2024-11-28 03:21:41,12.5
1093,2024-11-28 03:31:41,12.5
1094,2024-11-28 03:41:41,12.5
1095,2024-11-28 03:51:41,12.5
1096,2024-11-28 04:01:41,12.5
1097,2024-11-28 04:11:41,12.0
1098,2024-11-28 04:21:41,12.0
1099,2024-11-28 04:31:41,12.0
1100,2024-11-28 04:41:41,12.0
1101,2024-11-28 04:51:41,12.0
1102,2024-11-28 05:01:41,12.0
1103,2024-11-28 05:11:41,12.0
1104,2024-11-28 05:21:41,12.0
1105,2024-11-28 05:31:41,12.0
1106,2024-11-28 05:41:41,12.0
1107,2024-11-28 05:51:41,12.0
1108,2024-11-28 06:01:41,12.0
1109,2024-11-28 06:11:41,11.5
1110,2024-11-28 06:21:41,11.5
1111,2024-11-28 06:31:41,11.5
1112,2024-11-28 06:41:41,11.5
1113,2024-11-28 06:51:41,11.5
1114,2024-11-28 07:01:41,11.5
1115,2024-11-28 07:11:41,11.5
1116,2024-11-28 07:21:41,11.5
1117,2024-11-28 07:31:41,11.5
1118,2024-11-28 07:41:41,11.5
1119,2024-11-28 07:51:41,11.5
1120,2024-11-28 08:01:41,11.5
1121,2024-11-28 08:11:41,11.5
1122,2024-11-28 08:21:41,11.5
1123,2024-11-28 08:31:41,11.0
1124,2024-11-28 08:41:41,11.0
1125,2024-11-28 08:51:41,11.0
1126,2024-11-28 09:01:41,11.0
1127,2024-11-28 09:11:41,11.0
1128,2024-11-28 09:21:41,11.0
1129,2024-11-28 09:31:41,11.0
1130,2024-11-28 09:41:41,11.0
1131,2024-11-28 09:51:41,11.0
1132,2024-11-28 10:01:41,11.0
1133,2024-11-28 10:11:41,11.0
1134,2024-11-28 10:21:41,11.5
1135,2024-11-28 10:31:41,12.0
1136,2024-11-28 10:41:41,13.5
1137,2024-11-28 10:51:41,14.5
1138,2024-11-28 11:01:41,15.5
1139,2024-11-28 11:11:41,16.5
1140,2024-11-28 11:21:41,17.5
1141,2024-11-28 11:31:41,18.5
1142,2024-11-28 11:41:41,19.5
1143,2024-11-28 11:51:41,20.0
1144,2024-11-28 12:01:41,21.0
1145,2024-11-28 12:11:41,21.5
1146,2024-11-28 12:21:41,22.0
1147,2024-11-28 12:31:41,23.0
1148,2024-11-28 12:41:41,23.5
1149,2024-11-28 12:51:41,23.5
1150,2024-11-28 13:01:41,24.0
1151,2024-11-28 13:11:41,24.5
1152,2024-11-28 13:21:41,24.5
1153,2024-11-28 13:31:41,25.0
1154,2024-11-28 13:41:41,25.5
1155,2024-11-28 13:51:41,25.5
1156,2024-11-28 14:01:41,25.5
1157,2024-11-28 14:11:41,25.5
1158,2024-11-28 14:21:41,26.0
1159,2024-11-28 14:31:41,25.5
1160,2024-11-28 14:41:41,25.5
1161,2024-11-28 14:51:41,26.0
1162,2024-11-28 15:01:41,26.0
1163,2024-11-28 15:11:41,25.5
1164,2024-11-28 15:21:41,25.5
1165,2024-11-28 15:31:41,26.0
1166,2024-11-28 15:41:41,26.0
1167,2024-11-28 15:51:41,25.5
1168,2024-11-28 16:01:41,26.0
1169,2024-11-28 16:11:41,26.0
1170,2024-11-28 16:21:41,26.0
1171,2024-11-28 16:31:41,26.0
1172,2024-11-28 16:41:41,26.0
1173,2024-11-28 16:51:41,26.0
1174,2024-11-28 17:01:41,25.5
1175,2024-11-28 17:11:41,25.5
1176,2024-11-28 17:21:41,25.5
1177,2024-11-28 17:31:41,25.5
1178,2024-11-28 17:41:41,25.0
1179,2024-11-28 17:51:41,25.0
1180,2024-11-28 18:01:41,25.0
1181,2024-11-28 18:11:41,24.5
1182,2024-11-28 18:21:41,24.5
1183,2024-11-28 18:31:41,24.5
1184,2024-11-28 18:41:41,24.5
1185,2024-11-28 18:51:41,24.0
1186,2024-11-28 19:01:41,23.5
1187,2024-11-28 19:11:41,23.5
1188,2024-11-28 19:21:41,23.0
1189,2024-11-28 19:31:41,22.5
1190,2024-11-28 19:41:41,22.0
1191,2024-11-28 19:51:41,21.5
1192,2024-11-28 20:01:41,21.0
1193,2024-11-28 20:11:41,20.5
1194,2024-11-28 20:21:41,20.0
1195,2024-11-28 20:31:41,19.5
1196,2024-11-28 20:41:41,19.0
1197,2024-11-28 20:51:41,19.0
1198,2024-11-28 21:01:41,18.5
1199,2024-11-28 21:11:41,18.5
1200,2024-11-28 21:21:41,18.0
1201,2024-11-28 21:31:41,18.0
1202,2024-11-28 21:41:41,17.5
1203,2024-11-28 21:51:41,17.5
1204,2024-11-28 22:01:41,17.0
1205,2024-11-28 22:11:41,17.0
1206,2024-11-28 22:21:41,17.0
1207,2024-11-28 22:31:41,16.5
1208,2024-11-28 22:41:41,16.5
1209,2024-11-28 22:51:41,16.0
1210,2024-11-28 23:01:41,16.0
1211,2024-11-28 23:11:41,16.0
1212,2024-11-28 23:21:41,16.0
1213,2024-11-28 23:31:41,15.5
1214,2024-11-28 23:41:41,15.5
1215,2024-11-28 23:51:41,15.5
1216,2024-11-29 00:01:41,15.5
1217,2024-11-29 00:11:41,15.0
1218,2024-11-29 00:21:41,15.0
1219,2024-11-29 00:31:41,15.0
1220,2024-11-29 00:41:41,15.0
1221,2024-11-29 00:51:41,15.0
1222,2024-11-29 01:01:41,14.5
1223,2024-11-29 01:11:41,14.5
1224,2024-11-29 01:21:41,14.5
1225,2024-11-29 01:31:41,14.5
1226,2024-11-29 01:41:41,14.5
1227,2024-11-29 01:51:41,14.5
1228,2024-11-29 02:01:41,14.5
1229,2024-11-29 02:11:41,14.0
1230,2024-11-29 02:21:41,14.0
1231,2024-11-29 02:31:41,14.0
1232,2024-11-29 02:41:41,14.0
1233,2024-11-29 02:51:41,14.0
1234,2024-11-29 03:01:41,14.0
1235,2024-11-29 03:11:41,14.0
1236,2024-11-29 03:21:41,14.0
1237,2024-11-29 03:31:41,14.0
1238,2024-11-29 03:41:41,14.0
1239,2024-11-29 03:51:41,13.5
1240,2024-11-29 04:01:41,13.5
1241,2024-11-29 04:11:41,13.5
1242,2024-11-29 04:21:41,13.5
1243,2024-11-29 04:31:41,13.5
1244,2024-11-29 04:41:41,13.5
1245,2024-11-29 04:51:41,13.5
1246,2024-11-29 05:01:41,13.5
1247,2024-11-29 05:11:41,13.5
1248,2024-11-29 05:21:41,13.5
1249,2024-11-29 05:31:41,13.5
1250,2024-11-29 05:41:41,13.5
1251,2024-11-29 05:51:41,13.5
1252,2024-11-29 06:01:41,13.5
1253,2024-11-29 06:11:41,13.5
1254,2024-11-29 06:21:41,13.0
1255,2024-11-29 06:31:41,13.0
1256,2024-11-29 06:41:41,13.0
1257,2024-11-29 06:51:41,13.0
1258,2024-11-29 07:01:41,13.5
1259,2024-11-29 07:11:41,13.5
1260,2024-11-29 07:21:41,13.5
1261,2024-11-29 07:31:41,13.5
1262,2024-11-29 07:41:41,13.5
1263,2024-11-29 07:51:41,13.5
1264,2024-11-29 08:01:41,13.5
1265,2024-11-29 08:11:41,13.5
1266,2024-11-29 08:21:41,13.5
1267,2024-11-29 08:31:41,13.5
1268,2024-11-29 08:41:41,13.0
1269,2024-11-29 08:51:41,13.0
1270,2024-11-29 09:01:41,13.0
1271,2024-11-29 09:11:41,13.0
1272,2024-11-29 09:21:41,13.0
1273,2024-11-29 09:31:41,13.0
1274,2024-11-29 09:41:41,13.0
1275,2024-11-29 09:51:41,13.0
1276,2024-11-29 10:01:41,13.0
1277,2024-11-29 10:11:41,13.0
1278,2024-11-29 10:21:41,13.0
1279,2024-11-29 10:31:41,13.0
1280,2024-11-29 10:41:41,13.0
1281,2024-11-29 10:51:41,13.0
1282,2024-11-29 11:01:41,13.0
1283,2024-11-29 11:11:41,14.0
1284,2024-11-29 11:21:41,15.0
1285,2024-11-29 11:31:41,16.0
1286,2024-11-29 11:41:41,17.0
1287,2024-11-29 11:51:41,18.0
1288,2024-11-29 12:01:41,19.0
1289,2024-11-29 12:11:41,20.0
1290,2024-11-29 12:21:41,21.0
1291,2024-11-29 12:31:41,22.0
1292,2024-11-29 12:41:41,22.5
1293,2024-11-29 12:51:41,23.5
1294,2024-11-29 13:01:41,23.5
1295,2024-11-29 13:11:41,23.5
1296,2024-11-29 13:21:41,24.0
1297,2024-11-29 13:31:41,23.5
1298,2024-11-29 13:41:41,23.5
1299,2024-11-29 13:51:41,23.5
1300,2024-11-29 14:01:41,23.5
1301,2024-11-29 14:11:41,23.5
1302,2024-11-29 14:21:41,23.5
1303,2024-11-29 14:31:41,23.5
1304,2024-11-29 14:41:41,23.5
1305,2024-11-29 14:51:41,23.5
1306,2024-11-29 15:01:41,23.5
1307,2024-11-29 15:11:41,23.0
1308,2024-11-29 15:21:41,23.5
1309,2024-11-29 15:31:41,23.0
1310,2024-11-29 15:41:41,23.0
1311,2024-11-29 15:51:41,23.0
1312,2024-11-29 16:01:41,23.0
1313,2024-11-29 16:11:41,23.0
1314,2024-11-29 16:21:41,23.0
1315,2024-11-29 16:31:41,23.0
1316,2024-11-29 16:41:41,23.0
1317,2024-11-29 16:51:41,23.0
1318,2024-11-29 17:01:41,23.0
1319,2024-11-29 17:11:41,23.0
1320,2024-11-29 17:21:41,22.5
1321,2024-11-29 17:31:41,22.0
1322,2024-11-29 17:41:41,21.5
1323,2024-11-29 17:51:41,21.5
1324,2024-11-29 18:01:41,21.0
1325,2024-11-29 18:11:41,20.5
1326,2024-11-29 18:21:41,20.0
1327,2024-11-29 18:31:41,20.0
1328,2024-11-29 18:41:41,19.5
1329,2024-11-29 18:51:41,19.5
1330,2024-11-29 19:01:41,19.0
1331,2024-11-29 19:11:41,19.0
1332,2024-11-29 19:21:41,18.5
1333,2024-11-29 19:31:41,18.5
1334,2024-11-29 19:41:41,18.0
1335,2024-11-29 19:51:41,18.0
1336,2024-11-29 20:01:41,17.5
1337,2024-11-29 20:11:41,17.5
1338,2024-11-29 20:21:41,17.5
1339,2024-11-29 20:31:41,17.0
1340,2024-11-29 20:41:41,17.0
1341,2024-11-29 20:51:41,17.0
1342,2024-11-29 21:01:41,17.0
1343,2024-11-29 21:11:41,16.5
1344,2024-11-29 21:21:41,16.5
1345,2024-11-29 21:31:41,16.5
1346,2024-11-29 21:41:41,16.5
1347,2024-11-29 21:51:41,16.0
1348,2024-11-29 22:01:41,16.0
1349,2024-11-29 22:11:41,16.0
1350,2024-11-29 22:21:41,16.0
1351,2024-11-29 22:31:41,16.0
1352,2024-11-29 22:41:41,15.5
1353,2024-11-29 22:51:41,15.5
1354,2024-11-29 23:01:41,15.5
1355,2024-11-29 23:11:41,15.5
1356,2024-11-29 23:21:41,15.5
1357,2024-11-29 23:31:41,15.5
1358,2024-11-29 23:41:41,15.5
1359,2024-11-29 23:51:41,15.0
1360,2024-11-30 00:01:41,15.0
1361,2024-11-30 00:11:41,15.0
1362,2024-11-30 00:21:41,15.0
1363,2024-11-30 00:31:41,15.0
1364,2024-11-30 00:41:41,15.0
1365,2024-11-30 00:51:41,15.0
1366,2024-11-30 01:01:41,15.0
1367,2024-11-30 01:11:41,15.0
1368,2024-11-30 01:21:41,15.0
1369,2024-11-30 01:31:41,14.5
1370,2024-11-30 01:41:41,14.5
1371,2024-11-30 01:51:41,14.5
1372,2024-11-30 02:01:41,14.5
1373,2024-11-30 02:11:41,14.5
1374,2024-11-30 02:21:41,14.5
1375,2024-11-30 02:31:41,14.5
1376,2024-11-30 02:41:41,14.5
1377,2024-11-30 02:51:41,14.5
1378,2024-11-30 03:01:41,14.5
1379,2024-11-30 03:11:41,14.5
1380,2024-11-30 03:21:41,14.5
1381,2024-11-30 03:31:41,14.5
1382,2024-11-30 03:41:41,14.5
1383,2024-11-30 03:51:41,14.5
1384,2024-11-30 04:01:41,14.5
1385,2024-11-30 04:11:41,14.5
1386,2024-11-30 04:21:41,14.5
1387,2024-11-30 04:31:41,14.5
1388,2024-11-30 04:41:41,14.5
1389,2024-11-30 04:51:41,14.5
1390,2024-11-30 05:01:41,14.5
1391,2024-11-30 05:11:41,14.5
1392,2024-11-30 05:21:41,14.5
1393,2024-11-30 05:31:41,14.5
1394,2024-11-30 05:41:41,14.5
1395,2024-11-30 05:51:41,14.5
1396,2024-11-30 06:01:41,14.5
1397,2024-11-30 06:11:41,14.5
1398,2024-11-30 06:21:41,14.5
1399,2024-11-30 06:31:41,14.5
1400,2024-11-30 06:41:41,14.0
1401,2024-11-30 06:51:41,14.0
1402,2024-11-30 07:01:41,14.0
1403,2024-11-30 07:11:41,14.0
1404,2024-11-30 07:21:41,14.0
1405,2024-11-30 07:31:41,14.0
1406,2024-11-30 07:41:41,14.0
1407,2024-11-30 07:51:41,14.0
1408,2024-11-30 08:01:41,14.0
1409,2024-11-30 08:11:41,14.0
1410,2024-11-30 08:21:41,14.0
1411,2024-11-30 08:31:41,14.0
1412,2024-11-30 08:41:41,14.0
1413,2024-11-30 08:51:41,14.0
1414,2024-11-30 09:01:41,14.0
1415,2024-11-30 09:11:41,14.0
1416,2024-11-30 09:21:41,14.0
1417,2024-11-30 09:31:41,14.0
1418,2024-11-30 09:41:41,14.0
1419,2024-11-30 09:51:41,14.0
1420,2024-11-30 10:01:41,14.0
1421,2024-11-30 10:11:41,14.0
1422,2024-11-30 10:21:41,14.0
1423,2024-11-30 10:31:41,14.0
1424,2024-11-30 10:41:41,14.0
1425,2024-11-30 10:51:41,14.0
1426,2024-11-30 11:01:41,14.0
1427,2024-11-30 11:11:41,14.0
1428,2024-11-30 11:21:41,14.0
1429,2024-11-30 11:31:41,14.0
1430,2024-11-30 11:41:41,14.0
1431,2024-11-30 11:51:41,14.0
1432,2024-11-30 12:01:41,14.0
1433,2024-11-30 12:11:41,14.0
1434,2024-11-30 12:21:41,14.0
1435,2024-11-30 12:31:41,14.0
1436,2024-11-30 12:41:41,14.0
1437,2024-11-30 12:51:41,14.0
1438,2024-11-30 13:01:41,14.0
1439,2024-11-30 13:11:41,14.5
1440,2024-11-30 13:21:41,14.5
1441,2024-11-30 13:31:41,14.5
1442,2024-11-30 13:41:41,14.5
1443,2024-11-30 13:51:41,14.5
1444,2024-11-30 14:01:41,14.5
1445,2024-11-30 14:11:41,14.5
1446,2024-11-30 14:21:41,14.5
1447,2024-11-30 14:31:41,14.5
1448,2024-11-30 14:41:41,14.5
1449,2024-11-30 14:51:41,14.5
1450,2024-11-30 15:01:41,14.5
1451,2024-11-30 15:11:41,14.5
1452,2024-11-30 15:21:41,14.5
1453,2024-11-30 15:31:41,14.5
1454,2024-11-30 15:41:41,14.5
1455,2024-11-30 15:51:41,14.5
1456,2024-11-30 16:01:41,14.5
1457,2024-11-30 16:11:41,14.5
1458,2024-11-30 16:21:41,14.5
1459,2024-11-30 16:31:41,14.5
1460,2024-11-30 16:41:41,14.5
1461,2024-11-30 16:51:41,14.5
1462,2024-11-30 17:01:41,15.0
