datetime,temp,windspeed
2024-11-18T00:00:00,-0.9
2024-11-18T01:00:00,-1.5
2024-11-18T02:00:00,-1.6
2024-11-18T03:00:00,-0.9
2024-11-18T04:00:00,-2.6
2024-11-18T05:00:00,-2.7
2024-11-18T06:00:00,-2.9
2024-11-18T07:00:00,-2.2
2024-11-18T08:00:00,-2.9
2024-11-18T09:00:00,-2.8
2024-11-18T10:00:00,-1.9
2024-11-18T11:00:00,-0.2
2024-11-18T12:00:00,0.7
2024-11-18T13:00:00,1.6
2024-11-18T14:00:00,1.6
2024-11-18T15:00:00,1.6
2024-11-18T16:00:00,0.1
2024-11-18T17:00:00,0.7
2024-11-18T18:00:00,0.4
2024-11-18T19:00:00,-0.4
2024-11-18T20:00:00,0.2
2024-11-18T21:00:00,0.1
2024-11-18T22:00:00,-0.6
2024-11-18T23:00:00,-0.6
2024-11-19T00:00:00,-1.3
2024-11-19T01:00:00,-1.4
2024-11-19T02:00:00,-2.3
2024-11-19T03:00:00,-2.4
2024-11-19T04:00:00,-4
2024-11-19T05:00:00,-4
2024-11-19T06:00:00,-3.3
2024-11-19T07:00:00,-4.1
2024-11-19T08:00:00,-1.7
2024-11-19T09:00:00,-1.7
2024-11-19T10:00:00,-0.6
2024-11-19T11:00:00,-0.4
2024-11-19T12:00:00,0.4
2024-11-19T13:00:00,0.4
2024-11-19T14:00:00,2.2
2024-11-19T15:00:00,3
2024-11-19T16:00:00,1.2
2024-11-19T17:00:00,0.4
2024-11-19T18:00:00,-0.4
2024-11-19T19:00:00,-0.2
2024-11-19T20:00:00,-1.2
2024-11-19T21:00:00,-1.3
2024-11-19T22:00:00,-2
2024-11-19T23:00:00,-2
2024-11-20T00:00:00,-0.6,7.6
2024-11-20T01:00:00,-0.6,6.5
2024-11-20T02:00:00,-0.6,5.8
2024-11-20T03:00:00,0.9,8.7
2024-11-20T04:00:00,-1.4,5.7
2024-11-20T05:00:00,0.1,6.7
2024-11-20T06:00:00,0.1,8.4
2024-11-20T07:00:00,0,4.9
2024-11-20T08:00:00,0.2,4.8
2024-11-20T09:00:00,-0.5,5.7
2024-11-20T10:00:00,1.3,6.7
2024-11-20T11:00:00,2.3,5.8
2024-11-20T12:00:00,3.3,7
2024-11-20T13:00:00,3.4,12.3
2024-11-20T14:00:00,3.3,10.2
2024-11-20T15:00:00,3.3,10.4
2024-11-20T16:00:00,2.4,15.4
2024-11-20T17:00:00,0,11.2
2024-11-20T18:00:00,-0.9,6.7
2024-11-20T19:00:00,-0.3,3.4
2024-11-20T20:00:00,-0.2,3.6
2024-11-20T21:00:00,-2.7,8.8
2024-11-20T22:00:00,-1.2,8
2024-11-20T23:00:00,-1.2,5.6
2024-11-21T00:00:00,-2.9,2.7
2024-11-21T01:00:00,-3.7,2.8
2024-11-21T02:00:00,-3.9,8
2024-11-21T03:00:00,-4,9.9
2024-11-21T04:00:00,-4.1,5.6
2024-11-21T05:00:00,-4.1,4.8
2024-11-21T06:00:00,-1.8,5.1
2024-11-21T07:00:00,-0.7,9.8
2024-11-21T08:00:00,0.1,11.7
2024-11-21T09:00:00,0.2,8.4
2024-11-21T10:00:00,2,12
2024-11-21T11:00:00,3,10.6
2024-11-21T12:00:00,4.7,9.5
2024-11-21T13:00:00,4.1,11.7
2024-11-21T14:00:00,4.2,13.1
2024-11-21T15:00:00,3.3,13.7
2024-11-21T16:00:00,2.3,14
2024-11-21T17:00:00,2.5,13.9
2024-11-21T18:00:00,2.2,9.6
2024-11-21T19:00:00,2.4,5.6
2024-11-21T20:00:00,2.6,9.2
2024-11-21T21:00:00,1.7,9.3
2024-11-21T22:00:00,1.2,5.3
2024-11-21T23:00:00,0.6,4.8
2024-11-22T00:00:00,0.4,6.3
2024-11-22T01:00:00,-0.2,7.1
2024-11-22T02:00:00,0,9.9
2024-11-22T03:00:00,0.2,5.4
2024-11-22T04:00:00,-0.3,7.2
2024-11-22T05:00:00,-1.2,3.6
2024-11-22T06:00:00,-2.1,3
2024-11-22T07:00:00,-2.1,1.9
2024-11-22T08:00:00,-0.5,2.8
2024-11-22T09:00:00,-0.2,5.2
2024-11-22T10:00:00,1.1,4.8
2024-11-22T11:00:00,2.1,3.5
2024-11-22T12:00:00,3.8,5.1
2024-11-22T13:00:00,3.8,5
2024-11-22T14:00:00,4.4,9.9
2024-11-22T15:00:00,3.8,8
2024-11-22T16:00:00,2.7,6.7
2024-11-22T17:00:00,1.1,5.7
2024-11-22T18:00:00,1.1,2.7
2024-11-22T19:00:00,0.8,2.7
2024-11-22T20:00:00,-0.8,1.3
2024-11-22T21:00:00,-0.1,3
2024-11-22T22:00:00,-0.9,3.7
2024-11-22T23:00:00,-0.9,4.1
2024-11-23T00:00:00,-0.8,4.7
2024-11-23T01:00:00,-0.2,6.3
2024-11-23T02:00:00,0,8
2024-11-23T03:00:00,0.3,8.8
2024-11-23T04:00:00,1.1,10.2
2024-11-23T05:00:00,1.3,12.6
2024-11-23T06:00:00,1.7,13.1
2024-11-23T07:00:00,2.4,17.5
2024-11-23T08:00:00,0.8,17.4
2024-11-23T09:00:00,0.8,19.3
2024-11-23T10:00:00,0.9,16.3
2024-11-23T11:00:00,1,17.9
2024-11-23T12:00:00,1.3,20.5
2024-11-23T13:00:00,2,15.5
2024-11-23T14:00:00,1.9,9.3
2024-11-23T15:00:00,1.9,6.6
2024-11-23T16:00:00,1.8,4.9
2024-11-23T17:00:00,1.8,3.3
2024-11-23T18:00:00,1.8,1.6
2024-11-23T19:00:00,2.4,3.8
2024-11-23T20:00:00,3.3,5.4
2024-11-23T21:00:00,3.3,5.3
2024-11-23T22:00:00,2.9,5.5
2024-11-23T23:00:00,3.2,3.7
2024-11-24T00:00:00,6.4,7.8
2024-11-24T01:00:00,12.6,17.1
2024-11-24T02:00:00,13.5,22.8
2024-11-24T03:00:00,13.7,27.2
2024-11-24T04:00:00,11,22.1
2024-11-24T05:00:00,10.5,20.6
2024-11-24T06:00:00,8.8,21.6
2024-11-24T07:00:00,8.8,17.3
2024-11-24T08:00:00,9.4,18.8
2024-11-24T09:00:00,8.8,14.2
2024-11-24T10:00:00,9,15.9
2024-11-24T11:00:00,9.7,16.5
2024-11-24T12:00:00,9.9,20.3
2024-11-24T13:00:00,9.9,22.8
2024-11-24T14:00:00,10,21.6
2024-11-24T15:00:00,10.6,23.4
2024-11-24T16:00:00,10,26.5
2024-11-24T17:00:00,9.9,26.3
2024-11-24T18:00:00,9.9,25.6
2024-11-24T19:00:00,10.6,28
2024-11-24T20:00:00,10.4,28.6
2024-11-24T21:00:00,9.8,26.5
2024-11-24T22:00:00,9.8,25.3
2024-11-24T23:00:00,8.9,25.6
2024-11-25T00:00:00,8.7,21.7
2024-11-25T01:00:00,8.7,26.4
2024-11-25T02:00:00,8.7,29.6
2024-11-25T03:00:00,8.6,29.7
2024-11-25T04:00:00,8.5,28.2
2024-11-25T05:00:00,7.8,25.1
2024-11-25T06:00:00,7.1,25.9
2024-11-25T07:00:00,7.1,21.6
2024-11-25T08:00:00,7,23
2024-11-25T09:00:00,7,22.7
2024-11-25T10:00:00,7.7,26.6
2024-11-25T11:00:00,7.1,25.3
2024-11-25T12:00:00,7.9,26.9
2024-11-25T13:00:00,7.8,23.3
2024-11-25T14:00:00,7.1,22.2
2024-11-25T15:00:00,7.8,24.2
2024-11-25T16:00:00,7.7,21.5
2024-11-25T17:00:00,7.7,19.6
2024-11-25T18:00:00,6.7,19
2024-11-25T19:00:00,6.8,15.6
2024-11-25T20:00:00,6,14.1
2024-11-25T21:00:00,5.2,11.1
2024-11-25T22:00:00,5.6,12.8
2024-11-25T23:00:00,5.1,10.2
2024-11-26T00:00:00,5,11.5
2024-11-26T01:00:00,5,9
2024-11-26T02:00:00,5.1,8.6
2024-11-26T03:00:00,5.7,7.2
2024-11-26T04:00:00,5.1,7.5
2024-11-26T05:00:00,4.5,8.2
2024-11-26T06:00:00,3.3,4.9
2024-11-26T07:00:00,3.2,4.8
2024-11-26T08:00:00,2.5,3
2024-11-26T09:00:00,2.6,2.8
2024-11-26T10:00:00,2.9,1.5
2024-11-26T11:00:00,4.5,4.7
2024-11-26T12:00:00,6.6,3.1
2024-11-26T13:00:00,7.5,1.8
2024-11-26T14:00:00,7.5,1.8
2024-11-26T15:00:00,5.9,1.6
2024-11-26T16:00:00,4.5,1.8
2024-11-26T17:00:00,2.4,2.9
2024-11-26T18:00:00,1.6,1.8
2024-11-26T19:00:00,2.3,2.4
2024-11-26T20:00:00,1.1,3.2
2024-11-26T21:00:00,0.9,3.3
2024-11-26T22:00:00,0.6,2.5
2024-11-26T23:00:00,0,1.9
2024-11-27T00:00:00,-0.3,2.1
2024-11-27T01:00:00,0.5,2.4
2024-11-27T02:00:00,0.1,5.9
2024-11-27T03:00:00,0.9,2.2
2024-11-27T04:00:00,0.9,2.6
2024-11-27T05:00:00,1.6,1.5
2024-11-27T06:00:00,1.7,1.6
2024-11-27T07:00:00,1.6,1.9
2024-11-27T08:00:00,2.2,4.1
2024-11-27T09:00:00,2.1,3.3
2024-11-27T10:00:00,3.1,3.8
2024-11-27T11:00:00,3.3,3.1
2024-11-27T12:00:00,5.5,2.8
2024-11-27T13:00:00,5.4,4.3
2024-11-27T14:00:00,4.9,3.5
2024-11-27T15:00:00,4.5,3.2
2024-11-27T16:00:00,2.5,3.4
2024-11-27T17:00:00,1.1,3
2024-11-27T18:00:00,-0.8,2.3
2024-11-27T19:00:00,-1.1,3.9
2024-11-27T20:00:00,-2.2,5.4
2024-11-27T21:00:00,-2.1,3.4
2024-11-27T22:00:00,-2.2,3.5
2024-11-27T23:00:00,-2.6,1.1
2024-11-28T00:00:00,-3,1.8
2024-11-28T01:00:00,-3.5,1.6
2024-11-28T02:00:00,-4.9,1.8
2024-11-28T03:00:00,-4.9,2.1
2024-11-28T04:00:00,-5,2.1
2024-11-28T05:00:00,-5.1,2.4
2024-11-28T06:00:00,-5.2,1.8
2024-11-28T07:00:00,-5.2,1.9
2024-11-28T08:00:00,-5.9,2.2
2024-11-28T09:00:00,-5.1,3.1
2024-11-28T10:00:00,-4.1,2.9
2024-11-28T11:00:00,-3,2.4
2024-11-28T12:00:00,-1.5,1.6
2024-11-28T13:00:00,-0.7,3.4
2024-11-28T14:00:00,-0.5,3.4
2024-11-28T15:00:00,0.2,3.2
2024-11-28T16:00:00,1.5,5.8
2024-11-28T17:00:00,1.2,7.7
2024-11-28T18:00:00,2.1,7.8
2024-11-28T19:00:00,2.2,8.7
2024-11-28T20:00:00,2.9,9
2024-11-28T21:00:00,3.1,8.9
2024-11-28T22:00:00,3.7,8.8
2024-11-28T23:00:00,3.8,7.6
2024-11-29T00:00:00,3.8,7.4
2024-11-29T01:00:00,4.5,2.5
2024-11-29T02:00:00,4.7,3.7
2024-11-29T03:00:00,4.7,5.1
2024-11-29T04:00:00,5.2,5.2
2024-11-29T05:00:00,5.9,4.9
2024-11-29T06:00:00,6,6
2024-11-29T07:00:00,6.7,5.8
2024-11-29T08:00:00,6.9,6.8
2024-11-29T09:00:00,7,5.3
2024-11-29T10:00:00,7.1,6.2
2024-11-29T11:00:00,8.5,8.7
2024-11-29T12:00:00,9.1,5.9
2024-11-29T13:00:00,9.4,3.5
2024-11-29T14:00:00,9.5,5.3
2024-11-29T15:00:00,10.2,6.6
2024-11-29T16:00:00,9.4,9.2
2024-11-29T17:00:00,9.4,5.9
2024-11-29T18:00:00,9.4,6.5
2024-11-29T19:00:00,9.5,8.1
2024-11-29T20:00:00,10.3,7.2
2024-11-29T21:00:00,10.4,11.1
2024-11-29T22:00:00,10.6,12.1
2024-11-29T23:00:00,11.4,9.4
2024-11-30T00:00:00,10.8,7.5
2024-11-30T01:00:00,10.9,8
2024-11-30T02:00:00,11.9,18.1
2024-11-30T03:00:00,12.5,17.5
2024-11-30T04:00:00,12.6,14
2024-11-30T05:00:00,11.8,16
2024-11-30T06:00:00,11.8,12.9
2024-11-30T07:00:00,11.8,12
2024-11-30T08:00:00,11.8,14.5
2024-11-30T09:00:00,11.7,14.7
2024-11-30T10:00:00,12.5,10.8
2024-11-30T11:00:00,12.7,8.2
2024-11-30T12:00:00,13.4,11.5
2024-11-30T13:00:00,13.6,15.4
2024-11-30T14:00:00,13.6,12.3
2024-11-30T15:00:00,13.6,17.4
2024-11-30T16:00:00,12.8,13.2
2024-11-30T17:00:00,13.5,14.4
2024-11-30T18:00:00,13.5,12.8
2024-11-30T19:00:00,13.6,17.4
2024-11-30T20:00:00,13.6,16.8
2024-11-30T21:00:00,13.8,17.5
2024-11-30T22:00:00,13.8,19.8
2024-11-30T23:00:00,13.8,21.7
2024-12-01T00:00:00,13.8,25.3
2024-12-01T01:00:00,13.9,25.1
2024-12-01T02:00:00,13,20.8
2024-12-01T03:00:00,12.3,15.3
2024-12-01T04:00:00,13,18.1
2024-12-01T05:00:00,12.9,13.7
2024-12-01T06:00:00,12.9,15.4
2024-12-01T07:00:00,12.9,8.2
2024-12-01T08:00:00,12.8,4.2
2024-12-01T09:00:00,11.9,10.4
2024-12-01T10:00:00,12.8,12.4
2024-12-01T11:00:00,12.9,18.7
2024-12-01T12:00:00,13,17.9
2024-12-01T13:00:00,12.4,17.9
2024-12-01T14:00:00,12.3,13.9
2024-12-01T15:00:00,12.2,13.7
2024-12-01T16:00:00,11.3,17.4
2024-12-01T17:00:00,11.2,14.3
2024-12-01T18:00:00,11.2,11.3
2024-12-01T19:00:00,11,11.1
2024-12-01T20:00:00,10.2,6.8
2024-12-01T21:00:00,9.3,6.3
2024-12-01T22:00:00,8.4,8
2024-12-01T23:00:00,8.9,6
2024-12-02T00:00:00,8.7
2024-12-02T01:00:00,8.7
2024-12-02T02:00:00,8.6
2024-12-02T03:00:00,8.6
2024-12-02T04:00:00,7.1
2024-12-02T05:00:00,6.9
2024-12-02T06:00:00,5.9
2024-12-02T07:00:00,5.5
2024-12-02T08:00:00,4.8
2024-12-02T09:00:00,4.9
2024-12-02T10:00:00,4.9
2024-12-02T11:00:00,5.8
2024-12-02T12:00:00,5.9
2024-12-02T13:00:00,5.8
2024-12-02T14:00:00,5.5
2024-12-02T15:00:00,4.9
2024-12-02T16:00:00,3.5
2024-12-02T17:00:00,2.3
2024-12-02T18:00:00,0.3
2024-12-02T19:00:00,-0.3
2024-12-02T20:00:00,-0.2
2024-12-02T21:00:00,0.4
2024-12-02T22:00:00,0.8
2024-12-02T23:00:00,0
2024-12-03T00:00:00,0
2024-12-03T01:00:00,-0.7
2024-12-03T02:00:00,0
2024-12-03T03:00:00,0
2024-12-03T04:00:00,-0.3
2024-12-03T05:00:00,-0.3
2024-12-03T06:00:00,-0.1
2024-12-03T07:00:00,0.6
2024-12-03T08:00:00,0.7
2024-12-03T09:00:00,1.2
2024-12-03T10:00:00,0.7
2024-12-03T11:00:00,1.7
2024-12-03T12:00:00,2.7
2024-12-03T13:00:00,2.9
2024-12-03T14:00:00,3.6
2024-12-03T15:00:00,3.8
2024-12-03T16:00:00,5.1
2024-12-03T17:00:00,4.5
2024-12-03T18:00:00,5.1
2024-12-03T19:00:00,5.9
2024-12-03T20:00:00,5.9
2024-12-03T21:00:00,6
2024-12-03T22:00:00,3.6
2024-12-03T23:00:00,4.4
2024-12-04T00:00:00,4.6
2024-12-04T01:00:00,4
2024-12-04T02:00:00,4.5
2024-12-04T03:00:00,2.7
2024-12-04T04:00:00,1.7
2024-12-04T05:00:00,1.7
2024-12-04T06:00:00,1.3
2024-12-04T07:00:00,1.4
2024-12-04T08:00:00,1.4
2024-12-04T09:00:00,1.3
2024-12-04T10:00:00,2.4
2024-12-04T11:00:00,3.4
2024-12-04T12:00:00,5
2024-12-04T13:00:00,5.2
2024-12-04T14:00:00,5.9
2024-12-04T15:00:00,6.6
2024-12-04T16:00:00,6.7
2024-12-04T17:00:00,6.8
2024-12-04T18:00:00,7.1
2024-12-04T19:00:00,9.6
2024-12-04T20:00:00,10.6
2024-12-04T21:00:00,10.8
2024-12-04T22:00:00,11.5
2024-12-04T23:00:00,11.5
2024-12-05T00:00:00,11.6
2024-12-05T01:00:00,10.8
2024-12-05T02:00:00,10.8
2024-12-05T03:00:00,9.9
2024-12-05T04:00:00,9.8
2024-12-05T05:00:00,9.8
2024-12-05T06:00:00,9
2024-12-05T07:00:00,8.9
2024-12-05T08:00:00,8.9
2024-12-05T09:00:00,8.7
2024-12-05T10:00:00,8.2
2024-12-05T11:00:00,9.2
2024-12-05T12:00:00,9.5
2024-12-05T13:00:00,8.9
2024-12-05T14:00:00,8.7
2024-12-05T15:00:00,8.8
2024-12-05T16:00:00,8.8
2024-12-05T17:00:00,8.6
2024-12-05T18:00:00,7.9
2024-12-05T19:00:00,7.6
2024-12-05T20:00:00,6.7
2024-12-05T21:00:00,6.7
2024-12-05T22:00:00,6.8
2024-12-05T23:00:00,6.9
2024-12-06T00:00:00,6.7
2024-12-06T01:00:00,6.7
2024-12-06T02:00:00,6.7
2024-12-06T03:00:00,6.6
2024-12-06T04:00:00,5.9
2024-12-06T05:00:00,6
2024-12-06T06:00:00,4.7
2024-12-06T07:00:00,4.4
2024-12-06T08:00:00,4.4
2024-12-06T09:00:00,4.3
2024-12-06T10:00:00,3.4
2024-12-06T11:00:00,5.1
2024-12-06T12:00:00,5.8
2024-12-06T13:00:00,6.5
2024-12-06T14:00:00,6.6
2024-12-06T15:00:00,6.5
2024-12-06T16:00:00,5.4
2024-12-06T17:00:00,4.7
2024-12-06T18:00:00,4.5
2024-12-06T19:00:00,3.5
2024-12-06T20:00:00,2.9
2024-12-06T21:00:00,3.2
2024-12-06T22:00:00,4.1
2024-12-06T23:00:00,5
2024-12-07T00:00:00,5.1
2024-12-07T01:00:00,5.1
2024-12-07T02:00:00,5.1
2024-12-07T03:00:00,4.9
2024-12-07T04:00:00,5.6
2024-12-07T05:00:00,4.9
2024-12-07T06:00:00,4.9
2024-12-07T07:00:00,4.7
2024-12-07T08:00:00,4.8
2024-12-07T09:00:00,5.6
2024-12-07T10:00:00,6.6
2024-12-07T11:00:00,6.7
2024-12-07T12:00:00,7.5
2024-12-07T13:00:00,7.4
2024-12-07T14:00:00,7.4
2024-12-07T15:00:00,6.6
2024-12-07T16:00:00,6
2024-12-07T17:00:00,5.9
2024-12-07T18:00:00,5.9
2024-12-07T19:00:00,6.5
2024-12-07T20:00:00,6.6
2024-12-07T21:00:00,6.7
2024-12-07T22:00:00,7.1
2024-12-07T23:00:00,6.2
2024-12-08T00:00:00,6.1
2024-12-08T01:00:00,5.3
2024-12-08T02:00:00,6
2024-12-08T03:00:00,5.2
2024-12-08T04:00:00,4.4
2024-12-08T05:00:00,4.3
2024-12-08T06:00:00,4.2
2024-12-08T07:00:00,4.3
2024-12-08T08:00:00,5
2024-12-08T09:00:00,5.8
2024-12-08T10:00:00,6
2024-12-08T11:00:00,6.1
2024-12-08T12:00:00,7
2024-12-08T13:00:00,7.8
2024-12-08T14:00:00,7.1
2024-12-08T15:00:00,7.1
2024-12-08T16:00:00,6.3
2024-12-08T17:00:00,6.3
2024-12-08T18:00:00,7
2024-12-08T19:00:00,6.2
2024-12-08T20:00:00,6.2
2024-12-08T21:00:00,4.5
2024-12-08T22:00:00,4.5
2024-12-08T23:00:00,4.4
2024-12-09T00:00:00,3.6
2024-12-09T01:00:00,3.6
2024-12-09T02:00:00,1.9
2024-12-09T03:00:00,2.7
2024-12-09T04:00:00,2.7
2024-12-09T05:00:00,2.7
2024-12-09T06:00:00,1
2024-12-09T07:00:00,1.4
2024-12-09T08:00:00,0.4
2024-12-09T09:00:00,0.4
2024-12-09T10:00:00,1.3
2024-12-09T11:00:00,3
2024-12-09T12:00:00,4.6
2024-12-09T13:00:00,5.5
2024-12-09T14:00:00,5.4
2024-12-09T15:00:00,4.5
2024-12-09T16:00:00,2.1
2024-12-09T17:00:00,2
2024-12-09T18:00:00,-0.5
2024-12-09T19:00:00,-0.4
2024-12-09T20:00:00,-1.3
2024-12-09T21:00:00,-1.5
2024-12-09T22:00:00,0.2
2024-12-09T23:00:00,-0.1
2024-12-10T00:00:00,-0.5
2024-12-10T01:00:00,-2.2
2024-12-10T02:00:00,-2.9
2024-12-10T03:00:00,-3.7
2024-12-10T04:00:00,-3.8
2024-12-10T05:00:00,-2.9
2024-12-10T06:00:00,-3
2024-12-10T07:00:00,-3.1
2024-12-10T08:00:00,-2.3
2024-12-10T09:00:00,-2.4
2024-12-10T10:00:00,-2.3
2024-12-10T11:00:00,-1.3
2024-12-10T12:00:00,-1.9
2024-12-10T13:00:00,-0.9
2024-12-10T14:00:00,-0.9
2024-12-10T15:00:00,-1
2024-12-10T16:00:00,-1.3
2024-12-10T17:00:00,-1.5
2024-12-10T18:00:00,-1.6
2024-12-10T19:00:00,-2.4
2024-12-10T20:00:00,-2.4
2024-12-10T21:00:00,-2.5
2024-12-10T22:00:00,-2.6
2024-12-10T23:00:00,-2.5
2024-12-11T00:00:00,-2.6
2024-12-11T01:00:00,-2.7
2024-12-11T02:00:00,-2.7
2024-12-11T03:00:00,-2.6
2024-12-11T04:00:00,-1.8
2024-12-11T05:00:00,-1.7
2024-12-11T06:00:00,-1.7
2024-12-11T07:00:00,-1.6
2024-12-11T08:00:00,-1.6
2024-12-11T09:00:00,-0.8
2024-12-11T10:00:00,-0.8
2024-12-11T11:00:00,-0.7
2024-12-11T12:00:00,0.2
2024-12-11T13:00:00,0.4
2024-12-11T14:00:00,0.3
2024-12-11T15:00:00,0.3
2024-12-11T16:00:00,0.3
2024-12-11T17:00:00,0.2
2024-12-11T18:00:00,0.1
2024-12-11T19:00:00,-0.7
2024-12-11T20:00:00,-0.7
2024-12-11T21:00:00,-0.7
2024-12-11T22:00:00,-0.7
2024-12-11T23:00:00,-0.8
2024-12-12T00:00:00,-1.3
2024-12-12T01:00:00,-1.4
2024-12-12T02:00:00,-1.2
2024-12-12T03:00:00,-1.2
2024-12-12T04:00:00,-1
2024-12-12T05:00:00,-0.9
2024-12-12T06:00:00,-0.9
2024-12-12T07:00:00,-0.7
2024-12-12T08:00:00,-0.6
2024-12-12T09:00:00,-0.2
2024-12-12T10:00:00,0.1
2024-12-12T11:00:00,0.4
2024-12-12T12:00:00,0.7
2024-12-12T13:00:00,1.3
2024-12-12T14:00:00,1.7
2024-12-12T15:00:00,1.7
2024-12-12T16:00:00,1.8
2024-12-12T17:00:00,1.9
2024-12-12T18:00:00,2
2024-12-12T19:00:00,2.1
2024-12-12T20:00:00,2.2
2024-12-12T21:00:00,2.1
2024-12-12T22:00:00,2.4
2024-12-12T23:00:00,2.6
2024-12-13T00:00:00,2.6
2024-12-13T01:00:00,2.7
2024-12-13T02:00:00,2.7
2024-12-13T03:00:00,2.8
2024-12-13T04:00:00,2.8
2024-12-13T05:00:00,3.1
2024-12-13T06:00:00,3.1
2024-12-13T07:00:00,3.3
2024-12-13T08:00:00,3.3
2024-12-13T09:00:00,3.3
2024-12-13T10:00:00,3.4
2024-12-13T11:00:00,3.6
2024-12-13T12:00:00,4
2024-12-13T13:00:00,4.2
2024-12-13T14:00:00,4.5
2024-12-13T15:00:00,4.7
2024-12-13T16:00:00,4.2
2024-12-13T17:00:00,4.5
2024-12-13T18:00:00,4.6
2024-12-13T19:00:00,4.5
2024-12-13T20:00:00,5.1
2024-12-13T21:00:00,4.7
2024-12-13T22:00:00,4.4
2024-12-13T23:00:00,3.5
2024-12-14T00:00:00,3.1
2024-12-14T01:00:00,2
2024-12-14T02:00:00,1.9
2024-12-14T03:00:00,2.3
2024-12-14T04:00:00,2.5
2024-12-14T05:00:00,2.8
2024-12-14T06:00:00,2.9
2024-12-14T07:00:00,2.3
2024-12-14T08:00:00,3.1
2024-12-14T09:00:00,3.6
2024-12-14T10:00:00,4.4
2024-12-14T11:00:00,4.9
2024-12-14T12:00:00,5.9
2024-12-14T13:00:00,6.2
2024-12-14T14:00:00,6.5
2024-12-14T15:00:00,6.7
2024-12-14T16:00:00,6.8
2024-12-14T17:00:00,6.7
2024-12-14T18:00:00,7.2
2024-12-14T19:00:00,7.9
2024-12-14T20:00:00,8.9
2024-12-14T21:00:00,9.7
2024-12-14T22:00:00,10
2024-12-14T23:00:00,10.4
2024-12-15T00:00:00,10.5
2024-12-15T01:00:00,10.4
2024-12-15T02:00:00,10.8
2024-12-15T03:00:00,11
2024-12-15T04:00:00,10.9
2024-12-15T05:00:00,10.8
2024-12-15T06:00:00,10.7
2024-12-15T07:00:00,10.7
2024-12-15T08:00:00,10.7
2024-12-15T09:00:00,10.9
2024-12-15T10:00:00,11
2024-12-15T11:00:00,11
2024-12-15T12:00:00,11
2024-12-15T13:00:00,10.8
2024-12-15T14:00:00,11
2024-12-15T15:00:00,11
2024-12-15T16:00:00,11.2
2024-12-15T17:00:00,11.3
2024-12-15T18:00:00,11.1
2024-12-15T19:00:00,11
2024-12-15T20:00:00,10.9
2024-12-15T21:00:00,10.9
2024-12-15T22:00:00,10.6
2024-12-15T23:00:00,10.4
2024-12-16T00:00:00,10.4
2024-12-16T01:00:00,10.2
2024-12-16T02:00:00,10
2024-12-16T03:00:00,9.9
2024-12-16T04:00:00,9.8
2024-12-16T05:00:00,9.8
2024-12-16T06:00:00,10
2024-12-16T07:00:00,10
2024-12-16T08:00:00,10.1
2024-12-16T09:00:00,10.4
2024-12-16T10:00:00,10
2024-12-16T11:00:00,10.1
2024-12-16T12:00:00,10.1
2024-12-16T13:00:00,10.5
2024-12-16T14:00:00,10.5
2024-12-16T15:00:00,10.4
2024-12-16T16:00:00,10.2
2024-12-16T17:00:00,10.1
2024-12-16T18:00:00,10.1
2024-12-16T19:00:00,10.1
2024-12-16T20:00:00,10.1
2024-12-16T21:00:00,10.1
2024-12-16T22:00:00,10.1
2024-12-16T23:00:00,10.1
2024-12-17T00:00:00,9.8
2024-12-17T01:00:00,9.8
2024-12-17T02:00:00,9.5
2024-12-17T03:00:00,9.6
2024-12-17T04:00:00,9.5
2024-12-17T05:00:00,8.9
2024-12-17T06:00:00,9.1
2024-12-17T07:00:00,8.8
2024-12-17T08:00:00,8.6
2024-12-17T09:00:00,8.4
2024-12-17T10:00:00,8.5
2024-12-17T11:00:00,8.7
2024-12-17T12:00:00,8.9
2024-12-17T13:00:00,9.6
2024-12-17T14:00:00,9.8
2024-12-17T15:00:00,9.6
2024-12-17T16:00:00,9.7
2024-12-17T17:00:00,10
2024-12-17T18:00:00,9.6
2024-12-17T19:00:00,9
2024-12-17T20:00:00,9.5
2024-12-17T21:00:00,9.7
2024-12-17T22:00:00,10.1
2024-12-17T23:00:00,11.1
2024-12-18T00:00:00,12.5
2024-12-18T01:00:00,13
2024-12-18T02:00:00,13.1
2024-12-18T03:00:00,13.2
2024-12-18T04:00:00,12.9
2024-12-18T05:00:00,12.5
2024-12-18T06:00:00,12.1
2024-12-18T07:00:00,11.4
2024-12-18T08:00:00,10.4
2024-12-18T09:00:00,10.4
2024-12-18T10:00:00,10.3
2024-12-18T11:00:00,9.8
2024-12-18T12:00:00,9.6
2024-12-18T13:00:00,9.1
2024-12-18T14:00:00,8.4
2024-12-18T15:00:00,7.4
2024-12-18T16:00:00,6.8
2024-12-18T17:00:00,6.2
2024-12-18T18:00:00,5.5
2024-12-18T19:00:00,5.7
2024-12-18T20:00:00,5.2
2024-12-18T21:00:00,4.5
2024-12-18T22:00:00,3.8
2024-12-18T23:00:00,3.7
2024-12-19T00:00:00,3.5
2024-12-19T01:00:00,2.9
2024-12-19T02:00:00,2.6
2024-12-19T03:00:00,3
2024-12-19T04:00:00,2.7
2024-12-19T05:00:00,2.2
2024-12-19T06:00:00,2.2
2024-12-19T07:00:00,2.8
2024-12-19T08:00:00,2.6
2024-12-19T09:00:00,3.2
2024-12-19T10:00:00,3.9
2024-12-19T11:00:00,4.8
2024-12-19T12:00:00,5.5
2024-12-19T13:00:00,5.6
2024-12-19T14:00:00,5.5
2024-12-19T15:00:00,5.3
2024-12-19T16:00:00,4.5
2024-12-19T17:00:00,4
2024-12-19T18:00:00,4.1
2024-12-19T19:00:00,3.6
2024-12-19T20:00:00,2.9
2024-12-19T21:00:00,2.8
2024-12-19T22:00:00,2.7
2024-12-19T23:00:00,2.9
2024-12-20T00:00:00,3.7
2024-12-20T01:00:00,4.1
2024-12-20T02:00:00,3.7
2024-12-20T03:00:00,3.5
2024-12-20T04:00:00,5.5
2024-12-20T05:00:00,5.9
2024-12-20T06:00:00,6.3
2024-12-20T07:00:00,6.4
2024-12-20T08:00:00,6.6
2024-12-20T09:00:00,6.9
2024-12-20T10:00:00,7.3
2024-12-20T11:00:00,7.7
2024-12-20T12:00:00,8
2024-12-20T13:00:00,8.2
2024-12-20T14:00:00,8.4
2024-12-20T15:00:00,7.8
2024-12-20T16:00:00,7.3
2024-12-20T17:00:00,6.9
2024-12-20T18:00:00,6.9
2024-12-20T19:00:00,7.1
2024-12-20T20:00:00,6.6
2024-12-20T21:00:00,6.8
2024-12-20T22:00:00,6.6
2024-12-20T23:00:00,7.6
2024-12-21T00:00:00,7.4
2024-12-21T01:00:00,7.1
2024-12-21T02:00:00,7.3
2024-12-21T03:00:00,7.1
2024-12-21T04:00:00,7.2
2024-12-21T05:00:00,7.5
2024-12-21T06:00:00,8.3
2024-12-21T07:00:00,9.6
2024-12-21T08:00:00,8.8
2024-12-21T09:00:00,7.6
2024-12-21T10:00:00,7.4
2024-12-21T11:00:00,7.3
2024-12-21T12:00:00,6.7
2024-12-21T13:00:00,7
2024-12-21T14:00:00,6.7
2024-12-21T15:00:00,6.4
2024-12-21T16:00:00,6
2024-12-21T17:00:00,5
2024-12-21T18:00:00,5.5
2024-12-21T19:00:00,5.3
2024-12-21T20:00:00,4.7
2024-12-21T21:00:00,4.8
2024-12-21T22:00:00,4.3
2024-12-21T23:00:00,4.2
2024-12-22T00:00:00,4.1
2024-12-22T01:00:00,2.9
2024-12-22T02:00:00,3.7
2024-12-22T03:00:00,3.4
2024-12-22T04:00:00,3.4
2024-12-22T05:00:00,3.8
2024-12-22T06:00:00,2.9
2024-12-22T07:00:00,2.9
2024-12-22T08:00:00,3.1
2024-12-22T09:00:00,4
2024-12-22T10:00:00,4
2024-12-22T11:00:00,5.9
2024-12-22T12:00:00,6.1
2024-12-22T13:00:00,5.5
2024-12-22T14:00:00,6.1
2024-12-22T15:00:00,6.1
2024-12-22T16:00:00,6.1
2024-12-22T17:00:00,5.9
2024-12-22T18:00:00,5.8
2024-12-22T19:00:00,5.7
2024-12-22T20:00:00,5.6
2024-12-22T21:00:00,5.5
2024-12-22T22:00:00,5.4
2024-12-22T23:00:00,5.3
2024-12-23T00:00:00,5
2024-12-23T01:00:00,4.5
2024-12-23T02:00:00,4.2
2024-12-23T03:00:00,4
2024-12-23T04:00:00,3.4
2024-12-23T05:00:00,3.1
2024-12-23T06:00:00,4.1
2024-12-23T07:00:00,3.9
2024-12-23T08:00:00,3.6
2024-12-23T09:00:00,4.5
2024-12-23T10:00:00,4.4
2024-12-23T11:00:00,4.2
2024-12-23T12:00:00,4.4
2024-12-23T13:00:00,5.1
2024-12-23T14:00:00,5.6
2024-12-23T15:00:00,6.6
2024-12-23T16:00:00,7
2024-12-23T17:00:00,7.3
2024-12-23T18:00:00,7.3
2024-12-23T19:00:00,7.7
2024-12-23T20:00:00,8.5
2024-12-23T21:00:00,10.3
2024-12-23T22:00:00,10.8
2024-12-23T23:00:00,10.8
2024-12-24T00:00:00,10.9
2024-12-24T01:00:00,11.3
2024-12-24T02:00:00,11.3
2024-12-24T03:00:00,11.4
2024-12-24T04:00:00,11.3
2024-12-24T05:00:00,11.4
2024-12-24T06:00:00,11.4
2024-12-24T07:00:00,11.3
2024-12-24T08:00:00,11.2
2024-12-24T09:00:00,11.4
2024-12-24T10:00:00,11.8
2024-12-24T11:00:00,11.8
2024-12-24T12:00:00,12.2
2024-12-24T13:00:00,12
2024-12-24T14:00:00,11.7
2024-12-24T15:00:00,11.6
2024-12-24T16:00:00,11.6
2024-12-24T17:00:00,11.8
2024-12-24T18:00:00,12.1
2024-12-24T19:00:00,12.2
2024-12-24T20:00:00,12.1
2024-12-24T21:00:00,11.6
2024-12-24T22:00:00,11
2024-12-24T23:00:00,10.9
2024-12-25T00:00:00,11
2024-12-25T01:00:00,11
2024-12-25T02:00:00,11
2024-12-25T03:00:00,10.8
2024-12-25T04:00:00,10.6
2024-12-25T05:00:00,10.7
2024-12-25T06:00:00,10.4
2024-12-25T07:00:00,10.4
2024-12-25T08:00:00,10.4
2024-12-25T09:00:00,10.4
2024-12-25T10:00:00,10.5
2024-12-25T11:00:00,10.6
2024-12-25T12:00:00,10.4
2024-12-25T13:00:00,10.4
2024-12-25T14:00:00,10.4
2024-12-25T15:00:00,10.4
2024-12-25T16:00:00,10.5
2024-12-25T17:00:00,10.5
2024-12-25T18:00:00,10.5
2024-12-25T19:00:00,10.5
2024-12-25T20:00:00,10.5
2024-12-25T21:00:00,10.5
2024-12-25T22:00:00,10.6
2024-12-25T23:00:00,10.6
2024-12-26T00:00:00,10.7
2024-12-26T01:00:00,10.7
2024-12-26T02:00:00,10.6
2024-12-26T03:00:00,10.3
2024-12-26T04:00:00,10.2
2024-12-26T05:00:00,10
2024-12-26T06:00:00,9.7
2024-12-26T07:00:00,9.7
2024-12-26T08:00:00,9.5
2024-12-26T09:00:00,9.5
2024-12-26T10:00:00,9.6
2024-12-26T11:00:00,9.6
2024-12-26T12:00:00,8.8
2024-12-26T13:00:00,9.6
2024-12-26T14:00:00,9.5
2024-12-26T15:00:00,9.5
2024-12-26T16:00:00,9.2
2024-12-26T17:00:00,8.9
2024-12-26T18:00:00,8.6
2024-12-26T19:00:00,8.5
2024-12-26T20:00:00,8.3
2024-12-26T21:00:00,8.2
2024-12-26T22:00:00,8
2024-12-26T23:00:00,8
2024-12-27T00:00:00,7.8
2024-12-27T01:00:00,7.8
2024-12-27T02:00:00,7.8
2024-12-27T03:00:00,7.9
2024-12-27T04:00:00,8.1
2024-12-27T05:00:00,8.1
2024-12-27T06:00:00,8.3
2024-12-27T07:00:00,8.4
2024-12-27T08:00:00,8.4
2024-12-27T09:00:00,8.4
2024-12-27T10:00:00,8.6
2024-12-27T11:00:00,8.8
2024-12-27T12:00:00,9
2024-12-27T13:00:00,9.1
2024-12-27T14:00:00,9.1
2024-12-27T15:00:00,9.1
2024-12-27T16:00:00,8.9
2024-12-27T17:00:00,8.7
2024-12-27T18:00:00,8.6
2024-12-27T19:00:00,8.7
2024-12-27T20:00:00,8.7
2024-12-27T21:00:00,8.8
2024-12-27T22:00:00,8.5
2024-12-27T23:00:00,8.4
2024-12-28T00:00:00,8.3
2024-12-28T01:00:00,8.2
2024-12-28T02:00:00,8.3
2024-12-28T03:00:00,8.6
2024-12-28T04:00:00,8.7
2024-12-28T05:00:00,8.8
2024-12-28T06:00:00,8.7
2024-12-28T07:00:00,8.8
2024-12-28T08:00:00,8.9
2024-12-28T09:00:00,9
2024-12-28T10:00:00,9.1
2024-12-28T11:00:00,9.2
2024-12-28T12:00:00,9.4
2024-12-28T13:00:00,9.7
2024-12-28T14:00:00,9.6
2024-12-28T15:00:00,9.6
2024-12-28T16:00:00,8.9
2024-12-28T17:00:00,8.3
2024-12-28T18:00:00,7.7
2024-12-28T19:00:00,7.6
2024-12-28T20:00:00,7.8
2024-12-28T21:00:00,7.7
2024-12-28T22:00:00,8
2024-12-28T23:00:00,8
2024-12-29T00:00:00,8
2024-12-29T01:00:00,8
2024-12-29T02:00:00,8
2024-12-29T03:00:00,8.5
2024-12-29T04:00:00,8.9
2024-12-29T05:00:00,9.1
2024-12-29T06:00:00,9.3
2024-12-29T07:00:00,9.3
2024-12-29T08:00:00,9.5
2024-12-29T09:00:00,9.6
2024-12-29T10:00:00,9.7
2024-12-29T11:00:00,9.7
2024-12-29T12:00:00,9.6
2024-12-29T13:00:00,10
2024-12-29T14:00:00,9.6
2024-12-29T15:00:00,9.4
2024-12-29T16:00:00,9.2
2024-12-29T17:00:00,9.7
2024-12-29T18:00:00,9.9
2024-12-29T19:00:00,9.8
2024-12-29T20:00:00,9.5
2024-12-29T21:00:00,9.8
2024-12-29T22:00:00,10
2024-12-29T23:00:00,10
2024-12-30T00:00:00,10.2
2024-12-30T01:00:00,9.6
2024-12-30T02:00:00,9.6
2024-12-30T03:00:00,9.5
2024-12-30T04:00:00,9.2
2024-12-30T05:00:00,9.4
2024-12-30T06:00:00,9.6
2024-12-30T07:00:00,9.3
2024-12-30T08:00:00,9.4
2024-12-30T09:00:00,9.4
2024-12-30T10:00:00,9.5
2024-12-30T11:00:00,10.2
2024-12-30T12:00:00,10.7
2024-12-30T13:00:00,10.4
2024-12-30T14:00:00,9.5
2024-12-30T15:00:00,8.7
2024-12-30T16:00:00,8.4
2024-12-30T17:00:00,8.3
2024-12-30T18:00:00,8.1
2024-12-30T19:00:00,7.9
2024-12-30T20:00:00,7.9
2024-12-30T21:00:00,7.8
2024-12-30T22:00:00,9.5
2024-12-30T23:00:00,9.1
2024-12-31T00:00:00,9.1
2024-12-31T01:00:00,8.8
2024-12-31T02:00:00,8.6
2024-12-31T03:00:00,8.7
2024-12-31T04:00:00,8.7
2024-12-31T05:00:00,8.9
2024-12-31T06:00:00,9.1
2024-12-31T07:00:00,9.2
2024-12-31T08:00:00,9.2
2024-12-31T09:00:00,9.4
2024-12-31T10:00:00,9.4
2024-12-31T11:00:00,9.8
2024-12-31T12:00:00,10.2
2024-12-31T13:00:00,10.2
2024-12-31T14:00:00,10.5
2024-12-31T15:00:00,9.6
2024-12-31T16:00:00,9.6
2024-12-31T17:00:00,9.3
2024-12-31T18:00:00,8.5
2024-12-31T19:00:00,8.6
2024-12-31T20:00:00,8
2024-12-31T21:00:00,7.8
2024-12-31T22:00:00,7.9
2024-12-31T23:00:00,7.9
2025-01-01T00:00:00,6.9
2025-01-01T01:00:00,7.5
2025-01-01T02:00:00,7.3
2025-01-01T03:00:00,7.2
2025-01-01T04:00:00,6.8
2025-01-01T05:00:00,6.2
2025-01-01T06:00:00,6.2
2025-01-01T07:00:00,6.6
2025-01-01T08:00:00,5.6
2025-01-01T09:00:00,4.4
2025-01-01T10:00:00,3.2
2025-01-01T11:00:00,2.5
2025-01-01T12:00:00,2.1
2025-01-01T13:00:00,1.9
2025-01-01T14:00:00,1.9
2025-01-01T15:00:00,2
2025-01-01T16:00:00,1.8
2025-01-01T17:00:00,1.1
2025-01-01T18:00:00,1.4
2025-01-01T19:00:00,1.2
2025-01-01T20:00:00,0.8
2025-01-01T21:00:00,0
2025-01-01T22:00:00,-0.8
2025-01-01T23:00:00,-0.7
2025-01-02T00:00:00,-1.2
2025-01-02T01:00:00,-1.9
2025-01-02T02:00:00,-1.6
2025-01-02T03:00:00,-1.9
2025-01-02T04:00:00,-2.4
2025-01-02T05:00:00,-2.3
2025-01-02T06:00:00,-2.5
2025-01-02T07:00:00,-2.2
2025-01-02T08:00:00,-2.4
2025-01-02T09:00:00,-2.5
2025-01-02T10:00:00,-1.5
2025-01-02T11:00:00,0.2
2025-01-02T12:00:00,1.2
2025-01-02T13:00:00,1.7
2025-01-02T14:00:00,1.9
2025-01-02T15:00:00,1.9
2025-01-02T16:00:00,0
2025-01-02T17:00:00,-0.4
2025-01-02T18:00:00,-0.2
2025-01-02T19:00:00,-0.9
2025-01-02T20:00:00,-1.4
2025-01-02T21:00:00,-1.2
2025-01-02T22:00:00,-1.8
2025-01-02T23:00:00,-1.7
2025-01-03T00:00:00,0.9
2025-01-03T01:00:00,1.1
2025-01-03T02:00:00,1.7
2025-01-03T03:00:00,2.3
2025-01-03T04:00:00,2.5
2025-01-03T05:00:00,2.2
2025-01-03T06:00:00,1.4
2025-01-03T07:00:00,1.1
2025-01-03T08:00:00,0.5
2025-01-03T09:00:00,0.9
2025-01-03T10:00:00,1
2025-01-03T11:00:00,2.1
2025-01-03T12:00:00,3.8
2025-01-03T13:00:00,4.3
2025-01-03T14:00:00,3.9
2025-01-03T15:00:00,3.9
2025-01-03T16:00:00,2.4
2025-01-03T17:00:00,1.4
2025-01-03T18:00:00,0.6
2025-01-03T19:00:00,-0.1
2025-01-03T20:00:00,-0.2
2025-01-03T21:00:00,-0.3
2025-01-03T22:00:00,-0.1
2025-01-03T23:00:00,0.3
2025-01-04T00:00:00,0.3
2025-01-04T01:00:00,0.4
2025-01-04T02:00:00,0.5
2025-01-04T03:00:00,0.6
2025-01-04T04:00:00,0.7
2025-01-04T05:00:00,1.9
2025-01-04T06:00:00,1.7
2025-01-04T07:00:00,1.8
2025-01-04T08:00:00,1.5
2025-01-04T09:00:00,1.4
2025-01-04T10:00:00,1.4
2025-01-04T11:00:00,0.9
2025-01-04T12:00:00,1.4
2025-01-04T13:00:00,2.1
2025-01-04T14:00:00,2.3
2025-01-04T15:00:00,2.6
2025-01-04T16:00:00,1.9
2025-01-04T17:00:00,1.3
2025-01-04T18:00:00,0.6
2025-01-04T19:00:00,0.1
2025-01-04T20:00:00,0.2
2025-01-04T21:00:00,-0.1
2025-01-04T22:00:00,-0.4
2025-01-04T23:00:00,-0.4
2025-01-05T00:00:00,-0.3
2025-01-05T01:00:00,-0.6
2025-01-05T02:00:00,-0.7
2025-01-05T03:00:00,-0.6
2025-01-05T04:00:00,-0.7
2025-01-05T05:00:00,-0.5
2025-01-05T06:00:00,-0.3
2025-01-05T07:00:00,-0.4
2025-01-05T08:00:00,-0.5
2025-01-05T09:00:00,-0.2
2025-01-05T10:00:00,0.2
2025-01-05T11:00:00,0.8
2025-01-05T12:00:00,1.1
2025-01-05T13:00:00,1.5
2025-01-05T14:00:00,1.5
2025-01-05T15:00:00,1.7
2025-01-05T16:00:00,1.2
2025-01-05T17:00:00,1.3
2025-01-05T18:00:00,1.3
2025-01-05T19:00:00,1.7
2025-01-05T20:00:00,1.6
2025-01-05T21:00:00,1.7
2025-01-05T22:00:00,1.7
2025-01-05T23:00:00,1.2
2025-01-06T00:00:00,1.7
2025-01-06T01:00:00,1.7
2025-01-06T02:00:00,2.1
2025-01-06T03:00:00,2
2025-01-06T04:00:00,2
2025-01-06T05:00:00,1.6
2025-01-06T06:00:00,1.4
2025-01-06T07:00:00,0.5
2025-01-06T08:00:00,-0.3
2025-01-06T09:00:00,0.5
2025-01-06T10:00:00,0.7
2025-01-06T11:00:00,1.9
2025-01-06T12:00:00,2.3
2025-01-06T13:00:00,3.1
2025-01-06T14:00:00,3.5
2025-01-06T15:00:00,3.8
2025-01-06T16:00:00,3
2025-01-06T17:00:00,2.4
2025-01-06T18:00:00,2.3
2025-01-06T19:00:00,2.4
2025-01-06T20:00:00,2.2
2025-01-06T21:00:00,1.7
2025-01-06T22:00:00,1.7
2025-01-06T23:00:00,1.5
2025-01-07T00:00:00,0.9
2025-01-07T01:00:00,1
2025-01-07T02:00:00,1
2025-01-07T03:00:00,0.4
2025-01-07T04:00:00,1.4
2025-01-07T05:00:00,1.1
2025-01-07T06:00:00,1
2025-01-07T07:00:00,1.2
2025-01-07T08:00:00,1.4
2025-01-07T09:00:00,1.1
2025-01-07T10:00:00,1.3
2025-01-07T11:00:00,1.8
2025-01-07T12:00:00,2
2025-01-07T13:00:00,2.6
2025-01-07T14:00:00,2.5
2025-01-07T15:00:00,2.4
2025-01-07T16:00:00,2
2025-01-07T17:00:00,1.5
2025-01-07T18:00:00,0.5
2025-01-07T19:00:00,1.7
2025-01-07T20:00:00,1.6
2025-01-07T21:00:00,0.9
2025-01-07T22:00:00,1.2
2025-01-07T23:00:00,1
2025-01-08T00:00:00,0.9
2025-01-08T01:00:00,1
2025-01-08T02:00:00,0.5
2025-01-08T03:00:00,-0.7
2025-01-08T04:00:00,-0.2
2025-01-08T05:00:00,-1.5
2025-01-08T06:00:00,-1.7
2025-01-08T07:00:00,-2.4
2025-01-08T08:00:00,-2.1
2025-01-08T09:00:00,-2.7
2025-01-08T10:00:00,-1.8
2025-01-08T11:00:00,0.6
2025-01-08T12:00:00,2.1
2025-01-08T13:00:00,3.7
2025-01-08T14:00:00,2.2
2025-01-08T15:00:00,1.6
2025-01-08T16:00:00,0.4
2025-01-08T17:00:00,-0.7
2025-01-08T18:00:00,-1.3
2025-01-08T19:00:00,-2.4
2025-01-08T20:00:00,-2.8
2025-01-08T21:00:00,-2.9
2025-01-08T22:00:00,-3.4
2025-01-08T23:00:00,-3.7
2025-01-09T00:00:00,-4
2025-01-09T01:00:00,-4.1
2025-01-09T02:00:00,-5.2
2025-01-09T03:00:00,-5.4
2025-01-09T04:00:00,-6
2025-01-09T05:00:00,-5.4
2025-01-09T06:00:00,-4.8
2025-01-09T07:00:00,-5.2
2025-01-09T08:00:00,-4.7
2025-01-09T09:00:00,-4
2025-01-09T10:00:00,-2.4
2025-01-09T11:00:00,-0.1
2025-01-09T12:00:00,0.6
2025-01-09T13:00:00,1.9
2025-01-09T14:00:00,2.1
2025-01-09T15:00:00,1.7
2025-01-09T16:00:00,1.1
2025-01-09T17:00:00,-0.1
2025-01-09T18:00:00,0.3
2025-01-09T19:00:00,-0.7
2025-01-09T20:00:00,-1
2025-01-09T21:00:00,-2
2025-01-09T22:00:00,-2
2025-01-09T23:00:00,-2.1
2025-01-10T00:00:00,-3.3
2025-01-10T01:00:00,-3.1
2025-01-10T02:00:00,-3.4
2025-01-10T03:00:00,-4
2025-01-10T04:00:00,-5.1
2025-01-10T05:00:00,-5.3
2025-01-10T06:00:00,-5.2
2025-01-10T07:00:00,-6.5
2025-01-10T08:00:00,-6.2
2025-01-10T09:00:00,-6.1
2025-01-10T10:00:00,-5
2025-01-10T11:00:00,-2.5
2025-01-10T12:00:00,-1.1
2025-01-10T13:00:00,-0.1
2025-01-10T14:00:00,0.8
2025-01-10T15:00:00,0.8
2025-01-10T16:00:00,-0.9
2025-01-10T17:00:00,-2.3
2025-01-10T18:00:00,-3.2
2025-01-10T19:00:00,-3
2025-01-10T20:00:00,-3
2025-01-10T21:00:00,-2.9
2025-01-10T22:00:00,-3.5
2025-01-10T23:00:00,-4.3
2025-01-11T00:00:00,-3.9
2025-01-11T01:00:00,-4.3
2025-01-11T02:00:00,-4.4
2025-01-11T03:00:00,-4
2025-01-11T04:00:00,-3.7
2025-01-11T05:00:00,-3.5
2025-01-11T06:00:00,-3
2025-01-11T07:00:00,-2.9
2025-01-11T08:00:00,-2.6
2025-01-11T09:00:00,-1.9
2025-01-11T10:00:00,-1.4
2025-01-11T11:00:00,-0.7
2025-01-11T12:00:00,0.1
2025-01-11T13:00:00,0.4
2025-01-11T14:00:00,0.5
2025-01-11T15:00:00,0.4
2025-01-11T16:00:00,0.7
2025-01-11T17:00:00,0.5
2025-01-11T18:00:00,0.8
2025-01-11T19:00:00,0.6
2025-01-11T20:00:00,0.7
2025-01-11T21:00:00,0.7
2025-01-11T22:00:00,0.2
2025-01-11T23:00:00,0.2
2025-01-12T00:00:00,0.3
2025-01-12T01:00:00,0.7
2025-01-12T02:00:00,0.4
2025-01-12T03:00:00,0.7
2025-01-12T04:00:00,0.6
2025-01-12T05:00:00,0.7
2025-01-12T06:00:00,0.9
2025-01-12T07:00:00,1.1
2025-01-12T08:00:00,1.1
2025-01-12T09:00:00,1.2
2025-01-12T10:00:00,1.5
2025-01-12T11:00:00,1.8
2025-01-12T12:00:00,2.4
2025-01-12T13:00:00,2.9
2025-01-12T14:00:00,3.3
2025-01-12T15:00:00,3.4
2025-01-12T16:00:00,3.9
2025-01-12T17:00:00,4.1
2025-01-12T18:00:00,4.5
2025-01-12T19:00:00,4.8
2025-01-12T20:00:00,5.5
2025-01-12T21:00:00,6.5
2025-01-12T22:00:00,6.8
2025-01-12T23:00:00,7.3
2025-01-13T00:00:00,7.9
2025-01-13T01:00:00,8.4
2025-01-13T02:00:00,8.4
2025-01-13T03:00:00,8.7
2025-01-13T04:00:00,9
2025-01-13T05:00:00,9.2
2025-01-13T06:00:00,9.5
2025-01-13T07:00:00,9.5
2025-01-13T08:00:00,9.7
2025-01-13T09:00:00,10
2025-01-13T10:00:00,10.1
2025-01-13T11:00:00,10.1
2025-01-13T12:00:00,10.1
2025-01-13T13:00:00,10.1
2025-01-13T14:00:00,10.2
2025-01-13T15:00:00,10.2
2025-01-13T16:00:00,10.3
2025-01-13T17:00:00,10.4
2025-01-13T18:00:00,10.5
2025-01-13T19:00:00,10.5
2025-01-13T20:00:00,10.7
2025-01-13T21:00:00,10.8
2025-01-13T22:00:00,10.5
2025-01-13T23:00:00,10.8
2025-01-14T00:00:00,10.7
2025-01-14T01:00:00,10.6
2025-01-14T02:00:00,10.9
2025-01-14T03:00:00,10.8
2025-01-14T04:00:00,10.3
2025-01-14T05:00:00,10
2025-01-14T06:00:00,9.7
2025-01-14T07:00:00,9.6
2025-01-14T08:00:00,9.3
2025-01-14T09:00:00,9.1
2025-01-14T10:00:00,9.2
2025-01-14T11:00:00,9.3
2025-01-14T12:00:00,9.8
2025-01-14T13:00:00,10.4
2025-01-14T14:00:00,10
2025-01-14T15:00:00,9.7
2025-01-14T16:00:00,9
2025-01-14T17:00:00,8.4
2025-01-14T18:00:00,8.7
2025-01-14T19:00:00,8.7
2025-01-14T20:00:00,8.8
2025-01-14T21:00:00,8.8
2025-01-14T22:00:00,9
2025-01-14T23:00:00,9.3
2025-01-15T00:00:00,10.2
2025-01-15T01:00:00,10.4
2025-01-15T02:00:00,10.8
2025-01-15T03:00:00,10.7
2025-01-15T04:00:00,10.7
2025-01-15T05:00:00,10.8
2025-01-15T06:00:00,10.9
2025-01-15T07:00:00,10.8
2025-01-15T08:00:00,10.5
2025-01-15T09:00:00,10.1
2025-01-15T10:00:00,10.3
2025-01-15T11:00:00,10.3
2025-01-15T12:00:00,10.6
2025-01-15T13:00:00,10.7
2025-01-15T14:00:00,10.8
2025-01-15T15:00:00,10.2
2025-01-15T16:00:00,9.1
2025-01-15T17:00:00,7.3
2025-01-15T18:00:00,6.9
2025-01-15T19:00:00,6.8
2025-01-15T20:00:00,6.3
2025-01-15T21:00:00,6.1
2025-01-15T22:00:00,6.2
2025-01-15T23:00:00,5.6
2025-01-16T00:00:00,6.8
2025-01-16T01:00:00,6.5
2025-01-16T02:00:00,6.2
2025-01-16T03:00:00,6.1
2025-01-16T04:00:00,5.8
2025-01-16T05:00:00,5.4
2025-01-16T06:00:00,6.3
2025-01-16T07:00:00,5.8
2025-01-16T08:00:00,5.5
2025-01-16T09:00:00,6.7
2025-01-16T10:00:00,7.6
2025-01-16T11:00:00,9
2025-01-16T12:00:00,9.1
2025-01-16T13:00:00,9
2025-01-16T14:00:00,9
2025-01-16T15:00:00,9
2025-01-16T16:00:00,8.8
2025-01-16T17:00:00,8.5
2025-01-16T18:00:00,8.4
2025-01-16T19:00:00,8.1
2025-01-16T20:00:00,7.9
2025-01-16T21:00:00,7.6
2025-01-16T22:00:00,8.1
2025-01-16T23:00:00,8.5
2025-01-17T00:00:00,8.7
2025-01-17T01:00:00,8.6
2025-01-17T02:00:00,8.7
2025-01-17T03:00:00,8.8
2025-01-17T04:00:00,8.7
2025-01-17T05:00:00,8.9
2025-01-17T06:00:00,8.6
2025-01-17T07:00:00,8.6
2025-01-17T08:00:00,8.8
2025-01-17T09:00:00,8.8
2025-01-17T10:00:00,9
2025-01-17T11:00:00,9.1
2025-01-17T12:00:00,9.3
2025-01-17T13:00:00,9.5
2025-01-17T14:00:00,9.4
2025-01-17T15:00:00,9
2025-01-17T16:00:00,9.3
2025-01-17T17:00:00,8.8
2025-01-17T18:00:00,8.5
2025-01-17T19:00:00,7.4
2025-01-17T20:00:00,7.8
2025-01-17T21:00:00,7.6
2025-01-17T22:00:00,7.6
2025-01-17T23:00:00,8
2025-01-18T00:00:00,8.7
2025-01-18T01:00:00,8.8
2025-01-18T02:00:00,8.8
2025-01-18T03:00:00,8.7
2025-01-18T04:00:00,8.6
2025-01-18T05:00:00,8.6
2025-01-18T06:00:00,7.8
2025-01-18T07:00:00,7.8
2025-01-18T08:00:00,7.7
2025-01-18T09:00:00,7.6
2025-01-18T10:00:00,6.8
2025-01-18T11:00:00,6.8
2025-01-18T12:00:00,7.5
2025-01-18T13:00:00,7.6
2025-01-18T14:00:00,7.6
2025-01-18T15:00:00,7.6
2025-01-18T16:00:00,7.6
2025-01-18T17:00:00,7.5
2025-01-18T18:00:00,7.5
2025-01-18T19:00:00,7.4
2025-01-18T20:00:00,7.4
2025-01-18T21:00:00,6.7
2025-01-18T22:00:00,6.6
2025-01-18T23:00:00,6.5
2025-01-19T00:00:00,6.4
2025-01-19T01:00:00,5.8
2025-01-19T02:00:00,6.4
2025-01-19T03:00:00,5.7
2025-01-19T04:00:00,5.7
2025-01-19T05:00:00,6.3
2025-01-19T06:00:00,5.6
2025-01-19T07:00:00,5.5
2025-01-19T08:00:00,5.5
2025-01-19T09:00:00,5.4
2025-01-19T10:00:00,5.5
2025-01-19T11:00:00,5.7
2025-01-19T12:00:00,5.8
2025-01-19T13:00:00,5.9
2025-01-19T14:00:00,5.9
2025-01-19T15:00:00,5.8
2025-01-19T16:00:00,5.7
2025-01-19T17:00:00,5.7
2025-01-19T18:00:00,5.7
2025-01-19T19:00:00,5.6
2025-01-19T20:00:00,5.5
2025-01-19T21:00:00,5.5
2025-01-19T22:00:00,5.5
2025-01-19T23:00:00,5.4
2025-01-20T00:00:00,5.4
2025-01-20T01:00:00,4.8
2025-01-20T02:00:00,5.5
2025-01-20T03:00:00,5.6
2025-01-20T04:00:00,5
2025-01-20T05:00:00,5.7
2025-01-20T06:00:00,5.1
2025-01-20T07:00:00,5.8
2025-01-20T08:00:00,5.8
2025-01-20T09:00:00,5.9
2025-01-20T10:00:00,6
2025-01-20T11:00:00,6.7
2025-01-20T12:00:00,6.9
2025-01-20T13:00:00,7.8
2025-01-20T14:00:00,7.8
2025-01-20T15:00:00,7.8
2025-01-20T16:00:00,6.9
2025-01-20T17:00:00,7.4
2025-01-20T18:00:00,7.3
2025-01-20T19:00:00,7.2
2025-01-20T20:00:00,5.9
2025-01-20T21:00:00,5.1
2025-01-20T22:00:00,4.4
2025-01-20T23:00:00,4.3
2025-01-21T00:00:00,4.2
2025-01-21T01:00:00,4.9
2025-01-21T02:00:00,4.5
2025-01-21T03:00:00,5
2025-01-21T04:00:00,4.1
2025-01-21T05:00:00,3.4
2025-01-21T06:00:00,3.4
2025-01-21T07:00:00,4.1
2025-01-21T08:00:00,4.7
2025-01-21T09:00:00,4.9
2025-01-21T10:00:00,5
2025-01-21T11:00:00,6.1
2025-01-21T12:00:00,7.3
2025-01-21T13:00:00,7.8
2025-01-21T14:00:00,7.7
2025-01-21T15:00:00,8
2025-01-21T16:00:00,6.8
2025-01-21T17:00:00,5.8
2025-01-21T18:00:00,4.8
2025-01-21T19:00:00,5.3
2025-01-21T20:00:00,5.1
2025-01-21T21:00:00,3.5
2025-01-21T22:00:00,1.9
2025-01-21T23:00:00,1.7
2025-01-22T00:00:00,1.8
2025-01-22T01:00:00,0.9
2025-01-22T02:00:00,1
2025-01-22T03:00:00,0.8
2025-01-22T04:00:00,0.1
2025-01-22T05:00:00,-0.1
2025-01-22T06:00:00,0.4
2025-01-22T07:00:00,0.5
2025-01-22T08:00:00,0.5
2025-01-22T09:00:00,0.5
2025-01-22T10:00:00,1.4
2025-01-22T11:00:00,1.7
2025-01-22T12:00:00,2
2025-01-22T13:00:00,2.2
2025-01-22T14:00:00,2.9
2025-01-22T15:00:00,3.1
2025-01-22T16:00:00,3
2025-01-22T17:00:00,2.8
2025-01-22T18:00:00,2.9
2025-01-22T19:00:00,3
2025-01-22T20:00:00,2.8
2025-01-22T21:00:00,2.8
2025-01-22T22:00:00,2.7
2025-01-22T23:00:00,2.8
2025-01-23T00:00:00,2.7,3.5
2025-01-23T01:00:00,2.7,4.4
2025-01-23T02:00:00,2.7,5
2025-01-23T03:00:00,2.5,7.3
2025-01-23T04:00:00,2.7,5.6
2025-01-23T05:00:00,2.7,9
2025-01-23T06:00:00,3,11.8
2025-01-23T07:00:00,2.8,9.3
2025-01-23T08:00:00,2.8,12.3
2025-01-23T09:00:00,3.6,15.8
2025-01-23T10:00:00,3.8,12.9
2025-01-23T11:00:00,4,15.7
2025-01-23T12:00:00,4.1,12.3
2025-01-23T13:00:00,5.5,9.7
2025-01-23T14:00:00,4.9,11.6
2025-01-23T15:00:00,5.2,6.8
2025-01-23T16:00:00,5.8,12.5
2025-01-23T17:00:00,4.9,11.3
2025-01-23T18:00:00,3.3,10.3
2025-01-23T19:00:00,4.3,12.2
2025-01-23T20:00:00,4.5,20.7
2025-01-23T21:00:00,4.9,11.1
2025-01-23T22:00:00,3.5,12.8
2025-01-23T23:00:00,3.6,14.5
2025-01-24T00:00:00,2.9,11.7
2025-01-24T01:00:00,3.8,19.4
2025-01-24T02:00:00,3.7,22.5
2025-01-24T03:00:00,3.7,31.7
2025-01-24T04:00:00,3.6,27.9
2025-01-24T05:00:00,4.8,35.3
2025-01-24T06:00:00,8.5,38.8
2025-01-24T07:00:00,8.5,54.6
2025-01-24T08:00:00,6.6,56.3
2025-01-24T09:00:00,6.5,64.4
2025-01-24T10:00:00,6.5,70.4
2025-01-24T11:00:00,6.6,68.4
2025-01-24T12:00:00,6.7,64.8
2025-01-24T13:00:00,6,87.4
2025-01-24T14:00:00,6,81.4
2025-01-24T15:00:00,6.9,76.2
2025-01-24T16:00:00,6.1,63.9
2025-01-24T17:00:00,5.9,72.3
2025-01-24T18:00:00,4.1,64.7
2025-01-24T19:00:00,4.9,55.8
2025-01-24T20:00:00,4.9,53.4
2025-01-24T21:00:00,4.9,41.4
2025-01-24T22:00:00,3.1,54.2
2025-01-24T23:00:00,3,37.6
2025-01-25T00:00:00,2.1,40.7
2025-01-25T01:00:00,2.1,22.7
2025-01-25T02:00:00,2.1,27.5
2025-01-25T03:00:00,3,27.1
2025-01-25T04:00:00,3,32.5
2025-01-25T05:00:00,2.1,40.1
2025-01-25T06:00:00,3,30
2025-01-25T07:00:00,3,36.7
2025-01-25T08:00:00,2.9,25
2025-01-25T09:00:00,3.8,26.8
2025-01-25T10:00:00,2.9,33.3
2025-01-25T11:00:00,3,19.6
2025-01-25T12:00:00,1.3,16.3
2025-01-25T13:00:00,2.1,12.2
2025-01-25T14:00:00,4,11.1
2025-01-25T15:00:00,4.9,16.9
2025-01-25T16:00:00,3.9,19.8
2025-01-25T17:00:00,3.8,23.2
2025-01-25T18:00:00,2.9,13.3
2025-01-25T19:00:00,3,13.6
2025-01-25T20:00:00,2.1,11.5
2025-01-25T21:00:00,3,21.8
2025-01-25T22:00:00,3.1,22.8
2025-01-25T23:00:00,3.9,11.7
2025-01-26T00:00:00,3.9,18
2025-01-26T01:00:00,3.9,26.6
2025-01-26T02:00:00,3.9,28.7
2025-01-26T03:00:00,2.9,15.5
2025-01-26T04:00:00,2.9,13.1
2025-01-26T05:00:00,2.9,20.3
2025-01-26T06:00:00,1.9,17.8
2025-01-26T07:00:00,1.9,14.4
2025-01-26T08:00:00,1.9,8
2025-01-26T09:00:00,0.1,6.4
2025-01-26T10:00:00,1,13
2025-01-26T11:00:00,1.1,14.7
2025-01-26T12:00:00,2.1,17.6
2025-01-26T13:00:00,3,18
2025-01-26T14:00:00,3,21.9
2025-01-26T15:00:00,3,32.2
2025-01-26T16:00:00,2.9,32.4
2025-01-26T17:00:00,3,28.9
2025-01-26T18:00:00,3,25.2
2025-01-26T19:00:00,3.1,26.8
2025-01-26T20:00:00,3.1,23.7
2025-01-26T21:00:00,4,22.3
2025-01-26T22:00:00,3.1,22
2025-01-26T23:00:00,3.1,15.2
2025-01-27T00:00:00,4,22
2025-01-27T01:00:00,4.1,18.5
2025-01-27T02:00:00,4,17.6
2025-01-27T03:00:00,4,14.5
2025-01-27T04:00:00,4,13
2025-01-27T05:00:00,4,10.9
2025-01-27T06:00:00,3.9,10.6
2025-01-27T07:00:00,3.9,10.5
2025-01-27T08:00:00,3.9,11.1
2025-01-27T09:00:00,4,12.6
2025-01-27T10:00:00,4,12.8
2025-01-27T11:00:00,5,14.4
2025-01-27T12:00:00,5.9,14.7
2025-01-27T13:00:00,5.9,14.4
2025-01-27T14:00:00,5.8,16.2
2025-01-27T15:00:00,4.9,16.4
2025-01-27T16:00:00,4,17.4
2025-01-27T17:00:00,4,14.3
2025-01-27T18:00:00,4,14.6
2025-01-27T19:00:00,4.1,18.1
2025-01-27T20:00:00,4.1,14.2
2025-01-27T21:00:00,4.1,17.5
2025-01-27T22:00:00,4.9,19.2
2025-01-27T23:00:00,4.9,17.6
2025-01-28T00:00:00,4.9,19.5
2025-01-28T01:00:00,4.9,14.6
2025-01-28T02:00:00,4.9,14.9
2025-01-28T03:00:00,4.9,10.1
2025-01-28T04:00:00,4.9,10.3
2025-01-28T05:00:00,4.9,10.1
2025-01-28T06:00:00,4.9,6.7
2025-01-28T07:00:00,4,6.7
2025-01-28T08:00:00,4,5
2025-01-28T09:00:00,3.9,12.9
2025-01-28T10:00:00,4.8,4.3
2025-01-28T11:00:00,5.9,10.9
2025-01-28T12:00:00,6.9,12.5
2025-01-28T13:00:00,7.7,11.3
2025-01-28T14:00:00,7.8,14.5
2025-01-28T15:00:00,6.9,14.2
2025-01-28T16:00:00,6,12.8
2025-01-28T17:00:00,5,9.2
2025-01-28T18:00:00,4,7.6
2025-01-28T19:00:00,3.6,11.5
2025-01-28T20:00:00,4.3,13
2025-01-28T21:00:00,3,8.3
2025-01-28T22:00:00,3,13.2
2025-01-28T23:00:00,4.3,15
2025-01-29T00:00:00,4.3,10.4
2025-01-29T01:00:00,3.7,13
2025-01-29T02:00:00,4.3,19.4
2025-01-29T03:00:00,4.2,15.7
2025-01-29T04:00:00,4.7,17.8
2025-01-29T05:00:00,4,16
2025-01-29T06:00:00,2.7,14.9
2025-01-29T07:00:00,3.3,13.5
2025-01-29T08:00:00,2.5,12.5
2025-01-29T09:00:00,2.9,8
2025-01-29T10:00:00,4,9.9
2025-01-29T11:00:00,5.8,14.8
2025-01-29T12:00:00,6.7,15.6
2025-01-29T13:00:00,6.9,18.3
2025-01-29T14:00:00,7.6,16.9
2025-01-29T15:00:00,6.8,19.5
2025-01-29T16:00:00,5.8,20.5
2025-01-29T17:00:00,4.8,13.4
2025-01-29T18:00:00,3.9,15.4
2025-01-29T19:00:00,3.6,10.6
2025-01-29T20:00:00,2.7,9.2
2025-01-29T21:00:00,2.5,12
2025-01-29T22:00:00,2.8,13.1
2025-01-29T23:00:00,1.5,8.3
2025-01-30T00:00:00,2,6.5
2025-01-30T01:00:00,1.9,6.4
2025-01-30T02:00:00,1.8,17.3
2025-01-30T03:00:00,2.5,15.2
2025-01-30T04:00:00,1.8,12.6
2025-01-30T05:00:00,2.4,11.1
2025-01-30T06:00:00,1.4,8.8
2025-01-30T07:00:00,2.4,17.5
2025-01-30T08:00:00,1,14
2025-01-30T09:00:00,1.4,6.6
2025-01-30T10:00:00,3.3,8.7
2025-01-30T11:00:00,5,12.8
2025-01-30T12:00:00,5.9,11.5
2025-01-30T13:00:00,6.7,11.6
2025-01-30T14:00:00,6.5,12.6
2025-01-30T15:00:00,6.3,13.4
2025-01-30T16:00:00,3.7,8.9
2025-01-30T17:00:00,3.4,8.4
2025-01-30T18:00:00,2.9,6
2025-01-30T19:00:00,2.7,6.3
2025-01-30T20:00:00,3.3,5
2025-01-30T21:00:00,3.7,10.4
2025-01-30T22:00:00,3.9,11.4
2025-01-30T23:00:00,4,11.8
2025-01-31T00:00:00,4,13.3
2025-01-31T01:00:00,3.1,9.7
2025-01-31T02:00:00,3,9.5
2025-01-31T03:00:00,3.1,10.7
2025-01-31T04:00:00,3.1,7.2
2025-01-31T05:00:00,3,3.5
2025-01-31T06:00:00,3,5
2025-01-31T07:00:00,2.9,3.6
2025-01-31T08:00:00,2.9,5.3
2025-01-31T09:00:00,3,5.3
2025-01-31T10:00:00,3.9,2.3
2025-01-31T11:00:00,4.1,7.3
2025-01-31T12:00:00,5.1,3.8
2025-01-31T13:00:00,6,5.6
2025-01-31T14:00:00,7.1,5.5
2025-01-31T15:00:00,7,3.7
2025-01-31T16:00:00,7.1,3.6
2025-01-31T17:00:00,6,5.4
2025-01-31T18:00:00,5.9,3.6
2025-01-31T19:00:00,4.9,2.2
2025-01-31T20:00:00,2.2,3.7
2025-01-31T21:00:00,3.1,2.2
2025-01-31T22:00:00,3.8,3.9
2025-01-31T23:00:00,1.1,3.8
2025-02-14T00:00:00,2.7,9.2
2025-02-14T01:00:00,2.5,11.1
2025-02-14T02:00:00,2.1,10.4
2025-02-14T03:00:00,1.9,9.6
2025-02-14T04:00:00,1.6,9.6
2025-02-14T05:00:00,1.3,11.6
2025-02-14T06:00:00,1.3,10.1
2025-02-14T07:00:00,1.3,8.6
2025-02-14T08:00:00,1,10
2025-02-14T09:00:00,1.4,10.5
2025-02-14T10:00:00,1.7,11.1
2025-02-14T11:00:00,2.7,11.6
2025-02-14T12:00:00,3.1,9.1
2025-02-14T13:00:00,3.7,9.6
2025-02-14T14:00:00,3.7,8.5
2025-02-14T15:00:00,3.6,8.4
2025-02-14T16:00:00,3.2,8.8
2025-02-14T17:00:00,2.8,5.1
2025-02-14T18:00:00,2.2,6.5
2025-02-14T19:00:00,2,6
2025-02-14T20:00:00,1.9,7.3
2025-02-14T21:00:00,1.9,4.4
2025-02-14T22:00:00,1.6,4.7
2025-02-14T23:00:00,1.1,4.4
2025-02-15T00:00:00,1.1,4.7
2025-02-15T01:00:00,1.1,3.7
2025-02-15T02:00:00,1,3.4
2025-02-15T03:00:00,1,0.5
2025-02-15T04:00:00,1,2.4
2025-02-15T05:00:00,1,1
2025-02-15T06:00:00,1,2.5
2025-02-15T07:00:00,0.9,3.3
2025-02-15T08:00:00,0.8,3.3
2025-02-15T09:00:00,1.2,3.7
2025-02-15T10:00:00,1.5,3
2025-02-15T11:00:00,1.8,3.7
2025-02-15T12:00:00,3.6,3.7
2025-02-15T13:00:00,3.2,8.4
2025-02-15T14:00:00,3.4,7.1
2025-02-15T15:00:00,3.4,6.8
2025-02-15T16:00:00,3.3,7.6
2025-02-15T17:00:00,3.3,5.9
2025-02-15T18:00:00,3.2,6.1
2025-02-15T19:00:00,3.1,10
2025-02-15T20:00:00,3.1,8.6
2025-02-15T21:00:00,3.3,7.6
2025-02-15T22:00:00,3.4,7.7
2025-02-15T23:00:00,3.5,7.6
2025-02-16T00:00:00,3.5,9.1
2025-02-16T01:00:00,3.3,7.8
2025-02-16T02:00:00,3.2,6.5
2025-02-16T03:00:00,3.2,7.1
2025-02-16T04:00:00,3.1,7.5
2025-02-16T05:00:00,3.3,9.7
2025-02-16T06:00:00,3,8.4
2025-02-16T07:00:00,2.9,9.4
2025-02-16T08:00:00,2.7,7.8
2025-02-16T09:00:00,3.3,8.7
2025-02-16T10:00:00,3.7,10.2
2025-02-16T11:00:00,4.6,10.5
2025-02-16T12:00:00,5.2,11.6
2025-02-16T13:00:00,5.5,10.7
2025-02-16T14:00:00,5.6,10.8
2025-02-16T15:00:00,5.2,11.2
2025-02-16T16:00:00,4.9,12.4
2025-02-16T17:00:00,4.6,9.9
2025-02-16T18:00:00,4.4,8.6
2025-02-16T19:00:00,4.2,6.7
2025-02-16T20:00:00,4.1,7.8
2025-02-16T21:00:00,3.9,8.3
2025-02-16T22:00:00,3.6,8.2
2025-02-16T23:00:00,3.4,8.9
2025-02-17T00:00:00,3.1,7.6
2025-02-17T01:00:00,3,6.5
2025-02-17T02:00:00,2.6,5.4
2025-02-17T03:00:00,2.4,7.7
2025-02-17T04:00:00,2.1,7.2
2025-02-17T05:00:00,2,6.7
2025-02-17T06:00:00,1.5,6.7
2025-02-17T07:00:00,1.4,6.6
2025-02-17T08:00:00,1.2,4.7
2025-02-17T09:00:00,1.6,4.2
2025-02-17T10:00:00,2.1,8
2025-02-17T11:00:00,2.3,8.3
2025-02-17T12:00:00,2.5,9.4
2025-02-17T13:00:00,2.7,9.4
2025-02-17T14:00:00,2.9,10
2025-02-17T15:00:00,2.7,10.4
2025-02-17T16:00:00,2.8,9.2
2025-02-17T17:00:00,2.6,9.6
2025-02-17T18:00:00,2.6,10
2025-02-17T19:00:00,2.6,10.2
2025-02-17T20:00:00,2.5,10.4
2025-02-17T21:00:00,2.6,10.3
2025-02-17T22:00:00,2.5,9.3
2025-02-17T23:00:00,2.5,8.4
2025-02-18T00:00:00,2.4,9.5
2025-02-18T01:00:00,2,9
2025-02-18T02:00:00,1.7,8.3
2025-02-18T03:00:00,1.3,8.2
2025-02-18T04:00:00,1.3,7.9
2025-02-18T05:00:00,1.2,8.6
2025-02-18T06:00:00,1.3,8
2025-02-18T07:00:00,1.2,8.3
2025-02-18T08:00:00,1.3,7.8
2025-02-18T09:00:00,1.6,7.8
2025-02-18T10:00:00,2,8.6
2025-02-18T11:00:00,2.3,8.7
2025-02-18T12:00:00,2.6,8.2
2025-02-18T13:00:00,3.1,8.2
2025-02-18T14:00:00,3.3,9.4
2025-02-18T15:00:00,3.6,7.9
2025-02-18T16:00:00,3.9,7.7
2025-02-18T17:00:00,3.3,10.2
2025-02-18T18:00:00,3,10
2025-02-18T19:00:00,2.9,10.5
2025-02-18T20:00:00,2.9,11.1
2025-02-18T21:00:00,2.4,9.8
2025-02-18T22:00:00,2.1,10.4
2025-02-18T23:00:00,2,9.5
2025-02-19T00:00:00,1.8,8.6
2025-02-19T01:00:00,1.9,9
2025-02-19T02:00:00,1.9,8.3
2025-02-19T03:00:00,2,7.4
2025-02-19T04:00:00,2.2,7.4
2025-02-19T05:00:00,2.3,8.1
2025-02-19T06:00:00,2.4,6.7
2025-02-19T07:00:00,2.9,8.8
2025-02-19T08:00:00,2.9,9
2025-02-19T09:00:00,3.3,7.1
2025-02-19T10:00:00,3.7,7.3
2025-02-19T11:00:00,3.9,9.7
2025-02-19T12:00:00,4.1,8.6
2025-02-19T13:00:00,3.5,9.1
2025-02-19T14:00:00,4.3,11.4
2025-02-19T15:00:00,4.5,7.4
2025-02-19T16:00:00,4.9,7.7
2025-02-19T17:00:00,5.5,7.3
2025-02-19T18:00:00,5.6,9.2
2025-02-19T19:00:00,6.1,9.6
2025-02-19T20:00:00,6.1,12.8
2025-02-19T21:00:00,6.1,13.8
2025-02-19T22:00:00,6.2,14.5
2025-02-19T23:00:00,6.2,14.2
2025-02-20T00:00:00,6.6,14.2
2025-02-20T01:00:00,6.9,13.6
2025-02-20T02:00:00,7.5,11.2
2025-02-20T03:00:00,8,10.7
2025-02-20T04:00:00,8.6,10
2025-02-20T05:00:00,9.3,11.1
2025-02-20T06:00:00,9.8,13.2
2025-02-20T07:00:00,10.6,18.3
2025-02-20T08:00:00,11.3,18.9
2025-02-20T09:00:00,11,17.3
2025-02-20T10:00:00,11.4,19.6
2025-02-20T11:00:00,12.1,20.7
2025-02-20T12:00:00,11.8,19.9
2025-02-20T13:00:00,11.9,19.6
2025-02-20T14:00:00,9.4,18.8
2025-02-20T15:00:00,10.4,23.9
2025-02-20T16:00:00,9.9,18.6
2025-02-20T17:00:00,9.5,16.6
2025-02-20T18:00:00,8.9,14.7
2025-02-20T19:00:00,9.8,13.4
2025-02-20T20:00:00,9.9,12.3
2025-02-20T21:00:00,10,12.1
2025-02-20T22:00:00,9.9,14.5
2025-02-20T23:00:00,9.9,9.7
2025-02-21T00:00:00,9.8,14
2025-02-21T01:00:00,9.8,14.9
2025-02-21T02:00:00,10.1,15.8
2025-02-21T03:00:00,9.9,15.1
2025-02-21T04:00:00,10.2,16.3
2025-02-21T05:00:00,10.4,19.1
2025-02-21T06:00:00,9.8,20.7
2025-02-21T07:00:00,10.2,19.9
2025-02-21T08:00:00,11.1,23.9
2025-02-21T09:00:00,12.2,25.2
2025-02-21T10:00:00,12.2,24.6
2025-02-21T11:00:00,12.3,28
2025-02-21T12:00:00,12,25.2
2025-02-21T13:00:00,12.2,24.2
2025-02-21T14:00:00,11.7,24.3
2025-02-21T15:00:00,11.3,22.9
2025-02-21T16:00:00,9.4,17.6
2025-02-21T17:00:00,9,9.7
2025-02-21T18:00:00,8.9,12.6
2025-02-21T19:00:00,8.7,10.4
2025-02-21T20:00:00,8.6,10.2
2025-02-21T21:00:00,8.5,11.9
2025-02-21T22:00:00,8.4,14.7
2025-02-21T23:00:00,8.9,16.7

2025-02-22T00:00:00,8.9,17.2
2025-02-22T01:00:00,8.8,20.4
2025-02-22T02:00:00,8.6,16.6
2025-02-22T03:00:00,8.5,19.4
2025-02-22T04:00:00,8.5,19.1
2025-02-22T05:00:00,8.6,18.1
2025-02-22T06:00:00,8.7,15.8
2025-02-22T07:00:00,7.9,12.4
2025-02-22T08:00:00,7.8,15.2
2025-02-22T09:00:00,8.5,14.3
2025-02-22T10:00:00,8.8,17.4
2025-02-22T11:00:00,9.6,16.9
2025-02-22T12:00:00,9.9,19
2025-02-22T13:00:00,10.1,19.9
2025-02-22T14:00:00,10.5,18.5
2025-02-22T15:00:00,9.9,17
2025-02-22T16:00:00,9.7,16.1
2025-02-22T17:00:00,8.6,11.9
2025-02-22T18:00:00,8.4,9.8
2025-02-22T19:00:00,6.8,5.6
2025-02-22T20:00:00,5.9,3
2025-02-22T21:00:00,7.2,8.7
2025-02-22T22:00:00,6.9,10.6
2025-02-22T23:00:00,6.3,7.9
2025-02-23T00:00:00,6,3.7
2025-02-23T01:00:00,7.1,9.7
2025-02-23T02:00:00,7.3,11
2025-02-23T03:00:00,6.9,11.5
2025-02-23T04:00:00,7.8,13.4
2025-02-23T05:00:00,8.8,15.7
2025-02-23T06:00:00,9.6,17.5
2025-02-23T07:00:00,8.8,21.1
2025-02-23T08:00:00,8.6,19.1
2025-02-23T09:00:00,8.7,21.3
2025-02-23T10:00:00,8.8,24
2025-02-23T11:00:00,9.5,25.8
2025-02-23T12:00:00,9.6,29.8
2025-02-23T13:00:00,9.8,24.7
2025-02-23T14:00:00,10.6,24.3
2025-02-23T15:00:00,11.4,21
2025-02-23T16:00:00,11.7,21.5
2025-02-23T17:00:00,11.6,21.9
2025-02-23T18:00:00,11.5,24
2025-02-23T19:00:00,10.9,24.1
2025-02-23T20:00:00,10.6,24.4
2025-02-23T21:00:00,9.8,22.7
2025-02-23T22:00:00,9.7,22
2025-02-23T23:00:00,9.7,19.8
2025-02-24T00:00:00,9.8,24.7
2025-02-24T01:00:00,9.6,24.1
2025-02-24T02:00:00,8.9,22.4
2025-02-24T03:00:00,8.9,22.6
2025-02-24T04:00:00,8.8,20.3
2025-02-24T05:00:00,8.6,18.4
2025-02-24T06:00:00,7.9,15.3
2025-02-24T07:00:00,7.8,17.3
2025-02-24T08:00:00,7.8,19.6
2025-02-24T09:00:00,7.9,20.4
2025-02-24T10:00:00,8.8,17.1
2025-02-24T11:00:00,8.9,18.1
2025-02-24T12:00:00,9.1,20.6
2025-02-24T13:00:00,9.7,20.6
2025-02-24T14:00:00,9.7,18.4
2025-02-24T15:00:00,9.8,16.7
2025-02-24T16:00:00,9.9,16.5
2025-02-24T17:00:00,8.9,12.1
2025-02-24T18:00:00,7.6,11.5
2025-02-24T19:00:00,6.8,10
2025-02-24T20:00:00,6.6,11
2025-02-24T21:00:00,6,9.3
2025-02-24T22:00:00,6,11.2
2025-02-24T23:00:00,5,10.1
2025-02-25T00:00:00,4.9,11.5
2025-02-25T01:00:00,5,14.6
2025-02-25T02:00:00,5.6,14.2
2025-02-25T03:00:00,5.6,14.6
2025-02-25T04:00:00,5.6,16
2025-02-25T05:00:00,5.6,17
2025-02-25T06:00:00,5.7,14.1
2025-02-25T07:00:00,5.7,14.1
2025-02-25T08:00:00,5.7,13.9
2025-02-25T09:00:00,6,14.9
2025-02-25T10:00:00,6.6,13.3
2025-02-25T11:00:00,7,13.5
2025-02-25T12:00:00,7.9,12
2025-02-25T13:00:00,8.6,16.9
2025-02-25T14:00:00,6.9,13.9
2025-02-25T15:00:00,8,17.5
2025-02-25T16:00:00,7.9,11.8
2025-02-25T17:00:00,6.9,12.5
2025-02-25T18:00:00,5.6,10.9
2025-02-25T19:00:00,4.9,8.5
2025-02-25T20:00:00,3.8,11
2025-02-25T21:00:00,3.5,7.8
2025-02-25T22:00:00,4.8,7
2025-02-25T23:00:00,4.8,7.7
2025-02-26T00:00:00,3.9,3.9
2025-02-26T01:00:00,2.9,5.6
2025-02-26T02:00:00,2.2,4.7
2025-02-26T03:00:00,3.3,5
2025-02-26T04:00:00,2.4,5.4
2025-02-26T05:00:00,2.1,5.2
2025-02-26T06:00:00,1.3,6.5
2025-02-26T07:00:00,2,6.8
2025-02-26T08:00:00,2.1,6.8
2025-02-26T09:00:00,2.9,9.4
2025-02-26T10:00:00,3.1,9.3
2025-02-26T11:00:00,4,8.2
2025-02-26T12:00:00,5.1,10.1
2025-02-26T13:00:00,5.8,9.6
2025-02-26T14:00:00,6,8.5
2025-02-26T15:00:00,5.9,6.8
2025-02-26T16:00:00,6.5,8
2025-02-26T17:00:00,5.8,8
2025-02-26T18:00:00,4.2,5.6
2025-02-26T19:00:00,3.9,4.5
2025-02-26T20:00:00,3,3.5
2025-02-26T21:00:00,2.3,4.1
2025-02-26T22:00:00,1.7,6.1
2025-02-26T23:00:00,1.3,5.6
2025-02-27T00:00:00,0.1,4.5
2025-02-27T01:00:00,0.8,5.2
2025-02-27T02:00:00,0.9,5.8
2025-02-27T03:00:00,1.2,4.5
2025-02-27T04:00:00,-0.6,2
2025-02-27T05:00:00,-1.1,1.2
2025-02-27T06:00:00,-2,2.9
2025-02-27T07:00:00,-1.4,4.7
2025-02-27T08:00:00,-0.8,3.2
2025-02-27T09:00:00,1.8,2.6
2025-02-27T10:00:00,3.4,1.9
2025-02-27T11:00:00,6.2,3
2025-02-27T12:00:00,7.9,5
2025-02-27T13:00:00,8.1,5.4
2025-02-27T14:00:00,7.7,11.2
2025-02-27T15:00:00,8.1,8
2025-02-27T16:00:00,7.3,9.1
2025-02-27T17:00:00,7.2,6.2
2025-02-27T18:00:00,5.8,5.7
2025-02-27T19:00:00,4.8,4.6
2025-02-27T20:00:00,3.6,6
2025-02-27T21:00:00,2.7,4.5
2025-02-27T22:00:00,2.2,3.5
2025-02-27T23:00:00,1.2,2.9
2025-02-28T00:00:00,0.3,4.3
2025-02-28T01:00:00,0.5,2.3
2025-02-28T02:00:00,-0.2,2.8
2025-02-28T03:00:00,0.6,2.7
2025-02-28T04:00:00,0.9,3.7
2025-02-28T05:00:00,-0.3,2.8
2025-02-28T06:00:00,1.1,1.9
2025-02-28T07:00:00,1.6,3.9
2025-02-28T08:00:00,1.7,3
2025-02-28T09:00:00,2.9,3.4
2025-02-28T10:00:00,5,3.2
2025-02-28T11:00:00,6.6,4.2
2025-02-28T12:00:00,8.1,13.5
2025-02-28T13:00:00,8.9,13.6
2025-02-28T14:00:00,9,15.6
2025-02-28T15:00:00,8.9,15.3
2025-02-28T16:00:00,8.9,13.5
2025-02-28T17:00:00,7.2,9.2
2025-02-28T18:00:00,6.2,8.2
2025-02-28T19:00:00,5.3,4.5
2025-02-28T20:00:00,4,4.6
2025-02-28T21:00:00,4.5,3.7
2025-02-28T22:00:00,3.1,2.7
2025-02-28T23:00:00,4.5,3
2025-03-01T00:00:00,4.7,7.5
2025-03-01T01:00:00,6.3,9
2025-03-01T02:00:00,5.5,6.7
2025-03-01T03:00:00,5.5,5.9
2025-03-01T04:00:00,4.9,5.3
2025-03-01T05:00:00,5.8,14.5
2025-03-01T06:00:00,6.5,14.3
2025-03-01T07:00:00,5.8,13
2025-03-01T08:00:00,5.8,11.1
2025-03-01T09:00:00,5.9,11.3
2025-03-01T10:00:00,6.7,9.7
2025-03-01T11:00:00,6.8,10.4
2025-03-01T12:00:00,7.6,8.7
2025-03-01T13:00:00,7.8,11.1
2025-03-01T14:00:00,8,7.2
2025-03-01T15:00:00,8.6,4.8
2025-03-01T16:00:00,9.6,8.2
2025-03-01T17:00:00,8.6,9.7
2025-03-01T18:00:00,7.1,7.3
2025-03-01T19:00:00,4.8,8.6
2025-03-01T20:00:00,3.2,8
2025-03-01T21:00:00,2.8,5.9
2025-03-01T22:00:00,2,5.2
2025-03-01T23:00:00,2.5,3.7
2025-03-02T00:00:00,1.2,4.4
2025-03-02T01:00:00,1.3,3.8
2025-03-02T02:00:00,1.4,4.3
2025-03-02T03:00:00,2.1,4
2025-03-02T04:00:00,1.2,3.8
2025-03-02T05:00:00,3.1,5.9
2025-03-02T06:00:00,4.7,6.5
2025-03-02T07:00:00,4.8,6.2
2025-03-02T08:00:00,4.9,4.2
2025-03-02T09:00:00,6.4,9.2
2025-03-02T10:00:00,7,9.6
2025-03-02T11:00:00,8,14.4
2025-03-02T12:00:00,8.8,13.6
2025-03-02T13:00:00,8.9,15.4
2025-03-02T14:00:00,9.6,15.9
2025-03-02T15:00:00,8.8,15.2
2025-03-02T16:00:00,8.7,13.8
2025-03-02T17:00:00,8.1,10.6
2025-03-02T18:00:00,7.8,10
2025-03-02T19:00:00,7.6,9
2025-03-02T20:00:00,7.7,6.8
2025-03-02T21:00:00,7.6,12.3
2025-03-02T22:00:00,7.8,14.1
2025-03-02T23:00:00,7.9,18.9
2025-03-03T00:00:00,7.8,16.3
2025-03-03T01:00:00,7.8,19.5
2025-03-03T02:00:00,7.8,18
2025-03-03T03:00:00,7.8,16.3
2025-03-03T04:00:00,7.8,17.5
2025-03-03T05:00:00,7.9,15.6
2025-03-03T06:00:00,7.8,11.9
2025-03-03T07:00:00,7.8,10.3
2025-03-03T08:00:00,7.8,9.7
2025-03-03T09:00:00,8.1,7.3
2025-03-03T10:00:00,9,10.3
2025-03-03T11:00:00,10.1,11.6
2025-03-03T12:00:00,10.1,14.5
2025-03-03T13:00:00,11,14.5
2025-03-03T14:00:00,10.9,14.7
2025-03-03T15:00:00,10.6,13.4
2025-03-03T16:00:00,9.8,14
2025-03-03T17:00:00,9.7,10.4
2025-03-03T18:00:00,8.7,10.6
2025-03-03T19:00:00,8.7,7.2
2025-03-03T20:00:00,8.8,10.5
2025-03-03T21:00:00,9,10.4
2025-03-03T22:00:00,8.9,8.5
2025-03-03T23:00:00,8.9,13.5
2025-03-04T00:00:00,8.8,14.2
2025-03-04T01:00:00,8.8,14.1
2025-03-04T02:00:00,8.9,14.4
2025-03-04T03:00:00,8.9,13.5
2025-03-04T04:00:00,8.9,13.5
2025-03-04T05:00:00,8.8,15.5
2025-03-04T06:00:00,8.2,17
2025-03-04T07:00:00,7.9,15.5
2025-03-04T08:00:00,7.1,14
2025-03-04T09:00:00,7.7,15
2025-03-04T10:00:00,7.8,19.4
2025-03-04T11:00:00,7.9,19.1
2025-03-04T12:00:00,8.6,23.4
2025-03-04T13:00:00,8.7,25.5
2025-03-04T14:00:00,8.7,24.5
2025-03-04T15:00:00,8.9,23.2
2025-03-04T16:00:00,8.8,23.7
2025-03-04T17:00:00,8.7,21.8
2025-03-04T18:00:00,8.7,21.1
2025-03-04T19:00:00,8.7,20.5
2025-03-04T20:00:00,8.6,23.5
2025-03-04T21:00:00,7.8,21.1
2025-03-04T22:00:00,7.9,16.5
2025-03-04T23:00:00,7.8,18.5
2025-03-05T00:00:00,7.8,22.5
2025-03-05T01:00:00,7.9,16.9
2025-03-05T02:00:00,8,18.1
2025-03-05T03:00:00,8,18.9
2025-03-05T04:00:00,8,19.7
2025-03-05T05:00:00,8,21.1
2025-03-05T06:00:00,8.6,20.2
2025-03-05T07:00:00,8.6,21.9
2025-03-05T08:00:00,8.6,21.2
2025-03-05T09:00:00,8.7,21
2025-03-05T10:00:00,8.7,20.9
2025-03-05T11:00:00,9.4,22.9
2025-03-05T12:00:00,9.4,25.3
2025-03-05T13:00:00,9.5,23.3
2025-03-05T14:00:00,9.5,23.4
2025-03-05T15:00:00,9.5,23.1
2025-03-05T16:00:00,9.5,20.7
2025-03-05T17:00:00,9.5,21.8
2025-03-05T18:00:00,9.6,21.2
2025-03-05T19:00:00,9.5,22.3
2025-03-05T20:00:00,9.6,22.4
2025-03-05T21:00:00,9.6,21.6
2025-03-05T22:00:00,9.4,19.7
2025-03-05T23:00:00,8.7,21.3
2025-03-06T00:00:00,8.6,19.6
2025-03-06T01:00:00,7.8,15.2
2025-03-06T02:00:00,8.4,12.4
2025-03-06T03:00:00,7.7,13.9
2025-03-06T04:00:00,7.5,16.3
2025-03-06T05:00:00,6.8,11.5
2025-03-06T06:00:00,6.7,9.7
2025-03-06T07:00:00,7.3,9.6
2025-03-06T08:00:00,7.7,7.5
2025-03-06T09:00:00,9.2,9.1
2025-03-06T10:00:00,10.4,8.9
2025-03-06T11:00:00,12.3,12.7
2025-03-06T12:00:00,13.4,19.9
2025-03-06T13:00:00,13.6,19
2025-03-06T14:00:00,13.6,16.3
2025-03-06T15:00:00,11.8,16.8
2025-03-06T16:00:00,11.8,17.4
2025-03-06T17:00:00,10.9,14
2025-03-06T18:00:00,10.7,14.9
2025-03-06T19:00:00,10.7,13.7
2025-03-06T20:00:00,10.5,14.5
2025-03-06T21:00:00,9.7,12.7
2025-03-06T22:00:00,9.9,17.6
2025-03-06T23:00:00,9.9,14.1
2025-03-07T00:00:00,9.9,16
2025-03-07T01:00:00,9.8,11.5
2025-03-07T02:00:00,9,12.6
2025-03-07T03:00:00,9,12.5
2025-03-07T04:00:00,8.9,12.5
2025-03-07T05:00:00,8.9,7
2025-03-07T06:00:00,8,2.8
2025-03-07T07:00:00,7.9,3.5
2025-03-07T08:00:00,6.5,2.3
2025-03-07T09:00:00,8,3.3
2025-03-07T10:00:00,8.2,2.2
2025-03-07T11:00:00,8.2,1.4
2025-03-07T12:00:00,9.9,2.7
2025-03-07T13:00:00,10.7,5.8
2025-03-07T14:00:00,10.8,6.9
2025-03-07T15:00:00,11.6,7.1
2025-03-07T16:00:00,11.6,8
2025-03-07T17:00:00,11.6,6.6
2025-03-07T18:00:00,10.7,9.7
2025-03-07T19:00:00,10.7,9
2025-03-07T20:00:00,9.9,8.2
2025-03-07T21:00:00,10.1,9
2025-03-07T22:00:00,10.1,8
2025-03-07T23:00:00,10,9
2025-03-08T00:00:00,10.1,7.9
2025-03-08T01:00:00,10.1,9
2025-03-08T02:00:00,10.1,8.1
2025-03-08T03:00:00,9.2,6.1
2025-03-08T04:00:00,9.2,6.8
2025-03-08T05:00:00,10.1,5.6
2025-03-08T06:00:00,10,3.3
2025-03-08T07:00:00,9.9,4.9
2025-03-08T08:00:00,10.1,4.8
2025-03-08T09:00:00,10.8,6
2025-03-08T10:00:00,11.7,8.1
2025-03-08T11:00:00,13.3,7.9
2025-03-08T12:00:00,13.5,9.9
2025-03-08T13:00:00,14.4,10.2
2025-03-08T14:00:00,14.6,9.9
2025-03-08T15:00:00,15,10
2025-03-08T16:00:00,14.9,9.1
2025-03-08T17:00:00,13.7,9.8
2025-03-08T18:00:00,12.9,7.8
2025-03-08T19:00:00,11.6,4.9
2025-03-08T20:00:00,10.9,3.7
2025-03-08T21:00:00,10.1,5.9
2025-03-08T22:00:00,8.4,4.4
2025-03-08T23:00:00,8.1,4.6
2025-03-09T00:00:00,7.3,2.2
2025-03-09T01:00:00,5.8,5.7
2025-03-09T02:00:00,5.7,4.9
2025-03-09T03:00:00,3.2,2.3
2025-03-09T04:00:00,3,2.2
2025-03-09T05:00:00,2.8,2.1
2025-03-09T06:00:00,1.9,1.2
2025-03-09T07:00:00,2.1,2.4
2025-03-09T08:00:00,3,1.4
2025-03-09T09:00:00,4.7,2.6
2025-03-09T10:00:00,6.6,3.6
2025-03-09T11:00:00,7.4,5.9
2025-03-09T12:00:00,9.5,6.8
2025-03-09T13:00:00,11,1.6
2025-03-09T14:00:00,11.8,6.1
2025-03-09T15:00:00,13.6,3.8
2025-03-09T16:00:00,13.6,5.8
2025-03-09T17:00:00,12.7,5.7
2025-03-09T18:00:00,10.2,4.5
2025-03-09T19:00:00,9.1,4.3
2025-03-09T20:00:00,7.3,4.3
2025-03-09T21:00:00,7.2,2.3
2025-03-09T22:00:00,5.5,0.1
2025-03-09T23:00:00,4.6,1.1
2025-03-10T00:00:00,4.7,4.3
2025-03-10T01:00:00,4.6,3.2
2025-03-10T02:00:00,4.4,1.1
2025-03-10T03:00:00,3.5,3.1
2025-03-10T04:00:00,3.5,1.1
2025-03-10T05:00:00,3.9,1.8
2025-03-10T06:00:00,3.8,3.7
2025-03-10T07:00:00,6.3,9.5
2025-03-10T08:00:00,7.2,10.5
2025-03-10T09:00:00,8.1,11
2025-03-10T10:00:00,8.9,19.4
2025-03-10T11:00:00,8.8,20.8
2025-03-10T12:00:00,8.9,20.6
2025-03-10T13:00:00,8.7,20.9
2025-03-10T14:00:00,8,22.9
2025-03-10T15:00:00,8.8,22
2025-03-10T16:00:00,8,17.3
2025-03-10T17:00:00,7.9,17
2025-03-10T18:00:00,7,15.7
2025-03-10T19:00:00,5.9,11.8
2025-03-10T20:00:00,5.1,11.5
2025-03-10T21:00:00,4.1,12.5
2025-03-10T22:00:00,4.8,8
2025-03-10T23:00:00,3.9,6.4
2025-03-11T00:00:00,3,1.8
2025-03-11T01:00:00,1.4,1.5
2025-03-11T02:00:00,2.1,5.5
2025-03-11T03:00:00,1.7,3.2
2025-03-11T04:00:00,0,6.4
2025-03-11T05:00:00,0.6,5.5
2025-03-11T06:00:00,-0.7,4.6
2025-03-11T07:00:00,0,5.7
2025-03-11T08:00:00,-0.5,6.6
2025-03-11T09:00:00,3.2,4.6
2025-03-11T10:00:00,4.9,7.8
2025-03-11T11:00:00,6,7.1
2025-03-11T12:00:00,6.9,8.2
2025-03-11T13:00:00,7.2,11.4
2025-03-11T14:00:00,7.7,15.8
2025-03-11T15:00:00,7.9,11.7
2025-03-11T16:00:00,7.8,19.1
2025-03-11T17:00:00,7.9,15
2025-03-11T18:00:00,7,9.3
2025-03-11T19:00:00,5.4,6
2025-03-11T20:00:00,4.5,5.9
2025-03-11T21:00:00,3.5,4.6
2025-03-11T22:00:00,3.2,3.1
2025-03-11T23:00:00,2.5,3.4
2025-03-12T00:00:00,1.9,80.64,4.7
2025-03-12T01:00:00,1.9,80.63,8.9
2025-03-12T02:00:00,2.9,65.77,2.6
2025-03-12T03:00:00,2,74.26,6.7
2025-03-12T04:00:00,2.8,65.16,4.6
2025-03-12T05:00:00,2.7,65.73,6.5
2025-03-12T06:00:00,2.7,66.03,6.8
2025-03-12T07:00:00,2.8,70.48,9.8
2025-03-12T08:00:00,3.9,65.99,8.4
2025-03-12T09:00:00,5.9,65.68,9.2
2025-03-12T10:00:00,6.8,57.73,15.5
2025-03-12T11:00:00,7.1,57.1,12.6
2025-03-12T12:00:00,8,56.92,10.6
2025-03-12T13:00:00,8.8,50.44,13.5
2025-03-12T14:00:00,8.9,50.09,13.4
2025-03-12T15:00:00,8.9,43.75,15.5
2025-03-12T16:00:00,7.1,49.43,16.6
2025-03-12T17:00:00,7,49.26,11.1
2025-03-12T18:00:00,6,52.38,7
2025-03-12T19:00:00,4.9,60.44,9.7
2025-03-12T20:00:00,3,69.17,6.6
2025-03-12T21:00:00,2.1,74.16,6.8
2025-03-12T22:00:00,0.1,79.87,2.2
2025-03-12T23:00:00,0.2,79.3,6.7
2025-03-13T00:00:00,-0.8,85.28,5.7
2025-03-13T01:00:00,-1.7,79.61,5.8
2025-03-13T02:00:00,-0.8,85.03,3.5
2025-03-13T03:00:00,-2.8,85.6,2.2
2025-03-13T04:00:00,-2.9,85.59,3.4
2025-03-13T05:00:00,-2,85.68,3.3
2025-03-13T06:00:00,-3.9,91.78,3.5
2025-03-13T07:00:00,-3.1,86.48,3.3
2025-03-13T08:00:00,-0.1,85.98,3.4
2025-03-13T09:00:00,2.9,80.41,5.5
2025-03-13T10:00:00,4.9,65.15,4.6
2025-03-13T11:00:00,6.8,53.49,4.9
2025-03-13T12:00:00,7.8,46.87,3.7
2025-03-13T13:00:00,6.9,49.47,5
2025-03-13T14:00:00,7,49.34,6.1
2025-03-13T15:00:00,7.9,46.2,2.9
2025-03-13T16:00:00,7.8,49.59,5.9
2025-03-13T17:00:00,6.9,52.87,7
2025-03-13T18:00:00,6,56.25,7.9
2025-03-13T19:00:00,5,56.66,4.7
2025-03-13T20:00:00,2.2,64.23,2.3
2025-03-13T21:00:00,1.2,74,1.4
2025-03-13T22:00:00,1.1,80.03,3.4
2025-03-13T23:00:00,2,74.82,2.3
2025-03-14T00:00:00,1.1,86.26,2.4
2025-03-14T01:00:00,1.1,80.03,3.4
2025-03-14T02:00:00,2,80.52,2.2
2025-03-14T03:00:00,2.9,85.93,2.4
2025-03-14T04:00:00,3,86.3,1.5
2025-03-14T05:00:00,2.9,86.55,2.3
2025-03-14T06:00:00,2.9,92.32,1.3
2025-03-14T07:00:00,2,98.14,1.2
2025-03-14T08:00:00,3.7,81.22,8.4
2025-03-14T09:00:00,5.8,71.38,7.8
2025-03-14T10:00:00,6.9,62.18,13.6
2025-03-14T11:00:00,7.9,57.4,10.5
2025-03-14T12:00:00,8.9,50.32,11.3
2025-03-14T13:00:00,8,49.47,8.4
2025-03-14T14:00:00,8.8,46.82,8.4
2025-03-14T15:00:00,9,46.5,5.2
2025-03-14T16:00:00,9,46.5,3.6
2025-03-14T17:00:00,8.8,43.81,2.6
2025-03-14T18:00:00,8.7,43.83,2.4
2025-03-14T19:00:00,6.9,56.74,3.3
2025-03-14T20:00:00,4.8,70.39,3.3
2025-03-14T21:00:00,4.8,70.39,3.2
2025-03-14T22:00:00,2.8,75.52,5.7
2025-03-14T23:00:00,1.9,80.5,3.5
