timestamp,field1,field2,field3,total_kW
2023-02-16 14:23:00,646.2664233576643,440.8759124087591,385.43065693430657,1.47257299270073
2023-02-16 14:53:00,127.22304832713755,179.54646840148698,729.0557620817843,1.035825278810409
2023-02-16 15:23:00,126.73188405797102,261.1050724637681,726.9311594202899,1.114768115942029
2023-02-16 15:53:00,137.57950530035336,461.1448763250883,726.5547703180212,1.3252791519434628
2023-02-16 16:23:00,143.54243542435424,448.97047970479707,727.3284132841328,1.3198413284132842
2023-02-16 16:53:00,130.02846975088968,367.2491103202847,117.87544483985765,0.6151530249110321
2023-02-16 17:23:00,134.5627240143369,166.67025089605735,58.13620071684588,0.35936917562724013
2023-02-16 17:53:00,300.6617647058824,328.0625,53.82720588235294,0.6825514705882354
2023-02-16 18:23:00,785.9094202898551,559.5217391304348,58.09782608695652,1.4035289855072466
2023-02-16 18:53:00,391.8050541516246,567.2382671480144,55.86281588447653,1.0149061371841155
2023-02-16 19:23:00,370.18050541516243,539.6028880866426,57.53429602888087,0.9673176895306859
2023-02-16 19:53:00,328.6892857142857,380.825,57.125,0.7666392857142857
2023-02-16 20:23:00,136.5962962962963,171.32592592592593,65.44074074074074,0.37336296296296295
2023-02-16 20:53:00,129.76258992805757,169.2841726618705,600.8309352517986,0.8998776978417267
2023-02-16 21:23:00,131.956678700361,171.4404332129964,600.9494584837545,0.904346570397112
2023-02-16 21:53:00,158.88888888888889,168.168458781362,599.3189964157706,0.9263763440860215
2023-02-16 22:23:00,130.65454545454546,172.92363636363638,601.3309090909091,0.904909090909091
2023-02-16 22:53:00,497.0613718411552,174.75812274368232,597.7075812274368,1.2695270758122743
2023-02-16 23:23:00,138.3992673992674,177.42124542124543,598.7362637362637,0.9145567765567765
2023-02-16 23:53:00,155.32481751824818,176.0985401459854,599.8540145985402,0.9312773722627737
2023-02-17 00:23:00,132.54578754578753,178.64102564102564,600.047619047619,0.9112344322344322
2023-02-17 00:53:00,132.8943661971831,176.99647887323943,601.8133802816901,0.9117042253521126
2023-02-17 01:23:00,141.72262773722628,177.0036496350365,600.470802919708,0.9191970802919708
2023-02-17 01:53:00,153.25631768953068,174.8880866425993,600.2166064981949,0.9283610108303249
2023-02-17 02:23:00,133.78339350180505,178.25992779783394,600.2779783393502,0.9123212996389891
2023-02-17 02:53:00,133.66787003610108,177.4332129963899,600.2238267148015,0.9113249097472924
2023-02-17 03:23:00,144.7992700729927,177.8941605839416,597.5474452554745,0.9202408759124088
2023-02-17 03:53:00,151.06159420289856,177.42391304347825,597.3876811594203,0.925873188405797
2023-02-17 04:23:00,135.0108695652174,180.85507246376812,596.8007246376811,0.9126666666666666
2023-02-17 04:53:00,236.27436823104694,136.5595667870036,648.3574007220217,1.0211913357400721
2023-02-17 05:23:00,418.1152416356877,94.54275092936803,612.7881040892194,1.1254460966542752
2023-02-17 05:53:00,148.6594982078853,93.58064516129032,622.6702508960574,0.864910394265233
2023-02-17 06:23:00,133.8021582733813,96.35971223021583,531.0071942446043,0.7611690647482015
2023-02-17 06:53:00,694.8467153284671,155.7080291970803,485.514598540146,1.3360693430656934
2023-02-17 07:23:00,2477.536121673004,950.1596958174905,291.42585551330797,3.7191216730038024
2023-02-17 07:53:00,1303.2574626865671,963.7835820895523,60.41044776119403,2.3274514925373135
2023-02-17 08:23:00,1112.9664179104477,834.2649253731344,470.9776119402985,2.418208955223881
2023-02-17 08:53:00,1575.6304347826087,162.8586956521739,577.4673913043479,2.3159565217391305
2023-02-17 09:23:00,1254.8880597014925,165.2462686567164,508.94029850746267,1.9290746268656718
2023-02-17 09:53:00,1599.848148148148,418.1666666666667,934.0925925925926,2.9521074074074076
2023-02-17 10:23:00,1802.4324324324325,498.55598455598454,536.1081081081081,2.8370965250965257
2023-02-17 10:53:00,1270.2047244094488,392.6968503937008,326.74015748031496,1.9896417322834645
2023-02-17 11:23:00,1920.794776119403,156.0820895522388,227.02985074626866,2.3039067164179103
2023-02-17 11:53:00,911.6945454545455,162.01818181818183,345.5527272727273,1.4192654545454546
2023-02-17 12:23:00,887.8629629629629,163.22962962962964,63.57037037037037,1.114662962962963
2023-02-17 12:53:00,463.23636363636365,165.90545454545455,61.46545454545455,0.6906072727272727
2023-02-17 13:23:00,126.42222222222222,169.24814814814815,61.21111111111111,0.3568814814814815
2023-02-17 13:53:00,540.8357664233577,167.36861313868613,63.441605839416056,0.7716459854014598
2023-02-17 14:23:00,140.43014705882354,167.9485294117647,60.74264705882353,0.3691213235294118
2023-02-17 14:53:00,136.13432835820896,169.01492537313433,62.03731343283582,0.36718656716417913
2023-02-17 15:23:00,125.27838827838828,171.32967032967034,64.9047619047619,0.3615128205128206
2023-02-17 15:53:00,123.89855072463769,167.05072463768116,515.9311594202899,0.8068804347826087
2023-02-17 16:23:00,181.36559139784947,164.8279569892473,680.8709677419355,1.0270645161290322
2023-02-17 16:53:00,128.8695652173913,163.9963768115942,574.231884057971,0.8670978260869565
2023-02-17 17:23:00,290.58029197080293,677.456204379562,485.8065693430657,1.4538430656934307
2023-02-17 17:53:00,781.8218181818182,525.069090909091,171.0,1.4778909090909091
2023-02-17 18:23:00,447.85,542.4821428571429,58.11071428571429,1.0484428571428572
2023-02-17 18:53:00,430.20652173913044,505.7355072463768,58.85507246376812,0.9947971014492754
2023-02-17 19:23:00,522.0216606498195,478.2635379061372,61.061371841155236,1.0613465703971119
2023-02-17 19:53:00,532.6964285714286,650.2535714285714,61.15357142857143,1.2441035714285713
2023-02-17 20:23:00,503.0758122743682,606.3537906137184,61.69314079422383,1.1711227436823106
2023-02-17 20:53:00,428.4962962962963,633.1592592592592,61.614814814814814,1.1232703703703704
2023-02-17 21:23:00,559.695652173913,226.1014492753623,129.0108695652174,0.9148079710144926
2023-02-17 21:53:00,149.18478260869566,202.5326086956522,599.0036231884058,0.9507210144927536
2023-02-17 22:23:00,144.66787003610108,204.985559566787,599.0758122743682,0.9487292418772563
2023-02-17 22:53:00,134.1841155234657,199.28519855595667,600.4440433212997,0.933913357400722
2023-02-17 23:23:00,132.87985865724383,211.63604240282686,603.5159010600706,0.9480318021201413
2023-02-17 23:53:00,152.37226277372264,209.14598540145985,602.521897810219,0.9640401459854016
2023-02-18 00:23:00,140.76241134751774,204.1418439716312,603.2517730496454,0.9481560283687943
2023-02-18 00:53:00,135.00716845878136,202.16129032258064,603.3405017921147,0.9405089605734767
2023-02-18 01:23:00,132.40143369175627,205.5089605734767,605.1827956989247,0.9430931899641577
2023-02-18 01:53:00,154.35335689045937,208.80918727915196,603.4628975265018,0.9666254416961132
2023-02-18 02:23:00,138.82269503546098,211.7304964539007,603.7907801418439,0.9543439716312055
2023-02-18 02:53:00,132.57299270072994,200.3029197080292,604.3540145985402,0.9372299270072993
2023-02-18 03:23:00,132.05839416058393,205.43065693430657,601.2956204379562,0.9387846715328467
2023-02-18 03:53:00,534.3745454545455,202.92,598.5890909090909,1.3358836363636364
2023-02-18 04:23:00,140.2389705882353,211.40441176470588,600.3014705882352,0.9519448529411765
2023-02-18 04:53:00,133.27240143369175,211.31541218637992,600.7777777777778,0.9453655913978495
2023-02-18 05:23:00,133.16083916083917,206.96853146853147,600.1433566433567,0.9402727272727274
2023-02-18 05:53:00,150.16666666666666,214.87234042553192,598.4787234042553,0.9635177304964538
2023-02-18 06:23:00,142.85053380782918,206.97153024911032,599.0498220640569,0.9488718861209964
2023-02-18 06:53:00,134.025,212.4142857142857,600.6535714285715,0.9470928571428572
2023-02-18 07:23:00,126.1,207.18928571428572,600.4821428571429,0.9337714285714286
2023-02-18 07:53:00,139.85401459854015,216.1094890510949,596.7627737226277,0.9527262773722628
2023-02-18 08:23:00,154.64388489208633,209.5071942446043,603.6546762589928,0.9678057553956835
2023-02-18 08:53:00,512.1881918819188,202.22140221402213,607.269372693727,1.3216789667896678
2023-02-18 09:23:00,168.56989247311827,206.32616487455198,606.0358422939069,0.980931899641577
2023-02-18 09:53:00,763.6218181818182,201.63272727272727,607.9672727272728,1.5732218181818183
2023-02-18 10:23:00,143.87003610108303,177.68592057761734,604.7617328519856,0.9263176895306859
2023-02-18 10:53:00,124.77536231884058,175.34420289855072,604.1123188405797,0.904231884057971
2023-02-18 11:23:00,123.12546125461255,182.24723247232473,604.9409594095941,0.9103136531365315
2023-02-18 11:53:00,126.64727272727272,182.4181818181818,604.8,0.9138654545454544
2023-02-18 12:23:00,150.28195488721803,182.58270676691728,604.4398496240601,0.9373045112781954
2023-02-18 12:53:00,490.0220588235294,181.01470588235293,608.2720588235294,1.2793088235294117
2023-02-18 13:23:00,124.56826568265683,182.93726937269372,607.2361623616237,0.9147416974169742
2023-02-18 13:53:00,123.67527675276753,182.80073800738006,605.5719557195572,0.9120479704797048
2023-02-18 14:23:00,146.72202166064983,183.1624548736462,684.3790613718412,1.0142635379061373
2023-02-18 14:53:00,130.27407407407406,175.9962962962963,732.3555555555556,1.0386259259259258
2023-02-18 15:23:00,124.9963768115942,178.2536231884058,611.7789855072464,0.9150289855072464
2023-02-18 15:53:00,123.78102189781022,113.72262773722628,724.1204379562043,0.9616240875912409
2023-02-18 16:23:00,140.5162454873646,111.11552346570397,639.9747292418773,0.8916064981949459
2023-02-18 16:53:00,522.5919117647059,113.05514705882354,721.9852941176471,1.3576323529411767
2023-02-18 17:23:00,130.98888888888888,110.01851851851852,647.0888888888888,0.8880962962962963
2023-02-18 17:53:00,133.67857142857142,104.1,632.7821428571428,0.8705607142857144
2023-02-18 18:23:00,210.55357142857142,203.175,723.4107142857143,1.1371392857142857
2023-02-18 18:53:00,383.04659498207883,552.3082437275986,658.9139784946236,1.594268817204301
2023-02-18 19:23:00,194.55595667870037,220.9927797833935,662.7833935018051,1.078332129963899
2023-02-18 19:53:00,132.981884057971,108.48188405797102,656.9710144927536,0.8984347826086956
2023-02-18 20:23:00,153.54676258992805,109.50359712230215,655.6546762589928,0.918705035971223
2023-02-18 20:53:00,140.78494623655914,106.29032258064517,658.6308243727599,0.9057060931899641
2023-02-18 21:23:00,496.38432835820896,102.44776119402985,656.5932835820895,1.2554253731343283
2023-02-18 21:53:00,133.9927797833935,103.70758122743682,656.1913357400722,0.8938916967509025
2023-02-18 22:23:00,156.08960573476702,115.06810035842294,658.9749103942652,0.9301326164874552
2023-02-18 22:53:00,136.8357142857143,108.93214285714286,660.0321428571428,0.9057999999999999
2023-02-18 23:23:00,132.46643109540636,109.61837455830388,430.42049469964667,0.6725053003533569
2023-02-18 23:53:00,135.0290909090909,111.06181818181818,63.50181818181818,0.3095927272727273
2023-02-19 00:23:00,158.83093525179856,155.9820143884892,64.87769784172662,0.3796906474820144
2023-02-19 00:53:00,132.72202166064983,180.9927797833935,65.27075812274369,0.37898555956678703
2023-02-19 01:23:00,132.83823529411765,179.90073529411765,64.78308823529412,0.3775220588235294
2023-02-19 01:53:00,138.40845070422534,180.76408450704224,66.44014084507042,0.385612676056338
2023-02-19 02:23:00,585.0656934306569,177.83211678832117,68.08759124087591,0.830985401459854
2023-02-19 02:53:00,132.6,181.34545454545454,82.36727272727273,0.39631272727272726
2023-02-19 03:23:00,133.05357142857142,181.13214285714287,593.4928571428571,0.9076785714285714
2023-02-19 03:53:00,135.05017921146953,180.73835125448028,597.4193548387096,0.9132078853046594
2023-02-19 04:23:00,155.8953068592058,187.11552346570397,595.5523465703972,0.9385631768953069
2023-02-19 04:53:00,132.07420494699647,183.8339222614841,597.0918727915194,0.913
2023-02-19 05:23:00,132.48561151079136,186.69064748201438,728.5107913669065,1.0476870503597122
2023-02-19 05:53:00,132.7137809187279,186.1625441696113,669.2968197879859,0.988173144876325
2023-02-19 06:23:00,151.30685920577616,181.9783393501805,729.0649819494585,1.0623501805054152
2023-02-19 06:53:00,138.35164835164835,180.9120879120879,708.2014652014652,1.0274652014652015
2023-02-19 07:23:00,131.4259927797834,183.93140794223828,726.797833935018,1.0421552346570397
2023-02-19 07:53:00,470.0404411764706,179.1875,729.3823529411765,1.378610294117647
2023-02-19 08:23:00,332.3818181818182,182.4618181818182,726.6545454545454,1.2414981818181818
2023-02-19 08:53:00,2744.5658914728683,1056.5348837209303,705.6627906976744,4.5067635658914735
2023-02-19 09:23:00,1549.496183206107,2165.6450381679388,1076.7977099236641,4.79193893129771
2023-02-19 09:53:00,957.8301158301158,2166.4594594594596,1142.8764478764479,4.267166023166023
2023-02-19 10:23:00,1940.3726235741444,2216.6768060836503,897.0532319391635,5.054102661596958
2023-02-19 10:53:00,2225.6119402985073,2023.4291044776119,886.4029850746268,5.1354440298507456
2023-02-19 11:23:00,1867.3977695167287,1855.3531598513011,728.2490706319703,4.451
2023-02-19 11:53:00,862.4963235294117,757.9301470588235,56.80514705882353,1.6772316176470585
2023-02-19 12:23:00,160.32374100719426,165.5791366906475,56.25179856115108,0.3821546762589928
2023-02-19 12:53:00,545.4729241877257,163.24548736462094,57.931407942238266,0.7666498194945849
2023-02-19 13:23:00,139.24363636363637,166.28363636363636,56.654545454545456,0.3621818181818181
2023-02-19 13:53:00,165.08303249097472,166.84115523465704,58.498194945848375,0.39042238267148016
2023-02-19 14:23:00,145.12454212454213,167.5970695970696,59.875457875457876,0.3725970695970696
2023-02-19 14:53:00,139.52173913043478,165.82971014492753,58.2463768115942,0.3635978260869565
2023-02-19 15:23:00,140.12274368231047,168.27797833935017,222.1119133574007,0.5305126353790613
2023-02-19 15:53:00,171.7741935483871,164.36559139784947,597.9283154121864,0.9340681003584229
2023-02-19 16:23:00,536.7956989247311,159.04301075268816,601.8279569892474,1.2976666666666665
2023-02-19 16:53:00,143.78181818181818,161.79272727272726,599.3345454545455,0.904909090909091
2023-02-19 17:23:00,155.6415770609319,160.99283154121864,603.2401433691756,0.9198745519713262
2023-02-19 17:53:00,185.9673913043478,161.35507246376812,604.4311594202899,0.9517536231884057
2023-02-19 18:23:00,155.63636363636363,161.72727272727272,602.6509090909091,0.9200145454545454
2023-02-19 18:53:00,154.88888888888889,161.90681003584228,605.1827956989247,0.9219784946236558
2023-02-19 19:23:00,156.0735294117647,168.57720588235293,604.2316176470588,0.9288823529411764
2023-02-19 19:53:00,185.5177304964539,167.6241134751773,604.1241134751773,0.9572659574468084
2023-02-19 20:23:00,156.86080586080587,163.16483516483515,603.5457875457876,0.9235714285714286
2023-02-19 20:53:00,526.4432624113475,165.0744680851064,602.9787234042553,1.294496453900709
2023-02-19 21:23:00,157.1326164874552,165.1720430107527,600.6487455197133,0.9229534050179212
2023-02-19 21:53:00,181.80427046263344,164.6832740213523,601.4697508896797,0.9479572953736655
2023-02-19 22:23:00,161.33802816901408,170.80985915492957,600.1408450704225,0.9322887323943662
2023-02-19 22:53:00,154.56382978723406,172.09929078014184,599.7517730496454,0.9264148936170213
2023-02-19 23:23:00,154.7304964539007,172.31914893617022,599.9148936170212,0.9269645390070922
2023-02-19 23:53:00,175.02482269503545,171.76241134751774,599.8085106382979,0.9465957446808511
2023-02-20 00:23:00,165.92142857142858,168.69285714285715,599.9392857142857,0.9345535714285714
2023-02-20 00:53:00,154.93840579710144,165.63768115942028,600.0833333333334,0.9206594202898551
2023-02-20 01:23:00,530.2463768115942,163.36231884057972,600.6195652173913,1.2942282608695652
2023-02-20 01:53:00,169.79928315412187,166.7741935483871,600.347670250896,0.936921146953405
2023-02-20 02:23:00,171.33574007220216,167.09025270758121,599.6209386281588,0.9380469314079422
2023-02-20 02:53:00,155.21985815602838,165.9964539007092,600.0248226950355,0.921241134751773
2023-02-20 03:23:00,156.14233576642334,166.43065693430657,601.3613138686131,0.9239343065693431
2023-02-20 03:53:00,164.21478873239437,166.64788732394365,601.330985915493,0.9321936619718311
2023-02-20 04:23:00,176.455223880597,170.80597014925374,602.0223880597015,0.9492835820895523
2023-02-20 04:53:00,154.79856115107913,171.9820143884892,600.8597122302158,0.9276402877697841
2023-02-20 05:23:00,155.87985865724383,170.7243816254417,648.8409893992933,0.9754452296819789
2023-02-20 05:53:00,156.4064748201439,168.84892086330936,509.5719424460432,0.8348273381294964
2023-02-20 06:23:00,187.00359712230215,172.84892086330936,200.39928057553956,0.560251798561151
2023-02-20 06:53:00,2489.988679245283,614.7471698113208,67.84150943396226,3.172577358490566
2023-02-20 07:23:00,1858.0299625468165,1014.7378277153558,59.153558052434455,2.931921348314607
2023-02-20 07:53:00,1440.9525547445255,154.93065693430657,66.25547445255475,1.662138686131387
2023-02-20 08:23:00,834.5658362989324,159.35231316725978,65.16014234875445,1.0590782918149466
2023-02-20 08:53:00,125.60144927536231,168.40579710144928,213.17753623188406,0.5071847826086957
2023-02-20 09:23:00,509.5507246376812,165.40217391304347,599.2463768115942,1.274199275362319
2023-02-20 09:53:00,130.3846153846154,167.95238095238096,600.945054945055,0.8992820512820513
2023-02-20 10:23:00,147.9113475177305,328.18794326241135,600.7517730496454,1.076851063829787
2023-02-20 10:53:00,390.494623655914,166.48745519713262,603.6379928315412,1.1606200716845878
2023-02-20 11:23:00,124.90747330960853,167.44839857651246,621.8825622775801,0.9142384341637011
2023-02-20 11:53:00,124.65703971119133,167.81227436823104,597.9350180505415,0.890404332129964
2023-02-20 12:23:00,145.83214285714286,168.81428571428572,737.6928571428572,1.0523392857142857
2023-02-20 12:53:00,4475.909433962264,422.87924528301886,643.6339622641509,5.542422641509433
2023-02-20 13:23:00,2830.0037735849055,450.63396226415097,665.0,3.9456377358490564
2023-02-20 13:53:00,717.4623655913979,465.9498207885305,619.7992831541219,1.8032114695340502
2023-02-20 14:23:00,1218.6654411764705,452.24632352941177,647.6507352941177,2.3185625
2023-02-20 14:53:00,1623.8649635036497,453.06934306569343,582.3430656934306,2.659277372262774
2023-02-20 15:23:00,1730.2075471698113,237.64150943396226,578.0830188679246,2.5459320754716983
2023-02-20 15:53:00,134.13309352517985,197.4928057553957,62.780575539568346,0.3944064748201439
2023-02-20 16:23:00,125.41240875912409,309.94890510948903,60.68978102189781,0.49605109489051097
2023-02-20 16:53:00,249.03030303030303,1475.3522727272727,53.78409090909091,1.7781666666666667
2023-02-20 17:23:00,347.8378378378378,1046.4942084942086,54.14671814671814,1.4484787644787647
2023-02-20 17:53:00,665.1954887218045,454.45864661654133,59.27067669172932,1.178924812030075
2023-02-20 18:23:00,242.8956834532374,340.7517985611511,60.280575539568346,0.6439280575539568
2023-02-20 18:53:00,142.48736462093862,165.32490974729242,63.014440433213,0.370826714801444
2023-02-20 19:23:00,154.98901098901098,168.83882783882783,108.00732600732601,0.4318351648351648
2023-02-20 19:53:00,132.0,170.8664259927798,361.96028880866425,0.6648267148014441
2023-02-20 20:23:00,131.67391304347825,170.63768115942028,222.07608695652175,0.5243876811594202
2023-02-20 20:53:00,138.98214285714286,170.21428571428572,65.61785714285715,0.3748142857142857
2023-02-20 21:23:00,158.3705035971223,165.5431654676259,64.74820143884892,0.38866187050359713
2023-02-20 21:53:00,482.3527272727273,162.34181818181818,64.32363636363637,0.7090181818181819
2023-02-20 22:23:00,186.37638376383765,170.44280442804427,136.08487084870848,0.4929040590405904
2023-02-20 22:53:00,135.80782918149467,171.34875444839858,321.87900355871886,0.6290355871886121
2023-02-20 23:23:00,161.10902255639098,168.78947368421052,175.52631578947367,0.5054248120300752
2023-02-20 23:53:00,133.5611510791367,168.9748201438849,60.42086330935252,0.3629568345323741
2023-02-21 00:23:00,134.38489208633092,164.92446043165467,58.35971223021583,0.3576690647482014
2023-02-21 00:53:00,134.57608695652175,167.08333333333334,58.57608695652174,0.3602355072463769
2023-02-21 01:23:00,161.20143884892087,165.38489208633092,131.70503597122303,0.4582913669064748
2023-02-21 01:53:00,137.53531598513013,162.39776951672863,381.63197026022306,0.6815650557620818
2023-02-21 02:23:00,134.0985401459854,168.22992700729927,179.65693430656935,0.4819854014598541
2023-02-21 02:53:00,134.1768953068592,168.1841155234657,59.3898916967509,0.36175090252707576
2023-02-21 03:23:00,508.84249084249086,164.97435897435898,60.43956043956044,0.7342564102564103
2023-02-21 03:53:00,141.29965156794424,163.78048780487805,60.40418118466899,0.36548432055749125
2023-02-21 04:23:00,134.91335740072202,170.1480144404332,62.86281588447653,0.3679241877256318
2023-02-21 04:53:00,135.25912408759123,170.27737226277372,366.41970802919707,0.671956204379562
2023-02-21 05:23:00,156.929889298893,167.74169741697418,652.8118081180812,0.9774833948339484
2023-02-21 05:53:00,144.22545454545454,165.0509090909091,549.9781818181818,0.8592545454545455
2023-02-21 06:23:00,135.75547445255475,168.34671532846716,341.014598540146,0.6451167883211678
2023-02-21 06:53:00,2005.0188679245282,462.1094339622642,62.426415094339625,2.529554716981132
2023-02-21 07:23:00,1587.4664179104477,1019.820895522388,58.093283582089555,2.665380597014925
2023-02-21 07:53:00,1544.6505576208178,948.8215613382899,61.70260223048327,2.5551747211895908
2023-02-21 08:23:00,1402.0814814814814,667.2333333333333,63.955555555555556,2.1332703703703704
2023-02-21 08:53:00,1090.3483146067415,164.22471910112358,69.27715355805243,1.3238501872659176
2023-02-21 09:23:00,1379.7952755905512,161.89763779527559,498.31102362204723,2.040003937007874
2023-02-21 09:53:00,1434.5747126436781,161.06896551724137,729.9348659003831,2.325578544061303
2023-02-21 10:23:00,2135.587786259542,153.51908396946564,736.0763358778626,3.0251832061068704
2023-02-21 10:53:00,1582.43359375,158.2421875,731.57421875,2.47225
2023-02-21 11:23:00,2088.9716599190283,154.31983805668017,305.0323886639676,2.548323886639676
2023-02-21 11:53:00,1075.7509293680298,158.2193308550186,59.394052044609666,1.2933643122676581
2023-02-21 12:23:00,1096.025641025641,159.4029304029304,169.15750915750917,1.4245860805860806
2023-02-21 12:53:00,1627.8320895522388,155.58955223880596,735.5746268656717,2.5189962686567164
2023-02-21 13:23:00,256.23758865248226,267.8758865248227,767.918439716312,1.2920319148936168
2023-02-21 13:53:00,353.95620437956205,493.992700729927,435.23722627737226,1.2831861313868613
2023-02-21 14:23:00,191.66666666666666,225.33333333333334,129.55072463768116,0.5465507246376812
2023-02-21 14:53:00,165.4787234042553,166.47517730496455,61.329787234042556,0.3932836879432624
2023-02-21 15:23:00,145.92,169.8109090909091,62.66909090909091,0.3784
2023-02-21 15:53:00,155.87226277372264,165.02919708029196,61.90510948905109,0.3828065693430657
2023-02-21 16:23:00,806.2720588235294,165.50735294117646,64.55147058823529,1.0363308823529411
2023-02-21 16:53:00,240.6392857142857,168.38571428571427,59.94285714285714,0.4689678571428571
2023-02-21 17:23:00,156.36428571428573,169.22142857142856,59.025,0.38461071428571425
2023-02-21 17:53:00,161.2357142857143,168.8357142857143,568.1964285714286,0.8982678571428571
2023-02-21 18:23:00,216.92335766423358,188.58759124087592,599.4233576642335,1.004934306569343
2023-02-21 18:53:00,411.3393501805054,435.7472924187726,601.4657039711192,1.4485523465703973
2023-02-21 19:23:00,764.6449275362319,381.28985507246375,604.0507246376811,1.7499855072463766
2023-02-21 19:53:00,398.101083032491,371.51263537906135,604.2346570397112,1.3738483754512636
2023-02-21 20:23:00,390.5072463768116,372.0,601.8985507246376,1.3644057971014492
2023-02-21 20:53:00,442.74721189591077,322.3940520446097,603.1561338289963,1.368297397769517
2023-02-21 21:23:00,157.41666666666666,162.92028985507247,605.6014492753624,0.9259384057971015
2023-02-21 21:53:00,156.9608540925267,164.8861209964413,602.6939501779359,0.9245409252669039
2023-02-21 22:23:00,174.72924187725633,170.92057761732852,600.6425992779783,0.9462924187725632
2023-02-21 22:53:00,170.12811387900356,171.68683274021353,600.2241992882563,0.9420391459074733
2023-02-21 23:23:00,541.8455882352941,168.49264705882354,600.7095588235294,1.311047794117647
2023-02-21 23:53:00,155.12274368231047,169.942238267148,599.5415162454874,0.9246064981949459
2023-02-22 00:23:00,161.17343173431735,168.0,599.8966789667896,0.929070110701107
2023-02-22 00:53:00,187.92779783393502,166.96750902527077,600.8339350180505,0.9557292418772563
2023-02-22 01:23:00,156.64575645756457,167.44649446494466,601.6273062730627,0.925719557195572
2023-02-22 01:53:00,155.87226277372264,168.7992700729927,600.5364963503649,0.9252080291970802
2023-02-22 02:23:00,155.77697841726618,169.52877697841726,599.0827338129496,0.924388489208633
2023-02-22 02:53:00,171.1066176470588,167.56617647058823,599.9852941176471,0.9386580882352942
2023-02-22 03:23:00,178.95289855072463,166.9673913043478,599.3442028985507,0.9452644927536232
2023-02-22 03:53:00,156.7644927536232,167.67753623188406,601.2028985507246,0.9256449275362318
2023-02-22 04:23:00,156.60992907801418,170.7163120567376,599.5921985815603,0.926918439716312
2023-02-22 04:53:00,506.7163636363636,167.07636363636362,602.9236363636363,1.2767163636363634
2023-02-22 05:23:00,173.79285714285714,165.47142857142856,603.0178571428571,0.9422821428571428
2023-02-22 05:53:00,175.79432624113474,167.4290780141844,662.5709219858156,1.0057943262411349
2023-02-22 06:23:00,157.54609929078015,170.9468085106383,604.8333333333334,0.9333262411347518
2023-02-22 06:53:00,155.8357142857143,170.42142857142858,644.4892857142858,0.9707464285714287
2023-02-22 07:23:00,146.04029304029305,169.33699633699635,491.3919413919414,0.8067692307692307
2023-02-22 07:53:00,166.70758122743683,164.79783393501805,553.884476534296,0.885389891696751
2023-02-22 08:23:00,161.6043165467626,162.58273381294964,666.3561151079136,0.9905431654676259
2023-02-22 08:53:00,146.52727272727273,166.1090909090909,601.6581818181818,0.9142945454545454
2023-02-22 09:23:00,148.3956834532374,172.23741007194243,510.1978417266187,0.8308309352517985
2023-02-22 09:53:00,1717.4624060150377,169.13533834586465,525.3233082706766,2.411921052631579
2023-02-22 10:23:00,966.9018181818182,168.96363636363637,290.4836363636364,1.4263490909090908
2023-02-22 10:53:00,427.9630996309963,172.49077490774908,201.20664206642067,0.8016605166051661
2023-02-22 11:23:00,988.8872727272727,174.7709090909091,490.6036363636364,1.6542618181818185
2023-02-22 11:53:00,220.46715328467153,180.1167883211679,580.2664233576643,0.9808503649635036
2023-02-22 12:23:00,258.96043165467626,177.44244604316546,573.4028776978417,1.0098057553956834
2023-02-22 12:53:00,501.88,944.2945454545454,509.7818181818182,1.9559563636363635
2023-02-22 13:23:00,1899.03515625,5595.33984375,385.79296875,7.88016796875
2023-02-22 13:53:00,640.5968992248062,5497.763565891473,34.86434108527132,6.17322480620155
2023-02-22 14:23:00,751.9150579150579,3172.088803088803,44.95752895752896,3.96896138996139
2023-02-22 14:53:00,1100.8646616541353,1913.9924812030076,203.0187969924812,3.2178759398496246
2023-02-22 15:23:00,1340.3210332103322,1944.0442804428044,356.2250922509225,3.6405904059040592
2023-02-22 15:53:00,522.5893536121673,1882.8745247148288,280.851711026616,2.686315589353612
2023-02-22 16:23:00,546.6769230769231,1874.9153846153847,52.68076923076923,2.474273076923077
2023-02-22 16:53:00,1014.615969581749,1860.7908745247148,51.39543726235741,2.926802281368821
2023-02-22 17:23:00,158.5171102661597,1845.912547528517,48.02661596958175,2.0524562737642587
2023-02-22 17:53:00,948.08203125,2119.76953125,50.88671875,3.11873828125
2023-02-22 18:23:00,482.49615384615385,2164.5307692307692,46.65769230769231,2.6936846153846155
2023-02-22 18:53:00,1568.3984674329502,2364.8275862068967,51.00766283524904,3.9842337164750963
2023-02-22 19:23:00,797.1301115241636,2308.434944237918,48.4907063197026,3.154055762081784
2023-02-22 19:53:00,1138.2905660377357,2075.966037735849,216.9245283018868,3.431181132075472
2023-02-22 20:23:00,178.2943396226415,1874.0981132075472,592.4792452830188,2.6448716981132074
2023-02-22 20:53:00,189.98496240601503,1861.639097744361,596.1203007518797,2.6477443609022555
2023-02-22 21:23:00,162.50384615384615,1868.6038461538462,595.5692307692308,2.626676923076923
2023-02-22 21:53:00,161.3091603053435,1891.9885496183206,597.1450381679389,2.650442748091603
2023-02-22 22:23:00,175.61923076923077,1909.1807692307693,595.5346153846153,2.6803346153846155
2023-02-22 22:53:00,605.8927203065134,1893.7816091954023,596.5057471264367,3.096180076628353
2023-02-22 23:23:00,161.80859375,1873.05078125,599.57421875,2.63443359375
2023-02-22 23:53:00,161.32818532818533,1878.2046332046332,599.3745173745174,2.638907335907336
2023-02-23 00:23:00,172.24418604651163,1877.468992248062,598.9457364341085,2.6486589147286823
2023-02-23 00:53:00,186.98490566037736,1887.233962264151,598.3811320754717,2.6726
2023-02-23 01:23:00,160.98823529411766,1890.8196078431372,597.2941176470588,2.649101960784314
2023-02-23 01:53:00,160.82692307692307,1891.7192307692308,598.7807692307692,2.651326923076923
2023-02-23 02:23:00,162.49609375,1887.56640625,597.88671875,2.64794921875
2023-02-23 02:53:00,195.0187969924812,1887.53007518797,596.6278195488721,2.6791766917293236
2023-02-23 03:23:00,162.02298850574712,1890.7777777777778,596.6896551724138,2.6494904214559387
2023-02-23 03:53:00,566.5461538461539,1889.9769230769232,598.276923076923,3.0548
2023-02-23 04:23:00,161.24621212121212,1894.8560606060605,596.7121212121212,2.6528143939393938
2023-02-23 04:53:00,182.95419847328245,1899.8931297709923,684.7977099236641,2.767645038167939
2023-02-23 05:23:00,176.10266159695817,1889.9429657794676,645.3269961977186,2.711372623574144
2023-02-23 05:53:00,161.5719696969697,1871.814393939394,654.8409090909091,2.688227272727273
2023-02-23 06:23:00,161.77220077220076,1863.3281853281853,575.027027027027,2.6001274131274132
2023-02-23 06:53:00,2873.8132295719843,2750.6186770428017,549.2334630350194,6.173665369649805
2023-02-23 07:23:00,1509.7528957528957,3036.088803088803,516.2548262548263,5.062096525096526
2023-02-23 07:53:00,1759.1685393258426,2331.5243445692886,369.7116104868914,4.460404494382023
2023-02-23 08:23:00,1391.139097744361,2154.8233082706765,576.5601503759399,4.122522556390977
2023-02-23 08:53:00,2348.2386363636365,2201.6136363636365,644.0113636363636,5.193863636363637
2023-02-23 09:23:00,5137.734848484848,2128.181818181818,579.9431818181819,7.845859848484848
2023-02-23 09:53:00,5550.129921259842,2122.5905511811025,466.4724409448819,8.139192913385827
2023-02-23 10:23:00,3208.3203125,2122.421875,216.43359375,5.54717578125
2023-02-23 10:53:00,3608.9626865671644,2148.1828358208954,167.4365671641791,5.924582089552239
2023-02-23 11:23:00,2615.5355805243444,2147.812734082397,131.38576779026218,4.894734082397004
2023-02-23 11:53:00,2771.15873015873,1906.2063492063492,60.80952380952381,4.7381746031746035
2023-02-23 12:23:00,1990.6,1855.726530612245,56.289795918367346,3.9026163265306124
2023-02-23 12:53:00,1019.1666666666666,1866.3939393939395,53.984848484848484,2.9395454545454545
2023-02-23 13:23:00,550.0651340996169,1867.4750957854405,53.13793103448276,2.4706781609195403
2023-02-23 13:53:00,548.6946564885496,1861.496183206107,52.81297709923664,2.4630038167938935
2023-02-23 14:23:00,329.1884615384615,1864.7846153846153,272.84615384615387,2.4668192307692305
2023-02-23 14:53:00,154.91923076923078,1881.7115384615386,591.9038461538462,2.628534615384616
2023-02-23 15:23:00,129.08880308880308,1882.4594594594594,593.4903474903475,2.60503861003861
2023-02-23 15:53:00,128.32950191570882,1869.1264367816093,596.7586206896551,2.594214559386973
2023-02-23 16:23:00,138.5,1859.534090909091,675.3257575757576,2.6733598484848486
2023-02-23 16:53:00,567.3782771535581,1841.6629213483145,569.438202247191,2.978479400749064
2023-02-23 17:23:00,138.34082397003746,2005.1760299625469,508.8501872659176,2.652367041198502
2023-02-23 17:53:00,240.2984496124031,2289.031007751938,365.9651162790698,2.895294573643411
2023-02-23 18:23:00,495.27734375,2155.51171875,46.51171875,2.69730078125
2023-02-23 18:53:00,497.14232209737827,2507.1947565543073,48.20224719101124,3.052539325842697
2023-02-23 19:23:00,485.14285714285717,2724.4624060150377,46.86842105263158,3.2564736842105266
2023-02-23 19:53:00,1493.8,2484.818867924528,51.30943396226415,4.029928301886792
2023-02-23 20:23:00,223.91078066914497,1914.4275092936803,52.237918215613384,2.190576208178438
2023-02-23 20:53:00,176.47619047619048,1893.3003663003662,53.21611721611722,2.122992673992674
2023-02-23 21:23:00,186.11923076923077,1882.0,51.16923076923077,2.1192884615384613
2023-02-23 21:53:00,167.0235294117647,1893.964705882353,519.7882352941176,2.5807764705882357
2023-02-23 22:23:00,194.4346153846154,1908.0,596.15,2.6985846153846156
2023-02-23 22:53:00,170.8505747126437,1910.2298850574712,597.9885057471264,2.6790689655172413
2023-02-23 23:23:00,166.1846153846154,1911.5153846153846,601.3961538461539,2.679096153846154
2023-02-23 23:53:00,166.66023166023166,1907.953667953668,601.3243243243244,2.675938223938224
2023-02-24 00:23:00,193.97003745318352,1918.8539325842696,599.059925093633,2.7118838951310864
2023-02-24 00:53:00,171.9108527131783,1924.3953488372092,600.0852713178294,2.696391472868217
2023-02-24 01:23:00,575.2150943396226,1926.7584905660378,599.3169811320755,3.101290566037736
2023-02-24 01:53:00,168.0801526717557,1933.3702290076335,600.1717557251908,2.70162213740458
2023-02-24 02:23:00,187.23846153846154,1922.45,600.8461538461538,2.7105346153846153
2023-02-24 02:53:00,177.08646616541353,1920.4323308270677,601.9624060150376,2.6994812030075193
2023-02-24 03:23:00,167.66666666666666,1929.0,601.278431372549,2.6979450980392157
2023-02-24 03:53:00,167.51372549019607,1921.2,600.9803921568628,2.689694117647059
2023-02-24 04:23:00,179.29007633587787,1916.5496183206108,600.0038167938932,2.6958435114503816
2023-02-24 04:53:00,186.22519083969465,1915.2099236641222,726.0229007633587,2.8274580152671756
2023-02-24 05:23:00,166.90384615384616,1901.8538461538462,575.0230769230769,2.6437807692307693
2023-02-24 05:53:00,166.9810606060606,1877.6666666666667,641.060606060606,2.685708333333333
2023-02-24 06:23:00,170.33461538461538,1870.0576923076924,575.4192307692308,2.6158115384615384
2023-02-24 06:53:00,1588.53007518797,2026.548872180451,483.8721804511278,4.098951127819548
2023-02-24 07:23:00,2198.7790262172284,2767.0,398.03370786516854,5.363812734082397
2023-02-24 07:53:00,1379.8533834586467,2728.3007518796994,89.50751879699249,4.197661654135339
2023-02-24 08:23:00,1018.0378787878788,2667.685606060606,481.4583333333333,4.167181818181818
2023-02-24 08:53:00,903.1846153846154,1889.4423076923076,580.4269230769231,3.373053846153846
2023-02-24 09:23:00,1365.0846153846153,1861.9884615384615,508.2653846153846,3.7353384615384613
2023-02-24 09:53:00,1554.558394160584,1851.609489051095,207.5985401459854,3.6137664233576636
2023-02-24 10:23:00,2051.7862595419847,1849.3702290076335,55.11832061068702,3.956274809160305
2023-02-24 10:53:00,2371.852830188679,1864.022641509434,58.33207547169811,4.294207547169811
2023-02-24 11:23:00,1560.8853754940712,1883.2332015810277,201.96442687747034,3.6460830039525693
2023-02-24 11:53:00,1035.7657992565055,1877.4646840148698,123.34200743494424,3.0365724907063196
2023-02-24 12:23:00,1323.194756554307,1877.5430711610486,60.18352059925093,3.2609213483146067
2023-02-24 12:53:00,1648.2918454935623,1877.1802575107297,53.82403433476395,3.579296137339056
2023-02-24 13:23:00,739.5166051660517,1887.2656826568266,52.988929889298895,2.679771217712177
2023-02-24 13:53:00,179.81960784313725,1881.3058823529411,52.03921568627451,2.113164705882353
2023-02-24 14:23:00,128.488,1884.316,50.44,2.063244
2023-02-24 14:53:00,222.91923076923078,1884.5692307692307,50.353846153846156,2.1578423076923072
2023-02-24 15:23:00,475.8538461538462,1897.7923076923078,523.1,2.896746153846154
2023-02-24 15:53:00,127.77946768060836,1899.2851711026617,593.6501901140684,2.6207148288973383
2023-02-24 16:23:00,127.5923076923077,1894.0653846153846,633.526923076923,2.6551846153846155
2023-02-24 16:53:00,143.84555984555985,1880.888030888031,509.35135135135135,2.534084942084942
2023-02-24 17:23:00,342.12595419847327,2157.5,231.4351145038168,2.73106106870229
2023-02-24 17:53:00,367.420233463035,2204.1322957198445,49.17120622568093,2.6207237354085606
2023-02-24 18:23:00,357.42471042471044,2215.3822393822393,47.37065637065637,2.6201776061776063
2023-02-24 18:53:00,374.2950191570881,2208.0919540229884,48.43295019157088,2.6308199233716474
2023-02-24 19:23:00,194.21343873517787,1923.9762845849802,50.16600790513834,2.1683557312252963
2023-02-24 19:53:00,546.2579365079365,1897.3253968253969,55.257936507936506,2.49884126984127
2023-02-24 20:23:00,135.84150943396227,1892.8905660377359,54.1811320754717,2.0829132075471697
2023-02-24 20:53:00,146.40151515151516,1860.0530303030303,48.64393939393939,2.055098484848485
2023-02-24 21:23:00,155.55893536121673,1876.6121673003802,554.0684410646388,2.5862395437262355
2023-02-24 21:53:00,135.78707224334602,1885.7908745247148,596.2661596958175,2.6178441064638784
2023-02-24 22:23:00,135.19230769230768,1888.3384615384616,596.2192307692308,2.61975
2023-02-24 22:53:00,140.92635658914728,1896.6356589147288,596.8217054263566,2.634383720930233
2023-02-24 23:23:00,160.15057915057915,1887.7528957528957,598.1698841698842,2.646073359073359
2023-02-24 23:53:00,135.31558935361215,1885.4372623574145,601.0266159695817,2.6217794676806085
2023-02-25 00:23:00,135.41923076923078,1894.4576923076922,598.0846153846154,2.6279615384615385
2023-02-25 00:53:00,135.27969348659005,1886.5249042145595,600.9885057471264,2.622793103448276
2023-02-25 01:23:00,562.7607843137255,1890.6078431372548,601.6313725490196,3.0549999999999997
2023-02-25 01:53:00,140.6988416988417,1893.1969111969113,600.4054054054054,2.6343011583011586
2023-02-25 02:23:00,135.09961685823754,1893.4750957854405,601.8697318007663,2.630444444444444
2023-02-25 02:53:00,134.97286821705427,1890.7209302325582,601.0232558139535,2.626717054263566
2023-02-25 03:23:00,144.6551724137931,1891.5593869731802,601.463601532567,2.6376781609195405
2023-02-25 03:53:00,155.14022140221402,1891.929889298893,600.369003690037,2.647439114391144
2023-02-25 04:23:00,135.02681992337165,1893.295019157088,600.007662835249,2.6283295019157085
2023-02-25 04:53:00,135.48846153846154,1894.9076923076923,602.1038461538461,2.6325
2023-02-25 05:23:00,135.3245283018868,1893.7471698113206,600.2037735849057,2.6292754716981133
2023-02-25 05:53:00,153.59245283018868,1896.332075471698,600.8867924528302,2.6508113207547166
2023-02-25 06:23:00,363.6138996138996,1894.3281853281853,601.2779922779923,2.859220077220077
2023-02-25 06:53:00,301.5478927203065,1885.2911877394636,601.9693486590038,2.7888084291187742
2023-02-25 07:23:00,125.76045627376426,1885.2813688212927,600.3688212927757,2.6114106463878324
2023-02-25 07:53:00,126.88212927756653,1897.6653992395438,597.2433460076046,2.621790874524715
2023-02-25 08:23:00,149.24045801526717,1909.5458015267175,596.8625954198474,2.6556488549618322
2023-02-25 08:53:00,131.80232558139534,1895.046511627907,598.8565891472869,2.625705426356589
2023-02-25 09:23:00,166.99609375,1896.34765625,600.56640625,2.66391015625
2023-02-25 09:53:00,174.68503937007873,1895.2795275590552,600.0748031496063,2.6700393700787406
2023-02-25 10:23:00,540.03861003861,1874.5830115830115,602.911196911197,3.0175328185328185
2023-02-25 10:53:00,150.15648854961833,1892.0419847328244,602.5992366412214,2.644797709923664
2023-02-25 11:23:00,131.32818532818533,1872.027027027027,600.7876447876448,2.6041428571428575
2023-02-25 11:53:00,128.59607843137255,1900.3098039215686,603.1490196078431,2.6320549019607844
2023-02-25 12:23:00,128.07662835249042,1996.183908045977,601.2681992337165,2.7255287356321842
2023-02-25 12:53:00,127.20769230769231,1898.15,600.1576923076923,2.6255153846153845
2023-02-25 13:23:00,155.7019607843137,1887.2901960784313,600.6117647058824,2.6436039215686273
2023-02-25 13:53:00,505.863813229572,1884.941634241245,600.8560311284047,2.9916614785992213
2023-02-25 14:23:00,128.00393700787401,1881.4448818897638,599.3149606299213,2.608763779527559
2023-02-25 14:53:00,128.14785992217898,1888.1789883268482,600.5914396887159,2.616918287937743
2023-02-25 15:23:00,128.09302325581396,1886.2015503875969,602.2209302325581,2.616515503875969
2023-02-25 15:53:00,152.64566929133858,1886.9015748031495,602.1692913385826,2.641716535433071
2023-02-25 16:23:00,131.56201550387595,1880.1046511627908,601.1279069767442,2.6127945736434106
2023-02-25 16:53:00,128.4404761904762,1872.4444444444443,601.5198412698413,2.602404761904762
2023-02-25 17:23:00,128.95736434108528,1867.6279069767443,602.3294573643411,2.5989147286821708
2023-02-25 17:53:00,137.8392156862745,1863.0156862745098,602.0392156862745,2.602894117647059
2023-02-25 18:23:00,550.4671814671815,1858.1544401544402,604.0617760617761,3.0126833976833978
2023-02-25 18:53:00,143.87692307692308,1861.1653846153847,602.5615384615385,2.6076038461538467
2023-02-25 19:23:00,137.34126984126985,1868.6309523809523,602.6904761904761,2.608662698412698
2023-02-25 19:53:00,137.5859375,1888.5625,602.66015625,2.62880859375
2023-02-25 20:23:00,137.28015564202335,1872.2684824902724,602.0038910505837,2.6115525291828794
2023-02-25 20:53:00,155.73282442748092,1882.4923664122136,602.2099236641221,2.6404351145038167
2023-02-25 21:23:00,148.35271317829458,1906.2209302325582,600.0387596899225,2.6546124031007747
2023-02-25 21:53:00,137.65779467680608,1930.8326996197718,599.8403041825095,2.6683307984790874
2023-02-25 22:23:00,137.7325581395349,1920.7945736434108,599.3953488372093,2.657922480620155
2023-02-25 22:53:00,137.5639097744361,1930.2706766917292,600.9436090225564,2.6687781954887217
2023-02-25 23:23:00,499.4517374517375,1931.6640926640928,597.4401544401544,3.0285559845559846
2023-02-25 23:53:00,154.5581395348837,1939.608527131783,597.5387596899225,2.691705426356589
2023-02-26 00:23:00,137.44357976653697,1943.5525291828794,599.9610894941634,2.6809571984435796
2023-02-26 00:53:00,137.0381679389313,1939.9656488549617,599.0114503816794,2.6760152671755724
2023-02-26 01:23:00,137.4921875,1940.21484375,598.77734375,2.676484375
2023-02-26 01:53:00,138.16603773584905,1943.645283018868,596.577358490566,2.678388679245283
2023-02-26 02:23:00,163.62403100775194,1943.8992248062016,596.0697674418604,2.703593023255814
2023-02-26 02:53:00,137.67175572519085,1942.7404580152672,599.0305343511451,2.6794427480916028
2023-02-26 03:23:00,137.453125,1940.671875,598.25,2.676375
2023-02-26 03:53:00,515.939393939394,1942.2954545454545,687.3181818181819,3.1455530303030304
2023-02-26 04:23:00,137.47035573122528,1938.1581027667985,738.3636363636364,2.8139920948616606
2023-02-26 04:53:00,154.65322580645162,1935.3467741935483,641.0282258064516,2.7310282258064515
2023-02-26 05:23:00,150.55598455598457,1935.6293436293436,730.2857142857143,2.8164710424710426
2023-02-26 05:53:00,137.6420233463035,1933.8287937743191,732.147859922179,2.8036186770428015
2023-02-26 06:23:00,137.8091603053435,1923.6106870229007,730.0152671755725,2.791435114503816
2023-02-26 06:53:00,137.12790697674419,1928.6317829457364,731.2751937984497,2.7970348837209302
2023-02-26 07:23:00,138.79245283018867,1914.2188679245282,729.7094339622641,2.7827207547169808
2023-02-26 07:53:00,147.6145038167939,1889.0687022900763,727.236641221374,2.7639198473282445
2023-02-26 08:23:00,130.8053435114504,1890.3778625954199,727.5992366412214,2.748782442748092
2023-02-26 08:53:00,2807.07722007722,3254.710424710425,723.7992277992278,6.785586872586872
2023-02-26 09:23:00,1778.6996197718631,4133.718631178707,854.9733840304183,6.767391634980988
2023-02-26 09:53:00,911.6,4240.8115384615385,945.9692307692308,6.098380769230769
2023-02-26 10:23:00,1298.6807692307693,4212.5,830.4884615384616,6.341669230769231
2023-02-26 10:53:00,1454.5333333333333,3905.6941176470586,928.6509803921568,6.288878431372549
2023-02-26 11:23:00,1301.9624060150377,3054.2330827067667,897.8533834586466,5.2540488721804515
2023-02-26 11:53:00,588.0075187969925,2434.8195488721803,71.76691729323308,3.094593984962406
2023-02-26 12:23:00,178.1552346570397,1891.6967509025271,54.68592057761733,2.124537906137184
2023-02-26 12:53:00,175.61923076923077,1890.373076923077,56.176923076923075,2.1221692307692313
2023-02-26 13:23:00,174.92424242424244,1882.1174242424242,53.803030303030305,2.110844696969697
2023-02-26 13:53:00,581.441947565543,1892.8576779026216,56.19850187265918,2.530498127340824
2023-02-26 14:23:00,183.22568093385215,1877.307392996109,53.21400778210117,2.1137470817120625
2023-02-26 14:53:00,177.284046692607,1881.6614785992217,167.73929961089493,2.2266848249027236
2023-02-26 15:23:00,176.59615384615384,1915.2115384615386,591.6038461538461,2.6834115384615385
2023-02-26 15:53:00,201.02255639097746,1891.8345864661653,592.906015037594,2.6857631578947365
2023-02-26 16:23:00,187.7704280155642,1886.408560311284,592.9961089494163,2.6671750972762642
2023-02-26 16:53:00,177.52471482889734,1879.463878326996,595.7642585551331,2.652752851711026
2023-02-26 17:23:00,942.78125,1999.65234375,597.73828125,3.540171875
2023-02-26 17:53:00,1395.25,2211.27734375,731.62109375,4.3381484375
2023-02-26 18:23:00,457.155303030303,1592.030303030303,884.5909090909091,2.933776515151515
2023-02-26 18:53:00,818.623076923077,1009.2038461538461,327.4,2.1552269230769228
2023-02-26 19:23:00,137.6509090909091,170.64727272727274,62.49818181818182,0.37079636363636365
2023-02-26 19:53:00,145.78021978021977,168.00732600732601,64.42857142857143,0.37821611721611725
2023-02-26 20:23:00,159.3150183150183,166.97802197802199,65.31501831501832,0.39160805860805864
2023-02-26 20:53:00,138.3804347826087,167.28985507246378,66.31521739130434,0.37198550724637686
2023-02-26 21:23:00,138.50533807829183,166.11743772241994,62.72597864768683,0.3673487544483986
2023-02-26 21:53:00,137.4055944055944,167.5,365.15034965034965,0.6700559440559442
2023-02-26 22:23:00,161.66192170818505,172.0711743772242,598.1992882562278,0.9319323843416369
2023-02-26 22:53:00,141.09386281588448,172.67870036101084,599.9097472924187,0.913682310469314
2023-02-26 23:23:00,516.7101449275362,172.731884057971,599.4782608695652,1.2889202898550725
2023-02-26 23:53:00,136.06028368794327,174.60638297872342,599.8014184397163,0.9104680851063829
2023-02-27 00:23:00,144.96350364963504,172.74087591240877,598.3978102189781,0.916102189781022
2023-02-27 00:53:00,153.37454545454545,170.80727272727273,598.4,0.9225818181818181
2023-02-27 01:23:00,137.52363636363637,168.14545454545456,602.3272727272728,0.9079963636363636
2023-02-27 01:53:00,137.20220588235293,167.84191176470588,600.6948529411765,0.9057389705882353
2023-02-27 02:23:00,135.3113553113553,168.66300366300365,602.8644688644689,0.906838827838828
2023-02-27 02:53:00,154.1418181818182,168.24,601.9127272727272,0.9242945454545454
2023-02-27 03:23:00,146.32014388489208,168.3884892086331,602.0,0.9167086330935251
2023-02-27 03:53:00,541.8962962962963,165.84444444444443,603.8037037037037,1.3115444444444444
2023-02-27 04:23:00,137.8909090909091,173.36363636363637,602.6472727272727,0.9139018181818181
2023-02-27 04:53:00,135.6824817518248,172.66058394160584,734.8138686131387,1.0431569343065694
2023-02-27 05:23:00,157.731884057971,168.53985507246378,607.4746376811594,0.9337463768115941
2023-02-27 05:53:00,146.32374100719426,169.431654676259,716.4028776978417,1.032158273381295
2023-02-27 06:23:00,137.52142857142857,173.41071428571428,647.7357142857143,0.9586678571428571
2023-02-27 06:53:00,2661.8109090909093,842.4509090909091,599.069090909091,4.10333090909091
2023-02-27 07:23:00,1142.003717472119,450.1524163568773,487.1449814126394,2.079301115241636
2023-02-27 07:53:00,553.68458781362,162.98924731182797,402.5483870967742,1.1192222222222221
2023-02-27 08:23:00,921.8754578754579,157.85714285714286,286.1904761904762,1.3659230769230768
2023-02-27 08:53:00,125.96762589928058,169.31294964028777,185.0863309352518,0.48036690647482017
2023-02-27 09:23:00,126.82783882783883,169.53846153846155,308.4908424908425,0.6048571428571429
2023-02-27 09:53:00,421.7383512544803,168.03225806451613,170.83512544802866,0.7606057347670251
2023-02-27 10:23:00,491.7025089605735,211.63082437275986,251.05017921146953,0.9543835125448029
2023-02-27 10:53:00,793.4148148148148,165.34074074074073,111.36666666666666,1.070122222222222
2023-02-27 11:23:00,121.32155477031802,170.02826855123675,201.78445229681978,0.49313427561837453
2023-02-27 11:53:00,824.7517985611511,163.53956834532374,64.14748201438849,1.0524388489208634
2023-02-27 12:23:00,302.7617328519856,166.26353790613717,718.5667870036101,1.1875920577617327
2023-02-27 12:53:00,759.3321299638989,362.54512635379064,642.3826714801444,1.764259927797834
2023-02-27 13:23:00,1900.8248175182482,280.8138686131387,626.7737226277372,2.808412408759124
2023-02-27 13:53:00,712.2290909090909,290.91636363636366,625.3854545454545,1.628530909090909
2023-02-27 14:23:00,1452.8920863309352,278.8201438848921,644.1870503597122,2.3758992805755397
2023-02-27 14:53:00,1459.5424354243542,268.309963099631,576.0959409594096,2.303948339483395
2023-02-27 15:23:00,768.2826086956521,198.72826086956522,592.5289855072464,1.5595398550724637
2023-02-27 15:53:00,133.4372759856631,169.70967741935485,60.505376344086024,0.36365232974910394
2023-02-27 16:23:00,150.8136200716846,188.58064516129033,61.13620071684588,0.40053046594982084
2023-02-27 16:53:00,155.67985611510792,490.7158273381295,58.32374100719424,0.7047194244604317
2023-02-27 17:23:00,138.4516129032258,469.6272401433692,57.27598566308244,0.6653548387096775
2023-02-27 17:53:00,150.13868613138686,488.05839416058393,57.09124087591241,0.6952883211678832
2023-02-27 18:23:00,149.10294117647058,418.4485294117647,223.32720588235293,0.7908786764705882
2023-02-27 18:53:00,537.1208791208791,163.04761904761904,426.5238095238095,1.1266923076923077
2023-02-27 19:23:00,128.6420664206642,170.8929889298893,128.70110701107012,0.42823616236162365
2023-02-27 19:53:00,129.5956678700361,166.1407942238267,61.68953068592058,0.3574259927797834
2023-02-27 20:23:00,138.1335740072202,165.68953068592057,178.67509025270758,0.48249819494584834
2023-02-27 20:53:00,167.60714285714286,169.28214285714284,294.4321428571429,0.6313214285714287
2023-02-27 21:23:00,129.4909090909091,167.6690909090909,212.6509090909091,0.509810909090909
2023-02-27 21:53:00,130.16546762589928,166.5251798561151,65.61510791366906,0.36230575539568344
2023-02-27 22:23:00,134.53985507246378,174.32246376811594,150.17028985507247,0.45903260869565227
2023-02-27 22:53:00,151.9084249084249,174.8168498168498,350.7985347985348,0.6775238095238095
2023-02-27 23:23:00,128.8514492753623,174.09420289855072,202.54347826086956,0.5054891304347826
2023-02-27 23:53:00,479.69039145907476,172.57651245551602,67.1814946619217,0.7194483985765125
2023-02-28 00:23:00,164.48736462093862,168.71480144404333,138.65703971119135,0.47185920577617335
2023-02-28 00:53:00,153.10294117647058,168.72426470588235,338.44117647058823,0.6602683823529412
2023-02-28 01:23:00,128.95970695970695,168.53479853479854,236.76556776556777,0.5342600732600732
2023-02-28 01:53:00,129.34317343173433,167.48339483394835,67.18081180811808,0.36400738007380073
2023-02-28 02:23:00,135.2842105263158,167.7859649122807,67.23157894736842,0.3703017543859649
2023-02-28 02:53:00,152.27797833935017,169.49458483754512,375.8086642599278,0.6975812274368232
2023-02-28 03:23:00,129.2992700729927,169.27737226277372,246.1824817518248,0.5447591240875913
2023-02-28 03:53:00,129.81314878892732,168.62975778546712,66.91695501730104,0.3653598615916954
2023-02-28 04:23:00,135.29602888086643,174.20938628158845,268.59205776173286,0.5780974729241878
2023-02-28 04:53:00,150.2246376811594,172.2536231884058,727.5869565217391,1.0500652173913045
2023-02-28 05:23:00,126.9568345323741,170.33093525179856,648.4712230215828,0.9457589928057555
2023-02-28 05:53:00,540.3010752688172,167.76702508960574,665.0322580645161,1.373100358422939
2023-02-28 06:23:00,135.53284671532847,174.22262773722628,595.4817518248175,0.9052372262773722
2023-02-28 06:53:00,2051.1569343065694,340.2664233576642,581.1277372262774,2.972551094890511
2023-02-28 07:23:00,1330.4089219330856,1335.2156133828996,518.7732342007434,3.1843977695167287
2023-02-28 07:53:00,1605.6070038910507,1292.8404669260701,432.7081712062257,3.331155642023347
2023-02-28 08:23:00,1183.9885931558936,671.1711026615969,180.09505703422053,2.0352547528517113
2023-02-28 08:53:00,1159.0311284046693,161.1945525291829,475.6147859922179,1.79584046692607
2023-02-28 09:23:00,1675.7037037037037,157.97037037037038,733.762962962963,2.567437037037037
2023-02-28 09:53:00,1206.3543307086613,161.2755905511811,438.3976377952756,1.806027559055118
2023-02-28 10:23:00,1974.1423076923077,155.80384615384617,205.33076923076922,2.3352769230769233
2023-02-28 10:53:00,1958.293893129771,155.26717557251908,182.25954198473283,2.295820610687023
2023-02-28 11:23:00,2318.3097014925374,153.2910447761194,65.61567164179104,2.5372164179104475
2023-02-28 11:53:00,1010.0301886792453,162.57358490566037,60.31320754716981,1.2329169811320755
2023-02-28 12:23:00,1063.9301470588234,162.28676470588235,249.0441176470588,1.4752610294117647
2023-02-28 12:53:00,1034.3113553113553,162.46153846153845,734.4432234432235,1.9312161172161173
2023-02-28 13:23:00,170.37226277372264,244.5182481751825,834.3503649635037,1.2492408759124087
2023-02-28 13:53:00,790.897233201581,514.4584980237154,1219.403162055336,2.5247588932806324
2023-02-28 14:23:00,282.94117647058823,438.52941176470586,858.0588235294117,1.5795294117647058
2023-02-28 14:53:00,193.14028776978418,168.33093525179856,59.34892086330935,0.4208201438848921
2023-02-28 15:23:00,143.62589928057554,170.18705035971223,59.805755395683455,0.3736187050359712
2023-02-28 15:53:00,148.45818181818183,167.63272727272727,58.730909090909094,0.37482181818181826
2023-02-28 16:23:00,123.83941605839416,167.5,58.17883211678832,0.34951824817518246
2023-02-28 16:53:00,550.6654676258993,162.71942446043167,60.66546762589928,0.7740503597122302
2023-02-28 17:23:00,137.5709219858156,165.95035460992906,62.9290780141844,0.36645035460992903
2023-02-28 17:53:00,151.29090909090908,165.57818181818183,123.28363636363636,0.44015272727272725
2023-02-28 18:23:00,132.21708185053382,167.65480427046262,597.6085409252669,0.8974804270462633
2023-02-28 18:53:00,131.7610294117647,168.6875,599.7573529411765,0.9002058823529412
2023-02-28 19:23:00,146.85559566787003,168.75812274368232,596.9350180505415,0.9125487364620939
2023-02-28 19:53:00,145.28363636363636,172.40363636363637,597.9563636363637,0.9156436363636364
2023-02-28 20:23:00,131.75531914893617,167.0886524822695,601.3723404255319,0.9002163120567376
2023-02-28 20:53:00,131.5239852398524,166.63468634686348,601.8044280442805,0.8999630996309963
2023-02-28 21:23:00,150.5107913669065,166.5,601.1654676258993,0.9181762589928057
2023-02-28 21:53:00,547.4712230215828,162.85611510791367,602.2482014388489,1.3125755395683454
2023-02-28 22:23:00,130.49462365591398,170.46236559139786,602.8028673835125,0.9037598566308244
2023-02-28 22:53:00,130.25441696113074,170.2791519434629,603.547703180212,0.9040812720848056
2023-02-28 23:23:00,144.547703180212,168.660777385159,602.6007067137809,0.915809187279152
2023-02-28 23:53:00,144.70212765957447,170.5177304964539,603.2234042553191,0.9184432624113475
2023-03-01 00:23:00,130.23655913978496,168.38351254480287,604.4408602150538,0.9030609318996417
2023-03-01 00:53:00,130.66181818181818,168.1090909090909,602.3236363636364,0.9010945454545455
2023-03-01 01:23:00,139.63669064748203,167.74460431654677,602.0791366906475,0.9094604316546763
2023-03-01 01:53:00,148.59285714285716,167.91071428571428,602.0607142857143,0.9185642857142857
2023-03-01 02:23:00,131.16666666666666,167.41489361702128,604.8085106382979,0.9033900709219859
2023-03-01 02:53:00,130.77142857142857,167.89642857142857,601.2964285714286,0.8999642857142858
2023-03-01 03:23:00,498.23021582733816,164.40287769784172,602.4640287769785,1.2650971223021583
2023-03-01 03:53:00,156.53874538745387,167.00369003690037,602.9077490774907,0.926450184501845
2023-03-01 04:23:00,131.3065693430657,171.3175182481752,603.0182481751825,0.9056423357664235
2023-03-01 04:53:00,131.93065693430657,171.6167883211679,724.5474452554745,1.028094890510949
2023-03-01 05:23:00,131.90357142857144,168.80714285714285,582.4535714285714,0.8831642857142857
2023-03-01 05:53:00,150.2078853046595,168.82437275985663,649.1326164874552,0.9681648745519712
2023-03-01 06:23:00,141.49640287769785,173.0863309352518,574.8776978417267,0.8894604316546764
2023-03-01 06:53:00,125.86131386861314,167.77007299270073,509.04379562043795,0.8026751824817517
2023-03-01 07:23:00,124.67636363636363,169.03636363636363,450.08363636363634,0.7437963636363636
2023-03-01 07:53:00,140.31272727272727,167.00727272727272,262.75272727272727,0.5700727272727272
2023-03-01 08:23:00,136.40989399293287,166.40282685512366,658.9469964664311,0.9617597173144876
2023-03-01 08:53:00,688.2007299270073,165.43065693430657,637.3905109489051,1.491021897810219
2023-03-01 09:23:00,1641.0646387832699,162.0874524714829,464.680608365019,2.267832699619772
2023-03-01 09:53:00,415.2581818181818,168.35272727272726,536.1927272727273,1.1198036363636366
2023-03-01 10:23:00,608.3237410071943,166.86690647482015,172.33093525179856,0.9475215827338129
2023-03-01 10:53:00,922.6438848920864,165.9208633093525,192.5431654676259,1.2811079136690646
2023-03-01 11:23:00,615.52,167.0690909090909,720.4727272727273,1.503061818181818
2023-03-01 11:53:00,203.48561151079136,170.57194244604315,600.1942446043165,0.974251798561151
2023-03-01 12:23:00,187.02142857142857,169.28571428571428,589.6464285714286,0.9459535714285714
2023-03-01 12:53:00,179.39350180505414,169.09386281588448,597.7581227436823,0.9462454873646209
2023-03-01 13:23:00,1350.1070110701107,409.3579335793358,534.8929889298893,2.294357933579336
2023-03-01 13:53:00,330.5018450184502,456.78228782287823,316.0811808118081,1.1033653136531365
2023-03-01 14:23:00,189.91509433962264,452.3867924528302,60.66981132075472,0.7029716981132076
