platform_right_pillar,Time,Celsius(�C),Humidity(%rh),Dew Point(�C),Serial Number
1,2024-11-20 13:36:29,18.0,47.5,6.7,010031881
2,2024-11-20 13:46:29,18.5,40.5,4.8
3,2024-11-20 13:56:29,17.5,43.0,4.8
4,2024-11-20 14:06:29,17.5,38.0,3.0
5,2024-11-20 14:16:29,17.0,41.0,3.7
6,2024-11-20 14:26:29,17.5,42.0,4.5
7,2024-11-20 14:36:29,17.5,40.5,3.9
8,2024-11-20 14:46:29,17.5,41.0,4.1
9,2024-11-20 14:56:29,17.5,41.0,4.1
10,2024-11-20 15:06:29,17.5,40.5,3.9
11,2024-11-20 15:16:29,17.5,38.0,3.0
12,2024-11-20 15:26:29,17.0,39.5,3.1
13,2024-11-20 15:36:29,17.0,39.5,3.1
14,2024-11-20 15:46:29,17.0,39.5,3.1
15,2024-11-20 15:56:29,17.0,39.5,3.1
16,2024-11-20 16:06:29,17.0,40.5,3.5
17,2024-11-20 16:16:29,16.5,39.5,2.7
18,2024-11-20 16:26:29,16.5,40.5,3.0
19,2024-11-20 16:36:29,16.5,40.5,3.0
20,2024-11-20 16:46:29,16.5,40.5,3.0
21,2024-11-20 16:56:29,16.5,38.0,2.2
22,2024-11-20 17:06:29,15.0,39.5,1.4
23,2024-11-20 17:16:29,14.5,40.5,1.3
24,2024-11-20 17:26:29,14.0,41.0,1.0
25,2024-11-20 17:36:29,13.5,41.5,0.7
26,2024-11-20 17:46:29,13.5,42.0,0.9
27,2024-11-20 17:56:29,13.5,42.0,0.9
28,2024-11-20 18:06:29,13.0,42.5,0.6
29,2024-11-20 18:16:29,13.0,42.5,0.6
30,2024-11-20 18:26:29,13.0,42.5,0.6
31,2024-11-20 18:36:29,13.0,43.0,0.7
32,2024-11-20 18:46:29,13.0,43.0,0.7
33,2024-11-20 18:56:29,12.5,43.0,0.3
34,2024-11-20 19:06:29,12.5,43.0,0.3
35,2024-11-20 19:16:29,12.5,43.0,0.3
36,2024-11-20 19:26:29,12.5,43.5,0.4
37,2024-11-20 19:36:29,12.5,43.5,0.4
38,2024-11-20 19:46:29,12.5,43.5,0.4
39,2024-11-20 19:56:29,12.5,43.5,0.4
40,2024-11-20 20:06:29,12.5,44.0,0.6
41,2024-11-20 20:16:29,12.5,44.0,0.6
42,2024-11-20 20:26:29,12.5,44.0,0.6
43,2024-11-20 20:36:29,12.5,44.0,0.6
44,2024-11-20 20:46:29,12.5,44.0,0.6
45,2024-11-20 20:56:29,12.0,44.0,0.1
46,2024-11-20 21:06:29,12.0,44.0,0.1
47,2024-11-20 21:16:29,12.0,44.0,0.1
48,2024-11-20 21:26:29,12.0,44.5,0.3
49,2024-11-20 21:36:29,12.0,44.5,0.3
50,2024-11-20 21:46:29,12.0,44.5,0.3
51,2024-11-20 21:56:29,12.0,44.5,0.3
52,2024-11-20 22:06:29,12.0,44.5,0.3
53,2024-11-20 22:16:29,12.0,44.5,0.3
54,2024-11-20 22:26:29,12.0,44.5,0.3
55,2024-11-20 22:36:29,12.0,44.5,0.3
56,2024-11-20 22:46:29,12.0,44.5,0.3
57,2024-11-20 22:56:29,12.0,44.5,0.3
58,2024-11-20 23:06:29,12.0,44.5,0.3
59,2024-11-20 23:16:29,12.0,44.5,0.3
60,2024-11-20 23:26:29,12.0,44.5,0.3
61,2024-11-20 23:36:29,12.0,44.5,0.3
62,2024-11-20 23:46:29,12.0,44.5,0.3
63,2024-11-20 23:56:29,12.0,44.5,0.3
64,2024-11-21 00:06:29,12.0,44.5,0.3
65,2024-11-21 00:16:29,12.0,44.5,0.3
66,2024-11-21 00:26:29,12.0,44.5,0.3
67,2024-11-21 00:36:29,12.0,44.5,0.3
68,2024-11-21 00:46:29,12.0,44.5,0.3
69,2024-11-21 00:56:29,12.0,44.5,0.3
70,2024-11-21 01:06:29,12.0,44.5,0.3
71,2024-11-21 01:16:29,12.0,45.0,0.5
72,2024-11-21 01:26:29,12.0,45.0,0.5
73,2024-11-21 01:36:29,12.0,44.5,0.3
74,2024-11-21 01:46:29,12.0,45.0,0.5
75,2024-11-21 01:56:29,12.0,45.0,0.5
76,2024-11-21 02:06:29,12.0,45.0,0.5
77,2024-11-21 02:16:29,12.0,45.0,0.5
78,2024-11-21 02:26:29,12.0,45.0,0.5
79,2024-11-21 02:36:29,12.0,45.0,0.5
80,2024-11-21 02:46:29,12.0,45.0,0.5
81,2024-11-21 02:56:29,12.0,45.0,0.5
82,2024-11-21 03:06:29,12.0,45.0,0.5
83,2024-11-21 03:16:29,12.0,44.5,0.3
84,2024-11-21 03:26:29,12.0,44.5,0.3
85,2024-11-21 03:36:29,12.0,45.0,0.5
86,2024-11-21 03:46:29,12.0,44.5,0.3
87,2024-11-21 03:56:29,12.0,44.5,0.3
88,2024-11-21 04:06:29,12.0,44.5,0.3
89,2024-11-21 04:16:29,12.0,44.5,0.3
90,2024-11-21 04:26:29,12.0,44.5,0.3
91,2024-11-21 04:36:29,12.0,44.5,0.3
92,2024-11-21 04:46:29,12.0,44.5,0.3
93,2024-11-21 04:56:29,11.5,44.5,-0.2
94,2024-11-21 05:06:29,11.5,44.5,-0.2
95,2024-11-21 05:16:29,11.5,44.5,-0.2
96,2024-11-21 05:26:29,11.5,44.5,-0.2
97,2024-11-21 05:36:29,11.5,45.0,0.0
98,2024-11-21 05:46:29,11.5,44.5,-0.2
99,2024-11-21 05:56:29,12.0,45.0,0.5
100,2024-11-21 06:06:29,12.0,45.0,0.5
101,2024-11-21 06:16:29,12.0,44.5,0.3
102,2024-11-21 06:26:29,11.5,44.5,-0.2
103,2024-11-21 06:36:29,11.5,44.5,-0.2
104,2024-11-21 06:46:29,11.5,44.5,-0.2
105,2024-11-21 06:56:29,11.5,44.5,-0.2
106,2024-11-21 07:06:29,11.5,44.5,-0.2
107,2024-11-21 07:16:29,11.5,44.5,-0.2
108,2024-11-21 07:26:29,11.5,44.5,-0.2
109,2024-11-21 07:36:29,11.5,45.0,0.0
110,2024-11-21 07:46:29,11.5,45.0,0.0
111,2024-11-21 07:56:29,11.5,45.0,0.0
112,2024-11-21 08:06:29,11.5,45.0,0.0
113,2024-11-21 08:16:29,11.5,45.0,0.0
114,2024-11-21 08:26:29,11.5,45.0,0.0
115,2024-11-21 08:36:29,11.5,45.0,0.0
116,2024-11-21 08:46:29,11.5,45.0,0.0
117,2024-11-21 08:56:29,11.5,45.0,0.0
118,2024-11-21 09:06:29,11.5,45.0,0.0
119,2024-11-21 09:16:29,11.5,45.0,0.0
120,2024-11-21 09:26:29,11.5,45.5,0.1
121,2024-11-21 09:36:29,11.5,45.5,0.1
122,2024-11-21 09:46:29,11.5,45.5,0.1
123,2024-11-21 09:56:29,11.5,45.5,0.1
124,2024-11-21 10:06:29,11.5,45.5,0.1
125,2024-11-21 10:16:29,11.5,45.5,0.1
126,2024-11-21 10:26:29,11.5,45.5,0.1
127,2024-11-21 10:36:29,11.5,46.0,0.3
128,2024-11-21 10:46:29,11.5,46.0,0.3
129,2024-11-21 10:56:29,11.5,46.0,0.3
130,2024-11-21 11:06:29,12.0,46.0,0.8
131,2024-11-21 11:16:29,12.0,46.0,0.8
132,2024-11-21 11:26:29,12.0,46.0,0.8
133,2024-11-21 11:36:29,12.0,46.0,0.8
134,2024-11-21 11:46:29,12.0,49.0,1.6
135,2024-11-21 11:56:29,19.0,37.5,4.2
136,2024-11-21 12:06:29,16.0,42.5,3.3
137,2024-11-21 12:16:29,15.0,44.5,3.0
138,2024-11-21 12:26:29,15.0,45.0,3.2
139,2024-11-21 12:36:29,15.0,45.5,3.3
140,2024-11-21 12:46:29,15.0,45.5,3.3
141,2024-11-21 12:56:29,15.0,45.5,3.3
142,2024-11-21 13:06:29,15.0,46.0,3.5
143,2024-11-21 13:16:29,15.0,45.5,3.3
144,2024-11-21 13:26:29,15.5,45.5,3.8
145,2024-11-21 13:36:29,15.5,45.0,3.6
146,2024-11-21 13:46:29,15.5,45.0,3.6
147,2024-11-21 13:56:29,15.5,45.0,3.6
148,2024-11-21 14:06:29,15.5,45.0,3.6
149,2024-11-21 14:16:29,15.5,45.0,3.6
150,2024-11-21 14:26:29,15.5,45.0,3.6
151,2024-11-21 14:36:29,15.5,45.0,3.6
152,2024-11-21 14:46:29,15.5,44.0,3.3
153,2024-11-21 14:56:29,15.5,44.0,3.3
154,2024-11-21 15:06:29,15.5,43.5,3.2
155,2024-11-21 15:16:29,15.5,43.5,3.2
156,2024-11-21 15:26:29,15.5,43.5,3.2
157,2024-11-21 15:36:29,15.5,43.5,3.2
158,2024-11-21 15:46:29,15.5,43.5,3.2
159,2024-11-21 15:56:29,15.5,43.5,3.2
160,2024-11-21 16:06:29,15.5,43.5,3.2
161,2024-11-21 16:16:29,15.5,43.5,3.2
162,2024-11-21 16:26:29,15.5,43.5,3.2
163,2024-11-21 16:36:29,15.5,43.5,3.2
164,2024-11-21 16:46:29,15.5,43.5,3.2
165,2024-11-21 16:56:29,15.5,43.5,3.2
166,2024-11-21 17:06:29,15.5,43.5,3.2
167,2024-11-21 17:16:29,15.5,43.5,3.2
168,2024-11-21 17:26:29,15.5,43.5,3.2
169,2024-11-21 17:36:29,15.5,43.5,3.2
170,2024-11-21 17:46:29,15.5,43.5,3.2
171,2024-11-21 17:56:29,15.5,43.5,3.2
172,2024-11-21 18:06:29,15.5,43.5,3.2
173,2024-11-21 18:16:29,15.5,43.5,3.2
174,2024-11-21 18:26:29,15.5,43.5,3.2
175,2024-11-21 18:36:29,15.5,44.0,3.3
176,2024-11-21 18:46:29,15.5,44.0,3.3
177,2024-11-21 18:56:29,15.5,43.5,3.2
178,2024-11-21 19:06:29,15.5,43.5,3.2
179,2024-11-21 19:16:29,15.5,43.5,3.2
180,2024-11-21 19:26:29,15.5,43.5,3.2
181,2024-11-21 19:36:29,15.5,43.5,3.2
182,2024-11-21 19:46:29,15.0,43.5,2.7
183,2024-11-21 19:56:29,15.0,43.5,2.7
184,2024-11-21 20:06:29,15.0,43.5,2.7
185,2024-11-21 20:16:29,15.0,43.5,2.7
186,2024-11-21 20:26:29,15.0,43.5,2.7
187,2024-11-21 20:36:29,15.0,43.5,2.7
188,2024-11-21 20:46:29,15.0,43.5,2.7
189,2024-11-21 20:56:29,15.0,43.5,2.7
190,2024-11-21 21:06:29,15.0,43.5,2.7
191,2024-11-21 21:16:29,15.0,43.5,2.7
192,2024-11-21 21:26:29,15.0,43.5,2.7
193,2024-11-21 21:36:29,15.0,43.5,2.7
194,2024-11-21 21:46:29,15.0,43.5,2.7
195,2024-11-21 21:56:29,15.0,43.5,2.7
196,2024-11-21 22:06:29,15.0,43.5,2.7
197,2024-11-21 22:16:29,15.0,43.5,2.7
198,2024-11-21 22:26:29,15.0,43.5,2.7
199,2024-11-21 22:36:29,15.0,43.5,2.7
200,2024-11-21 22:46:29,15.0,43.5,2.7
201,2024-11-21 22:56:29,15.0,43.5,2.7
202,2024-11-21 23:06:29,14.5,43.5,2.2
203,2024-11-21 23:16:29,14.5,43.5,2.2
204,2024-11-21 23:26:29,14.5,43.5,2.2
205,2024-11-21 23:36:29,14.5,43.5,2.2
206,2024-11-21 23:46:29,14.5,43.5,2.2
207,2024-11-21 23:56:29,14.5,43.5,2.2
208,2024-11-22 00:06:29,14.5,43.5,2.2
209,2024-11-22 00:16:29,14.5,43.5,2.2
210,2024-11-22 00:26:29,14.5,43.5,2.2
211,2024-11-22 00:36:29,14.5,43.5,2.2
212,2024-11-22 00:46:29,14.5,43.5,2.2
213,2024-11-22 00:56:29,14.5,43.5,2.2
214,2024-11-22 01:06:29,14.5,43.5,2.2
215,2024-11-22 01:16:29,14.5,43.5,2.2
216,2024-11-22 01:26:29,14.5,43.5,2.2
217,2024-11-22 01:36:29,14.5,43.5,2.2
218,2024-11-22 01:46:29,14.5,43.5,2.2
219,2024-11-22 01:56:29,14.5,43.5,2.2
220,2024-11-22 02:06:29,14.5,43.5,2.2
221,2024-11-22 02:16:29,14.5,43.5,2.2
222,2024-11-22 02:26:29,14.5,43.5,2.2
223,2024-11-22 02:36:29,14.5,43.5,2.2
224,2024-11-22 02:46:29,14.5,43.5,2.2
225,2024-11-22 02:56:29,14.5,43.5,2.2
226,2024-11-22 03:06:29,14.0,43.0,1.6
227,2024-11-22 03:16:29,14.0,43.0,1.6
228,2024-11-22 03:26:29,14.0,43.0,1.6
229,2024-11-22 03:36:29,14.0,43.0,1.6
230,2024-11-22 03:46:29,14.0,43.0,1.6
231,2024-11-22 03:56:29,14.0,43.0,1.6
232,2024-11-22 04:06:29,14.0,43.0,1.6
233,2024-11-22 04:16:29,14.0,43.0,1.6
234,2024-11-22 04:26:29,14.0,43.0,1.6
235,2024-11-22 04:36:29,14.0,43.0,1.6
236,2024-11-22 04:46:29,14.0,43.0,1.6
237,2024-11-22 04:56:29,14.0,43.0,1.6
238,2024-11-22 05:06:29,14.0,43.0,1.6
239,2024-11-22 05:16:29,14.0,43.0,1.6
240,2024-11-22 05:26:29,14.0,43.0,1.6
241,2024-11-22 05:36:29,14.0,42.5,1.5
242,2024-11-22 05:46:29,14.0,42.5,1.5
243,2024-11-22 05:56:29,14.0,42.5,1.5
244,2024-11-22 06:06:29,14.0,42.5,1.5
245,2024-11-22 06:16:29,14.0,43.0,1.6
246,2024-11-22 06:26:29,14.0,42.5,1.5
247,2024-11-22 06:36:29,14.0,43.0,1.6
248,2024-11-22 06:46:29,14.0,44.0,2.0
249,2024-11-22 06:56:29,14.0,45.5,2.4
250,2024-11-22 07:06:29,14.0,44.5,2.1
251,2024-11-22 07:16:29,14.0,44.0,2.0
252,2024-11-22 07:26:29,14.0,43.5,1.8
253,2024-11-22 07:36:29,14.0,43.5,1.8
254,2024-11-22 07:46:29,14.0,43.0,1.6
255,2024-11-22 07:56:29,14.0,43.0,1.6
256,2024-11-22 08:06:29,14.0,43.0,1.6
257,2024-11-22 08:16:29,14.0,43.0,1.6
258,2024-11-22 08:26:29,14.0,43.0,1.6
259,2024-11-22 08:36:29,14.0,43.0,1.6
260,2024-11-22 08:46:29,14.0,43.5,1.8
261,2024-11-22 08:56:29,14.0,43.5,1.8
262,2024-11-22 09:06:29,14.0,43.5,1.8
263,2024-11-22 09:16:29,14.0,43.5,1.8
264,2024-11-22 09:26:29,14.0,43.5,1.8
265,2024-11-22 09:36:29,14.0,43.5,1.8
266,2024-11-22 09:46:29,14.0,43.5,1.8
267,2024-11-22 09:56:29,14.0,43.5,1.8
268,2024-11-22 10:06:29,14.5,43.5,2.2
269,2024-11-22 10:16:29,14.5,44.0,2.4
270,2024-11-22 10:26:29,14.5,44.0,2.4
271,2024-11-22 10:36:29,14.5,44.5,2.6
272,2024-11-22 10:46:29,14.5,44.5,2.6
273,2024-11-22 10:56:29,14.5,45.0,2.7
274,2024-11-22 11:06:29,14.5,45.0,2.7
275,2024-11-22 11:16:29,15.0,45.5,3.3
276,2024-11-22 11:26:29,15.0,45.5,3.3
277,2024-11-22 11:36:29,15.0,45.5,3.3
278,2024-11-22 11:46:29,15.0,45.5,3.3
279,2024-11-22 11:56:29,15.0,46.0,3.5
280,2024-11-22 12:06:29,15.0,46.0,3.5
281,2024-11-22 12:16:29,15.0,46.5,3.6
282,2024-11-22 12:26:29,15.5,47.0,4.2
283,2024-11-22 12:36:29,15.5,47.0,4.2
284,2024-11-22 12:46:29,15.5,47.0,4.2
285,2024-11-22 12:56:29,15.5,47.5,4.4
286,2024-11-22 13:06:29,16.0,47.5,4.9
287,2024-11-22 13:16:29,16.0,47.5,4.9
288,2024-11-22 13:26:29,16.0,47.5,4.9
289,2024-11-22 13:36:29,16.0,47.5,4.9
290,2024-11-22 13:46:29,16.0,47.5,4.9
291,2024-11-22 13:56:29,16.0,47.5,4.9
292,2024-11-22 14:06:29,16.0,47.0,4.7
293,2024-11-22 14:16:29,16.5,46.5,5.0
294,2024-11-22 14:26:29,16.5,46.0,4.9
295,2024-11-22 14:36:29,16.5,46.5,5.0
296,2024-11-22 14:46:29,16.5,46.0,4.9
297,2024-11-22 14:56:29,16.5,46.0,4.9
298,2024-11-22 15:06:29,16.5,46.0,4.9
299,2024-11-22 15:16:29,16.5,46.0,4.9
300,2024-11-22 15:26:29,16.5,46.0,4.9
301,2024-11-22 15:36:29,16.5,46.0,4.9
302,2024-11-22 15:46:29,16.5,45.5,4.7
303,2024-11-22 15:56:29,16.5,45.5,4.7
304,2024-11-22 16:06:29,16.5,45.5,4.7
305,2024-11-22 16:16:29,16.0,45.5,4.2
306,2024-11-22 16:26:29,16.5,45.0,4.5
307,2024-11-22 16:36:29,16.0,45.0,4.1
308,2024-11-22 16:46:29,16.0,45.0,4.1
309,2024-11-22 16:56:29,16.0,45.0,4.1
310,2024-11-22 17:06:29,16.0,45.5,4.2
311,2024-11-22 17:16:29,16.0,45.0,4.1
312,2024-11-22 17:26:29,16.0,45.0,4.1
313,2024-11-22 17:36:29,16.0,45.0,4.1
314,2024-11-22 17:46:29,16.0,45.0,4.1
315,2024-11-22 17:56:29,16.0,45.0,4.1
316,2024-11-22 18:06:29,16.0,45.0,4.1
317,2024-11-22 18:16:29,16.0,44.5,3.9
318,2024-11-22 18:26:29,16.0,44.5,3.9
319,2024-11-22 18:36:29,16.0,44.5,3.9
320,2024-11-22 18:46:29,16.0,44.5,3.9
321,2024-11-22 18:56:29,16.0,44.5,3.9
322,2024-11-22 19:06:29,16.0,44.5,3.9
323,2024-11-22 19:16:29,16.0,44.5,3.9
324,2024-11-22 19:26:29,16.0,44.5,3.9
325,2024-11-22 19:36:29,16.0,44.5,3.9
326,2024-11-22 19:46:29,16.0,44.5,3.9
327,2024-11-22 19:56:29,16.0,44.5,3.9
328,2024-11-22 20:06:29,16.0,44.5,3.9
329,2024-11-22 20:16:29,16.0,44.5,3.9
330,2024-11-22 20:26:29,16.0,44.0,3.8
331,2024-11-22 20:36:29,16.0,44.0,3.8
332,2024-11-22 20:46:29,15.5,44.0,3.3
333,2024-11-22 20:56:29,15.5,43.5,3.2
334,2024-11-22 21:06:29,15.5,44.0,3.3
335,2024-11-22 21:16:29,15.5,43.5,3.2
336,2024-11-22 21:26:29,15.5,43.5,3.2
337,2024-11-22 21:36:29,15.5,43.5,3.2
338,2024-11-22 21:46:29,15.5,43.5,3.2
339,2024-11-22 21:56:29,15.5,43.5,3.2
340,2024-11-22 22:06:29,15.5,43.5,3.2
341,2024-11-22 22:16:29,15.5,43.5,3.2
342,2024-11-22 22:26:29,15.5,43.5,3.2
343,2024-11-22 22:36:29,15.5,43.5,3.2
344,2024-11-22 22:46:29,15.5,43.5,3.2
345,2024-11-22 22:56:29,15.0,43.5,2.7
346,2024-11-22 23:06:29,15.0,43.5,2.7
347,2024-11-22 23:16:29,15.0,43.5,2.7
348,2024-11-22 23:26:29,15.0,43.5,2.7
349,2024-11-22 23:36:29,15.0,43.5,2.7
350,2024-11-22 23:46:29,15.0,43.5,2.7
351,2024-11-22 23:56:29,15.0,43.5,2.7
352,2024-11-23 00:06:29,15.0,43.5,2.7
353,2024-11-23 00:16:29,15.0,43.5,2.7
354,2024-11-23 00:26:29,15.0,43.5,2.7
355,2024-11-23 00:36:29,15.0,43.5,2.7
356,2024-11-23 00:46:29,15.0,43.5,2.7
357,2024-11-23 00:56:29,15.0,43.5,2.7
358,2024-11-23 01:06:29,15.0,43.5,2.7
359,2024-11-23 01:16:29,15.0,43.5,2.7
360,2024-11-23 01:26:29,15.0,43.5,2.7
361,2024-11-23 01:36:29,15.0,43.5,2.7
362,2024-11-23 01:46:29,15.0,43.5,2.7
363,2024-11-23 01:56:29,15.0,43.5,2.7
364,2024-11-23 02:06:29,15.0,43.5,2.7
365,2024-11-23 02:16:29,15.0,43.5,2.7
366,2024-11-23 02:26:29,15.0,43.5,2.7
367,2024-11-23 02:36:29,15.0,43.5,2.7
368,2024-11-23 02:46:29,15.0,43.5,2.7
369,2024-11-23 02:56:29,15.0,43.5,2.7
370,2024-11-23 03:06:29,15.0,43.5,2.7
371,2024-11-23 03:16:29,15.0,43.5,2.7
372,2024-11-23 03:26:29,15.0,43.5,2.7
373,2024-11-23 03:36:29,15.0,43.5,2.7
374,2024-11-23 03:46:29,14.5,43.5,2.2
375,2024-11-23 03:56:29,14.5,43.5,2.2
376,2024-11-23 04:06:29,14.5,43.5,2.2
377,2024-11-23 04:16:29,14.5,44.0,2.4
378,2024-11-23 04:26:29,14.5,44.0,2.4
379,2024-11-23 04:36:29,14.5,44.0,2.4
380,2024-11-23 04:46:29,14.5,44.0,2.4
381,2024-11-23 04:56:29,14.5,44.0,2.4
382,2024-11-23 05:06:29,14.5,44.0,2.4
383,2024-11-23 05:16:29,14.5,44.0,2.4
384,2024-11-23 05:26:29,14.5,44.0,2.4
385,2024-11-23 05:36:29,14.5,44.0,2.4
386,2024-11-23 05:46:29,14.5,44.0,2.4
387,2024-11-23 05:56:29,14.5,44.0,2.4
388,2024-11-23 06:06:29,14.5,44.5,2.6
389,2024-11-23 06:16:29,14.5,46.0,3.0
390,2024-11-23 06:26:29,14.5,47.0,3.3
391,2024-11-23 06:36:29,14.5,47.0,3.3
392,2024-11-23 06:46:29,14.5,46.5,3.2
393,2024-11-23 06:56:29,14.5,46.5,3.2
394,2024-11-23 07:06:29,14.5,46.0,3.0
395,2024-11-23 07:16:29,14.5,46.0,3.0
396,2024-11-23 07:26:29,14.5,46.0,3.0
397,2024-11-23 07:36:29,14.5,45.5,2.9
398,2024-11-23 07:46:29,14.5,45.5,2.9
399,2024-11-23 07:56:29,14.5,45.5,2.9
400,2024-11-23 08:06:29,14.5,45.5,2.9
401,2024-11-23 08:16:29,14.5,45.5,2.9
402,2024-11-23 08:26:29,14.5,45.5,2.9
403,2024-11-23 08:36:29,14.5,45.5,2.9
404,2024-11-23 08:46:29,14.5,45.5,2.9
405,2024-11-23 08:56:29,14.5,45.5,2.9
406,2024-11-23 09:06:29,14.0,45.5,2.4
407,2024-11-23 09:16:29,14.0,46.0,2.6
408,2024-11-23 09:26:29,14.0,46.0,2.6
409,2024-11-23 09:36:29,14.0,46.0,2.6
410,2024-11-23 09:46:29,14.0,46.0,2.6
411,2024-11-23 09:56:29,14.0,46.0,2.6
412,2024-11-23 10:06:29,14.0,46.0,2.6
413,2024-11-23 10:16:29,14.5,46.0,3.0
414,2024-11-23 10:26:29,14.5,46.0,3.0
415,2024-11-23 10:36:29,14.5,46.0,3.0
416,2024-11-23 10:46:29,14.5,46.0,3.0
417,2024-11-23 10:56:29,14.5,46.5,3.2
418,2024-11-23 11:06:29,14.5,46.5,3.2
419,2024-11-23 11:16:29,14.5,46.5,3.2
420,2024-11-23 11:26:29,14.5,46.5,3.2
421,2024-11-23 11:36:29,14.5,46.5,3.2
422,2024-11-23 11:46:29,14.5,46.5,3.2
423,2024-11-23 11:56:29,14.5,46.5,3.2
424,2024-11-23 12:06:29,14.5,46.5,3.2
425,2024-11-23 12:16:29,15.0,47.0,3.8
426,2024-11-23 12:26:29,15.0,47.5,3.9
427,2024-11-23 12:36:29,15.0,48.0,4.1
428,2024-11-23 12:46:29,15.0,48.0,4.1
429,2024-11-23 12:56:29,15.0,48.0,4.1
430,2024-11-23 13:06:29,15.0,48.5,4.2
431,2024-11-23 13:16:29,15.0,48.0,4.1
432,2024-11-23 13:26:29,15.0,48.0,4.1
433,2024-11-23 13:36:29,15.0,48.0,4.1
434,2024-11-23 13:46:29,15.0,48.0,4.1
435,2024-11-23 13:56:29,15.0,47.5,3.9
436,2024-11-23 14:06:29,15.0,47.5,3.9
437,2024-11-23 14:16:29,15.0,47.5,3.9
438,2024-11-23 14:26:29,15.0,47.5,3.9
439,2024-11-23 14:36:29,15.0,47.0,3.8
440,2024-11-23 14:46:29,15.0,47.0,3.8
441,2024-11-23 14:56:29,15.0,47.0,3.8
442,2024-11-23 15:06:29,15.0,47.0,3.8
443,2024-11-23 15:16:29,15.0,47.0,3.8
444,2024-11-23 15:26:29,15.0,47.0,3.8
445,2024-11-23 15:36:29,15.0,46.5,3.6
446,2024-11-23 15:46:29,15.0,46.5,3.6
447,2024-11-23 15:56:29,15.0,46.5,3.6
448,2024-11-23 16:06:29,15.0,47.0,3.8
449,2024-11-23 16:16:29,15.0,46.5,3.6
450,2024-11-23 16:26:29,15.0,46.5,3.6
451,2024-11-23 16:36:29,14.5,46.5,3.2
452,2024-11-23 16:46:29,14.5,47.0,3.3
453,2024-11-23 16:56:29,14.5,47.0,3.3
454,2024-11-23 17:06:29,14.5,47.0,3.3
455,2024-11-23 17:16:29,14.5,47.0,3.3
456,2024-11-23 17:26:29,14.5,47.0,3.3
457,2024-11-23 17:36:29,14.5,47.0,3.3
458,2024-11-23 17:46:29,14.5,47.0,3.3
459,2024-11-23 17:56:29,14.5,47.0,3.3
460,2024-11-23 18:06:29,14.5,47.0,3.3
461,2024-11-23 18:16:29,14.5,47.0,3.3
462,2024-11-23 18:26:29,14.5,47.0,3.3
463,2024-11-23 18:36:29,14.5,47.0,3.3
464,2024-11-23 18:46:29,14.5,47.0,3.3
465,2024-11-23 18:56:29,14.5,47.5,3.5
466,2024-11-23 19:06:29,14.5,47.5,3.5
467,2024-11-23 19:16:29,14.5,47.0,3.3
468,2024-11-23 19:26:29,14.5,47.5,3.5
469,2024-11-23 19:36:29,14.5,48.5,3.8
470,2024-11-23 19:46:29,14.5,48.0,3.6
471,2024-11-23 19:56:29,14.5,48.0,3.6
472,2024-11-23 20:06:29,14.5,48.0,3.6
473,2024-11-23 20:16:29,14.5,48.0,3.6
474,2024-11-23 20:26:29,14.5,48.0,3.6
475,2024-11-23 20:36:29,14.5,48.0,3.6
476,2024-11-23 20:46:29,14.5,48.0,3.6
477,2024-11-23 20:56:29,14.5,48.0,3.6
478,2024-11-23 21:06:29,14.5,48.0,3.6
479,2024-11-23 21:16:29,14.5,48.0,3.6
480,2024-11-23 21:26:29,14.5,48.0,3.6
481,2024-11-23 21:36:29,14.5,48.5,3.8
482,2024-11-23 21:46:29,14.5,48.5,3.8
483,2024-11-23 21:56:29,14.5,48.5,3.8
484,2024-11-23 22:06:29,14.5,49.0,3.9
485,2024-11-23 22:16:29,14.5,49.0,3.9
486,2024-11-23 22:26:29,14.5,49.5,4.1
487,2024-11-23 22:36:29,14.5,49.5,4.1
488,2024-11-23 22:46:29,14.5,50.0,4.2
489,2024-11-23 22:56:29,14.5,50.5,4.4
490,2024-11-23 23:06:29,14.5,50.5,4.4
491,2024-11-23 23:16:29,15.0,51.5,5.1
492,2024-11-23 23:26:29,15.0,51.0,5.0
493,2024-11-23 23:36:29,15.0,51.5,5.1
494,2024-11-23 23:46:29,15.0,52.0,5.2
495,2024-11-23 23:56:29,15.0,52.5,5.4
496,2024-11-24 00:06:29,15.0,53.0,5.5
497,2024-11-24 00:16:29,15.0,53.5,5.6
498,2024-11-24 00:26:29,15.0,53.5,5.6
499,2024-11-24 00:36:29,15.0,53.5,5.6
500,2024-11-24 00:46:29,15.0,54.0,5.8
501,2024-11-24 00:56:29,15.0,54.5,5.9
502,2024-11-24 01:06:29,15.0,55.5,6.2
503,2024-11-24 01:16:29,15.0,55.5,6.2
504,2024-11-24 01:26:29,15.0,56.0,6.3
505,2024-11-24 01:36:29,15.5,56.0,6.8
506,2024-11-24 01:46:29,15.5,56.5,6.9
507,2024-11-24 01:56:29,15.5,57.0,7.0
508,2024-11-24 02:06:29,15.5,57.0,7.0
509,2024-11-24 02:16:29,15.5,57.0,7.0
510,2024-11-24 02:26:29,15.5,57.0,7.0
511,2024-11-24 02:36:29,15.5,57.0,7.0
512,2024-11-24 02:46:29,15.5,57.5,7.2
513,2024-11-24 02:56:29,15.5,58.0,7.3
514,2024-11-24 03:06:29,15.5,58.0,7.3
515,2024-11-24 03:16:29,15.5,58.0,7.3
516,2024-11-24 03:26:29,15.5,58.0,7.3
517,2024-11-24 03:36:29,15.5,58.0,7.3
518,2024-11-24 03:46:29,15.5,58.0,7.3
519,2024-11-24 03:56:29,15.5,58.0,7.3
520,2024-11-24 04:06:29,15.5,58.0,7.3
521,2024-11-24 04:16:29,16.0,58.0,7.7
522,2024-11-24 04:26:29,16.0,58.0,7.7
523,2024-11-24 04:36:29,16.0,58.0,7.7
524,2024-11-24 04:46:29,16.0,57.5,7.6
525,2024-11-24 04:56:29,16.0,58.0,7.7
526,2024-11-24 05:06:29,16.0,57.5,7.6
527,2024-11-24 05:16:29,16.0,57.5,7.6
528,2024-11-24 05:26:29,16.0,57.5,7.6
529,2024-11-24 05:36:29,16.0,57.0,7.5
530,2024-11-24 05:46:29,16.0,56.5,7.4
531,2024-11-24 05:56:29,16.0,56.5,7.4
532,2024-11-24 06:06:29,16.0,56.5,7.4
533,2024-11-24 06:16:29,16.0,56.0,7.2
534,2024-11-24 06:26:29,16.0,56.0,7.2
535,2024-11-24 06:36:29,16.0,56.0,7.2
536,2024-11-24 06:46:29,16.0,55.5,7.1
537,2024-11-24 06:56:29,16.0,55.5,7.1
538,2024-11-24 07:06:29,16.0,55.5,7.1
539,2024-11-24 07:16:29,16.0,55.5,7.1
540,2024-11-24 07:26:29,16.0,55.0,7.0
541,2024-11-24 07:36:29,16.0,55.0,7.0
542,2024-11-24 07:46:29,16.0,55.0,7.0
543,2024-11-24 07:56:29,16.0,55.0,7.0
544,2024-11-24 08:06:29,16.0,55.0,7.0
545,2024-11-24 08:16:29,16.0,55.0,7.0
546,2024-11-24 08:26:29,16.0,55.0,7.0
547,2024-11-24 08:36:29,16.0,54.5,6.8
548,2024-11-24 08:46:29,15.5,54.5,6.4
549,2024-11-24 08:56:29,16.0,54.5,6.8
550,2024-11-24 09:06:29,15.5,54.5,6.4
551,2024-11-24 09:16:29,15.5,54.5,6.4
552,2024-11-24 09:26:29,15.5,54.5,6.4
553,2024-11-24 09:36:29,15.5,54.0,6.2
554,2024-11-24 09:46:29,15.5,54.0,6.2
555,2024-11-24 09:56:29,15.5,54.0,6.2
556,2024-11-24 10:06:29,16.0,54.0,6.7
557,2024-11-24 10:16:29,16.0,54.0,6.7
558,2024-11-24 10:26:29,16.0,54.0,6.7
559,2024-11-24 10:36:29,16.0,53.5,6.6
560,2024-11-24 10:46:29,16.0,53.5,6.6
561,2024-11-24 10:56:29,16.0,54.0,6.7
562,2024-11-24 11:06:29,16.0,53.5,6.6
563,2024-11-24 11:16:29,16.0,53.5,6.6
564,2024-11-24 11:26:29,16.0,54.0,6.7
565,2024-11-24 11:36:29,16.0,54.0,6.7
566,2024-11-24 11:46:29,16.0,54.0,6.7
567,2024-11-24 11:56:29,16.0,54.5,6.8
568,2024-11-24 12:06:29,16.0,54.5,6.8
569,2024-11-24 12:16:29,16.0,55.0,7.0
570,2024-11-24 12:26:29,16.5,54.5,7.3
571,2024-11-24 12:36:29,16.5,54.5,7.3
572,2024-11-24 12:46:29,16.5,54.5,7.3
573,2024-11-24 12:56:29,17.0,54.5,7.8
574,2024-11-24 13:06:29,17.0,54.0,7.6
575,2024-11-24 13:16:29,17.0,53.5,7.5
576,2024-11-24 13:26:29,17.5,53.5,8.0
577,2024-11-24 13:36:29,17.5,53.0,7.8
578,2024-11-24 13:46:29,17.5,53.0,7.8
579,2024-11-24 13:56:29,17.5,52.5,7.7
580,2024-11-24 14:06:29,17.5,53.0,7.8
581,2024-11-24 14:16:29,17.5,52.5,7.7
582,2024-11-24 14:26:29,17.5,52.5,7.7
583,2024-11-24 14:36:29,17.5,52.5,7.7
584,2024-11-24 14:46:29,17.5,52.0,7.5
585,2024-11-24 14:56:29,17.5,52.0,7.5
586,2024-11-24 15:06:29,17.5,52.0,7.5
587,2024-11-24 15:16:29,17.0,52.0,7.1
588,2024-11-24 15:26:29,17.0,52.0,7.1
589,2024-11-24 15:36:29,17.0,52.0,7.1
590,2024-11-24 15:46:29,17.0,52.0,7.1
591,2024-11-24 15:56:29,17.0,52.0,7.1
592,2024-11-24 16:06:29,17.0,52.0,7.1
593,2024-11-24 16:16:29,17.0,52.0,7.1
594,2024-11-24 16:26:29,17.0,52.0,7.1
595,2024-11-24 16:36:29,17.0,52.0,7.1
596,2024-11-24 16:46:29,16.5,52.0,6.6
597,2024-11-24 16:56:29,16.5,52.0,6.6
598,2024-11-24 17:06:29,16.5,52.0,6.6
599,2024-11-24 17:16:29,16.5,52.0,6.6
600,2024-11-24 17:26:29,16.5,51.5,6.5
601,2024-11-24 17:36:29,16.5,52.0,6.6
602,2024-11-24 17:46:29,16.5,51.5,6.5
603,2024-11-24 17:56:29,16.5,51.5,6.5
604,2024-11-24 18:06:29,16.5,51.0,6.3
605,2024-11-24 18:16:29,16.5,49.5,5.9
606,2024-11-24 18:26:29,16.5,49.5,5.9
607,2024-11-24 18:36:29,16.5,50.5,6.2
608,2024-11-24 18:46:29,16.5,50.5,6.2
609,2024-11-24 18:56:29,17.0,51.5,6.9
610,2024-11-24 19:06:29,17.0,51.0,6.8
611,2024-11-24 19:16:29,17.0,49.0,6.2
612,2024-11-24 19:26:29,16.5,49.5,5.9
613,2024-11-24 19:36:29,17.0,50.5,6.7
614,2024-11-24 19:46:29,17.0,50.5,6.7
615,2024-11-24 19:56:29,17.0,49.5,6.4
616,2024-11-24 20:06:29,16.5,50.5,6.2
617,2024-11-24 20:16:29,16.5,51.0,6.3
618,2024-11-24 20:26:29,16.5,51.0,6.3
619,2024-11-24 20:36:29,16.5,51.5,6.5
620,2024-11-24 20:46:29,16.5,51.5,6.5
621,2024-11-24 20:56:29,16.5,52.0,6.6
622,2024-11-24 21:06:29,16.0,52.0,6.2
623,2024-11-24 21:16:29,16.0,52.5,6.3
624,2024-11-24 21:26:29,16.0,52.5,6.3
625,2024-11-24 21:36:29,16.0,53.0,6.4
626,2024-11-24 21:46:29,16.0,53.0,6.4
627,2024-11-24 21:56:29,15.5,53.5,6.1
628,2024-11-24 22:06:29,15.5,54.0,6.2
629,2024-11-24 22:16:29,15.5,54.0,6.2
630,2024-11-24 22:26:29,15.5,54.0,6.2
631,2024-11-24 22:36:29,15.5,54.5,6.4
632,2024-11-24 22:46:29,15.5,54.5,6.4
633,2024-11-24 22:56:29,15.0,54.5,5.9
634,2024-11-24 23:06:29,15.0,55.0,6.0
635,2024-11-24 23:16:29,15.0,55.0,6.0
636,2024-11-24 23:26:29,15.0,55.5,6.2
637,2024-11-24 23:36:29,15.0,55.5,6.2
638,2024-11-24 23:46:29,15.0,56.0,6.3
639,2024-11-24 23:56:29,15.0,56.0,6.3
640,2024-11-25 00:06:29,15.0,56.0,6.3
641,2024-11-25 00:16:29,15.0,56.5,6.4
642,2024-11-25 00:26:29,14.5,56.5,6.0
643,2024-11-25 00:36:29,14.5,56.5,6.0
644,2024-11-25 00:46:29,14.5,56.5,6.0
645,2024-11-25 00:56:29,14.5,56.5,6.0
646,2024-11-25 01:06:29,14.5,56.5,6.0
647,2024-11-25 01:16:29,14.5,56.5,6.0
648,2024-11-25 01:26:29,14.5,56.5,6.0
649,2024-11-25 01:36:29,14.5,56.5,6.0
650,2024-11-25 01:46:29,14.5,56.5,6.0
651,2024-11-25 01:56:29,14.5,56.5,6.0
652,2024-11-25 02:06:29,14.5,56.5,6.0
653,2024-11-25 02:16:29,14.5,56.5,6.0
654,2024-11-25 02:26:29,14.5,56.5,6.0
655,2024-11-25 02:36:29,14.0,56.5,5.5
656,2024-11-25 02:46:29,14.0,56.5,5.5
657,2024-11-25 02:56:29,14.0,57.0,5.6
658,2024-11-25 03:06:29,14.0,57.0,5.6
659,2024-11-25 03:16:29,14.0,57.0,5.6
660,2024-11-25 03:26:29,14.0,57.0,5.6
661,2024-11-25 03:36:29,14.0,57.0,5.6
662,2024-11-25 03:46:29,14.0,57.0,5.6
663,2024-11-25 03:56:29,14.0,57.0,5.6
664,2024-11-25 04:06:29,14.0,57.0,5.6
665,2024-11-25 04:16:29,14.0,57.0,5.6
666,2024-11-25 04:26:29,14.0,57.0,5.6
667,2024-11-25 04:36:29,14.0,57.0,5.6
668,2024-11-25 04:46:29,14.0,57.0,5.6
669,2024-11-25 04:56:29,14.0,57.0,5.6
670,2024-11-25 05:06:29,14.0,57.5,5.8
671,2024-11-25 05:16:29,14.0,57.5,5.8
672,2024-11-25 05:26:29,14.0,57.5,5.8
673,2024-11-25 05:36:29,14.0,57.5,5.8
674,2024-11-25 05:46:29,13.5,58.0,5.4
675,2024-11-25 05:56:29,13.5,58.0,5.4
676,2024-11-25 06:06:29,13.5,58.0,5.4
677,2024-11-25 06:16:29,13.5,58.0,5.4
678,2024-11-25 06:26:29,13.5,58.0,5.4
679,2024-11-25 06:36:29,13.5,58.0,5.4
680,2024-11-25 06:46:29,14.0,58.0,5.9
681,2024-11-25 06:56:29,13.5,58.0,5.4
682,2024-11-25 07:06:29,14.0,58.0,5.9
683,2024-11-25 07:16:29,14.0,58.5,6.0
684,2024-11-25 07:26:29,14.0,58.5,6.0
685,2024-11-25 07:36:29,13.5,60.0,5.9
686,2024-11-25 07:46:29,13.5,60.0,5.9
687,2024-11-25 07:56:29,13.5,60.0,5.9
688,2024-11-25 08:06:29,13.5,59.5,5.8
689,2024-11-25 08:16:29,13.5,59.5,5.8
690,2024-11-25 08:26:29,13.5,59.5,5.8
691,2024-11-25 08:36:29,13.5,59.0,5.7
692,2024-11-25 08:46:29,13.5,59.0,5.7
693,2024-11-25 08:56:29,13.5,59.0,5.7
694,2024-11-25 09:06:29,13.5,59.0,5.7
695,2024-11-25 09:16:29,13.5,59.0,5.7
696,2024-11-25 09:26:29,13.5,58.5,5.5
697,2024-11-25 09:36:29,14.0,58.5,6.0
698,2024-11-25 09:46:29,14.0,58.0,5.9
699,2024-11-25 09:56:29,14.0,57.5,5.8
700,2024-11-25 10:06:29,14.5,57.5,6.2
701,2024-11-25 10:16:29,14.5,57.0,6.1
702,2024-11-25 10:26:29,14.5,57.0,6.1
703,2024-11-25 10:36:29,14.5,56.5,6.0
704,2024-11-25 10:46:29,14.5,56.5,6.0
705,2024-11-25 10:56:29,15.0,56.0,6.3
706,2024-11-25 11:06:29,15.0,56.0,6.3
707,2024-11-25 11:16:29,15.0,56.0,6.3
708,2024-11-25 11:26:29,15.0,56.0,6.3
709,2024-11-25 11:36:29,15.5,56.0,6.8
710,2024-11-25 11:46:29,15.5,55.5,6.6
711,2024-11-25 11:56:29,15.5,55.5,6.6
712,2024-11-25 12:06:29,16.0,55.0,7.0
713,2024-11-25 12:16:29,16.0,55.0,7.0
714,2024-11-25 12:26:29,16.0,55.0,7.0
715,2024-11-25 12:36:29,16.0,54.5,6.8
716,2024-11-25 12:46:29,16.5,54.0,7.2
717,2024-11-25 12:56:29,16.5,54.0,7.2
718,2024-11-25 13:06:29,16.5,54.5,7.3
719,2024-11-25 13:16:29,16.5,54.0,7.2
720,2024-11-25 13:26:29,17.0,54.5,7.8
721,2024-11-25 13:36:29,17.0,54.5,7.8
722,2024-11-25 13:46:29,17.0,55.0,7.9
723,2024-11-25 13:56:29,17.0,54.5,7.8
724,2024-11-25 14:06:29,17.0,54.5,7.8
725,2024-11-25 14:16:29,17.0,54.0,7.6
726,2024-11-25 14:26:29,17.5,54.0,8.1
727,2024-11-25 14:36:29,17.5,54.0,8.1
728,2024-11-25 14:46:29,17.5,53.0,7.8
729,2024-11-25 14:56:29,17.5,53.0,7.8
730,2024-11-25 15:06:29,17.5,52.5,7.7
731,2024-11-25 15:16:29,17.5,52.5,7.7
732,2024-11-25 15:26:29,17.5,52.0,7.5
733,2024-11-25 15:36:29,17.5,52.0,7.5
734,2024-11-25 15:46:29,17.5,51.0,7.3
735,2024-11-25 15:56:29,17.5,51.5,7.4
736,2024-11-25 16:06:29,17.5,51.5,7.4
737,2024-11-25 16:16:29,17.5,51.5,7.4
738,2024-11-25 16:26:29,17.5,51.5,7.4
739,2024-11-25 16:36:29,17.5,51.5,7.4
740,2024-11-25 16:46:29,17.0,51.5,6.9
741,2024-11-25 16:56:29,17.0,51.5,6.9
742,2024-11-25 17:06:29,17.0,51.5,6.9
743,2024-11-25 17:16:29,17.0,51.5,6.9
744,2024-11-25 17:26:29,17.0,52.0,7.1
745,2024-11-25 17:36:29,17.0,52.0,7.1
746,2024-11-25 17:46:29,17.0,52.0,7.1
747,2024-11-25 17:56:29,17.0,52.0,7.1
748,2024-11-25 18:06:29,17.5,52.0,7.5
749,2024-11-25 18:16:29,17.5,51.5,7.4
750,2024-11-25 18:26:29,17.5,51.5,7.4
751,2024-11-25 18:36:29,18.0,51.0,7.7
752,2024-11-25 18:46:29,18.0,51.0,7.7
753,2024-11-25 18:56:29,18.0,51.0,7.7
754,2024-11-25 19:06:29,18.0,50.5,7.6
755,2024-11-25 19:16:29,18.5,50.0,7.9
756,2024-11-25 19:26:29,18.5,50.0,7.9
757,2024-11-25 19:36:29,18.0,50.0,7.4
758,2024-11-25 19:46:29,18.0,49.5,7.3
759,2024-11-25 19:56:29,18.0,49.5,7.3
760,2024-11-25 20:06:29,18.0,49.5,7.3
761,2024-11-25 20:16:29,18.0,49.5,7.3
762,2024-11-25 20:26:29,18.0,49.5,7.3
763,2024-11-25 20:36:29,18.0,49.5,7.3
764,2024-11-25 20:46:29,18.0,49.5,7.3
765,2024-11-25 20:56:29,18.0,49.5,7.3
766,2024-11-25 21:06:29,17.5,49.5,6.8
767,2024-11-25 21:16:29,17.5,49.5,6.8
768,2024-11-25 21:26:29,17.5,50.0,7.0
769,2024-11-25 21:36:29,17.0,50.0,6.5
770,2024-11-25 21:46:29,17.0,50.5,6.7
771,2024-11-25 21:56:29,17.0,50.5,6.7
772,2024-11-25 22:06:29,16.5,50.5,6.2
773,2024-11-25 22:16:29,16.5,51.0,6.3
774,2024-11-25 22:26:29,16.5,51.0,6.3
775,2024-11-25 22:36:29,16.0,51.5,6.0
776,2024-11-25 22:46:29,16.0,51.5,6.0
777,2024-11-25 22:56:29,16.0,51.5,6.0
778,2024-11-25 23:06:29,16.0,52.0,6.2
779,2024-11-25 23:16:29,15.5,52.0,5.7
780,2024-11-25 23:26:29,15.5,52.0,5.7
781,2024-11-25 23:36:29,15.5,52.0,5.7
782,2024-11-25 23:46:29,15.5,52.0,5.7
783,2024-11-25 23:56:29,15.5,52.5,5.8
784,2024-11-26 00:06:29,15.0,52.5,5.4
785,2024-11-26 00:16:29,15.0,52.5,5.4
786,2024-11-26 00:26:29,15.0,52.5,5.4
787,2024-11-26 00:36:29,15.0,52.5,5.4
788,2024-11-26 00:46:29,15.0,53.0,5.5
789,2024-11-26 00:56:29,15.0,53.0,5.5
790,2024-11-26 01:06:29,15.0,53.0,5.5
791,2024-11-26 01:16:29,15.0,53.0,5.5
792,2024-11-26 01:26:29,14.5,53.0,5.0
793,2024-11-26 01:36:29,14.5,53.5,5.2
794,2024-11-26 01:46:29,14.5,53.5,5.2
795,2024-11-26 01:56:29,14.5,53.5,5.2
796,2024-11-26 02:06:29,14.5,53.5,5.2
797,2024-11-26 02:16:29,14.5,53.5,5.2
798,2024-11-26 02:26:29,14.5,53.5,5.2
799,2024-11-26 02:36:29,14.5,54.0,5.3
800,2024-11-26 02:46:29,14.5,54.0,5.3
801,2024-11-26 02:56:29,14.0,54.0,4.9
802,2024-11-26 03:06:29,14.0,54.0,4.9
803,2024-11-26 03:16:29,14.0,54.0,4.9
804,2024-11-26 03:26:29,14.0,54.5,5.0
805,2024-11-26 03:36:29,14.0,54.5,5.0
806,2024-11-26 03:46:29,14.0,54.5,5.0
807,2024-11-26 03:56:29,14.0,54.5,5.0
808,2024-11-26 04:06:29,14.0,54.5,5.0
809,2024-11-26 04:16:29,14.0,55.0,5.1
810,2024-11-26 04:26:29,14.0,55.0,5.1
811,2024-11-26 04:36:29,14.0,55.0,5.1
812,2024-11-26 04:46:29,14.0,55.0,5.1
813,2024-11-26 04:56:29,14.0,55.0,5.1
814,2024-11-26 05:06:29,14.0,55.0,5.1
815,2024-11-26 05:16:29,14.0,55.0,5.1
816,2024-11-26 05:26:29,14.0,55.0,5.1
817,2024-11-26 05:36:29,13.5,55.5,4.8
818,2024-11-26 05:46:29,13.5,55.5,4.8
819,2024-11-26 05:56:29,13.5,55.5,4.8
820,2024-11-26 06:06:29,13.5,55.5,4.8
821,2024-11-26 06:16:29,13.5,55.5,4.8
822,2024-11-26 06:26:29,13.5,55.5,4.8
823,2024-11-26 06:36:29,13.5,55.5,4.8
824,2024-11-26 06:46:29,13.5,55.5,4.8
825,2024-11-26 06:56:29,13.5,55.5,4.8
826,2024-11-26 07:06:29,13.5,55.5,4.8
827,2024-11-26 07:16:29,13.5,56.5,5.0
828,2024-11-26 07:26:29,13.5,56.5,5.0
829,2024-11-26 07:36:29,13.5,56.5,5.0
830,2024-11-26 07:46:29,13.5,56.5,5.0
831,2024-11-26 07:56:29,13.5,56.5,5.0
832,2024-11-26 08:06:29,13.5,56.0,4.9
833,2024-11-26 08:16:29,13.5,56.0,4.9
834,2024-11-26 08:26:29,13.5,56.0,4.9
835,2024-11-26 08:36:29,13.5,56.0,4.9
836,2024-11-26 08:46:29,13.5,56.0,4.9
837,2024-11-26 08:56:29,13.5,56.0,4.9
838,2024-11-26 09:06:29,13.5,56.0,4.9
839,2024-11-26 09:16:29,13.5,56.0,4.9
840,2024-11-26 09:26:29,13.5,55.5,4.8
841,2024-11-26 09:36:29,13.5,55.5,4.8
842,2024-11-26 09:46:29,14.0,55.5,5.2
843,2024-11-26 09:56:29,14.0,55.0,5.1
844,2024-11-26 10:06:29,14.0,54.5,5.0
845,2024-11-26 10:16:29,14.5,54.5,5.4
846,2024-11-26 10:26:29,14.5,54.5,5.4
847,2024-11-26 10:36:29,14.5,54.0,5.3
848,2024-11-26 10:46:29,14.5,54.5,5.4
849,2024-11-26 10:56:29,15.0,54.0,5.8
850,2024-11-26 11:06:29,15.0,54.0,5.8
851,2024-11-26 11:16:29,15.0,54.0,5.8
852,2024-11-26 11:26:29,15.0,54.0,5.8
853,2024-11-26 11:36:29,15.5,54.0,6.2
854,2024-11-26 11:46:29,15.5,54.0,6.2
855,2024-11-26 11:56:29,15.5,54.0,6.2
856,2024-11-26 12:06:29,16.0,54.0,6.7
857,2024-11-26 12:16:29,16.0,54.0,6.7
858,2024-11-26 12:26:29,16.0,54.0,6.7
859,2024-11-26 12:36:29,16.5,54.0,7.2
860,2024-11-26 12:46:29,16.5,54.0,7.2
861,2024-11-26 12:56:29,16.5,53.5,7.0
862,2024-11-26 13:06:29,16.5,53.5,7.0
863,2024-11-26 13:16:29,16.5,53.5,7.0
864,2024-11-26 13:26:29,17.0,53.0,7.4
865,2024-11-26 13:36:29,17.0,53.0,7.4
866,2024-11-26 13:46:29,17.0,53.0,7.4
867,2024-11-26 13:56:29,17.0,53.0,7.4
868,2024-11-26 14:06:29,17.0,53.0,7.4
869,2024-11-26 14:16:29,17.0,52.5,7.2
870,2024-11-26 14:26:29,17.0,52.0,7.1
871,2024-11-26 14:36:29,17.0,52.0,7.1
872,2024-11-26 14:46:29,17.0,52.0,7.1
873,2024-11-26 14:56:29,17.5,51.5,7.4
874,2024-11-26 15:06:29,17.5,51.5,7.4
875,2024-11-26 15:16:29,17.5,51.5,7.4
876,2024-11-26 15:26:29,17.5,51.5,7.4
877,2024-11-26 15:36:29,17.5,51.5,7.4
878,2024-11-26 15:46:29,17.5,51.0,7.3
879,2024-11-26 15:56:29,17.5,51.0,7.3
880,2024-11-26 16:06:29,17.5,50.5,7.1
881,2024-11-26 16:16:29,17.5,50.5,7.1
882,2024-11-26 16:26:29,17.0,50.5,6.7
883,2024-11-26 16:36:29,17.0,50.5,6.7
884,2024-11-26 16:46:29,17.0,51.0,6.8
885,2024-11-26 16:56:29,17.0,51.0,6.8
886,2024-11-26 17:06:29,16.5,51.0,6.3
887,2024-11-26 17:16:29,16.5,51.0,6.3
888,2024-11-26 17:26:29,16.5,51.0,6.3
889,2024-11-26 17:36:29,16.5,51.5,6.5
890,2024-11-26 17:46:29,16.0,51.5,6.0
891,2024-11-26 17:56:29,16.0,51.5,6.0
892,2024-11-26 18:06:29,16.0,51.5,6.0
893,2024-11-26 18:16:29,15.5,52.0,5.7
894,2024-11-26 18:26:29,15.5,52.0,5.7
895,2024-11-26 18:36:29,15.5,52.0,5.7
896,2024-11-26 18:46:29,15.5,52.5,5.8
897,2024-11-26 18:56:29,15.0,52.5,5.4
898,2024-11-26 19:06:29,15.0,52.5,5.4
899,2024-11-26 19:16:29,15.0,53.0,5.5
900,2024-11-26 19:26:29,15.0,52.5,5.4
901,2024-11-26 19:36:29,15.0,52.5,5.4
902,2024-11-26 19:46:29,15.0,52.5,5.4
903,2024-11-26 19:56:29,15.0,52.5,5.4
904,2024-11-26 20:06:29,15.0,52.0,5.2
905,2024-11-26 20:16:29,15.5,52.0,5.7
906,2024-11-26 20:26:29,15.5,52.0,5.7
907,2024-11-26 20:36:29,15.5,51.5,5.6
908,2024-11-26 20:46:29,15.5,51.5,5.6
909,2024-11-26 20:56:29,15.5,51.5,5.6
910,2024-11-26 21:06:29,15.5,51.5,5.6
911,2024-11-26 21:16:29,15.5,51.0,5.4
912,2024-11-26 21:26:29,15.5,51.0,5.4
913,2024-11-26 21:36:29,15.0,51.0,5.0
914,2024-11-26 21:46:29,15.0,51.0,5.0
915,2024-11-26 21:56:29,15.0,51.0,5.0
916,2024-11-26 22:06:29,15.0,51.0,5.0
917,2024-11-26 22:16:29,15.0,51.5,5.1
918,2024-11-26 22:26:29,15.0,51.0,5.0
919,2024-11-26 22:36:29,15.0,51.5,5.1
920,2024-11-26 22:46:29,14.5,51.5,4.6
921,2024-11-26 22:56:29,14.5,51.5,4.6
922,2024-11-26 23:06:29,14.5,51.5,4.6
923,2024-11-26 23:16:29,14.5,51.5,4.6
924,2024-11-26 23:26:29,14.5,52.0,4.8
925,2024-11-26 23:36:29,14.5,52.0,4.8
926,2024-11-26 23:46:29,14.0,52.0,4.3
927,2024-11-26 23:56:29,14.0,52.0,4.3
928,2024-11-27 00:06:29,14.0,52.0,4.3
929,2024-11-27 00:16:29,14.0,52.0,4.3
930,2024-11-27 00:26:29,14.0,52.0,4.3
931,2024-11-27 00:36:29,14.0,52.5,4.4
932,2024-11-27 00:46:29,14.0,52.5,4.4
933,2024-11-27 00:56:29,13.5,52.5,4.0
934,2024-11-27 01:06:29,13.5,52.5,4.0
935,2024-11-27 01:16:29,13.5,53.0,4.1
936,2024-11-27 01:26:29,13.5,53.0,4.1
937,2024-11-27 01:36:29,13.5,53.0,4.1
938,2024-11-27 01:46:29,13.5,53.0,4.1
939,2024-11-27 01:56:29,13.5,53.5,4.3
940,2024-11-27 02:06:29,13.5,53.5,4.3
941,2024-11-27 02:16:29,13.5,53.5,4.3
942,2024-11-27 02:26:29,13.5,53.5,4.3
943,2024-11-27 02:36:29,13.0,53.5,3.8
944,2024-11-27 02:46:29,13.0,53.5,3.8
945,2024-11-27 02:56:29,13.0,53.5,3.8
946,2024-11-27 03:06:29,13.0,54.0,3.9
947,2024-11-27 03:16:29,13.0,54.0,3.9
948,2024-11-27 03:26:29,13.0,53.5,3.8
949,2024-11-27 03:36:29,13.0,53.5,3.8
950,2024-11-27 03:46:29,13.5,53.0,4.1
951,2024-11-27 03:56:29,13.5,53.0,4.1
952,2024-11-27 04:06:29,13.5,53.0,4.1
953,2024-11-27 04:16:29,13.5,52.5,4.0
954,2024-11-27 04:26:29,13.5,52.5,4.0
955,2024-11-27 04:36:29,14.0,52.5,4.4
956,2024-11-27 04:46:29,14.0,52.0,4.3
957,2024-11-27 04:56:29,14.0,52.0,4.3
958,2024-11-27 05:06:29,14.0,52.0,4.3
959,2024-11-27 05:16:29,14.0,52.0,4.3
960,2024-11-27 05:26:29,14.0,52.0,4.3
961,2024-11-27 05:36:29,14.0,51.5,4.2
962,2024-11-27 05:46:29,14.0,51.5,4.2
963,2024-11-27 05:56:29,14.5,51.5,4.6
964,2024-11-27 06:06:29,14.5,51.5,4.6
965,2024-11-27 06:16:29,14.5,51.0,4.5
966,2024-11-27 06:26:29,14.5,51.0,4.5
967,2024-11-27 06:36:29,14.5,51.0,4.5
968,2024-11-27 06:46:29,14.5,51.0,4.5
969,2024-11-27 06:56:29,14.5,51.0,4.5
970,2024-11-27 07:06:29,14.5,51.0,4.5
971,2024-11-27 07:16:29,14.5,52.5,4.9
972,2024-11-27 07:26:29,14.5,52.0,4.8
973,2024-11-27 07:36:29,15.0,51.5,5.1
974,2024-11-27 07:46:29,15.0,51.0,5.0
975,2024-11-27 07:56:29,15.0,50.5,4.8
976,2024-11-27 08:06:29,15.0,50.5,4.8
977,2024-11-27 08:16:29,15.0,50.5,4.8
978,2024-11-27 08:26:29,15.0,50.0,4.7
979,2024-11-27 08:36:29,15.0,50.0,4.7
980,2024-11-27 08:46:29,15.0,50.0,4.7
981,2024-11-27 08:56:29,15.0,50.0,4.7
982,2024-11-27 09:06:29,15.0,50.0,4.7
983,2024-11-27 09:16:29,15.0,49.5,4.5
984,2024-11-27 09:26:29,15.0,49.5,4.5
985,2024-11-27 09:36:29,15.0,49.5,4.5
986,2024-11-27 09:46:29,15.0,49.5,4.5
987,2024-11-27 09:56:29,15.0,49.5,4.5
988,2024-11-27 10:06:29,15.0,49.0,4.4
989,2024-11-27 10:16:29,15.0,49.0,4.4
990,2024-11-27 10:26:29,15.0,49.0,4.4
991,2024-11-27 10:36:29,15.0,49.0,4.4
992,2024-11-27 10:46:29,15.5,49.0,4.8
993,2024-11-27 10:56:29,15.5,48.5,4.7
994,2024-11-27 11:06:29,15.5,48.5,4.7
995,2024-11-27 11:16:29,15.5,48.5,4.7
996,2024-11-27 11:26:29,15.5,48.5,4.7
997,2024-11-27 11:36:29,16.0,48.5,5.2
998,2024-11-27 11:46:29,16.0,48.5,5.2
999,2024-11-27 11:56:29,16.0,48.0,5.0
1000,2024-11-27 12:06:29,16.0,48.0,5.0
1001,2024-11-27 12:16:29,16.0,48.0,5.0
1002,2024-11-27 12:26:29,16.5,48.0,5.5
1003,2024-11-27 12:36:29,16.5,48.0,5.5
1004,2024-11-27 12:46:29,16.5,48.0,5.5
1005,2024-11-27 12:56:29,16.5,48.0,5.5
1006,2024-11-27 13:06:29,16.5,48.0,5.5
1007,2024-11-27 13:16:29,16.5,47.0,5.2
1008,2024-11-27 13:26:29,17.0,48.0,5.9
1009,2024-11-27 13:36:29,17.0,48.0,5.9
1010,2024-11-27 13:46:29,17.0,47.5,5.8
1011,2024-11-27 13:56:29,17.0,46.5,5.5
1012,2024-11-27 14:06:29,17.0,46.0,5.3
1013,2024-11-27 14:16:29,17.0,46.0,5.3
1014,2024-11-27 14:26:29,17.0,46.5,5.5
1015,2024-11-27 14:36:29,17.0,46.5,5.5
1016,2024-11-27 14:46:29,17.0,46.5,5.5
1017,2024-11-27 14:56:29,17.0,47.0,5.6
1018,2024-11-27 15:06:29,17.0,47.0,5.6
1019,2024-11-27 15:16:29,17.0,46.0,5.3
1020,2024-11-27 15:26:29,17.0,46.5,5.5
1021,2024-11-27 15:36:29,17.0,46.5,5.5
1022,2024-11-27 15:46:29,17.0,46.0,5.3
1023,2024-11-27 15:56:29,17.0,46.5,5.5
1024,2024-11-27 16:06:29,17.0,46.0,5.3
1025,2024-11-27 16:16:29,17.0,45.5,5.2
1026,2024-11-27 16:26:29,17.0,45.5,5.2
1027,2024-11-27 16:36:29,17.0,46.0,5.3
1028,2024-11-27 16:46:29,17.0,46.0,5.3
1029,2024-11-27 16:56:29,17.0,46.0,5.3
1030,2024-11-27 17:06:29,16.5,45.5,4.7
1031,2024-11-27 17:16:29,16.5,46.0,4.9
1032,2024-11-27 17:26:29,16.5,46.0,4.9
1033,2024-11-27 17:36:29,16.5,46.0,4.9
1034,2024-11-27 17:46:29,16.5,46.0,4.9
1035,2024-11-27 17:56:29,16.0,46.0,4.4
1036,2024-11-27 18:06:29,16.0,46.5,4.6
1037,2024-11-27 18:16:29,16.0,46.5,4.6
1038,2024-11-27 18:26:29,16.0,46.5,4.6
1039,2024-11-27 18:36:29,15.5,46.5,4.1
1040,2024-11-27 18:46:29,15.5,47.0,4.2
1041,2024-11-27 18:56:29,15.5,47.0,4.2
1042,2024-11-27 19:06:29,15.5,47.0,4.2
1043,2024-11-27 19:16:29,15.5,47.5,4.4
1044,2024-11-27 19:26:29,15.5,47.5,4.4
1045,2024-11-27 19:36:29,15.5,47.5,4.4
1046,2024-11-27 19:46:29,15.5,47.5,4.4
1047,2024-11-27 19:56:29,15.5,47.5,4.4
1048,2024-11-27 20:06:29,15.5,47.5,4.4
1049,2024-11-27 20:16:29,15.5,47.5,4.4
1050,2024-11-27 20:26:29,15.0,47.5,3.9
1051,2024-11-27 20:36:29,15.5,48.0,4.5
1052,2024-11-27 20:46:29,15.0,47.5,3.9
1053,2024-11-27 20:56:29,15.0,48.0,4.1
1054,2024-11-27 21:06:29,15.0,48.0,4.1
1055,2024-11-27 21:16:29,15.0,47.5,3.9
1056,2024-11-27 21:26:29,15.0,47.5,3.9
1057,2024-11-27 21:36:29,15.0,47.5,3.9
1058,2024-11-27 21:46:29,14.5,47.5,3.5
1059,2024-11-27 21:56:29,14.5,47.5,3.5
1060,2024-11-27 22:06:29,14.5,47.5,3.5
1061,2024-11-27 22:16:29,14.5,48.0,3.6
1062,2024-11-27 22:26:29,14.0,48.0,3.2
1063,2024-11-27 22:36:29,14.0,48.0,3.2
1064,2024-11-27 22:46:29,14.0,48.0,3.2
1065,2024-11-27 22:56:29,14.0,48.0,3.2
1066,2024-11-27 23:06:29,13.5,48.0,2.7
1067,2024-11-27 23:16:29,13.5,48.0,2.7
1068,2024-11-27 23:26:29,13.5,48.0,2.7
1069,2024-11-27 23:36:29,13.5,48.0,2.7
1070,2024-11-27 23:46:29,13.5,47.5,2.6
1071,2024-11-27 23:56:29,13.5,47.0,2.4
1072,2024-11-28 00:06:29,13.5,47.0,2.4
1073,2024-11-28 00:16:29,14.0,47.0,2.9
1074,2024-11-28 00:26:29,14.0,46.5,2.7
1075,2024-11-28 00:36:29,14.0,46.5,2.7
1076,2024-11-28 00:46:29,14.0,46.0,2.6
1077,2024-11-28 00:56:29,14.0,46.0,2.6
1078,2024-11-28 01:06:29,14.0,46.0,2.6
1079,2024-11-28 01:16:29,14.0,45.5,2.4
1080,2024-11-28 01:26:29,14.0,45.5,2.4
1081,2024-11-28 01:36:29,14.0,45.5,2.4
1082,2024-11-28 01:46:29,14.0,45.0,2.3
1083,2024-11-28 01:56:29,14.0,45.0,2.3
1084,2024-11-28 02:06:29,14.0,45.0,2.3
1085,2024-11-28 02:16:29,14.0,45.0,2.3
1086,2024-11-28 02:26:29,14.0,45.0,2.3
1087,2024-11-28 02:36:29,14.0,45.0,2.3
1088,2024-11-28 02:46:29,14.0,44.5,2.1
1089,2024-11-28 02:56:29,14.0,44.5,2.1
1090,2024-11-28 03:06:29,14.0,44.5,2.1
1091,2024-11-28 03:16:29,14.0,44.5,2.1
1092,2024-11-28 03:26:29,14.0,44.0,2.0
1093,2024-11-28 03:36:29,14.0,44.0,2.0
1094,2024-11-28 03:46:29,14.0,44.0,2.0
1095,2024-11-28 03:56:29,14.0,44.0,2.0
1096,2024-11-28 04:06:29,14.0,44.0,2.0
1097,2024-11-28 04:16:29,14.0,44.0,2.0
1098,2024-11-28 04:26:29,14.0,44.0,2.0
1099,2024-11-28 04:36:29,14.0,43.5,1.8
1100,2024-11-28 04:46:29,14.0,43.5,1.8
1101,2024-11-28 04:56:29,14.0,43.5,1.8
1102,2024-11-28 05:06:29,14.0,43.5,1.8
1103,2024-11-28 05:16:29,14.0,43.5,1.8
1104,2024-11-28 05:26:29,14.0,43.5,1.8
1105,2024-11-28 05:36:29,14.0,43.5,1.8
1106,2024-11-28 05:46:29,14.0,43.0,1.6
1107,2024-11-28 05:56:29,14.0,43.0,1.6
1108,2024-11-28 06:06:29,14.0,43.0,1.6
1109,2024-11-28 06:16:29,14.0,43.0,1.6
1110,2024-11-28 06:26:29,14.0,43.0,1.6
1111,2024-11-28 06:36:29,14.0,43.0,1.6
1112,2024-11-28 06:46:29,14.0,43.0,1.6
1113,2024-11-28 06:56:29,14.0,42.5,1.5
1114,2024-11-28 07:06:29,14.0,43.0,1.6
1115,2024-11-28 07:16:29,14.0,43.5,1.8
1116,2024-11-28 07:26:29,14.0,45.0,2.3
1117,2024-11-28 07:36:29,14.0,45.0,2.3
1118,2024-11-28 07:46:29,14.0,44.0,2.0
1119,2024-11-28 07:56:29,14.0,43.5,1.8
1120,2024-11-28 08:06:29,14.0,43.5,1.8
1121,2024-11-28 08:16:29,14.0,43.0,1.6
1122,2024-11-28 08:26:29,14.0,43.0,1.6
1123,2024-11-28 08:36:29,14.0,43.0,1.6
1124,2024-11-28 08:46:29,14.0,43.0,1.6
1125,2024-11-28 08:56:29,14.0,43.0,1.6
1126,2024-11-28 09:06:29,14.0,42.5,1.5
1127,2024-11-28 09:16:29,14.0,43.0,1.6
1128,2024-11-28 09:26:29,14.0,42.5,1.5
1129,2024-11-28 09:36:29,14.0,42.5,1.5
1130,2024-11-28 09:46:29,14.0,42.5,1.5
1131,2024-11-28 09:56:29,14.0,42.5,1.5
1132,2024-11-28 10:06:29,14.0,42.5,1.5
1133,2024-11-28 10:16:29,14.0,42.5,1.5
1134,2024-11-28 10:26:29,14.0,42.5,1.5
1135,2024-11-28 10:36:29,14.0,42.0,1.3
1136,2024-11-28 10:46:29,14.0,42.5,1.5
1137,2024-11-28 10:56:29,14.0,42.5,1.5
1138,2024-11-28 11:06:29,14.5,43.0,2.1
1139,2024-11-28 11:16:29,14.5,43.5,2.2
1140,2024-11-28 11:26:29,14.5,43.5,2.2
1141,2024-11-28 11:36:29,14.5,43.5,2.2
1142,2024-11-28 11:46:29,14.5,44.0,2.4
1143,2024-11-28 11:56:29,15.0,44.0,2.9
1144,2024-11-28 12:06:29,15.0,44.0,2.9
1145,2024-11-28 12:16:29,15.0,44.5,3.0
1146,2024-11-28 12:26:29,15.0,45.0,3.2
1147,2024-11-28 12:36:29,15.0,44.5,3.0
1148,2024-11-28 12:46:29,15.5,44.5,3.5
1149,2024-11-28 12:56:29,15.5,44.5,3.5
1150,2024-11-28 13:06:29,15.5,44.5,3.5
1151,2024-11-28 13:16:29,15.5,44.5,3.5
1152,2024-11-28 13:26:29,15.5,45.0,3.6
1153,2024-11-28 13:36:29,15.5,45.0,3.6
1154,2024-11-28 13:46:29,15.5,45.0,3.6
1155,2024-11-28 13:56:29,15.5,45.0,3.6
1156,2024-11-28 14:06:29,15.5,45.0,3.6
1157,2024-11-28 14:16:29,15.5,45.0,3.6
1158,2024-11-28 14:26:29,15.5,45.0,3.6
1159,2024-11-28 14:36:29,15.5,44.5,3.5
1160,2024-11-28 14:46:29,16.0,44.5,3.9
1161,2024-11-28 14:56:29,16.0,44.5,3.9
1162,2024-11-28 15:06:29,16.0,44.5,3.9
1163,2024-11-28 15:16:29,16.0,44.5,3.9
1164,2024-11-28 15:26:29,16.0,44.5,3.9
1165,2024-11-28 15:36:29,16.0,44.5,3.9
1166,2024-11-28 15:46:29,16.0,44.5,3.9
1167,2024-11-28 15:56:29,16.0,44.5,3.9
1168,2024-11-28 16:06:29,16.0,44.5,3.9
1169,2024-11-28 16:16:29,16.0,44.5,3.9
1170,2024-11-28 16:26:29,16.0,44.5,3.9
1171,2024-11-28 16:36:29,16.0,44.5,3.9
1172,2024-11-28 16:46:29,15.5,44.5,3.5
1173,2024-11-28 16:56:29,15.5,44.5,3.5
1174,2024-11-28 17:06:29,15.5,44.5,3.5
1175,2024-11-28 17:16:29,15.5,44.0,3.3
1176,2024-11-28 17:26:29,15.5,44.0,3.3
1177,2024-11-28 17:36:29,15.5,44.0,3.3
1178,2024-11-28 17:46:29,15.5,44.0,3.3
1179,2024-11-28 17:56:29,15.5,44.5,3.5
1180,2024-11-28 18:06:29,15.5,44.5,3.5
1181,2024-11-28 18:16:29,15.5,44.5,3.5
1182,2024-11-28 18:26:29,15.5,44.5,3.5
1183,2024-11-28 18:36:29,15.5,44.5,3.5
1184,2024-11-28 18:46:29,15.5,44.5,3.5
1185,2024-11-28 18:56:29,15.5,45.0,3.6
1186,2024-11-28 19:06:29,15.5,45.0,3.6
1187,2024-11-28 19:16:29,15.5,45.0,3.6
1188,2024-11-28 19:26:29,15.5,45.0,3.6
1189,2024-11-28 19:36:29,15.5,45.5,3.8
1190,2024-11-28 19:46:29,15.5,45.5,3.8
1191,2024-11-28 19:56:29,15.5,45.5,3.8
1192,2024-11-28 20:06:29,15.5,45.5,3.8
1193,2024-11-28 20:16:29,15.5,45.5,3.8
1194,2024-11-28 20:26:29,15.5,45.5,3.8
1195,2024-11-28 20:36:29,15.5,45.5,3.8
1196,2024-11-28 20:46:29,15.5,45.5,3.8
1197,2024-11-28 20:56:29,15.5,45.5,3.8
1198,2024-11-28 21:06:29,15.5,45.5,3.8
1199,2024-11-28 21:16:29,15.5,45.5,3.8
1200,2024-11-28 21:26:29,15.5,45.5,3.8
1201,2024-11-28 21:36:29,15.5,45.5,3.8
1202,2024-11-28 21:46:29,15.5,45.5,3.8
1203,2024-11-28 21:56:29,15.0,46.0,3.5
1204,2024-11-28 22:06:29,15.0,46.0,3.5
1205,2024-11-28 22:16:29,15.0,46.0,3.5
1206,2024-11-28 22:26:29,15.0,46.0,3.5
1207,2024-11-28 22:36:29,15.0,46.0,3.5
1208,2024-11-28 22:46:29,15.0,46.0,3.5
1209,2024-11-28 22:56:29,15.0,46.0,3.5
1210,2024-11-28 23:06:29,15.0,46.0,3.5
1211,2024-11-28 23:16:29,15.0,46.0,3.5
1212,2024-11-28 23:26:29,15.0,46.0,3.5
1213,2024-11-28 23:36:29,15.0,46.0,3.5
1214,2024-11-28 23:46:29,15.0,46.5,3.6
1215,2024-11-28 23:56:29,15.0,46.5,3.6
1216,2024-11-29 00:06:29,15.0,46.5,3.6
1217,2024-11-29 00:16:29,15.0,46.5,3.6
1218,2024-11-29 00:26:29,15.0,46.5,3.6
1219,2024-11-29 00:36:29,15.0,46.5,3.6
1220,2024-11-29 00:46:29,15.0,46.5,3.6
1221,2024-11-29 00:56:29,15.0,46.5,3.6
1222,2024-11-29 01:06:29,15.0,46.5,3.6
1223,2024-11-29 01:16:29,15.0,47.0,3.8
1224,2024-11-29 01:26:29,15.0,47.0,3.8
1225,2024-11-29 01:36:29,15.0,47.0,3.8
1226,2024-11-29 01:46:29,15.0,47.0,3.8
1227,2024-11-29 01:56:29,15.0,47.5,3.9
1228,2024-11-29 02:06:29,15.0,47.5,3.9
1229,2024-11-29 02:16:29,15.0,47.5,3.9
1230,2024-11-29 02:26:29,15.0,47.5,3.9
1231,2024-11-29 02:36:29,15.0,48.0,4.1
1232,2024-11-29 02:46:29,15.0,48.0,4.1
1233,2024-11-29 02:56:29,15.0,48.0,4.1
1234,2024-11-29 03:06:29,15.0,48.0,4.1
1235,2024-11-29 03:16:29,15.0,48.0,4.1
1236,2024-11-29 03:26:29,15.0,48.5,4.2
1237,2024-11-29 03:36:29,15.0,48.5,4.2
1238,2024-11-29 03:46:29,15.0,48.5,4.2
1239,2024-11-29 03:56:29,15.0,48.5,4.2
1240,2024-11-29 04:06:29,15.0,48.5,4.2
1241,2024-11-29 04:16:29,15.0,48.5,4.2
1242,2024-11-29 04:26:29,15.0,48.5,4.2
1243,2024-11-29 04:36:29,15.0,48.5,4.2
1244,2024-11-29 04:46:29,15.0,49.0,4.4
1245,2024-11-29 04:56:29,15.0,49.0,4.4
1246,2024-11-29 05:06:29,15.0,49.0,4.4
1247,2024-11-29 05:16:29,15.0,49.0,4.4
1248,2024-11-29 05:26:29,15.0,49.0,4.4
1249,2024-11-29 05:36:29,15.0,49.5,4.5
1250,2024-11-29 05:46:29,15.0,49.5,4.5
1251,2024-11-29 05:56:29,15.0,49.5,4.5
1252,2024-11-29 06:06:29,15.0,49.5,4.5
1253,2024-11-29 06:16:29,15.0,49.5,4.5
1254,2024-11-29 06:26:29,15.0,49.5,4.5
1255,2024-11-29 06:36:29,15.0,50.0,4.7
1256,2024-11-29 06:46:29,15.5,51.5,5.6
1257,2024-11-29 06:56:29,15.5,52.0,5.7
1258,2024-11-29 07:06:29,15.5,51.5,5.6
1259,2024-11-29 07:16:29,15.5,51.5,5.6
1260,2024-11-29 07:26:29,15.5,51.0,5.4
1261,2024-11-29 07:36:29,15.5,51.0,5.4
1262,2024-11-29 07:46:29,15.5,51.0,5.4
1263,2024-11-29 07:56:29,15.5,51.0,5.4
1264,2024-11-29 08:06:29,15.5,51.0,5.4
1265,2024-11-29 08:16:29,15.5,51.0,5.4
1266,2024-11-29 08:26:29,15.5,51.0,5.4
1267,2024-11-29 08:36:29,15.5,51.0,5.4
1268,2024-11-29 08:46:29,15.5,51.5,5.6
1269,2024-11-29 08:56:29,15.5,51.5,5.6
1270,2024-11-29 09:06:29,15.5,51.5,5.6
1271,2024-11-29 09:16:29,15.5,51.5,5.6
1272,2024-11-29 09:26:29,15.5,51.5,5.6
1273,2024-11-29 09:36:29,15.5,52.0,5.7
1274,2024-11-29 09:46:29,15.5,52.0,5.7
1275,2024-11-29 09:56:29,15.5,52.0,5.7
1276,2024-11-29 10:06:29,15.5,52.0,5.7
1277,2024-11-29 10:16:29,16.0,52.0,6.2
1278,2024-11-29 10:26:29,16.0,52.0,6.2
1279,2024-11-29 10:36:29,16.0,52.5,6.3
1280,2024-11-29 10:46:29,16.0,53.0,6.4
1281,2024-11-29 10:56:29,16.0,53.5,6.6
1282,2024-11-29 11:06:29,16.0,53.5,6.6
1283,2024-11-29 11:16:29,16.5,54.0,7.2
1284,2024-11-29 11:26:29,16.5,54.0,7.2
1285,2024-11-29 11:36:29,16.5,54.5,7.3
1286,2024-11-29 11:46:29,16.5,54.5,7.3
1287,2024-11-29 11:56:29,17.0,55.0,7.9
1288,2024-11-29 12:06:29,17.0,55.0,7.9
1289,2024-11-29 12:16:29,17.0,55.0,7.9
1290,2024-11-29 12:26:29,17.0,55.0,7.9
1291,2024-11-29 12:36:29,17.5,56.0,8.6
1292,2024-11-29 12:46:29,17.5,56.0,8.6
1293,2024-11-29 12:56:29,17.5,56.5,8.8
1294,2024-11-29 13:06:29,18.0,55.0,8.8
1295,2024-11-29 13:16:29,18.0,55.0,8.8
1296,2024-11-29 13:26:29,18.0,55.0,8.8
1297,2024-11-29 13:36:29,18.0,55.0,8.8
1298,2024-11-29 13:46:29,18.0,55.0,8.8
1299,2024-11-29 13:56:29,18.0,55.0,8.8
1300,2024-11-29 14:06:29,18.0,55.5,9.0
1301,2024-11-29 14:16:29,18.0,55.0,8.8
1302,2024-11-29 14:26:29,18.5,55.0,9.3
1303,2024-11-29 14:36:29,18.5,55.0,9.3
1304,2024-11-29 14:46:29,18.5,54.5,9.2
1305,2024-11-29 14:56:29,18.5,54.5,9.2
1306,2024-11-29 15:06:29,18.5,54.5,9.2
1307,2024-11-29 15:16:29,18.5,54.0,9.0
1308,2024-11-29 15:26:29,18.5,54.0,9.0
1309,2024-11-29 15:36:29,18.5,54.0,9.0
1310,2024-11-29 15:46:29,18.0,54.0,8.6
1311,2024-11-29 15:56:29,18.0,54.0,8.6
1312,2024-11-29 16:06:29,18.0,54.0,8.6
1313,2024-11-29 16:16:29,18.0,54.0,8.6
1314,2024-11-29 16:26:29,18.0,54.0,8.6
1315,2024-11-29 16:36:29,18.0,54.0,8.6
1316,2024-11-29 16:46:29,18.0,54.0,8.6
1317,2024-11-29 16:56:29,18.0,54.5,8.7
1318,2024-11-29 17:06:29,18.0,54.0,8.6
1319,2024-11-29 17:16:29,17.5,54.0,8.1
1320,2024-11-29 17:26:29,17.5,54.0,8.1
1321,2024-11-29 17:36:29,17.5,54.0,8.1
1322,2024-11-29 17:46:29,17.0,54.5,7.8
1323,2024-11-29 17:56:29,17.0,55.0,7.9
1324,2024-11-29 18:06:29,17.0,55.0,7.9
1325,2024-11-29 18:16:29,17.0,55.0,7.9
1326,2024-11-29 18:26:29,16.5,55.5,7.6
1327,2024-11-29 18:36:29,16.5,55.5,7.6
1328,2024-11-29 18:46:29,16.5,56.0,7.7
1329,2024-11-29 18:56:29,16.5,56.0,7.7
1330,2024-11-29 19:06:29,16.0,56.5,7.4
1331,2024-11-29 19:16:29,16.0,56.5,7.4
1332,2024-11-29 19:26:29,16.0,57.0,7.5
1333,2024-11-29 19:36:29,16.0,57.0,7.5
1334,2024-11-29 19:46:29,16.0,57.0,7.5
1335,2024-11-29 19:56:29,16.0,57.0,7.5
1336,2024-11-29 20:06:29,16.0,57.0,7.5
1337,2024-11-29 20:16:29,16.0,57.5,7.6
1338,2024-11-29 20:26:29,15.5,57.5,7.2
1339,2024-11-29 20:36:29,15.5,57.5,7.2
1340,2024-11-29 20:46:29,15.5,58.0,7.3
1341,2024-11-29 20:56:29,15.5,58.0,7.3
1342,2024-11-29 21:06:29,15.5,58.0,7.3
1343,2024-11-29 21:16:29,15.5,58.0,7.3
1344,2024-11-29 21:26:29,15.5,58.0,7.3
1345,2024-11-29 21:36:29,15.5,58.5,7.4
1346,2024-11-29 21:46:29,15.5,58.5,7.4
1347,2024-11-29 21:56:29,15.5,59.0,7.5
1348,2024-11-29 22:06:29,15.5,59.0,7.5
1349,2024-11-29 22:16:29,15.5,59.0,7.5
1350,2024-11-29 22:26:29,15.5,59.0,7.5
1351,2024-11-29 22:36:29,15.5,59.0,7.5
1352,2024-11-29 22:46:29,15.5,59.5,7.7
1353,2024-11-29 22:56:29,15.5,59.5,7.7
1354,2024-11-29 23:06:29,15.5,59.5,7.7
1355,2024-11-29 23:16:29,15.5,59.5,7.7
1356,2024-11-29 23:26:29,15.5,60.0,7.8
1357,2024-11-29 23:36:29,15.5,60.0,7.8
1358,2024-11-29 23:46:29,15.0,60.5,7.4
1359,2024-11-29 23:56:29,15.0,60.5,7.4
1360,2024-11-30 00:06:29,15.0,61.0,7.5
1361,2024-11-30 00:16:29,15.0,61.0,7.5
1362,2024-11-30 00:26:29,15.0,61.0,7.5
1363,2024-11-30 00:36:29,15.0,61.0,7.5
1364,2024-11-30 00:46:29,15.0,62.0,7.8
1365,2024-11-30 00:56:29,15.0,62.0,7.8
1366,2024-11-30 01:06:29,15.0,62.0,7.8
1367,2024-11-30 01:16:29,15.0,62.0,7.8
1368,2024-11-30 01:26:29,15.0,62.5,7.9
1369,2024-11-30 01:36:29,15.0,62.0,7.8
1370,2024-11-30 01:46:29,15.0,62.5,7.9
1371,2024-11-30 01:56:29,15.0,62.5,7.9
1372,2024-11-30 02:06:29,15.0,62.5,7.9
1373,2024-11-30 02:16:29,15.0,62.5,7.9
1374,2024-11-30 02:26:29,15.0,63.0,8.0
1375,2024-11-30 02:36:29,15.0,63.0,8.0
1376,2024-11-30 02:46:29,15.0,63.5,8.1
1377,2024-11-30 02:56:29,15.0,63.5,8.1
1378,2024-11-30 03:06:29,15.0,63.5,8.1
1379,2024-11-30 03:16:29,15.0,64.0,8.3
1380,2024-11-30 03:26:29,15.0,64.0,8.3
1381,2024-11-30 03:36:29,15.0,64.5,8.4
1382,2024-11-30 03:46:29,15.0,64.5,8.4
1383,2024-11-30 03:56:29,15.0,64.5,8.4
1384,2024-11-30 04:06:29,15.0,65.0,8.5
1385,2024-11-30 04:16:29,15.0,64.5,8.4
1386,2024-11-30 04:26:29,15.0,65.0,8.5
1387,2024-11-30 04:36:29,15.0,65.0,8.5
1388,2024-11-30 04:46:29,15.0,65.0,8.5
1389,2024-11-30 04:56:29,15.0,65.0,8.5
1390,2024-11-30 05:06:29,15.0,65.0,8.5
1391,2024-11-30 05:16:29,15.0,65.0,8.5
1392,2024-11-30 05:26:29,15.0,65.0,8.5
1393,2024-11-30 05:36:29,15.0,65.0,8.5
1394,2024-11-30 05:46:29,15.0,65.0,8.5
1395,2024-11-30 05:56:29,15.0,65.0,8.5
1396,2024-11-30 06:06:29,15.0,65.5,8.6
1397,2024-11-30 06:16:29,15.0,65.5,8.6
1398,2024-11-30 06:26:29,15.0,65.5,8.6
1399,2024-11-30 06:36:29,15.0,65.5,8.6
1400,2024-11-30 06:46:29,15.0,65.5,8.6
1401,2024-11-30 06:56:29,15.0,66.0,8.7
1402,2024-11-30 07:06:29,15.0,66.0,8.7
1403,2024-11-30 07:16:29,15.0,66.0,8.7
1404,2024-11-30 07:26:29,15.0,66.0,8.7
1405,2024-11-30 07:36:29,15.0,65.5,8.6
1406,2024-11-30 07:46:29,15.0,66.0,8.7
1407,2024-11-30 07:56:29,15.0,66.0,8.7
1408,2024-11-30 08:06:29,15.0,65.5,8.6
1409,2024-11-30 08:16:29,15.0,66.0,8.7
1410,2024-11-30 08:26:29,15.0,66.0,8.7
1411,2024-11-30 08:36:29,15.0,66.0,8.7
1412,2024-11-30 08:46:29,15.0,66.0,8.7
1413,2024-11-30 08:56:29,15.0,66.0,8.7
1414,2024-11-30 09:06:29,15.0,66.0,8.7
1415,2024-11-30 09:16:29,15.0,66.0,8.7
1416,2024-11-30 09:26:29,15.0,66.0,8.7
1417,2024-11-30 09:36:29,15.0,66.0,8.7
1418,2024-11-30 09:46:29,15.5,65.5,9.1
1419,2024-11-30 09:56:29,15.5,65.5,9.1
1420,2024-11-30 10:06:29,15.5,65.0,9.0
1421,2024-11-30 10:16:29,16.0,65.0,9.4
1422,2024-11-30 10:26:29,16.0,64.5,9.3
1423,2024-11-30 10:36:29,16.0,64.5,9.3
1424,2024-11-30 10:46:29,16.5,64.5,9.8
1425,2024-11-30 10:56:29,16.5,64.5,9.8
1426,2024-11-30 11:06:29,16.5,64.5,9.8
1427,2024-11-30 11:16:29,17.0,64.5,10.3
1428,2024-11-30 11:26:29,17.0,64.5,10.3
1429,2024-11-30 11:36:29,17.0,64.0,10.1
1430,2024-11-30 11:46:29,17.5,64.0,10.6
1431,2024-11-30 11:56:29,17.5,64.5,10.7
1432,2024-11-30 12:06:29,18.0,64.0,11.1
1433,2024-11-30 12:16:29,18.0,64.0,11.1
1434,2024-11-30 12:26:29,18.0,64.0,11.1
1435,2024-11-30 12:36:29,18.0,64.0,11.1
1436,2024-11-30 12:46:29,18.5,64.0,11.6
1437,2024-11-30 12:56:29,18.5,63.5,11.4
1438,2024-11-30 13:06:29,18.5,63.5,11.4
1439,2024-11-30 13:16:29,18.5,63.5,11.4
1440,2024-11-30 13:26:29,19.0,63.0,11.8
1441,2024-11-30 13:36:29,19.0,63.0,11.8
1442,2024-11-30 13:46:29,19.0,63.0,11.8
1443,2024-11-30 13:56:29,19.0,62.5,11.7
1444,2024-11-30 14:06:29,19.0,62.0,11.6
1445,2024-11-30 14:16:29,19.0,62.0,11.6
1446,2024-11-30 14:26:29,19.5,62.0,12.0
1447,2024-11-30 14:36:29,19.5,61.5,11.9
1448,2024-11-30 14:46:29,19.5,61.5,11.9
1449,2024-11-30 14:56:29,19.5,61.5,11.9
1450,2024-11-30 15:06:29,19.5,61.5,11.9
1451,2024-11-30 15:16:29,19.5,61.0,11.8
1452,2024-11-30 15:26:29,19.5,61.0,11.8
1453,2024-11-30 15:36:29,19.5,61.0,11.8
1454,2024-11-30 15:46:29,19.5,60.5,11.7
1455,2024-11-30 15:56:29,19.5,60.5,11.7
1456,2024-11-30 16:06:29,19.5,60.5,11.7
1457,2024-11-30 16:16:29,19.5,60.5,11.7
1458,2024-11-30 16:26:29,19.5,60.5,11.7
1459,2024-11-30 16:36:29,19.5,60.0,11.5
1460,2024-11-30 16:46:29,19.0,60.0,11.1
1461,2024-11-30 16:56:29,19.0,60.0,11.1
