timestamp,entry_id,temperature,rh,voltage
2022-12-11T12:35:01Z,1,,,1
2022-12-13T12:57:17Z,2,,,1
2022-12-13T12:59:29Z,3,4,69,
2022-12-13T13:04:30Z,4,4,69,
2022-12-13T13:09:27Z,5,4,69,
2022-12-13T14:19:24Z,6,4,69,
2022-12-13T14:24:18Z,7,4,69,
2022-12-13T16:04:09Z,8,4,70,
2022-12-13T16:14:21Z,9,4,70,
2022-12-13T17:00:58Z,10,1,74,
2022-12-13T17:19:00Z,11,4,70,
2022-12-13T17:38:55Z,12,4,71,
2022-12-13T20:18:32Z,13,6,70,
2022-12-13T20:20:25Z,14,2,75,
2022-12-13T20:23:31Z,15,6,69,
2022-12-13T20:25:25Z,16,2,75,
2022-12-13T20:28:30Z,17,5,70,
2022-12-13T20:30:24Z,18,2,75,
2022-12-13T20:33:30Z,19,5,70,
2022-12-13T20:35:23Z,20,2,75,
2022-12-13T20:38:29Z,21,5,70,
2022-12-13T20:40:23Z,22,2,75,
2022-12-13T20:43:28Z,23,5,70,
2022-12-13T20:45:22Z,24,2,75,
2022-12-13T20:48:27Z,25,5,70,
2022-12-13T20:50:21Z,26,2,75,
2022-12-13T20:53:26Z,27,5,71,
2022-12-13T20:55:21Z,28,2,75,
2022-12-13T20:58:26Z,29,5,71,
2022-12-13T21:00:20Z,30,2,75,
2022-12-13T21:03:25Z,31,5,71,
2022-12-13T21:05:19Z,32,2,75,
2022-12-13T21:08:24Z,33,5,71,
2022-12-13T21:10:19Z,34,2,75,
2022-12-13T21:13:23Z,35,5,71,
2022-12-13T21:15:18Z,36,2,75,
2022-12-13T21:18:22Z,37,5,70,
2022-12-13T21:20:17Z,38,2,75,
2022-12-13T21:23:22Z,39,5,70,
2022-12-13T21:25:17Z,40,2,75,
2022-12-13T21:28:21Z,41,5,70,
2022-12-13T21:30:16Z,42,2,75,
2022-12-13T21:33:21Z,43,5,70,
2022-12-13T21:35:15Z,44,2,75,
2022-12-13T21:38:20Z,45,5,71,
2022-12-13T21:40:17Z,46,2,75,
2022-12-13T21:43:19Z,47,5,70,
2022-12-13T21:45:14Z,48,2,75,
2022-12-13T21:48:18Z,49,5,70,
2022-12-13T21:50:13Z,50,2,75,
2022-12-13T21:53:18Z,51,5,70,
2022-12-13T21:55:12Z,52,2,75,
2022-12-13T21:58:17Z,53,5,70,
2022-12-13T22:00:12Z,54,2,75,
2022-12-13T22:03:16Z,55,5,70,
2022-12-13T22:05:11Z,56,2,75,
2022-12-13T22:08:15Z,57,5,70,
2022-12-13T22:10:11Z,58,2,76,
2022-12-13T22:13:14Z,59,5,71,
2022-12-13T22:15:10Z,60,2,76,
2022-12-13T22:18:14Z,61,5,70,
2022-12-13T22:20:09Z,62,2,76,
2022-12-13T22:23:13Z,63,5,71,
2022-12-13T22:25:08Z,64,2,75,
2022-12-13T22:28:12Z,65,5,71,
2022-12-13T22:30:08Z,66,2,76,
2022-12-13T22:33:12Z,67,5,71,
2022-12-13T22:35:08Z,68,2,76,
2022-12-13T22:38:11Z,69,5,71,
2022-12-13T22:40:07Z,70,2,76,
2022-12-13T22:43:10Z,71,5,70,
2022-12-13T22:45:06Z,72,2,76,
2022-12-13T22:48:10Z,73,4,71,
2022-12-13T22:50:06Z,74,2,76,
2022-12-13T22:53:09Z,75,5,70,
2022-12-13T22:55:05Z,76,2,76,
2022-12-13T22:58:09Z,77,5,71,
2022-12-13T23:00:04Z,78,2,76,
2022-12-13T23:03:08Z,79,4,71,
2022-12-13T23:05:03Z,80,2,76,
2022-12-13T23:08:07Z,81,5,71,
2022-12-13T23:10:03Z,82,2,76,
2022-12-13T23:13:07Z,83,4,71,
2022-12-13T23:15:02Z,84,2,76,
2022-12-13T23:18:06Z,85,4,70,
2022-12-13T23:20:02Z,86,2,76,
2022-12-13T23:23:05Z,87,4,71,
2022-12-13T23:25:01Z,88,2,76,
2022-12-13T23:28:05Z,89,5,71,
2022-12-13T23:30:00Z,90,2,76,
2022-12-13T23:33:04Z,91,4,71,
2022-12-13T23:34:59Z,92,2,76,
2022-12-13T23:38:03Z,93,5,71,
2022-12-13T23:39:59Z,94,2,76,
2022-12-13T23:43:03Z,95,4,71,
2022-12-13T23:44:58Z,96,2,76,
2022-12-13T23:48:02Z,97,4,71,
2022-12-13T23:49:57Z,98,2,76,
2022-12-13T23:53:03Z,99,4,71,
2022-12-13T23:54:57Z,100,2,76,
2022-12-13T23:58:01Z,101,4,71,
2022-12-13T23:59:56Z,102,2,77,
2022-12-14T00:03:00Z,103,4,71,
2022-12-14T00:04:55Z,104,2,76,
2022-12-14T00:08:00Z,105,4,71,
2022-12-14T00:09:55Z,106,1,77,
2022-12-14T00:12:59Z,107,4,71,
2022-12-14T00:14:54Z,108,2,77,
2022-12-14T00:17:58Z,109,4,71,
2022-12-14T00:19:54Z,110,2,77,
2022-12-14T00:22:58Z,111,4,71,
2022-12-14T00:24:53Z,112,1,77,
2022-12-14T00:27:57Z,113,4,71,
2022-12-14T00:29:52Z,114,2,76,
2022-12-14T00:32:56Z,115,4,71,
2022-12-14T00:37:55Z,116,4,71,
2022-12-14T00:39:51Z,117,2,77,
2022-12-14T00:42:55Z,118,4,71,
2022-12-14T00:44:51Z,119,1,77,
2022-12-14T00:47:54Z,120,4,71,
2022-12-14T00:49:50Z,121,1,77,
2022-12-14T00:52:53Z,122,4,71,
2022-12-14T00:54:49Z,123,2,77,
2022-12-14T00:57:53Z,124,4,71,
2022-12-14T00:59:48Z,125,2,77,
2022-12-14T01:02:52Z,126,4,71,
2022-12-14T01:04:48Z,127,1,77,
2022-12-14T01:07:51Z,128,4,71,
2022-12-14T01:09:47Z,129,2,77,
2022-12-14T01:12:51Z,130,4,71,
2022-12-14T01:14:47Z,131,1,77,
2022-12-14T01:17:50Z,132,4,71,
2022-12-14T01:19:46Z,133,1,77,
2022-12-14T01:22:49Z,134,4,71,
2022-12-14T01:24:45Z,135,2,77,
2022-12-14T01:27:48Z,136,4,71,
2022-12-14T01:29:44Z,137,1,77,
2022-12-14T01:32:47Z,138,4,71,
2022-12-14T01:34:44Z,139,2,77,
2022-12-14T01:37:47Z,140,4,71,
2022-12-14T01:39:43Z,141,1,77,
2022-12-14T01:42:46Z,142,4,71,
2022-12-14T01:44:43Z,143,1,77,
2022-12-14T01:47:45Z,144,4,71,
2022-12-14T01:49:42Z,145,1,77,
2022-12-14T01:52:45Z,146,4,71,
2022-12-14T01:54:41Z,147,1,77,
2022-12-14T01:57:44Z,148,4,71,
2022-12-14T01:59:41Z,149,1,77,
2022-12-14T02:02:44Z,150,4,71,
2022-12-14T02:04:40Z,151,1,77,
2022-12-14T02:07:43Z,152,4,71,
2022-12-14T02:09:39Z,153,1,77,
2022-12-14T02:12:43Z,154,4,71,
2022-12-14T02:14:39Z,155,2,77,
2022-12-14T02:17:43Z,156,4,71,
2022-12-14T02:19:38Z,157,1,77,
2022-12-14T02:22:42Z,158,4,71,
2022-12-14T02:24:37Z,159,1,77,
2022-12-14T02:27:41Z,160,4,71,
2022-12-14T02:29:37Z,161,1,77,
2022-12-14T02:32:40Z,162,4,71,
2022-12-14T02:34:36Z,163,1,77,
2022-12-14T02:37:39Z,164,4,71,
2022-12-14T02:39:35Z,165,1,77,
2022-12-14T02:42:39Z,166,4,71,
2022-12-14T02:44:34Z,167,1,77,
2022-12-14T02:49:34Z,168,1,77,
2022-12-14T02:52:37Z,169,4,71,
2022-12-14T02:54:33Z,170,1,77,
2022-12-14T02:57:36Z,171,4,71,
2022-12-14T02:59:32Z,172,1,77,
2022-12-14T03:02:36Z,173,4,71,
2022-12-14T03:04:31Z,174,1,77,
2022-12-14T03:07:35Z,175,4,71,
2022-12-14T03:09:31Z,176,1,77,
2022-12-14T03:12:34Z,177,4,71,
2022-12-14T03:14:30Z,178,1,77,
2022-12-14T03:17:33Z,179,4,70,
2022-12-14T03:19:30Z,180,1,77,
2022-12-14T03:22:32Z,181,4,70,
2022-12-14T03:24:29Z,182,1,77,
2022-12-14T03:27:32Z,183,4,71,
2022-12-14T03:29:28Z,184,1,77,
2022-12-14T03:32:31Z,185,4,70,
2022-12-14T03:34:28Z,186,1,77,
2022-12-14T03:37:30Z,187,4,71,
2022-12-14T03:39:27Z,188,1,77,
2022-12-14T03:42:30Z,189,4,70,
2022-12-14T03:44:26Z,190,1,77,
2022-12-14T03:47:29Z,191,3,70,
2022-12-14T03:49:26Z,192,1,77,
2022-12-14T03:52:28Z,193,4,70,
2022-12-14T03:54:25Z,194,1,77,
2022-12-14T03:57:28Z,195,3,70,
2022-12-14T03:59:25Z,196,1,77,
2022-12-14T04:02:27Z,197,4,70,
2022-12-14T04:04:24Z,198,1,77,
2022-12-14T04:07:27Z,199,4,70,
2022-12-14T04:09:25Z,200,1,77,
2022-12-14T04:12:26Z,201,4,70,
2022-12-14T04:14:23Z,202,1,77,
2022-12-14T04:17:25Z,203,4,70,
2022-12-14T04:19:22Z,204,1,77,
2022-12-14T04:22:25Z,205,4,70,
2022-12-14T04:24:22Z,206,1,77,
2022-12-14T04:27:24Z,207,4,70,
2022-12-14T04:29:21Z,208,1,77,
2022-12-14T04:32:23Z,209,3,70,
2022-12-14T04:34:20Z,210,1,77,
2022-12-14T04:37:22Z,211,3,70,
2022-12-14T04:39:20Z,212,1,77,
2022-12-14T04:42:22Z,213,3,70,
2022-12-14T04:44:19Z,214,1,77,
2022-12-14T04:47:21Z,215,4,70,
2022-12-14T04:49:19Z,216,1,77,
2022-12-14T04:52:20Z,217,3,69,
2022-12-14T04:54:18Z,218,1,77,
2022-12-14T04:57:20Z,219,4,69,
2022-12-14T04:59:17Z,220,1,77,
2022-12-14T05:02:19Z,221,3,69,
2022-12-14T05:04:17Z,222,1,77,
2022-12-14T05:07:19Z,223,3,70,
2022-12-14T05:09:16Z,224,1,77,
2022-12-14T05:12:18Z,225,3,69,
2022-12-14T05:14:16Z,226,1,77,
2022-12-14T05:17:18Z,227,3,69,
2022-12-14T05:19:15Z,228,1,77,
2022-12-14T05:22:17Z,229,3,69,
2022-12-14T05:24:14Z,230,1,77,
2022-12-14T05:27:16Z,231,3,69,
2022-12-14T05:29:14Z,232,1,77,
2022-12-14T05:32:16Z,233,3,69,
2022-12-14T05:34:13Z,234,1,77,
2022-12-14T05:37:15Z,235,3,69,
2022-12-14T05:39:12Z,236,1,77,
2022-12-14T05:42:15Z,237,3,69,
2022-12-14T05:44:12Z,238,1,77,
2022-12-14T05:47:14Z,239,3,69,
2022-12-14T05:49:11Z,240,1,76,
2022-12-14T05:52:13Z,241,3,69,
2022-12-14T05:54:10Z,242,1,77,
2022-12-14T05:57:12Z,243,3,69,
2022-12-14T05:59:10Z,244,1,76,
2022-12-14T06:02:12Z,245,3,69,
2022-12-14T06:04:09Z,246,1,76,
2022-12-14T06:07:11Z,247,3,69,
2022-12-14T06:09:08Z,248,1,76,
2022-12-14T06:12:10Z,249,3,69,
2022-12-14T06:14:08Z,250,1,76,
2022-12-14T06:17:10Z,251,3,69,
2022-12-14T06:19:07Z,252,1,76,
2022-12-14T06:22:09Z,253,3,69,
2022-12-14T06:24:06Z,254,1,76,
2022-12-14T06:27:08Z,255,3,69,
2022-12-14T06:29:05Z,256,1,76,
2022-12-14T06:32:08Z,257,3,69,
2022-12-14T06:34:05Z,258,1,76,
2022-12-14T06:37:07Z,259,3,69,
2022-12-14T06:39:04Z,260,1,76,
2022-12-14T06:42:07Z,261,3,69,
2022-12-14T06:44:04Z,262,1,76,
2022-12-14T06:47:06Z,263,3,68,
2022-12-14T06:49:03Z,264,1,76,
2022-12-14T06:52:05Z,265,3,69,
2022-12-14T06:54:02Z,266,1,76,
2022-12-14T06:57:05Z,267,3,69,
2022-12-14T06:59:02Z,268,1,76,
2022-12-14T07:02:04Z,269,3,68,
2022-12-14T07:04:01Z,270,1,76,
2022-12-14T07:07:03Z,271,3,69,
2022-12-14T07:09:00Z,272,1,76,
2022-12-14T07:12:02Z,273,3,69,
2022-12-14T07:14:00Z,274,1,76,
2022-12-14T07:17:02Z,275,3,68,
2022-12-14T07:18:59Z,276,1,76,
2022-12-14T07:22:01Z,277,3,69,
2022-12-14T07:23:58Z,278,1,76,
2022-12-14T07:27:00Z,279,3,68,
2022-12-14T07:28:58Z,280,1,76,
2022-12-14T07:32:00Z,281,3,69,
2022-12-14T07:33:57Z,282,0,76,
2022-12-14T07:36:59Z,283,3,69,
2022-12-14T07:38:57Z,284,1,76,
2022-12-14T07:41:58Z,285,3,69,
2022-12-14T07:43:56Z,286,1,76,
2022-12-14T07:46:58Z,287,3,69,
2022-12-14T07:48:55Z,288,1,76,
2022-12-14T07:51:57Z,289,3,69,
2022-12-14T07:53:55Z,290,1,76,
2022-12-14T07:56:56Z,291,3,68,
2022-12-14T07:58:54Z,292,0,76,
2022-12-14T08:01:56Z,293,3,68,
2022-12-14T08:03:53Z,294,0,76,
2022-12-14T08:06:55Z,295,3,69,
2022-12-14T08:08:52Z,296,1,76,
2022-12-14T08:11:54Z,297,3,68,
2022-12-14T08:13:52Z,298,1,76,
2022-12-14T08:16:53Z,299,3,69,
2022-12-14T08:18:51Z,300,1,76,
2022-12-14T08:21:53Z,301,3,69,
2022-12-14T08:23:50Z,302,1,76,
2022-12-14T08:26:55Z,303,3,68,
2022-12-14T08:28:50Z,304,1,76,
2022-12-14T08:31:52Z,305,3,68,
2022-12-14T08:33:49Z,306,1,76,
2022-12-14T08:36:51Z,307,3,68,
2022-12-14T08:38:48Z,308,0,76,
2022-12-14T08:41:50Z,309,3,68,
2022-12-14T08:43:48Z,310,0,76,
2022-12-14T08:46:49Z,311,3,68,
2022-12-14T08:48:47Z,312,0,76,
2022-12-14T08:51:48Z,313,3,69,
2022-12-14T08:53:46Z,314,1,76,
2022-12-14T08:56:48Z,315,3,68,
2022-12-14T08:58:46Z,316,0,76,
2022-12-14T09:01:48Z,317,3,68,
2022-12-14T09:03:46Z,318,1,76,
2022-12-14T09:06:47Z,319,3,68,
2022-12-14T09:08:45Z,320,0,76,
2022-12-14T09:11:46Z,321,2,68,
2022-12-14T09:13:44Z,322,0,76,
2022-12-14T09:16:45Z,323,3,68,
2022-12-14T09:18:43Z,324,0,76,
2022-12-14T09:21:45Z,325,2,69,
2022-12-14T09:23:43Z,326,0,76,
2022-12-14T09:26:44Z,327,2,69,
2022-12-14T09:28:42Z,328,0,76,
2022-12-14T09:31:44Z,329,2,69,
2022-12-14T09:33:42Z,330,1,76,
2022-12-14T09:36:43Z,331,2,69,
2022-12-14T09:38:41Z,332,0,76,
2022-12-14T09:41:42Z,333,2,68,
2022-12-14T09:43:41Z,334,0,76,
2022-12-14T09:46:42Z,335,3,68,
2022-12-14T09:48:40Z,336,0,76,
2022-12-14T09:51:41Z,337,2,69,
2022-12-14T09:53:39Z,338,0,76,
2022-12-14T09:56:46Z,339,2,69,
2022-12-14T09:58:39Z,340,0,76,
2022-12-14T10:01:40Z,341,2,69,
2022-12-14T10:03:38Z,342,0,76,
2022-12-14T10:06:40Z,343,2,69,
2022-12-14T10:08:38Z,344,0,76,
2022-12-14T10:11:39Z,345,3,69,
2022-12-14T10:13:37Z,346,0,76,
2022-12-14T10:16:38Z,347,2,69,
2022-12-14T10:18:36Z,348,0,76,
2022-12-14T10:21:37Z,349,2,69,
2022-12-14T10:23:35Z,350,0,76,
2022-12-14T10:26:37Z,351,2,69,
2022-12-14T10:28:35Z,352,0,76,
2022-12-14T10:31:36Z,353,3,69,
2022-12-14T10:33:34Z,354,0,76,
2022-12-14T10:36:36Z,355,2,69,
2022-12-14T10:38:34Z,356,0,76,
2022-12-14T10:41:35Z,357,2,69,
2022-12-14T10:43:33Z,358,0,76,
2022-12-14T10:46:34Z,359,2,70,
2022-12-14T10:48:32Z,360,0,76,
2022-12-14T10:51:34Z,361,2,69,
2022-12-14T10:53:32Z,362,0,77,
2022-12-14T10:56:33Z,363,2,69,
2022-12-14T10:58:31Z,364,0,77,
2022-12-14T11:01:32Z,365,2,70,
2022-12-14T11:03:34Z,366,0,76,
2022-12-14T11:06:31Z,367,2,69,
2022-12-14T11:08:30Z,368,0,77,
2022-12-14T11:11:31Z,369,2,70,
2022-12-14T11:13:29Z,370,0,77,
2022-12-14T11:16:30Z,371,3,70,
2022-12-14T11:18:28Z,372,0,77,
2022-12-14T11:21:29Z,373,2,70,
2022-12-14T11:23:28Z,374,0,77,
2022-12-14T11:26:29Z,375,2,70,
2022-12-14T11:28:27Z,376,0,77,
2022-12-14T11:31:28Z,377,2,70,
2022-12-14T11:33:26Z,378,0,77,
2022-12-14T11:36:27Z,379,2,70,
2022-12-14T11:38:26Z,380,0,77,
2022-12-14T11:41:27Z,381,3,70,
2022-12-14T11:43:25Z,382,0,77,
2022-12-14T11:46:26Z,383,2,70,
2022-12-14T11:48:25Z,384,0,77,
2022-12-14T11:51:25Z,385,2,70,
2022-12-14T11:53:24Z,386,0,77,
2022-12-14T11:56:25Z,387,2,70,
2022-12-14T11:58:23Z,388,0,77,
2022-12-14T12:01:24Z,389,2,71,
2022-12-14T12:03:23Z,390,0,77,
2022-12-14T12:06:23Z,391,2,70,
2022-12-14T12:08:22Z,392,0,77,
2022-12-14T12:11:23Z,393,2,71,
2022-12-14T12:13:22Z,394,0,77,
2022-12-14T12:16:22Z,395,3,70,
2022-12-14T12:18:21Z,396,0,77,
2022-12-14T12:21:21Z,397,2,70,
2022-12-14T12:23:20Z,398,0,77,
2022-12-14T12:26:21Z,399,2,71,
2022-12-14T12:28:20Z,400,0,77,
2022-12-14T12:31:20Z,401,2,71,
2022-12-14T12:33:19Z,402,0,77,
2022-12-14T12:36:20Z,403,2,71,
2022-12-14T12:38:18Z,404,0,77,
2022-12-14T12:41:20Z,405,2,71,
2022-12-14T12:43:17Z,406,0,77,
2022-12-14T12:46:19Z,407,3,71,
2022-12-14T12:48:17Z,408,0,77,
2022-12-14T12:51:18Z,409,2,71,
2022-12-14T12:53:16Z,410,0,77,
2022-12-14T12:56:17Z,411,2,71,
2022-12-14T12:58:16Z,412,0,77,
2022-12-14T13:01:17Z,413,2,71,
2022-12-14T13:03:15Z,414,0,77,
2022-12-14T13:06:16Z,415,2,71,
2022-12-14T13:08:14Z,416,0,77,
2022-12-14T13:11:15Z,417,2,71,
2022-12-14T13:13:14Z,418,0,77,
2022-12-14T13:16:15Z,419,2,71,
2022-12-14T13:18:13Z,420,0,77,
2022-12-14T13:21:14Z,421,2,71,
2022-12-14T13:23:13Z,422,0,77,
2022-12-14T13:26:14Z,423,2,72,
2022-12-14T13:28:12Z,424,0,78,
2022-12-14T13:31:13Z,425,2,71,
2022-12-14T13:33:11Z,426,0,78,
2022-12-14T13:36:16Z,427,2,71,
2022-12-14T13:38:11Z,428,0,77,
2022-12-14T13:41:12Z,429,2,71,
2022-12-14T13:43:10Z,430,0,78,
2022-12-14T13:46:12Z,431,2,71,
2022-12-14T13:48:10Z,432,0,78,
2022-12-14T13:51:11Z,433,2,71,
2022-12-14T13:53:09Z,434,0,78,
2022-12-14T13:56:10Z,435,2,71,
2022-12-14T13:58:08Z,436,0,78,
2022-12-14T14:01:10Z,437,3,71,
2022-12-14T14:03:08Z,438,0,78,
2022-12-14T14:06:09Z,439,2,71,
2022-12-14T14:08:07Z,440,0,78,
2022-12-14T14:11:08Z,441,2,72,
2022-12-14T14:13:06Z,442,0,78,
2022-12-14T14:16:08Z,443,2,72,
2022-12-14T14:18:05Z,444,0,78,
2022-12-14T14:21:07Z,445,2,71,
2022-12-14T14:23:05Z,446,0,78,
2022-12-14T14:26:06Z,447,2,72,
2022-12-14T14:28:04Z,448,0,78,
2022-12-14T14:31:05Z,449,2,71,
2022-12-14T14:33:03Z,450,0,78,
2022-12-14T14:36:04Z,451,2,72,
2022-12-14T14:38:03Z,452,0,78,
2022-12-14T14:41:04Z,453,2,72,
2022-12-14T14:43:02Z,454,0,78,
2022-12-14T14:46:03Z,455,2,72,
2022-12-14T14:48:01Z,456,0,78,
2022-12-14T14:51:03Z,457,3,71,
2022-12-14T14:53:00Z,458,0,78,
2022-12-14T14:56:02Z,459,2,72,
2022-12-14T14:58:00Z,460,0,78,
2022-12-14T15:01:01Z,461,3,72,
2022-12-14T15:02:59Z,462,0,78,
2022-12-14T15:06:01Z,463,2,72,
2022-12-14T15:07:58Z,464,0,78,
2022-12-14T15:11:01Z,465,2,72,
2022-12-14T15:12:58Z,466,0,78,
2022-12-14T15:16:00Z,467,3,71,
2022-12-14T15:17:58Z,468,0,78,
2022-12-14T15:21:00Z,469,2,71,
2022-12-14T15:22:58Z,470,0,78,
2022-12-14T15:25:59Z,471,3,72,
2022-12-14T15:27:56Z,472,0,78,
2022-12-14T15:30:59Z,473,2,72,
2022-12-14T15:32:56Z,474,0,78,
2022-12-14T15:35:58Z,475,3,71,
2022-12-14T15:37:55Z,476,0,78,
2022-12-14T15:40:58Z,477,2,72,
2022-12-14T15:42:57Z,478,0,78,
2022-12-14T15:45:57Z,479,3,72,
2022-12-14T15:47:53Z,480,0,78,
2022-12-14T15:50:57Z,481,2,71,
2022-12-14T15:52:53Z,482,0,78,
2022-12-14T15:55:56Z,483,3,72,
2022-12-14T15:57:52Z,484,0,78,
2022-12-14T16:00:55Z,485,2,72,
2022-12-14T16:02:51Z,486,0,78,
2022-12-14T16:05:54Z,487,2,72,
2022-12-14T16:07:51Z,488,0,78,
2022-12-14T16:10:54Z,489,3,72,
2022-12-14T16:12:50Z,490,0,78,
2022-12-14T16:15:55Z,491,3,72,
2022-12-14T16:17:49Z,492,0,78,
2022-12-14T16:20:53Z,493,3,72,
2022-12-14T16:22:49Z,494,0,78,
2022-12-14T16:25:52Z,495,3,72,
2022-12-14T16:27:48Z,496,0,78,
2022-12-14T16:30:51Z,497,2,72,
2022-12-14T16:32:48Z,498,0,78,
2022-12-14T16:35:50Z,499,2,72,
2022-12-14T16:37:47Z,500,0,78,
2022-12-14T16:40:51Z,501,3,72,
2022-12-14T16:42:47Z,502,0,78,
2022-12-14T16:45:50Z,503,3,72,
2022-12-14T16:47:46Z,504,0,78,
2022-12-14T16:50:49Z,505,2,72,
2022-12-14T16:52:45Z,506,0,78,
2022-12-14T16:55:49Z,507,3,73,
2022-12-14T16:57:45Z,508,0,78,
2022-12-14T17:00:48Z,509,3,73,
2022-12-14T17:02:44Z,510,0,79,
2022-12-14T17:05:48Z,511,3,72,
2022-12-14T17:07:44Z,512,0,78,
2022-12-14T17:10:47Z,513,3,72,
2022-12-14T17:12:43Z,514,0,79,
2022-12-14T17:15:46Z,515,3,72,
2022-12-14T17:17:42Z,516,0,79,
2022-12-14T17:20:46Z,517,3,72,
2022-12-14T17:22:43Z,518,0,79,
2022-12-14T17:25:45Z,519,3,71,
2022-12-14T17:27:41Z,520,0,79,
2022-12-14T17:30:45Z,521,4,71,
2022-12-14T17:35:44Z,522,4,71,
2022-12-14T17:37:40Z,523,0,79,
2022-12-14T17:40:43Z,524,4,71,
2022-12-14T17:42:39Z,525,1,79,
2022-12-14T17:45:43Z,526,4,71,
2022-12-14T17:47:39Z,527,1,79,
2022-12-14T17:50:43Z,528,4,71,
2022-12-14T17:52:38Z,529,1,79,
2022-12-14T17:55:42Z,530,4,71,
2022-12-14T17:57:38Z,531,1,79,
2022-12-14T18:00:41Z,532,4,71,
2022-12-14T18:02:37Z,533,1,79,
2022-12-14T18:05:41Z,534,4,71,
2022-12-14T18:07:36Z,535,1,79,
2022-12-14T18:10:41Z,536,4,71,
2022-12-14T18:12:36Z,537,1,79,
2022-12-14T18:15:39Z,538,4,71,
2022-12-14T18:17:35Z,539,1,79,
2022-12-14T18:20:39Z,540,4,71,
2022-12-14T18:22:34Z,541,1,79,
2022-12-14T18:25:38Z,542,4,71,
2022-12-14T18:27:34Z,543,1,79,
2022-12-14T18:30:38Z,544,4,71,
2022-12-14T18:32:33Z,545,1,79,
2022-12-14T18:35:37Z,546,3,66,
2022-12-14T18:37:32Z,547,1,79,
2022-12-14T18:40:37Z,548,5,71,
2022-12-14T18:42:32Z,549,1,79,
2022-12-14T18:45:36Z,550,5,70,
2022-12-14T18:47:31Z,551,1,79,
2022-12-14T18:50:35Z,552,5,70,
2022-12-14T18:52:30Z,553,1,79,
2022-12-14T18:55:35Z,554,5,70,
2022-12-14T18:57:30Z,555,1,79,
2022-12-14T19:00:34Z,556,5,70,
2022-12-14T19:02:29Z,557,1,79,
2022-12-14T19:05:34Z,558,5,70,
2022-12-14T19:07:28Z,559,1,79,
2022-12-14T19:10:33Z,560,5,70,
2022-12-14T19:12:28Z,561,1,79,
2022-12-14T19:15:33Z,562,5,70,
2022-12-14T19:17:27Z,563,1,79,
2022-12-14T19:20:33Z,564,5,71,
2022-12-14T19:22:26Z,565,1,79,
2022-12-14T19:25:31Z,566,5,71,
2022-12-14T19:27:26Z,567,1,79,
2022-12-14T19:30:31Z,568,5,71,
2022-12-14T19:32:25Z,569,1,78,
2022-12-14T19:35:30Z,570,4,71,
2022-12-14T19:37:25Z,571,1,78,
2022-12-14T19:40:30Z,572,5,71,
2022-12-14T19:42:24Z,573,1,79,
2022-12-14T19:45:29Z,574,4,71,
2022-12-14T19:47:23Z,575,1,79,
2022-12-14T19:50:29Z,576,4,71,
2022-12-14T19:52:22Z,577,1,79,
2022-12-14T19:55:27Z,578,4,71,
2022-12-14T19:57:22Z,579,1,79,
2022-12-14T20:00:26Z,580,4,71,
2022-12-14T20:02:21Z,581,1,79,
2022-12-14T20:05:25Z,582,4,72,
2022-12-14T20:07:20Z,583,1,79,
2022-12-14T20:10:25Z,584,4,72,
2022-12-14T20:12:20Z,585,1,79,
2022-12-14T20:15:24Z,586,4,72,
2022-12-14T20:17:19Z,587,1,79,
2022-12-14T20:20:23Z,588,4,72,
2022-12-14T20:22:18Z,589,1,79,
2022-12-14T20:25:23Z,590,4,72,
2022-12-14T20:27:18Z,591,1,79,
2022-12-14T20:30:22Z,592,4,72,
2022-12-14T20:32:17Z,593,1,79,
2022-12-14T20:35:22Z,594,4,72,
2022-12-14T20:37:17Z,595,1,79,
2022-12-14T20:40:21Z,596,4,72,
2022-12-14T20:42:17Z,597,1,79,
2022-12-14T20:45:21Z,598,4,72,
2022-12-14T20:47:15Z,599,1,79,
2022-12-14T20:50:20Z,600,4,72,
2022-12-14T20:52:15Z,601,1,79,
2022-12-14T20:55:19Z,602,4,72,
2022-12-14T20:57:14Z,603,1,79,
2022-12-14T21:00:19Z,604,4,72,
2022-12-14T21:02:14Z,605,1,79,
2022-12-14T21:05:18Z,606,4,72,
2022-12-14T21:07:13Z,607,1,79,
2022-12-14T21:10:17Z,608,4,72,
2022-12-14T21:12:13Z,609,1,79,
2022-12-14T21:15:16Z,610,4,72,
2022-12-14T21:17:12Z,611,1,79,
2022-12-14T21:20:16Z,612,4,73,
2022-12-14T21:22:11Z,613,1,79,
2022-12-14T21:25:15Z,614,4,72,
2022-12-14T21:27:11Z,615,1,79,
2022-12-14T21:30:14Z,616,4,72,
2022-12-14T21:32:10Z,617,1,79,
2022-12-14T21:35:14Z,618,4,72,
2022-12-14T21:37:10Z,619,1,79,
2022-12-14T21:40:13Z,620,4,73,
2022-12-14T21:42:09Z,621,1,79,
2022-12-14T21:45:13Z,622,4,73,
2022-12-14T21:47:08Z,623,1,79,
2022-12-14T21:50:12Z,624,4,72,
2022-12-14T21:52:08Z,625,1,79,
2022-12-14T21:55:11Z,626,4,72,
2022-12-14T21:57:07Z,627,1,79,
2022-12-14T22:00:11Z,628,4,73,
2022-12-14T22:02:06Z,629,1,79,
2022-12-14T22:05:10Z,630,4,73,
2022-12-14T22:07:05Z,631,1,79,
2022-12-14T22:10:13Z,632,4,72,
2022-12-14T22:12:05Z,633,1,79,
2022-12-14T22:15:09Z,634,4,73,
2022-12-14T22:17:04Z,635,1,80,
2022-12-14T22:20:08Z,636,4,73,
2022-12-14T22:22:04Z,637,1,79,
2022-12-14T22:25:07Z,638,4,73,
2022-12-14T22:27:03Z,639,1,80,
2022-12-14T22:30:07Z,640,4,73,
2022-12-14T22:32:02Z,641,1,80,
2022-12-14T22:35:07Z,642,4,72,
2022-12-14T22:37:02Z,643,1,79,
2022-12-14T22:40:06Z,644,4,73,
2022-12-14T22:42:01Z,645,1,80,
2022-12-14T22:45:05Z,646,4,73,
2022-12-14T22:47:01Z,647,1,80,
2022-12-14T22:50:04Z,648,4,73,
2022-12-14T22:52:00Z,649,1,80,
2022-12-14T22:55:05Z,650,4,73,
2022-12-14T22:56:59Z,651,1,80,
2022-12-14T23:00:03Z,652,4,73,
2022-12-14T23:01:59Z,653,1,80,
2022-12-14T23:05:02Z,654,3,72,
2022-12-14T23:06:58Z,655,1,80,
2022-12-14T23:10:02Z,656,3,73,
2022-12-14T23:11:57Z,657,1,80,
2022-12-14T23:15:01Z,658,3,72,
2022-12-14T23:16:57Z,659,1,80,
2022-12-14T23:20:00Z,660,3,73,
2022-12-14T23:21:56Z,661,1,80,
2022-12-14T23:24:59Z,662,3,73,
2022-12-14T23:26:55Z,663,1,80,
2022-12-14T23:29:59Z,664,3,73,
2022-12-14T23:31:55Z,665,1,80,
2022-12-14T23:34:58Z,666,3,72,
2022-12-14T23:36:54Z,667,1,80,
2022-12-14T23:39:57Z,668,4,73,
2022-12-14T23:41:53Z,669,1,80,
2022-12-14T23:44:57Z,670,3,72,
2022-12-14T23:46:53Z,671,1,80,
2022-12-14T23:49:56Z,672,3,73,
2022-12-14T23:51:52Z,673,1,80,
2022-12-14T23:54:56Z,674,3,73,
2022-12-14T23:56:51Z,675,1,80,
2022-12-14T23:59:55Z,676,3,73,
2022-12-15T00:01:51Z,677,1,80,
2022-12-15T00:04:54Z,678,3,73,
2022-12-15T00:06:50Z,679,1,80,
2022-12-15T00:09:53Z,680,3,73,
2022-12-15T00:11:49Z,681,1,80,
2022-12-15T00:14:53Z,682,3,73,
2022-12-15T00:16:49Z,683,0,80,
2022-12-15T00:19:52Z,684,3,73,
2022-12-15T00:21:48Z,685,0,80,
2022-12-15T00:24:52Z,686,3,73,
2022-12-15T00:26:47Z,687,1,80,
2022-12-15T00:29:51Z,688,3,73,
2022-12-15T00:31:47Z,689,0,80,
2022-12-15T00:34:50Z,690,3,73,
2022-12-15T00:36:46Z,691,0,80,
2022-12-15T00:39:49Z,692,3,73,
2022-12-15T00:41:45Z,693,1,80,
2022-12-15T00:44:48Z,694,3,73,
2022-12-15T00:46:45Z,695,1,80,
2022-12-15T00:49:47Z,696,3,73,
2022-12-15T00:51:44Z,697,0,80,
2022-12-15T00:54:47Z,698,3,73,
2022-12-15T00:56:43Z,699,0,80,
2022-12-15T00:59:46Z,700,3,73,
2022-12-15T01:01:43Z,701,0,80,
2022-12-15T01:04:46Z,702,3,73,
2022-12-15T01:06:42Z,703,0,80,
2022-12-15T01:09:45Z,704,3,73,
2022-12-15T01:11:41Z,705,0,80,
2022-12-15T01:14:44Z,706,3,73,
2022-12-15T01:16:40Z,707,1,80,
2022-12-15T01:19:43Z,708,3,73,
2022-12-15T01:21:40Z,709,1,80,
2022-12-15T01:24:43Z,710,3,73,
2022-12-15T01:26:39Z,711,1,80,
2022-12-15T01:29:42Z,712,3,73,
2022-12-15T01:31:39Z,713,0,80,
2022-12-15T01:34:42Z,714,3,73,
2022-12-15T01:36:38Z,715,0,80,
2022-12-15T01:41:37Z,716,0,80,
2022-12-15T01:44:40Z,717,3,73,
2022-12-15T01:46:36Z,718,0,80,
2022-12-15T01:49:39Z,719,3,73,
2022-12-15T01:51:36Z,720,0,80,
2022-12-15T01:54:39Z,721,3,73,
2022-12-15T01:56:35Z,722,0,80,
2022-12-15T01:59:38Z,723,3,73,
2022-12-15T02:01:34Z,724,1,80,
2022-12-15T02:04:38Z,725,3,73,
2022-12-15T02:06:34Z,726,0,80,
2022-12-15T02:09:36Z,727,3,73,
2022-12-15T02:11:33Z,728,1,80,
2022-12-15T02:14:36Z,729,3,74,
2022-12-15T02:16:32Z,730,1,80,
2022-12-15T02:19:35Z,731,3,74,
2022-12-15T02:21:32Z,732,0,80,
2022-12-15T02:24:34Z,733,3,74,
2022-12-15T02:26:31Z,734,0,80,
2022-12-15T02:29:33Z,735,3,73,
2022-12-15T02:31:31Z,736,0,80,
2022-12-15T02:34:33Z,737,3,74,
2022-12-15T02:36:30Z,738,0,80,
2022-12-15T02:39:32Z,739,3,73,
2022-12-15T02:41:29Z,740,0,80,
2022-12-15T02:44:32Z,741,3,73,
2022-12-15T02:46:29Z,742,0,80,
2022-12-15T02:49:31Z,743,3,74,
2022-12-15T02:51:28Z,744,0,80,
2022-12-15T02:54:30Z,745,3,74,
2022-12-15T02:56:27Z,746,0,80,
2022-12-15T02:59:29Z,747,3,73,
2022-12-15T03:01:27Z,748,0,80,
2022-12-15T03:04:29Z,749,3,74,
2022-12-15T03:06:26Z,750,0,80,
2022-12-15T03:09:28Z,751,3,74,
2022-12-15T03:11:29Z,752,0,80,
2022-12-15T03:14:28Z,753,3,74,
2022-12-15T03:16:25Z,754,0,80,
2022-12-15T03:19:27Z,755,3,74,
2022-12-15T03:21:24Z,756,0,80,
2022-12-15T03:24:26Z,757,3,74,
2022-12-15T03:26:23Z,758,0,80,
2022-12-15T03:29:26Z,759,3,74,
2022-12-15T03:31:22Z,760,0,80,
2022-12-15T03:34:25Z,761,3,74,
2022-12-15T03:36:22Z,762,0,80,
2022-12-15T03:39:24Z,763,3,74,
2022-12-15T03:41:21Z,764,0,80,
2022-12-15T03:44:24Z,765,3,74,
2022-12-15T03:46:21Z,766,0,80,
2022-12-15T03:49:23Z,767,3,74,
2022-12-15T03:51:20Z,768,0,80,
2022-12-15T03:54:22Z,769,3,74,
2022-12-15T03:56:19Z,770,0,80,
2022-12-15T03:59:22Z,771,3,74,
2022-12-15T04:01:18Z,772,0,80,
2022-12-15T04:04:21Z,773,3,74,
2022-12-15T04:06:18Z,774,0,80,
2022-12-15T04:09:20Z,775,3,74,
2022-12-15T04:11:17Z,776,0,80,
2022-12-15T04:14:20Z,777,3,74,
2022-12-15T04:16:17Z,778,0,80,
2022-12-15T04:19:19Z,779,3,74,
2022-12-15T04:21:19Z,780,0,80,
2022-12-15T04:24:19Z,781,3,74,
2022-12-15T04:26:15Z,782,0,80,
2022-12-15T04:29:18Z,783,3,74,
2022-12-15T04:31:15Z,784,0,80,
2022-12-15T04:34:17Z,785,3,74,
2022-12-15T04:36:14Z,786,0,80,
2022-12-15T04:39:17Z,787,3,74,
2022-12-15T04:41:14Z,788,0,80,
2022-12-15T04:44:16Z,789,3,74,
2022-12-15T04:46:13Z,790,0,81,
2022-12-15T04:49:15Z,791,3,74,
2022-12-15T04:51:12Z,792,0,80,
2022-12-15T04:54:14Z,793,3,74,
2022-12-15T04:56:11Z,794,0,80,
2022-12-15T04:59:14Z,795,3,74,
2022-12-15T05:01:11Z,796,0,80,
2022-12-15T05:04:15Z,797,3,74,
2022-12-15T05:06:10Z,798,0,80,
2022-12-15T05:09:13Z,799,3,74,
2022-12-15T05:11:09Z,800,0,80,
2022-12-15T05:14:12Z,801,3,74,
2022-12-15T05:16:09Z,802,0,80,
2022-12-15T05:19:12Z,803,3,74,
2022-12-15T05:21:08Z,804,0,80,
2022-12-15T05:24:13Z,805,3,74,
2022-12-15T05:26:08Z,806,0,80,
2022-12-15T05:29:11Z,807,3,74,
2022-12-15T05:31:07Z,808,0,80,
2022-12-15T05:34:10Z,809,3,74,
2022-12-15T05:36:06Z,810,0,80,
2022-12-15T05:39:10Z,811,3,74,
2022-12-15T05:41:06Z,812,0,81,
2022-12-15T05:44:09Z,813,3,74,
2022-12-15T05:46:05Z,814,0,80,
2022-12-15T05:49:08Z,815,3,74,
2022-12-15T05:51:04Z,816,0,81,
2022-12-15T05:54:07Z,817,3,74,
2022-12-15T05:56:04Z,818,0,81,
2022-12-15T05:59:07Z,819,3,74,
2022-12-15T06:04:06Z,820,3,74,
2022-12-15T06:06:02Z,821,0,80,
2022-12-15T06:09:05Z,822,3,74,
2022-12-15T06:11:02Z,823,0,80,
2022-12-15T06:14:05Z,824,3,74,
2022-12-15T06:16:01Z,825,0,80,
2022-12-15T06:19:04Z,826,3,74,
2022-12-15T06:21:00Z,827,0,81,
2022-12-15T06:24:03Z,828,3,74,
2022-12-15T06:26:00Z,829,0,80,
2022-12-15T06:29:03Z,830,3,74,
2022-12-15T06:30:59Z,831,0,80,
2022-12-15T06:34:02Z,832,3,74,
2022-12-15T06:35:58Z,833,0,80,
2022-12-15T06:39:02Z,834,3,74,
2022-12-15T06:40:58Z,835,0,80,
2022-12-15T06:44:01Z,836,3,74,
2022-12-15T06:45:57Z,837,0,81,
2022-12-15T06:49:01Z,838,3,75,
2022-12-15T06:50:56Z,839,0,80,
2022-12-15T06:54:00Z,840,3,74,
2022-12-15T06:55:55Z,841,0,80,
2022-12-15T06:59:00Z,842,2,74,
2022-12-15T07:00:55Z,843,0,80,
2022-12-15T07:03:59Z,844,3,74,
2022-12-15T07:05:54Z,845,0,80,
2022-12-15T07:08:58Z,846,3,74,
2022-12-15T07:10:54Z,847,0,80,
2022-12-15T07:13:57Z,848,3,74,
2022-12-15T07:15:53Z,849,0,80,
2022-12-15T07:18:57Z,850,3,75,
2022-12-15T07:20:53Z,851,0,81,
2022-12-15T07:23:56Z,852,3,74,
2022-12-15T07:25:51Z,853,0,81,
2022-12-15T07:28:56Z,854,3,74,
2022-12-15T07:30:51Z,855,0,80,
2022-12-15T07:33:55Z,856,2,74,
2022-12-15T07:35:50Z,857,0,80,
2022-12-15T07:38:54Z,858,2,75,
2022-12-15T07:40:49Z,859,0,81,
2022-12-15T07:43:54Z,860,3,75,
2022-12-15T07:45:49Z,861,0,80,
2022-12-15T07:48:53Z,862,2,74,
2022-12-15T07:50:48Z,863,0,80,
2022-12-15T07:53:52Z,864,2,74,
2022-12-15T07:55:48Z,865,0,80,
2022-12-15T07:58:52Z,866,2,75,
2022-12-15T08:00:47Z,867,0,81,
2022-12-15T08:03:51Z,868,2,75,
2022-12-15T08:05:46Z,869,0,81,
2022-12-15T08:08:50Z,870,3,75,
2022-12-15T08:10:46Z,871,0,81,
2022-12-15T08:13:50Z,872,2,75,
2022-12-15T08:15:45Z,873,0,81,
2022-12-15T08:20:44Z,874,0,81,
2022-12-15T08:23:49Z,875,2,74,
2022-12-15T08:25:44Z,876,0,81,
2022-12-15T08:28:48Z,877,2,74,
2022-12-15T08:30:43Z,878,0,81,
2022-12-15T08:33:47Z,879,2,74,
2022-12-15T08:35:43Z,880,0,81,
2022-12-15T08:38:47Z,881,2,75,
2022-12-15T08:40:42Z,882,0,81,
2022-12-15T08:43:46Z,883,2,75,
2022-12-15T08:48:45Z,884,2,75,
2022-12-15T08:50:41Z,885,0,81,
2022-12-15T08:53:45Z,886,2,74,
2022-12-15T08:55:40Z,887,0,81,
2022-12-15T08:58:44Z,888,3,75,
2022-12-15T09:00:39Z,889,0,81,
2022-12-15T09:03:43Z,890,3,74,
2022-12-15T09:05:39Z,891,0,81,
2022-12-15T09:08:42Z,892,2,75,
2022-12-15T09:10:38Z,893,0,81,
2022-12-15T09:13:41Z,894,2,74,
2022-12-15T09:15:37Z,895,0,81,
2022-12-15T09:18:41Z,896,2,74,
2022-12-15T09:23:40Z,897,2,75,
2022-12-15T09:25:36Z,898,0,81,
2022-12-15T09:28:39Z,899,2,75,
2022-12-15T09:30:35Z,900,0,81,
2022-12-15T09:33:38Z,901,2,74,
2022-12-15T09:35:35Z,902,0,81,
2022-12-15T09:38:38Z,903,2,74,
2022-12-15T09:40:34Z,904,0,81,
2022-12-15T09:43:37Z,905,2,74,
2022-12-15T09:45:33Z,906,0,81,
2022-12-15T09:48:36Z,907,2,75,
2022-12-15T09:50:33Z,908,0,81,
2022-12-15T09:53:36Z,909,2,75,
2022-12-15T09:55:32Z,910,0,81,
2022-12-15T09:58:35Z,911,2,75,
2022-12-15T10:00:32Z,912,0,81,
2022-12-15T10:03:35Z,913,2,74,
2022-12-15T10:08:34Z,914,2,75,
2022-12-15T10:10:30Z,915,0,81,
2022-12-15T10:13:34Z,916,2,75,
2022-12-15T10:15:30Z,917,0,81,
2022-12-15T10:18:33Z,918,2,75,
2022-12-15T10:20:29Z,919,0,80,
2022-12-15T10:23:32Z,920,2,76,
2022-12-15T10:25:28Z,921,0,80,
2022-12-15T10:28:32Z,922,2,76,
2022-12-15T10:30:28Z,923,0,81,
2022-12-15T10:33:31Z,924,3,75,
2022-12-15T10:35:27Z,925,0,81,
2022-12-15T10:38:31Z,926,3,75,
2022-12-15T10:40:27Z,927,0,80,
2022-12-15T10:43:30Z,928,3,75,
2022-12-15T10:45:26Z,929,0,81,
2022-12-15T10:48:30Z,930,3,75,
2022-12-15T10:50:25Z,931,0,80,
2022-12-15T10:55:25Z,932,0,80,
2022-12-15T11:00:24Z,933,0,80,
2022-12-15T11:03:29Z,934,4,74,
2022-12-15T11:05:23Z,935,0,81,
2022-12-15T11:08:28Z,936,3,74,
2022-12-15T11:10:23Z,937,0,80,
2022-12-15T11:13:27Z,938,4,74,
2022-12-15T11:15:22Z,939,0,80,
2022-12-15T11:18:27Z,940,4,74,
2022-12-15T11:20:22Z,941,0,80,
2022-12-15T11:23:26Z,942,4,74,
2022-12-15T11:25:21Z,943,0,80,
2022-12-15T11:28:26Z,944,4,74,
2022-12-15T11:30:20Z,945,0,80,
2022-12-15T11:33:25Z,946,4,74,
2022-12-15T11:35:20Z,947,0,80,
2022-12-15T11:38:25Z,948,4,74,
2022-12-15T11:40:19Z,949,0,80,
2022-12-15T11:43:25Z,950,4,77,
2022-12-15T11:45:19Z,951,0,80,
2022-12-15T11:48:24Z,952,4,75,
2022-12-15T11:50:18Z,953,1,80,
2022-12-15T11:53:23Z,954,4,75,
2022-12-15T11:55:17Z,955,0,80,
2022-12-15T11:58:23Z,956,4,75,
2022-12-15T12:00:17Z,957,0,80,
2022-12-15T12:03:22Z,958,4,75,
2022-12-15T12:05:16Z,959,0,80,
2022-12-15T12:08:21Z,960,5,74,
2022-12-15T12:10:16Z,961,1,80,
2022-12-15T12:13:21Z,962,4,74,
2022-12-15T12:15:15Z,963,1,80,
2022-12-15T12:18:20Z,964,5,74,
2022-12-15T12:20:15Z,965,1,80,
2022-12-15T12:23:20Z,966,5,74,
2022-12-15T12:25:14Z,967,1,80,
2022-12-15T12:28:19Z,968,4,74,
2022-12-15T12:30:16Z,969,1,80,
2022-12-15T12:33:18Z,970,4,74,
2022-12-15T12:35:13Z,971,0,80,
2022-12-15T12:38:18Z,972,4,74,
2022-12-15T12:40:12Z,973,0,80,
2022-12-15T12:43:17Z,974,4,74,
2022-12-15T12:45:11Z,975,1,80,
2022-12-15T12:48:16Z,976,4,74,
2022-12-15T12:50:11Z,977,1,80,
2022-12-15T12:53:16Z,978,4,74,
2022-12-15T12:55:10Z,979,1,80,
2022-12-15T12:58:15Z,980,4,74,
2022-12-15T13:00:09Z,981,1,80,
2022-12-15T13:03:14Z,982,4,74,
2022-12-15T13:05:09Z,983,1,80,
2022-12-15T13:08:13Z,984,4,75,
2022-12-15T13:10:08Z,985,1,80,
2022-12-15T13:13:13Z,986,4,74,
2022-12-15T13:15:07Z,987,1,80,
2022-12-15T13:18:12Z,988,4,75,
2022-12-15T13:20:07Z,989,1,80,
2022-12-15T13:23:11Z,990,4,75,
2022-12-15T13:25:06Z,991,1,80,
2022-12-15T13:28:10Z,992,4,75,
2022-12-15T13:30:06Z,993,1,80,
2022-12-15T13:33:09Z,994,4,75,
2022-12-15T13:38:09Z,995,4,74,
2022-12-15T13:40:05Z,996,1,80,
2022-12-15T13:43:08Z,997,4,74,
2022-12-15T13:45:04Z,998,1,80,
2022-12-15T13:48:07Z,999,4,74,
2022-12-15T13:50:03Z,1000,1,79,
2022-12-15T13:53:07Z,1001,4,75,
2022-12-15T13:55:03Z,1002,1,79,
2022-12-15T13:58:06Z,1003,4,75,
2022-12-15T14:00:02Z,1004,1,80,
2022-12-15T14:03:05Z,1005,4,75,
2022-12-15T14:05:02Z,1006,1,80,
2022-12-15T14:08:05Z,1007,4,75,
2022-12-15T14:10:01Z,1008,1,79,
2022-12-15T14:13:04Z,1009,4,75,
2022-12-15T14:15:00Z,1010,1,80,
2022-12-15T14:18:03Z,1011,4,75,
2022-12-15T14:19:59Z,1012,1,80,
2022-12-15T14:23:03Z,1013,4,75,
2022-12-15T14:25:02Z,1014,1,80,
2022-12-15T14:28:02Z,1015,4,74,
2022-12-15T14:34:58Z,1016,1,80,
2022-12-15T14:38:01Z,1017,4,75,
2022-12-15T14:39:57Z,1018,1,80,
2022-12-15T14:43:00Z,1019,4,74,
2022-12-15T14:44:56Z,1020,1,80,
2022-12-15T14:47:59Z,1021,4,74,
2022-12-15T14:49:56Z,1022,1,80,
2022-12-15T14:52:59Z,1023,4,74,
2022-12-15T14:54:55Z,1024,1,80,
2022-12-15T14:57:58Z,1025,4,75,
2022-12-15T14:59:54Z,1026,1,80,
2022-12-15T15:02:57Z,1027,3,75,
2022-12-15T15:04:54Z,1028,1,80,
2022-12-15T15:07:57Z,1029,4,75,
2022-12-15T15:09:53Z,1030,1,80,
2022-12-15T15:13:00Z,1031,3,74,
2022-12-15T15:14:53Z,1032,1,80,
2022-12-15T15:17:56Z,1033,4,75,
2022-12-15T15:19:52Z,1034,1,80,
2022-12-15T15:22:55Z,1035,3,75,
2022-12-15T15:24:51Z,1036,1,80,
2022-12-15T15:27:54Z,1037,3,75,
2022-12-15T15:29:51Z,1038,1,80,
2022-12-15T15:32:53Z,1039,3,75,
2022-12-15T15:34:50Z,1040,1,80,
2022-12-15T15:37:53Z,1041,4,75,
2022-12-15T15:39:50Z,1042,0,80,
2022-12-15T15:42:52Z,1043,4,74,
2022-12-15T15:47:52Z,1044,3,75,
2022-12-15T15:49:48Z,1045,1,80,
2022-12-15T15:52:51Z,1046,3,74,
2022-12-15T15:54:48Z,1047,1,80,
2022-12-15T15:57:50Z,1048,4,75,
2022-12-15T15:59:47Z,1049,1,80,
2022-12-15T16:02:50Z,1050,3,75,
2022-12-15T16:04:47Z,1051,1,80,
2022-12-15T16:07:49Z,1052,3,75,
2022-12-15T16:09:46Z,1053,1,80,
2022-12-15T16:12:49Z,1054,3,75,
2022-12-15T16:14:48Z,1055,0,80,
2022-12-15T16:17:48Z,1056,3,75,
2022-12-15T16:19:44Z,1057,1,80,
2022-12-15T16:22:47Z,1058,3,76,
2022-12-15T16:24:44Z,1059,0,80,
2022-12-15T16:27:46Z,1060,3,76,
2022-12-15T16:29:43Z,1061,1,80,
2022-12-15T16:32:46Z,1062,4,75,
2022-12-15T16:34:43Z,1063,0,80,
2022-12-15T16:37:45Z,1064,4,75,
2022-12-15T16:39:42Z,1065,1,80,
2022-12-15T16:42:45Z,1066,4,75,
2022-12-15T16:44:41Z,1067,1,80,
2022-12-15T16:47:44Z,1068,4,74,
2022-12-15T16:49:41Z,1069,1,80,
2022-12-15T16:52:44Z,1070,4,75,
2022-12-15T16:54:40Z,1071,1,80,
2022-12-15T16:57:43Z,1072,4,74,
2022-12-15T16:59:40Z,1073,1,80,
2022-12-15T17:02:42Z,1074,4,74,
2022-12-15T17:04:39Z,1075,1,80,
2022-12-15T17:07:42Z,1076,4,74,
2022-12-15T17:09:39Z,1077,1,80,
2022-12-15T17:12:41Z,1078,5,74,
2022-12-15T17:14:38Z,1079,1,80,
2022-12-15T17:17:40Z,1080,5,74,
2022-12-15T17:19:37Z,1081,1,80,
2022-12-15T17:22:40Z,1082,5,74,
2022-12-15T17:24:37Z,1083,1,80,
