,timestamp,entry_id,temperature,rh
14,2022-12-13 20:23:31+00:00,15,6.0,69.0
16,2022-12-13 20:28:30+00:00,17,5.0,70.0
18,2022-12-13 20:33:30+00:00,19,5.0,70.0
20,2022-12-13 20:38:29+00:00,21,5.0,70.0
22,2022-12-13 20:43:28+00:00,23,5.0,70.0
24,2022-12-13 20:48:27+00:00,25,5.0,70.0
26,2022-12-13 20:53:26+00:00,27,5.0,71.0
28,2022-12-13 20:58:26+00:00,29,5.0,71.0
30,2022-12-13 21:03:25+00:00,31,5.0,71.0
32,2022-12-13 21:08:24+00:00,33,5.0,71.0
34,2022-12-13 21:13:23+00:00,35,5.0,71.0
36,2022-12-13 21:18:22+00:00,37,5.0,70.0
38,2022-12-13 21:23:22+00:00,39,5.0,70.0
40,2022-12-13 21:28:21+00:00,41,5.0,70.0
42,2022-12-13 21:33:21+00:00,43,5.0,70.0
44,2022-12-13 21:38:20+00:00,45,5.0,71.0
46,2022-12-13 21:43:19+00:00,47,5.0,70.0
48,2022-12-13 21:48:18+00:00,49,5.0,70.0
50,2022-12-13 21:53:18+00:00,51,5.0,70.0
52,2022-12-13 21:58:17+00:00,53,5.0,70.0
54,2022-12-13 22:03:16+00:00,55,5.0,70.0
56,2022-12-13 22:08:15+00:00,57,5.0,70.0
58,2022-12-13 22:13:14+00:00,59,5.0,71.0
60,2022-12-13 22:18:14+00:00,61,5.0,70.0
62,2022-12-13 22:23:13+00:00,63,5.0,71.0
64,2022-12-13 22:28:12+00:00,65,5.0,71.0
66,2022-12-13 22:33:12+00:00,67,5.0,71.0
68,2022-12-13 22:38:11+00:00,69,5.0,71.0
70,2022-12-13 22:43:10+00:00,71,5.0,70.0
72,2022-12-13 22:48:10+00:00,73,4.0,71.0
74,2022-12-13 22:53:09+00:00,75,5.0,70.0
76,2022-12-13 22:58:09+00:00,77,5.0,71.0
78,2022-12-13 23:03:08+00:00,79,4.0,71.0
80,2022-12-13 23:08:07+00:00,81,5.0,71.0
82,2022-12-13 23:13:07+00:00,83,4.0,71.0
84,2022-12-13 23:18:06+00:00,85,4.0,70.0
86,2022-12-13 23:23:05+00:00,87,4.0,71.0
88,2022-12-13 23:28:05+00:00,89,5.0,71.0
90,2022-12-13 23:33:04+00:00,91,4.0,71.0
92,2022-12-13 23:38:03+00:00,93,5.0,71.0
94,2022-12-13 23:43:03+00:00,95,4.0,71.0
96,2022-12-13 23:48:02+00:00,97,4.0,71.0
98,2022-12-13 23:53:03+00:00,99,4.0,71.0
100,2022-12-13 23:58:01+00:00,101,4.0,71.0
102,2022-12-14 00:03:00+00:00,103,4.0,71.0
104,2022-12-14 00:08:00+00:00,105,4.0,71.0
106,2022-12-14 00:12:59+00:00,107,4.0,71.0
108,2022-12-14 00:17:58+00:00,109,4.0,71.0
110,2022-12-14 00:22:58+00:00,111,4.0,71.0
112,2022-12-14 00:27:57+00:00,113,4.0,71.0
114,2022-12-14 00:32:56+00:00,115,4.0,71.0
117,2022-12-14 00:42:55+00:00,118,4.0,71.0
119,2022-12-14 00:47:54+00:00,120,4.0,71.0
121,2022-12-14 00:52:53+00:00,122,4.0,71.0
123,2022-12-14 00:57:53+00:00,124,4.0,71.0
125,2022-12-14 01:02:52+00:00,126,4.0,71.0
127,2022-12-14 01:07:51+00:00,128,4.0,71.0
129,2022-12-14 01:12:51+00:00,130,4.0,71.0
131,2022-12-14 01:17:50+00:00,132,4.0,71.0
133,2022-12-14 01:22:49+00:00,134,4.0,71.0
135,2022-12-14 01:27:48+00:00,136,4.0,71.0
137,2022-12-14 01:32:47+00:00,138,4.0,71.0
139,2022-12-14 01:37:47+00:00,140,4.0,71.0
141,2022-12-14 01:42:46+00:00,142,4.0,71.0
143,2022-12-14 01:47:45+00:00,144,4.0,71.0
145,2022-12-14 01:52:45+00:00,146,4.0,71.0
147,2022-12-14 01:57:44+00:00,148,4.0,71.0
149,2022-12-14 02:02:44+00:00,150,4.0,71.0
151,2022-12-14 02:07:43+00:00,152,4.0,71.0
153,2022-12-14 02:12:43+00:00,154,4.0,71.0
155,2022-12-14 02:17:43+00:00,156,4.0,71.0
157,2022-12-14 02:22:42+00:00,158,4.0,71.0
159,2022-12-14 02:27:41+00:00,160,4.0,71.0
161,2022-12-14 02:32:40+00:00,162,4.0,71.0
163,2022-12-14 02:37:39+00:00,164,4.0,71.0
165,2022-12-14 02:42:39+00:00,166,4.0,71.0
168,2022-12-14 02:52:37+00:00,169,4.0,71.0
170,2022-12-14 02:57:36+00:00,171,4.0,71.0
172,2022-12-14 03:02:36+00:00,173,4.0,71.0
174,2022-12-14 03:07:35+00:00,175,4.0,71.0
176,2022-12-14 03:12:34+00:00,177,4.0,71.0
178,2022-12-14 03:17:33+00:00,179,4.0,70.0
180,2022-12-14 03:22:32+00:00,181,4.0,70.0
182,2022-12-14 03:27:32+00:00,183,4.0,71.0
184,2022-12-14 03:32:31+00:00,185,4.0,70.0
186,2022-12-14 03:37:30+00:00,187,4.0,71.0
188,2022-12-14 03:42:30+00:00,189,4.0,70.0
190,2022-12-14 03:47:29+00:00,191,3.0,70.0
192,2022-12-14 03:52:28+00:00,193,4.0,70.0
194,2022-12-14 03:57:28+00:00,195,3.0,70.0
196,2022-12-14 04:02:27+00:00,197,4.0,70.0
198,2022-12-14 04:07:27+00:00,199,4.0,70.0
200,2022-12-14 04:12:26+00:00,201,4.0,70.0
202,2022-12-14 04:17:25+00:00,203,4.0,70.0
204,2022-12-14 04:22:25+00:00,205,4.0,70.0
206,2022-12-14 04:27:24+00:00,207,4.0,70.0
208,2022-12-14 04:32:23+00:00,209,3.0,70.0
210,2022-12-14 04:37:22+00:00,211,3.0,70.0
212,2022-12-14 04:42:22+00:00,213,3.0,70.0
214,2022-12-14 04:47:21+00:00,215,4.0,70.0
216,2022-12-14 04:52:20+00:00,217,3.0,69.0
218,2022-12-14 04:57:20+00:00,219,4.0,69.0
220,2022-12-14 05:02:19+00:00,221,3.0,69.0
222,2022-12-14 05:07:19+00:00,223,3.0,70.0
224,2022-12-14 05:12:18+00:00,225,3.0,69.0
226,2022-12-14 05:17:18+00:00,227,3.0,69.0
228,2022-12-14 05:22:17+00:00,229,3.0,69.0
230,2022-12-14 05:27:16+00:00,231,3.0,69.0
232,2022-12-14 05:32:16+00:00,233,3.0,69.0
234,2022-12-14 05:37:15+00:00,235,3.0,69.0
236,2022-12-14 05:42:15+00:00,237,3.0,69.0
238,2022-12-14 05:47:14+00:00,239,3.0,69.0
240,2022-12-14 05:52:13+00:00,241,3.0,69.0
242,2022-12-14 05:57:12+00:00,243,3.0,69.0
244,2022-12-14 06:02:12+00:00,245,3.0,69.0
246,2022-12-14 06:07:11+00:00,247,3.0,69.0
248,2022-12-14 06:12:10+00:00,249,3.0,69.0
250,2022-12-14 06:17:10+00:00,251,3.0,69.0
252,2022-12-14 06:22:09+00:00,253,3.0,69.0
254,2022-12-14 06:27:08+00:00,255,3.0,69.0
256,2022-12-14 06:32:08+00:00,257,3.0,69.0
258,2022-12-14 06:37:07+00:00,259,3.0,69.0
260,2022-12-14 06:42:07+00:00,261,3.0,69.0
262,2022-12-14 06:47:06+00:00,263,3.0,68.0
264,2022-12-14 06:52:05+00:00,265,3.0,69.0
266,2022-12-14 06:57:05+00:00,267,3.0,69.0
268,2022-12-14 07:02:04+00:00,269,3.0,68.0
270,2022-12-14 07:07:03+00:00,271,3.0,69.0
272,2022-12-14 07:12:02+00:00,273,3.0,69.0
274,2022-12-14 07:17:02+00:00,275,3.0,68.0
276,2022-12-14 07:22:01+00:00,277,3.0,69.0
278,2022-12-14 07:27:00+00:00,279,3.0,68.0
280,2022-12-14 07:32:00+00:00,281,3.0,69.0
282,2022-12-14 07:36:59+00:00,283,3.0,69.0
284,2022-12-14 07:41:58+00:00,285,3.0,69.0
286,2022-12-14 07:46:58+00:00,287,3.0,69.0
288,2022-12-14 07:51:57+00:00,289,3.0,69.0
290,2022-12-14 07:56:56+00:00,291,3.0,68.0
292,2022-12-14 08:01:56+00:00,293,3.0,68.0
294,2022-12-14 08:06:55+00:00,295,3.0,69.0
296,2022-12-14 08:11:54+00:00,297,3.0,68.0
298,2022-12-14 08:16:53+00:00,299,3.0,69.0
300,2022-12-14 08:21:53+00:00,301,3.0,69.0
302,2022-12-14 08:26:55+00:00,303,3.0,68.0
304,2022-12-14 08:31:52+00:00,305,3.0,68.0
306,2022-12-14 08:36:51+00:00,307,3.0,68.0
308,2022-12-14 08:41:50+00:00,309,3.0,68.0
310,2022-12-14 08:46:49+00:00,311,3.0,68.0
312,2022-12-14 08:51:48+00:00,313,3.0,69.0
314,2022-12-14 08:56:48+00:00,315,3.0,68.0
316,2022-12-14 09:01:48+00:00,317,3.0,68.0
318,2022-12-14 09:06:47+00:00,319,3.0,68.0
320,2022-12-14 09:11:46+00:00,321,2.0,68.0
322,2022-12-14 09:16:45+00:00,323,3.0,68.0
324,2022-12-14 09:21:45+00:00,325,2.0,69.0
326,2022-12-14 09:26:44+00:00,327,2.0,69.0
328,2022-12-14 09:31:44+00:00,329,2.0,69.0
330,2022-12-14 09:36:43+00:00,331,2.0,69.0
332,2022-12-14 09:41:42+00:00,333,2.0,68.0
334,2022-12-14 09:46:42+00:00,335,3.0,68.0
336,2022-12-14 09:51:41+00:00,337,2.0,69.0
338,2022-12-14 09:56:46+00:00,339,2.0,69.0
340,2022-12-14 10:01:40+00:00,341,2.0,69.0
342,2022-12-14 10:06:40+00:00,343,2.0,69.0
344,2022-12-14 10:11:39+00:00,345,3.0,69.0
346,2022-12-14 10:16:38+00:00,347,2.0,69.0
348,2022-12-14 10:21:37+00:00,349,2.0,69.0
350,2022-12-14 10:26:37+00:00,351,2.0,69.0
352,2022-12-14 10:31:36+00:00,353,3.0,69.0
354,2022-12-14 10:36:36+00:00,355,2.0,69.0
356,2022-12-14 10:41:35+00:00,357,2.0,69.0
358,2022-12-14 10:46:34+00:00,359,2.0,70.0
360,2022-12-14 10:51:34+00:00,361,2.0,69.0
362,2022-12-14 10:56:33+00:00,363,2.0,69.0
364,2022-12-14 11:01:32+00:00,365,2.0,70.0
366,2022-12-14 11:06:31+00:00,367,2.0,69.0
368,2022-12-14 11:11:31+00:00,369,2.0,70.0
370,2022-12-14 11:16:30+00:00,371,3.0,70.0
372,2022-12-14 11:21:29+00:00,373,2.0,70.0
374,2022-12-14 11:26:29+00:00,375,2.0,70.0
376,2022-12-14 11:31:28+00:00,377,2.0,70.0
378,2022-12-14 11:36:27+00:00,379,2.0,70.0
380,2022-12-14 11:41:27+00:00,381,3.0,70.0
382,2022-12-14 11:46:26+00:00,383,2.0,70.0
384,2022-12-14 11:51:25+00:00,385,2.0,70.0
386,2022-12-14 11:56:25+00:00,387,2.0,70.0
388,2022-12-14 12:01:24+00:00,389,2.0,71.0
390,2022-12-14 12:06:23+00:00,391,2.0,70.0
392,2022-12-14 12:11:23+00:00,393,2.0,71.0
394,2022-12-14 12:16:22+00:00,395,3.0,70.0
396,2022-12-14 12:21:21+00:00,397,2.0,70.0
398,2022-12-14 12:26:21+00:00,399,2.0,71.0
400,2022-12-14 12:31:20+00:00,401,2.0,71.0
402,2022-12-14 12:36:20+00:00,403,2.0,71.0
404,2022-12-14 12:41:20+00:00,405,2.0,71.0
406,2022-12-14 12:46:19+00:00,407,3.0,71.0
408,2022-12-14 12:51:18+00:00,409,2.0,71.0
410,2022-12-14 12:56:17+00:00,411,2.0,71.0
412,2022-12-14 13:01:17+00:00,413,2.0,71.0
414,2022-12-14 13:06:16+00:00,415,2.0,71.0
416,2022-12-14 13:11:15+00:00,417,2.0,71.0
418,2022-12-14 13:16:15+00:00,419,2.0,71.0
420,2022-12-14 13:21:14+00:00,421,2.0,71.0
422,2022-12-14 13:26:14+00:00,423,2.0,72.0
424,2022-12-14 13:31:13+00:00,425,2.0,71.0
426,2022-12-14 13:36:16+00:00,427,2.0,71.0
428,2022-12-14 13:41:12+00:00,429,2.0,71.0
430,2022-12-14 13:46:12+00:00,431,2.0,71.0
432,2022-12-14 13:51:11+00:00,433,2.0,71.0
434,2022-12-14 13:56:10+00:00,435,2.0,71.0
436,2022-12-14 14:01:10+00:00,437,3.0,71.0
438,2022-12-14 14:06:09+00:00,439,2.0,71.0
440,2022-12-14 14:11:08+00:00,441,2.0,72.0
442,2022-12-14 14:16:08+00:00,443,2.0,72.0
444,2022-12-14 14:21:07+00:00,445,2.0,71.0
446,2022-12-14 14:26:06+00:00,447,2.0,72.0
448,2022-12-14 14:31:05+00:00,449,2.0,71.0
450,2022-12-14 14:36:04+00:00,451,2.0,72.0
452,2022-12-14 14:41:04+00:00,453,2.0,72.0
454,2022-12-14 14:46:03+00:00,455,2.0,72.0
456,2022-12-14 14:51:03+00:00,457,3.0,71.0
458,2022-12-14 14:56:02+00:00,459,2.0,72.0
460,2022-12-14 15:01:01+00:00,461,3.0,72.0
462,2022-12-14 15:06:01+00:00,463,2.0,72.0
464,2022-12-14 15:11:01+00:00,465,2.0,72.0
466,2022-12-14 15:16:00+00:00,467,3.0,71.0
468,2022-12-14 15:21:00+00:00,469,2.0,71.0
470,2022-12-14 15:25:59+00:00,471,3.0,72.0
472,2022-12-14 15:30:59+00:00,473,2.0,72.0
474,2022-12-14 15:35:58+00:00,475,3.0,71.0
476,2022-12-14 15:40:58+00:00,477,2.0,72.0
478,2022-12-14 15:45:57+00:00,479,3.0,72.0
480,2022-12-14 15:50:57+00:00,481,2.0,71.0
482,2022-12-14 15:55:56+00:00,483,3.0,72.0
484,2022-12-14 16:00:55+00:00,485,2.0,72.0
486,2022-12-14 16:05:54+00:00,487,2.0,72.0
488,2022-12-14 16:10:54+00:00,489,3.0,72.0
490,2022-12-14 16:15:55+00:00,491,3.0,72.0
492,2022-12-14 16:20:53+00:00,493,3.0,72.0
494,2022-12-14 16:25:52+00:00,495,3.0,72.0
496,2022-12-14 16:30:51+00:00,497,2.0,72.0
498,2022-12-14 16:35:50+00:00,499,2.0,72.0
500,2022-12-14 16:40:51+00:00,501,3.0,72.0
502,2022-12-14 16:45:50+00:00,503,3.0,72.0
504,2022-12-14 16:50:49+00:00,505,2.0,72.0
506,2022-12-14 16:55:49+00:00,507,3.0,73.0
508,2022-12-14 17:00:48+00:00,509,3.0,73.0
510,2022-12-14 17:05:48+00:00,511,3.0,72.0
512,2022-12-14 17:10:47+00:00,513,3.0,72.0
514,2022-12-14 17:15:46+00:00,515,3.0,72.0
516,2022-12-14 17:20:46+00:00,517,3.0,72.0
518,2022-12-14 17:25:45+00:00,519,3.0,71.0
520,2022-12-14 17:30:45+00:00,521,4.0,71.0
523,2022-12-14 17:40:43+00:00,524,4.0,71.0
525,2022-12-14 17:45:43+00:00,526,4.0,71.0
527,2022-12-14 17:50:43+00:00,528,4.0,71.0
529,2022-12-14 17:55:42+00:00,530,4.0,71.0
531,2022-12-14 18:00:41+00:00,532,4.0,71.0
533,2022-12-14 18:05:41+00:00,534,4.0,71.0
535,2022-12-14 18:10:41+00:00,536,4.0,71.0
537,2022-12-14 18:15:39+00:00,538,4.0,71.0
539,2022-12-14 18:20:39+00:00,540,4.0,71.0
541,2022-12-14 18:25:38+00:00,542,4.0,71.0
543,2022-12-14 18:30:38+00:00,544,4.0,71.0
545,2022-12-14 18:35:37+00:00,546,3.0,66.0
547,2022-12-14 18:40:37+00:00,548,5.0,71.0
549,2022-12-14 18:45:36+00:00,550,5.0,70.0
551,2022-12-14 18:50:35+00:00,552,5.0,70.0
553,2022-12-14 18:55:35+00:00,554,5.0,70.0
555,2022-12-14 19:00:34+00:00,556,5.0,70.0
557,2022-12-14 19:05:34+00:00,558,5.0,70.0
559,2022-12-14 19:10:33+00:00,560,5.0,70.0
561,2022-12-14 19:15:33+00:00,562,5.0,70.0
563,2022-12-14 19:20:33+00:00,564,5.0,71.0
565,2022-12-14 19:25:31+00:00,566,5.0,71.0
567,2022-12-14 19:30:31+00:00,568,5.0,71.0
569,2022-12-14 19:35:30+00:00,570,4.0,71.0
571,2022-12-14 19:40:30+00:00,572,5.0,71.0
573,2022-12-14 19:45:29+00:00,574,4.0,71.0
575,2022-12-14 19:50:29+00:00,576,4.0,71.0
577,2022-12-14 19:55:27+00:00,578,4.0,71.0
579,2022-12-14 20:00:26+00:00,580,4.0,71.0
581,2022-12-14 20:05:25+00:00,582,4.0,72.0
583,2022-12-14 20:10:25+00:00,584,4.0,72.0
585,2022-12-14 20:15:24+00:00,586,4.0,72.0
587,2022-12-14 20:20:23+00:00,588,4.0,72.0
589,2022-12-14 20:25:23+00:00,590,4.0,72.0
591,2022-12-14 20:30:22+00:00,592,4.0,72.0
593,2022-12-14 20:35:22+00:00,594,4.0,72.0
595,2022-12-14 20:40:21+00:00,596,4.0,72.0
597,2022-12-14 20:45:21+00:00,598,4.0,72.0
599,2022-12-14 20:50:20+00:00,600,4.0,72.0
601,2022-12-14 20:55:19+00:00,602,4.0,72.0
603,2022-12-14 21:00:19+00:00,604,4.0,72.0
605,2022-12-14 21:05:18+00:00,606,4.0,72.0
607,2022-12-14 21:10:17+00:00,608,4.0,72.0
609,2022-12-14 21:15:16+00:00,610,4.0,72.0
611,2022-12-14 21:20:16+00:00,612,4.0,73.0
613,2022-12-14 21:25:15+00:00,614,4.0,72.0
615,2022-12-14 21:30:14+00:00,616,4.0,72.0
617,2022-12-14 21:35:14+00:00,618,4.0,72.0
619,2022-12-14 21:40:13+00:00,620,4.0,73.0
621,2022-12-14 21:45:13+00:00,622,4.0,73.0
623,2022-12-14 21:50:12+00:00,624,4.0,72.0
625,2022-12-14 21:55:11+00:00,626,4.0,72.0
627,2022-12-14 22:00:11+00:00,628,4.0,73.0
629,2022-12-14 22:05:10+00:00,630,4.0,73.0
631,2022-12-14 22:10:13+00:00,632,4.0,72.0
633,2022-12-14 22:15:09+00:00,634,4.0,73.0
635,2022-12-14 22:20:08+00:00,636,4.0,73.0
637,2022-12-14 22:25:07+00:00,638,4.0,73.0
639,2022-12-14 22:30:07+00:00,640,4.0,73.0
641,2022-12-14 22:35:07+00:00,642,4.0,72.0
643,2022-12-14 22:40:06+00:00,644,4.0,73.0
645,2022-12-14 22:45:05+00:00,646,4.0,73.0
647,2022-12-14 22:50:04+00:00,648,4.0,73.0
649,2022-12-14 22:55:05+00:00,650,4.0,73.0
651,2022-12-14 23:00:03+00:00,652,4.0,73.0
653,2022-12-14 23:05:02+00:00,654,3.0,72.0
655,2022-12-14 23:10:02+00:00,656,3.0,73.0
657,2022-12-14 23:15:01+00:00,658,3.0,72.0
659,2022-12-14 23:20:00+00:00,660,3.0,73.0
661,2022-12-14 23:24:59+00:00,662,3.0,73.0
663,2022-12-14 23:29:59+00:00,664,3.0,73.0
665,2022-12-14 23:34:58+00:00,666,3.0,72.0
667,2022-12-14 23:39:57+00:00,668,4.0,73.0
669,2022-12-14 23:44:57+00:00,670,3.0,72.0
671,2022-12-14 23:49:56+00:00,672,3.0,73.0
673,2022-12-14 23:54:56+00:00,674,3.0,73.0
675,2022-12-14 23:59:55+00:00,676,3.0,73.0
677,2022-12-15 00:04:54+00:00,678,3.0,73.0
679,2022-12-15 00:09:53+00:00,680,3.0,73.0
681,2022-12-15 00:14:53+00:00,682,3.0,73.0
683,2022-12-15 00:19:52+00:00,684,3.0,73.0
685,2022-12-15 00:24:52+00:00,686,3.0,73.0
687,2022-12-15 00:29:51+00:00,688,3.0,73.0
689,2022-12-15 00:34:50+00:00,690,3.0,73.0
691,2022-12-15 00:39:49+00:00,692,3.0,73.0
693,2022-12-15 00:44:48+00:00,694,3.0,73.0
695,2022-12-15 00:49:47+00:00,696,3.0,73.0
697,2022-12-15 00:54:47+00:00,698,3.0,73.0
699,2022-12-15 00:59:46+00:00,700,3.0,73.0
701,2022-12-15 01:04:46+00:00,702,3.0,73.0
703,2022-12-15 01:09:45+00:00,704,3.0,73.0
705,2022-12-15 01:14:44+00:00,706,3.0,73.0
707,2022-12-15 01:19:43+00:00,708,3.0,73.0
709,2022-12-15 01:24:43+00:00,710,3.0,73.0
711,2022-12-15 01:29:42+00:00,712,3.0,73.0
713,2022-12-15 01:34:42+00:00,714,3.0,73.0
716,2022-12-15 01:44:40+00:00,717,3.0,73.0
718,2022-12-15 01:49:39+00:00,719,3.0,73.0
720,2022-12-15 01:54:39+00:00,721,3.0,73.0
722,2022-12-15 01:59:38+00:00,723,3.0,73.0
724,2022-12-15 02:04:38+00:00,725,3.0,73.0
726,2022-12-15 02:09:36+00:00,727,3.0,73.0
728,2022-12-15 02:14:36+00:00,729,3.0,74.0
730,2022-12-15 02:19:35+00:00,731,3.0,74.0
732,2022-12-15 02:24:34+00:00,733,3.0,74.0
734,2022-12-15 02:29:33+00:00,735,3.0,73.0
736,2022-12-15 02:34:33+00:00,737,3.0,74.0
738,2022-12-15 02:39:32+00:00,739,3.0,73.0
740,2022-12-15 02:44:32+00:00,741,3.0,73.0
742,2022-12-15 02:49:31+00:00,743,3.0,74.0
744,2022-12-15 02:54:30+00:00,745,3.0,74.0
746,2022-12-15 02:59:29+00:00,747,3.0,73.0
748,2022-12-15 03:04:29+00:00,749,3.0,74.0
750,2022-12-15 03:09:28+00:00,751,3.0,74.0
752,2022-12-15 03:14:28+00:00,753,3.0,74.0
754,2022-12-15 03:19:27+00:00,755,3.0,74.0
756,2022-12-15 03:24:26+00:00,757,3.0,74.0
758,2022-12-15 03:29:26+00:00,759,3.0,74.0
760,2022-12-15 03:34:25+00:00,761,3.0,74.0
762,2022-12-15 03:39:24+00:00,763,3.0,74.0
764,2022-12-15 03:44:24+00:00,765,3.0,74.0
766,2022-12-15 03:49:23+00:00,767,3.0,74.0
768,2022-12-15 03:54:22+00:00,769,3.0,74.0
770,2022-12-15 03:59:22+00:00,771,3.0,74.0
772,2022-12-15 04:04:21+00:00,773,3.0,74.0
774,2022-12-15 04:09:20+00:00,775,3.0,74.0
776,2022-12-15 04:14:20+00:00,777,3.0,74.0
778,2022-12-15 04:19:19+00:00,779,3.0,74.0
780,2022-12-15 04:24:19+00:00,781,3.0,74.0
782,2022-12-15 04:29:18+00:00,783,3.0,74.0
784,2022-12-15 04:34:17+00:00,785,3.0,74.0
786,2022-12-15 04:39:17+00:00,787,3.0,74.0
788,2022-12-15 04:44:16+00:00,789,3.0,74.0
790,2022-12-15 04:49:15+00:00,791,3.0,74.0
792,2022-12-15 04:54:14+00:00,793,3.0,74.0
794,2022-12-15 04:59:14+00:00,795,3.0,74.0
796,2022-12-15 05:04:15+00:00,797,3.0,74.0
798,2022-12-15 05:09:13+00:00,799,3.0,74.0
800,2022-12-15 05:14:12+00:00,801,3.0,74.0
802,2022-12-15 05:19:12+00:00,803,3.0,74.0
804,2022-12-15 05:24:13+00:00,805,3.0,74.0
806,2022-12-15 05:29:11+00:00,807,3.0,74.0
808,2022-12-15 05:34:10+00:00,809,3.0,74.0
810,2022-12-15 05:39:10+00:00,811,3.0,74.0
812,2022-12-15 05:44:09+00:00,813,3.0,74.0
814,2022-12-15 05:49:08+00:00,815,3.0,74.0
816,2022-12-15 05:54:07+00:00,817,3.0,74.0
818,2022-12-15 05:59:07+00:00,819,3.0,74.0
821,2022-12-15 06:09:05+00:00,822,3.0,74.0
823,2022-12-15 06:14:05+00:00,824,3.0,74.0
825,2022-12-15 06:19:04+00:00,826,3.0,74.0
827,2022-12-15 06:24:03+00:00,828,3.0,74.0
829,2022-12-15 06:29:03+00:00,830,3.0,74.0
831,2022-12-15 06:34:02+00:00,832,3.0,74.0
833,2022-12-15 06:39:02+00:00,834,3.0,74.0
835,2022-12-15 06:44:01+00:00,836,3.0,74.0
837,2022-12-15 06:49:01+00:00,838,3.0,75.0
839,2022-12-15 06:54:00+00:00,840,3.0,74.0
841,2022-12-15 06:59:00+00:00,842,2.0,74.0
843,2022-12-15 07:03:59+00:00,844,3.0,74.0
845,2022-12-15 07:08:58+00:00,846,3.0,74.0
847,2022-12-15 07:13:57+00:00,848,3.0,74.0
849,2022-12-15 07:18:57+00:00,850,3.0,75.0
851,2022-12-15 07:23:56+00:00,852,3.0,74.0
853,2022-12-15 07:28:56+00:00,854,3.0,74.0
855,2022-12-15 07:33:55+00:00,856,2.0,74.0
857,2022-12-15 07:38:54+00:00,858,2.0,75.0
859,2022-12-15 07:43:54+00:00,860,3.0,75.0
861,2022-12-15 07:48:53+00:00,862,2.0,74.0
863,2022-12-15 07:53:52+00:00,864,2.0,74.0
865,2022-12-15 07:58:52+00:00,866,2.0,75.0
867,2022-12-15 08:03:51+00:00,868,2.0,75.0
869,2022-12-15 08:08:50+00:00,870,3.0,75.0
871,2022-12-15 08:13:50+00:00,872,2.0,75.0
874,2022-12-15 08:23:49+00:00,875,2.0,74.0
876,2022-12-15 08:28:48+00:00,877,2.0,74.0
878,2022-12-15 08:33:47+00:00,879,2.0,74.0
880,2022-12-15 08:38:47+00:00,881,2.0,75.0
882,2022-12-15 08:43:46+00:00,883,2.0,75.0
885,2022-12-15 08:53:45+00:00,886,2.0,74.0
887,2022-12-15 08:58:44+00:00,888,3.0,75.0
889,2022-12-15 09:03:43+00:00,890,3.0,74.0
891,2022-12-15 09:08:42+00:00,892,2.0,75.0
893,2022-12-15 09:13:41+00:00,894,2.0,74.0
895,2022-12-15 09:18:41+00:00,896,2.0,74.0
898,2022-12-15 09:28:39+00:00,899,2.0,75.0
900,2022-12-15 09:33:38+00:00,901,2.0,74.0
902,2022-12-15 09:38:38+00:00,903,2.0,74.0
904,2022-12-15 09:43:37+00:00,905,2.0,74.0
906,2022-12-15 09:48:36+00:00,907,2.0,75.0
908,2022-12-15 09:53:36+00:00,909,2.0,75.0
910,2022-12-15 09:58:35+00:00,911,2.0,75.0
912,2022-12-15 10:03:35+00:00,913,2.0,74.0
915,2022-12-15 10:13:34+00:00,916,2.0,75.0
917,2022-12-15 10:18:33+00:00,918,2.0,75.0
919,2022-12-15 10:23:32+00:00,920,2.0,76.0
921,2022-12-15 10:28:32+00:00,922,2.0,76.0
923,2022-12-15 10:33:31+00:00,924,3.0,75.0
925,2022-12-15 10:38:31+00:00,926,3.0,75.0
927,2022-12-15 10:43:30+00:00,928,3.0,75.0
929,2022-12-15 10:48:30+00:00,930,3.0,75.0
933,2022-12-15 11:03:29+00:00,934,4.0,74.0
935,2022-12-15 11:08:28+00:00,936,3.0,74.0
937,2022-12-15 11:13:27+00:00,938,4.0,74.0
939,2022-12-15 11:18:27+00:00,940,4.0,74.0
941,2022-12-15 11:23:26+00:00,942,4.0,74.0
943,2022-12-15 11:28:26+00:00,944,4.0,74.0
945,2022-12-15 11:33:25+00:00,946,4.0,74.0
947,2022-12-15 11:38:25+00:00,948,4.0,74.0
949,2022-12-15 11:43:25+00:00,950,4.0,77.0
951,2022-12-15 11:48:24+00:00,952,4.0,75.0
953,2022-12-15 11:53:23+00:00,954,4.0,75.0
955,2022-12-15 11:58:23+00:00,956,4.0,75.0
957,2022-12-15 12:03:22+00:00,958,4.0,75.0
959,2022-12-15 12:08:21+00:00,960,5.0,74.0
961,2022-12-15 12:13:21+00:00,962,4.0,74.0
963,2022-12-15 12:18:20+00:00,964,5.0,74.0
965,2022-12-15 12:23:20+00:00,966,5.0,74.0
967,2022-12-15 12:28:19+00:00,968,4.0,74.0
969,2022-12-15 12:33:18+00:00,970,4.0,74.0
971,2022-12-15 12:38:18+00:00,972,4.0,74.0
973,2022-12-15 12:43:17+00:00,974,4.0,74.0
975,2022-12-15 12:48:16+00:00,976,4.0,74.0
977,2022-12-15 12:53:16+00:00,978,4.0,74.0
979,2022-12-15 12:58:15+00:00,980,4.0,74.0
981,2022-12-15 13:03:14+00:00,982,4.0,74.0
983,2022-12-15 13:08:13+00:00,984,4.0,75.0
985,2022-12-15 13:13:13+00:00,986,4.0,74.0
987,2022-12-15 13:18:12+00:00,988,4.0,75.0
989,2022-12-15 13:23:11+00:00,990,4.0,75.0
991,2022-12-15 13:28:10+00:00,992,4.0,75.0
993,2022-12-15 13:33:09+00:00,994,4.0,75.0
996,2022-12-15 13:43:08+00:00,997,4.0,74.0
998,2022-12-15 13:48:07+00:00,999,4.0,74.0
1000,2022-12-15 13:53:07+00:00,1001,4.0,75.0
1002,2022-12-15 13:58:06+00:00,1003,4.0,75.0
1004,2022-12-15 14:03:05+00:00,1005,4.0,75.0
1006,2022-12-15 14:08:05+00:00,1007,4.0,75.0
1008,2022-12-15 14:13:04+00:00,1009,4.0,75.0
1010,2022-12-15 14:18:03+00:00,1011,4.0,75.0
1012,2022-12-15 14:23:03+00:00,1013,4.0,75.0
1014,2022-12-15 14:28:02+00:00,1015,4.0,74.0
1016,2022-12-15 14:38:01+00:00,1017,4.0,75.0
1018,2022-12-15 14:43:00+00:00,1019,4.0,74.0
1020,2022-12-15 14:47:59+00:00,1021,4.0,74.0
1022,2022-12-15 14:52:59+00:00,1023,4.0,74.0
1024,2022-12-15 14:57:58+00:00,1025,4.0,75.0
1026,2022-12-15 15:02:57+00:00,1027,3.0,75.0
1028,2022-12-15 15:07:57+00:00,1029,4.0,75.0
1030,2022-12-15 15:13:00+00:00,1031,3.0,74.0
1032,2022-12-15 15:17:56+00:00,1033,4.0,75.0
1034,2022-12-15 15:22:55+00:00,1035,3.0,75.0
1036,2022-12-15 15:27:54+00:00,1037,3.0,75.0
1038,2022-12-15 15:32:53+00:00,1039,3.0,75.0
1040,2022-12-15 15:37:53+00:00,1041,4.0,75.0
1042,2022-12-15 15:42:52+00:00,1043,4.0,74.0
1045,2022-12-15 15:52:51+00:00,1046,3.0,74.0
1047,2022-12-15 15:57:50+00:00,1048,4.0,75.0
1049,2022-12-15 16:02:50+00:00,1050,3.0,75.0
1051,2022-12-15 16:07:49+00:00,1052,3.0,75.0
1053,2022-12-15 16:12:49+00:00,1054,3.0,75.0
1055,2022-12-15 16:17:48+00:00,1056,3.0,75.0
1057,2022-12-15 16:22:47+00:00,1058,3.0,76.0
1059,2022-12-15 16:27:46+00:00,1060,3.0,76.0
1061,2022-12-15 16:32:46+00:00,1062,4.0,75.0
1063,2022-12-15 16:37:45+00:00,1064,4.0,75.0
1065,2022-12-15 16:42:45+00:00,1066,4.0,75.0
1067,2022-12-15 16:47:44+00:00,1068,4.0,74.0
1069,2022-12-15 16:52:44+00:00,1070,4.0,75.0
1071,2022-12-15 16:57:43+00:00,1072,4.0,74.0
1073,2022-12-15 17:02:42+00:00,1074,4.0,74.0
1075,2022-12-15 17:07:42+00:00,1076,4.0,74.0
1077,2022-12-15 17:12:41+00:00,1078,5.0,74.0
1079,2022-12-15 17:17:40+00:00,1080,5.0,74.0
1081,2022-12-15 17:22:40+00:00,1082,5.0,74.0
