timestamp,entry_id,temperature,rh,voltage,awake_time
2025-02-14T16:34:57Z,12535,20,36,,
2025-02-14T16:39:57Z,12536,20,36,,
2025-02-14T16:44:57Z,12537,20,37,,
2025-02-14T16:49:57Z,12538,20,37,,
2025-02-14T16:54:57Z,12539,20,37,,
2025-02-14T16:59:57Z,12540,20,36,,
2025-02-14T17:04:57Z,12541,20,36,,
2025-02-14T17:09:57Z,12542,20,36,,
2025-02-14T17:14:57Z,12543,20,36,,
2025-02-14T17:19:57Z,12544,20,36,,
2025-02-14T17:24:57Z,12545,20,36,,
2025-02-14T17:29:57Z,12546,20,36,,
2025-02-14T17:34:57Z,12547,20,36,,
2025-02-14T17:39:57Z,12548,20,36,,
2025-02-14T17:44:57Z,12549,20,37,,
2025-02-14T17:49:57Z,12550,20,37,,
2025-02-14T17:54:57Z,12551,20,37,,
2025-02-14T17:59:57Z,12552,20,36,,
2025-02-14T18:04:57Z,12553,20,36,,
2025-02-14T18:09:57Z,12554,20,35,,
2025-02-14T18:14:57Z,12555,20,35,,
2025-02-14T18:19:57Z,12556,20,35,,
2025-02-14T18:24:57Z,12557,20,35,,
2025-02-14T18:29:57Z,12558,20,35,,
2025-02-14T18:34:57Z,12559,20,35,,
2025-02-14T18:39:57Z,12560,20,35,,
2025-02-14T18:44:57Z,12561,20,35,,
2025-02-14T18:49:57Z,12562,20,35,,
2025-02-14T18:54:57Z,12563,20,35,,
2025-02-14T18:59:57Z,12564,20,35,,
2025-02-14T19:04:57Z,12565,20,35,,
2025-02-14T19:09:57Z,12566,20,35,,
2025-02-14T19:14:57Z,12567,20,35,,
2025-02-14T19:19:57Z,12568,20,35,,
2025-02-14T19:24:57Z,12569,20,35,,
2025-02-14T19:29:57Z,12570,20,34,,
2025-02-14T19:34:57Z,12571,20,34,,
2025-02-14T19:39:57Z,12572,20,34,,
2025-02-14T19:44:57Z,12573,20,34,,
2025-02-14T19:49:57Z,12574,20,34,,
2025-02-14T19:54:57Z,12575,20,34,,
2025-02-14T19:59:57Z,12576,20,34,,
2025-02-14T20:04:57Z,12577,20,34,,
2025-02-14T20:09:57Z,12578,20,34,,
2025-02-14T20:14:57Z,12579,20,35,,
2025-02-14T20:19:57Z,12580,20,35,,
2025-02-14T20:24:57Z,12581,20,35,,
2025-02-14T20:29:57Z,12582,20,35,,
2025-02-14T20:34:57Z,12583,20,35,,
2025-02-14T20:39:57Z,12584,20,35,,
2025-02-14T20:44:57Z,12585,20,34,,
2025-02-14T20:49:57Z,12586,20,34,,
2025-02-14T20:54:57Z,12587,20,34,,
2025-02-14T20:59:57Z,12588,20,34,,
2025-02-14T21:04:57Z,12589,20,34,,
2025-02-14T21:09:57Z,12590,20,34,,
2025-02-14T21:14:57Z,12591,20,34,,
2025-02-14T21:19:57Z,12592,20,34,,
2025-02-14T21:24:57Z,12593,20,34,,
2025-02-14T21:29:57Z,12594,20,35,,
2025-02-14T21:34:57Z,12595,20,35,,
2025-02-14T21:39:57Z,12596,20,35,,
2025-02-14T21:44:57Z,12597,20,35,,
2025-02-14T21:49:57Z,12598,19,35,,
2025-02-14T21:54:57Z,12599,19,35,,
2025-02-14T21:59:57Z,12600,19,35,,
2025-02-14T22:04:57Z,12601,19,35,3.44,0
2025-02-14T22:09:36Z,12603,19,35,,
2025-02-14T22:14:36Z,12604,19,35,,
2025-02-14T22:19:36Z,12605,19,35,,
2025-02-14T22:24:36Z,12606,19,35,,
2025-02-14T22:29:36Z,12607,19,35,,
2025-02-14T22:34:36Z,12608,19,35,,
2025-02-14T22:39:36Z,12609,19,35,,
2025-02-14T22:44:36Z,12610,19,35,,
2025-02-14T22:49:36Z,12611,19,35,,
2025-02-14T22:54:36Z,12612,19,35,,
2025-02-14T22:59:36Z,12613,19,35,,
2025-02-14T23:04:36Z,12614,19,35,,
2025-02-14T23:09:36Z,12615,19,35,,
2025-02-14T23:14:36Z,12616,18,35,,
2025-02-14T23:19:36Z,12617,18,35,,
2025-02-14T23:24:36Z,12618,18,36,,
2025-02-14T23:29:36Z,12619,18,36,,
2025-02-14T23:34:36Z,12620,18,36,,
2025-02-14T23:39:36Z,12621,18,36,,
2025-02-14T23:44:36Z,12622,18,36,,
2025-02-14T23:49:36Z,12623,18,36,,
2025-02-14T23:54:36Z,12624,18,36,,
2025-02-14T23:59:36Z,12625,18,36,,
2025-02-15T00:04:36Z,12626,18,36,,
2025-02-15T00:09:36Z,12627,18,36,,
2025-02-15T00:14:36Z,12628,18,36,,
2025-02-15T00:19:36Z,12629,18,36,,
2025-02-15T00:24:36Z,12630,18,36,,
2025-02-15T00:29:36Z,12631,18,36,,
2025-02-15T00:34:36Z,12632,18,36,,
2025-02-15T00:39:36Z,12633,18,36,,
2025-02-15T00:44:36Z,12634,18,37,,
2025-02-15T00:49:36Z,12635,18,37,,
2025-02-15T00:54:36Z,12636,18,37,,
2025-02-15T00:59:36Z,12637,18,37,,
2025-02-15T01:04:36Z,12638,18,37,,
2025-02-15T01:09:36Z,12639,18,37,,
2025-02-15T01:14:36Z,12640,17,37,,
2025-02-15T01:19:36Z,12641,17,37,,
2025-02-15T01:24:36Z,12642,17,37,,
2025-02-15T01:29:36Z,12643,17,37,,
2025-02-15T01:34:36Z,12644,17,37,,
2025-02-15T01:39:36Z,12645,17,37,,
2025-02-15T01:44:36Z,12646,17,37,,
2025-02-15T01:49:36Z,12647,17,37,,
2025-02-15T01:54:36Z,12648,17,37,,
2025-02-15T01:59:36Z,12649,17,37,,
2025-02-15T02:04:36Z,12650,17,37,,
2025-02-15T02:09:36Z,12651,17,37,,
2025-02-15T02:14:36Z,12652,17,37,,
2025-02-15T02:19:36Z,12653,17,37,,
2025-02-15T02:24:36Z,12654,17,37,,
2025-02-15T02:29:36Z,12655,17,38,,
2025-02-15T02:34:36Z,12656,17,38,,
2025-02-15T02:39:36Z,12657,17,38,,
2025-02-15T02:44:36Z,12658,17,38,,
2025-02-15T02:49:36Z,12659,17,38,,
2025-02-15T02:54:36Z,12660,17,38,,
2025-02-15T02:59:36Z,12661,17,38,,
2025-02-15T03:04:36Z,12662,17,38,,
2025-02-15T03:09:36Z,12663,17,38,,
2025-02-15T03:14:36Z,12664,17,38,,
2025-02-15T03:19:36Z,12665,17,38,,
2025-02-15T03:24:36Z,12666,17,38,,
2025-02-15T03:29:36Z,12667,17,38,,
2025-02-15T03:34:36Z,12668,17,38,,
2025-02-15T03:39:36Z,12669,17,38,,
2025-02-15T03:44:36Z,12670,17,38,,
2025-02-15T03:49:36Z,12671,17,38,,
2025-02-15T03:54:36Z,12672,16,38,,
2025-02-15T03:59:36Z,12673,16,38,3.44,5
2025-02-15T04:04:18Z,12675,16,38,,
2025-02-15T04:09:18Z,12676,16,38,,
2025-02-15T04:14:18Z,12677,16,39,,
2025-02-15T04:19:18Z,12678,16,39,,
2025-02-15T04:24:18Z,12679,16,39,,
2025-02-15T04:29:18Z,12680,16,39,,
2025-02-15T04:34:18Z,12681,16,39,,
2025-02-15T04:39:18Z,12682,16,39,,
2025-02-15T04:44:18Z,12683,16,39,,
2025-02-15T04:49:18Z,12684,16,39,,
2025-02-15T04:54:18Z,12685,16,39,,
2025-02-15T04:59:18Z,12686,16,39,,
2025-02-15T05:04:18Z,12687,16,39,,
2025-02-15T05:09:18Z,12688,16,39,,
2025-02-15T05:14:18Z,12689,16,39,,
2025-02-15T05:19:18Z,12690,16,39,,
2025-02-15T05:24:18Z,12691,16,39,,
2025-02-15T05:29:18Z,12692,16,39,,
2025-02-15T05:34:18Z,12693,16,39,,
2025-02-15T05:39:18Z,12694,16,39,,
2025-02-15T05:44:18Z,12695,16,39,,
2025-02-15T05:49:18Z,12696,16,39,,
2025-02-15T05:54:18Z,12697,16,39,,
2025-02-15T05:59:18Z,12698,16,39,,
2025-02-15T06:04:18Z,12699,16,39,,
2025-02-15T06:09:18Z,12700,16,39,,
2025-02-15T06:14:18Z,12701,16,39,,
2025-02-15T06:19:18Z,12702,16,39,,
2025-02-15T06:24:18Z,12703,16,40,,
2025-02-15T06:29:18Z,12704,16,40,,
2025-02-15T06:34:18Z,12705,16,40,,
2025-02-15T06:39:18Z,12706,16,40,,
2025-02-15T06:44:18Z,12707,16,40,,
2025-02-15T06:49:18Z,12708,16,40,,
2025-02-15T06:54:18Z,12709,16,40,,
2025-02-15T06:59:18Z,12710,16,40,,
2025-02-15T07:04:18Z,12711,16,40,,
2025-02-15T07:09:18Z,12712,16,40,,
2025-02-15T07:14:18Z,12713,16,40,,
2025-02-15T07:19:18Z,12714,16,40,,
2025-02-15T07:24:18Z,12715,15,40,,
2025-02-15T07:29:18Z,12716,15,40,,
2025-02-15T07:34:18Z,12717,15,40,,
2025-02-15T07:39:18Z,12718,15,40,,
2025-02-15T07:44:18Z,12719,15,40,,
2025-02-15T07:49:18Z,12720,15,40,,
2025-02-15T07:54:18Z,12721,15,40,,
2025-02-15T07:59:18Z,12722,15,40,,
2025-02-15T08:04:18Z,12723,15,40,,
2025-02-15T08:09:18Z,12724,15,40,,
2025-02-15T08:14:18Z,12725,15,40,,
2025-02-15T08:19:18Z,12726,15,40,,
2025-02-15T08:24:18Z,12727,15,40,,
2025-02-15T08:29:18Z,12728,15,40,,
2025-02-15T08:34:18Z,12729,15,40,,
2025-02-15T08:39:18Z,12730,15,40,,
2025-02-15T08:44:18Z,12731,15,40,,
2025-02-15T08:49:18Z,12732,15,40,,
2025-02-15T08:54:18Z,12733,15,40,,
2025-02-15T08:59:18Z,12734,15,40,,
2025-02-15T09:04:18Z,12735,15,40,,
2025-02-15T09:09:18Z,12736,15,40,,
2025-02-15T09:14:18Z,12737,15,40,,
2025-02-15T09:19:18Z,12738,15,40,,
2025-02-15T09:24:18Z,12739,15,40,,
2025-02-15T09:29:18Z,12740,15,40,,
2025-02-15T09:34:18Z,12741,15,40,,
2025-02-15T09:39:18Z,12742,15,40,,
2025-02-15T09:44:18Z,12743,15,40,,
2025-02-15T09:49:18Z,12744,15,40,,
2025-02-15T09:54:18Z,12745,15,40,3.44,3
2025-02-15T09:58:21Z,12746,15,40,,
2025-02-15T10:03:21Z,12747,15,40,,
2025-02-15T10:08:21Z,12748,15,40,,
2025-02-15T10:13:21Z,12749,15,40,,
2025-02-15T10:18:21Z,12750,15,40,,
2025-02-15T10:23:21Z,12751,15,40,,
2025-02-15T10:28:21Z,12752,15,40,,
2025-02-15T10:33:21Z,12753,15,40,,
2025-02-15T10:38:21Z,12754,15,41,,
2025-02-15T10:43:21Z,12755,15,41,,
2025-02-15T10:48:21Z,12756,15,41,,
2025-02-15T10:53:21Z,12757,15,41,3.44,3
2025-02-15T10:57:25Z,12758,15,41,,
2025-02-15T11:02:25Z,12759,15,41,,
2025-02-15T11:07:25Z,12760,15,41,,
2025-02-15T11:12:25Z,12761,15,41,,
2025-02-15T11:17:25Z,12762,15,41,,
2025-02-15T11:22:25Z,12763,15,41,,
2025-02-15T11:27:25Z,12764,15,41,,
2025-02-15T11:32:25Z,12765,15,41,,
2025-02-15T11:37:25Z,12766,15,41,,
2025-02-15T11:42:25Z,12767,15,41,,
2025-02-15T11:47:25Z,12768,15,40,,
2025-02-15T11:52:25Z,12769,15,40,3.44,18
2025-02-15T11:56:30Z,12770,15,40,,
2025-02-15T12:01:30Z,12771,15,40,,
2025-02-15T12:06:30Z,12772,15,40,,
2025-02-15T12:11:30Z,12773,15,40,,
2025-02-15T12:16:30Z,12774,15,40,,
2025-02-15T12:21:30Z,12775,15,40,,
2025-02-15T12:26:30Z,12776,15,40,,
2025-02-15T12:31:30Z,12777,15,40,,
2025-02-15T12:36:30Z,12778,15,40,,
2025-02-15T12:41:30Z,12779,15,40,,
2025-02-15T12:46:30Z,12780,15,40,,
2025-02-15T12:51:30Z,12781,15,40,3.44,27
2025-02-15T12:55:30Z,12782,15,40,,
2025-02-15T13:00:30Z,12783,15,40,,
2025-02-15T13:05:30Z,12784,15,40,,
2025-02-15T13:10:30Z,12785,15,40,,
2025-02-15T13:15:30Z,12786,15,40,,
2025-02-15T13:20:30Z,12787,15,40,,
2025-02-15T13:25:30Z,12788,15,40,,
2025-02-15T13:30:30Z,12789,15,40,,
2025-02-15T13:35:30Z,12790,15,40,,
2025-02-15T13:40:30Z,12791,15,40,,
2025-02-15T13:45:30Z,12792,15,41,,
2025-02-15T13:50:30Z,12793,15,41,3.44,52
2025-02-15T13:54:31Z,12794,15,40,,
2025-02-15T13:59:31Z,12795,15,41,,
2025-02-15T14:04:31Z,12796,15,41,,
2025-02-15T14:09:31Z,12797,15,41,,
2025-02-15T14:14:31Z,12798,15,41,,
2025-02-15T14:19:31Z,12799,15,41,,
2025-02-15T14:24:31Z,12800,15,41,,
2025-02-15T14:29:31Z,12801,15,41,,
2025-02-15T14:34:31Z,12802,15,41,,
2025-02-15T14:39:31Z,12803,15,41,,
2025-02-15T14:44:31Z,12804,15,41,,
2025-02-15T14:49:31Z,12805,15,41,3.44,27
2025-02-15T14:53:34Z,12806,15,41,,
2025-02-15T14:58:34Z,12807,15,41,,
2025-02-15T15:03:34Z,12808,15,41,,
2025-02-15T15:08:34Z,12809,15,41,,
2025-02-15T15:13:34Z,12810,15,41,,
2025-02-15T15:18:34Z,12811,15,41,,
2025-02-15T15:23:34Z,12812,15,41,,
2025-02-15T15:28:34Z,12813,15,41,,
2025-02-15T15:33:34Z,12814,15,41,,
2025-02-15T15:38:34Z,12815,15,41,,
2025-02-15T15:43:34Z,12816,15,41,,
2025-02-15T15:48:34Z,12817,15,41,3.44,18
2025-02-15T15:52:36Z,12818,15,41,,
2025-02-15T15:57:36Z,12819,15,41,,
2025-02-15T16:02:36Z,12820,15,41,,
2025-02-15T16:07:36Z,12821,15,41,,
2025-02-15T16:12:36Z,12822,15,41,,
2025-02-15T16:17:36Z,12823,15,41,,
2025-02-15T16:22:36Z,12824,15,41,,
2025-02-15T16:27:36Z,12825,15,41,,
2025-02-15T16:32:36Z,12826,15,42,,
2025-02-15T16:37:36Z,12827,15,42,,
2025-02-15T16:42:36Z,12828,15,42,,
2025-02-15T16:47:36Z,12829,15,42,3.44,19
2025-02-16T10:31:45Z,12830,19,38,,
2025-02-16T10:36:45Z,12831,19,39,,
2025-02-16T10:41:45Z,12832,19,39,,
2025-02-16T10:46:45Z,12833,19,39,,
2025-02-16T10:51:45Z,12834,19,40,,
2025-02-16T10:56:45Z,12835,20,40,,
2025-02-16T11:01:45Z,12836,20,41,,
2025-02-16T11:06:45Z,12837,20,41,,
2025-02-16T11:11:45Z,12838,20,41,,
2025-02-16T11:16:45Z,12839,20,41,,
2025-02-16T11:21:45Z,12840,20,41,,
2025-02-16T11:26:45Z,12841,20,41,,
2025-02-16T11:31:45Z,12842,20,41,,
2025-02-16T11:36:45Z,12843,20,42,,
2025-02-16T11:41:45Z,12844,20,42,,
2025-02-16T11:46:45Z,12845,20,42,,
2025-02-16T11:51:45Z,12846,21,43,,
2025-02-16T11:56:45Z,12847,21,43,,
2025-02-16T12:01:45Z,12848,21,43,,
2025-02-16T12:06:45Z,12849,21,44,,
2025-02-16T12:11:45Z,12850,21,44,,
2025-02-16T12:16:45Z,12851,20,45,,
2025-02-16T12:21:45Z,12852,20,45,,
2025-02-16T12:26:45Z,12853,20,45,,
2025-02-16T12:31:45Z,12854,20,45,,
2025-02-16T12:36:45Z,12855,20,45,,
2025-02-16T12:41:45Z,12856,20,45,,
2025-02-16T12:46:45Z,12857,20,45,,
2025-02-16T12:51:45Z,12858,20,44,,
2025-02-16T12:56:45Z,12859,20,44,,
2025-02-16T13:01:45Z,12860,20,44,,
2025-02-16T13:06:45Z,12861,20,44,,
2025-02-16T13:11:45Z,12862,20,44,,
2025-02-16T13:16:45Z,12863,20,44,,
2025-02-16T13:21:45Z,12864,20,44,,
2025-02-16T13:26:45Z,12865,20,45,,
2025-02-16T13:31:45Z,12866,19,45,,
2025-02-16T13:36:45Z,12867,19,46,,
2025-02-16T13:41:45Z,12868,19,47,,
2025-02-16T13:46:45Z,12869,19,46,,
2025-02-16T13:51:45Z,12870,19,46,,
2025-02-16T13:56:45Z,12871,19,47,,
2025-02-16T14:01:45Z,12872,19,47,,
2025-02-16T14:06:45Z,12873,19,47,,
2025-02-16T14:11:45Z,12874,19,47,,
2025-02-16T14:16:45Z,12875,19,47,,
2025-02-16T14:21:45Z,12876,19,48,,
2025-02-16T14:26:45Z,12877,19,47,,
2025-02-16T14:31:45Z,12878,19,48,,
2025-02-16T14:36:45Z,12879,19,48,,
2025-02-16T14:41:45Z,12880,19,49,,
2025-02-16T14:46:45Z,12881,19,49,,
2025-02-16T14:51:45Z,12882,19,49,,
2025-02-16T14:56:45Z,12883,19,50,,
2025-02-16T15:01:45Z,12884,19,50,,
2025-02-16T15:06:45Z,12885,19,51,,
2025-02-16T15:11:45Z,12886,19,51,,
2025-02-16T15:16:45Z,12887,19,51,,
2025-02-16T15:21:45Z,12888,19,50,,
2025-02-16T15:26:45Z,12889,19,50,,
2025-02-16T15:31:45Z,12890,19,49,,
2025-02-16T15:36:45Z,12891,19,49,,
2025-02-16T15:41:45Z,12892,18,48,,
2025-02-16T15:46:45Z,12893,18,48,,
2025-02-16T15:51:45Z,12894,18,48,,
2025-02-16T15:56:45Z,12895,18,47,,
2025-02-16T16:01:45Z,12896,18,47,,
2025-02-16T16:06:45Z,12897,18,47,,
2025-02-16T16:11:45Z,12898,18,47,,
2025-02-16T16:16:45Z,12899,18,47,,
2025-02-16T16:21:45Z,12900,18,47,,
2025-02-16T16:26:45Z,12901,18,46,3.44,18
2025-02-16T16:31:25Z,12903,18,46,,
2025-02-16T16:36:25Z,12904,18,46,,
2025-02-16T16:41:25Z,12905,18,46,,
2025-02-16T16:46:25Z,12906,18,46,,
2025-02-16T16:51:25Z,12907,18,46,,
2025-02-16T16:56:25Z,12908,18,46,,
2025-02-16T17:01:25Z,12909,18,45,,
2025-02-16T17:06:25Z,12910,18,45,,
2025-02-16T17:11:25Z,12911,18,45,,
2025-02-16T17:16:25Z,12912,18,44,,
2025-02-16T17:21:25Z,12913,18,44,,
2025-02-16T17:26:25Z,12914,18,44,,
2025-02-16T17:31:25Z,12915,18,44,,
2025-02-16T17:36:25Z,12916,18,44,,
2025-02-16T17:41:25Z,12917,18,44,,
2025-02-16T17:46:25Z,12918,18,44,,
2025-02-16T17:51:25Z,12919,18,44,,
2025-02-16T17:56:25Z,12920,18,44,,
2025-02-16T18:01:25Z,12921,18,44,,
2025-02-16T18:06:25Z,12922,18,44,,
2025-02-16T18:11:25Z,12923,18,44,,
2025-02-16T18:16:25Z,12924,18,43,,
2025-02-16T18:21:25Z,12925,18,43,,
2025-02-16T18:26:25Z,12926,18,43,,
2025-02-16T18:31:25Z,12927,18,43,,
2025-02-16T18:36:25Z,12928,18,42,,
2025-02-16T18:41:25Z,12929,18,42,,
2025-02-16T18:46:25Z,12930,18,42,,
2025-02-16T18:51:25Z,12931,18,42,,
2025-02-16T18:56:25Z,12932,18,42,,
2025-02-16T19:01:25Z,12933,18,42,,
2025-02-16T19:06:25Z,12934,18,42,,
2025-02-16T19:11:25Z,12935,18,42,,
2025-02-16T19:16:25Z,12936,18,42,,
2025-02-16T19:21:25Z,12937,18,42,,
2025-02-16T19:26:25Z,12938,18,42,,
2025-02-16T19:31:25Z,12939,18,42,,
2025-02-16T19:36:25Z,12940,18,42,,
2025-02-16T19:41:25Z,12941,18,42,,
2025-02-16T19:46:25Z,12942,18,42,,
2025-02-16T19:51:25Z,12943,18,41,,
2025-02-16T19:56:25Z,12944,18,41,,
2025-02-16T20:01:25Z,12945,18,41,,
2025-02-16T20:06:25Z,12946,18,41,,
2025-02-16T20:11:25Z,12947,18,40,,
2025-02-16T20:16:25Z,12948,18,40,,
2025-02-16T20:21:25Z,12949,18,40,,
2025-02-16T20:26:25Z,12950,18,40,,
2025-02-16T20:31:25Z,12951,18,40,,
2025-02-16T20:36:25Z,12952,18,40,,
2025-02-16T20:41:25Z,12953,18,40,,
2025-02-16T20:46:25Z,12954,18,40,,
2025-02-16T20:51:25Z,12955,18,40,,
2025-02-16T20:56:25Z,12956,18,40,,
2025-02-16T21:01:25Z,12957,18,40,,
2025-02-16T21:06:25Z,12958,18,40,,
2025-02-16T21:11:25Z,12959,18,40,,
2025-02-16T21:16:25Z,12960,18,40,,
2025-02-16T21:21:25Z,12961,18,40,,
2025-02-16T21:26:25Z,12962,18,40,,
2025-02-16T21:31:25Z,12963,18,40,,
2025-02-16T21:36:25Z,12964,18,39,,
2025-02-16T21:41:25Z,12965,18,39,,
2025-02-16T21:46:25Z,12966,18,39,,
2025-02-16T21:51:25Z,12967,18,39,,
2025-02-16T21:56:25Z,12968,18,39,,
2025-02-16T22:01:25Z,12969,18,39,,
2025-02-16T22:06:25Z,12970,18,39,,
2025-02-16T22:11:25Z,12971,18,39,,
2025-02-16T22:16:25Z,12972,18,39,,
2025-02-16T22:21:25Z,12973,18,39,3.44,9
2025-02-16T22:26:09Z,12975,18,39,,
2025-02-16T22:31:09Z,12976,18,39,,
2025-02-16T22:36:09Z,12977,18,39,,
2025-02-16T22:41:09Z,12978,18,39,,
2025-02-16T22:46:09Z,12979,18,39,,
2025-02-16T22:51:09Z,12980,18,39,,
2025-02-16T22:56:09Z,12981,18,39,,
2025-02-16T23:01:09Z,12982,18,39,,
2025-02-16T23:06:09Z,12983,18,39,,
2025-02-16T23:11:09Z,12984,18,39,,
2025-02-16T23:16:09Z,12985,18,39,,
2025-02-16T23:21:09Z,12986,18,39,,
2025-02-16T23:26:09Z,12987,18,39,,
2025-02-16T23:31:09Z,12988,18,39,,
2025-02-16T23:36:09Z,12989,18,39,,
2025-02-16T23:41:09Z,12990,18,39,,
2025-02-16T23:46:09Z,12991,18,39,,
2025-02-16T23:51:09Z,12992,18,39,,
2025-02-16T23:56:09Z,12993,18,39,,
2025-02-17T00:01:09Z,12994,18,39,,
2025-02-17T00:06:09Z,12995,18,38,,
2025-02-17T00:11:09Z,12996,18,38,,
2025-02-17T00:16:09Z,12997,18,38,,
2025-02-17T00:21:09Z,12998,18,38,,
2025-02-17T00:26:09Z,12999,18,38,,
2025-02-17T00:31:09Z,13000,18,38,,
2025-02-17T00:36:09Z,13001,18,38,,
2025-02-17T00:41:09Z,13002,18,38,,
2025-02-17T00:46:09Z,13003,18,38,,
2025-02-17T00:51:09Z,13004,18,38,,
2025-02-17T00:56:09Z,13005,18,38,,
2025-02-17T01:01:09Z,13006,18,38,,
2025-02-17T01:06:09Z,13007,18,38,,
2025-02-17T01:11:09Z,13008,18,39,,
2025-02-17T01:16:09Z,13009,18,38,,
2025-02-17T01:21:09Z,13010,18,38,,
2025-02-17T01:26:09Z,13011,18,38,,
2025-02-17T01:31:09Z,13012,18,38,,
2025-02-17T01:36:09Z,13013,18,38,,
2025-02-17T01:41:09Z,13014,18,38,,
2025-02-17T01:46:09Z,13015,18,38,,
2025-02-17T01:51:09Z,13016,18,38,,
2025-02-17T01:56:09Z,13017,18,38,,
2025-02-17T02:01:09Z,13018,18,38,,
2025-02-17T02:06:09Z,13019,18,38,,
2025-02-17T02:11:09Z,13020,18,38,,
2025-02-17T02:16:09Z,13021,18,38,,
2025-02-17T02:21:09Z,13022,18,38,,
2025-02-17T02:26:09Z,13023,18,38,,
2025-02-17T02:31:09Z,13024,18,38,,
2025-02-17T02:36:09Z,13025,18,38,,
2025-02-17T02:41:09Z,13026,18,38,,
2025-02-17T02:46:09Z,13027,18,38,,
2025-02-17T02:51:09Z,13028,18,38,,
2025-02-17T02:56:09Z,13029,18,38,,
2025-02-17T03:01:09Z,13030,18,38,,
2025-02-17T03:06:09Z,13031,18,38,,
2025-02-17T03:11:09Z,13032,18,38,,
2025-02-17T03:16:09Z,13033,18,38,,
2025-02-17T03:21:09Z,13034,18,38,,
2025-02-17T03:26:09Z,13035,18,38,,
2025-02-17T03:31:09Z,13036,18,38,,
2025-02-17T03:36:09Z,13037,18,38,,
2025-02-17T03:41:09Z,13038,18,38,,
2025-02-17T03:46:09Z,13039,18,38,,
2025-02-17T03:51:09Z,13040,18,38,,
2025-02-17T03:56:09Z,13041,18,38,,
2025-02-17T04:01:09Z,13042,18,38,,
2025-02-17T04:06:09Z,13043,18,38,,
2025-02-17T04:11:09Z,13044,18,38,,
2025-02-17T04:16:09Z,13045,18,38,3.44,3
2025-02-17T10:10:42Z,13046,19,36,,
2025-02-17T10:15:42Z,13047,19,36,,
2025-02-17T10:20:42Z,13048,19,36,,
2025-02-17T10:25:42Z,13049,19,36,,
2025-02-17T10:30:42Z,13050,19,36,,
2025-02-17T10:35:42Z,13051,19,36,,
2025-02-17T10:40:42Z,13052,19,36,,
2025-02-17T10:45:42Z,13053,19,35,,
2025-02-17T10:50:42Z,13054,19,35,,
2025-02-17T10:55:42Z,13055,19,35,,
2025-02-17T11:00:42Z,13056,19,35,,
2025-02-17T11:05:42Z,13057,19,35,,
2025-02-17T11:10:42Z,13058,19,35,,
2025-02-17T11:15:42Z,13059,19,34,,
2025-02-17T11:20:42Z,13060,19,34,,
2025-02-17T11:25:42Z,13061,19,34,,
2025-02-17T11:30:42Z,13062,19,34,,
2025-02-17T11:35:42Z,13063,19,34,,
2025-02-17T11:40:42Z,13064,19,34,,
2025-02-17T11:45:42Z,13065,19,34,,
2025-02-17T11:50:42Z,13066,19,34,,
2025-02-17T11:55:42Z,13067,19,34,,
2025-02-17T12:00:42Z,13068,19,34,,
2025-02-17T12:05:42Z,13069,19,34,,
2025-02-17T12:10:42Z,13070,19,34,,
2025-02-17T12:15:42Z,13071,19,34,,
2025-02-17T12:20:42Z,13072,19,34,,
2025-02-17T12:25:42Z,13073,19,34,,
2025-02-17T12:30:42Z,13074,19,34,,
2025-02-17T12:35:42Z,13075,19,34,,
2025-02-17T12:40:42Z,13076,19,34,,
2025-02-17T12:45:42Z,13077,19,35,,
2025-02-17T12:50:42Z,13078,19,35,,
2025-02-17T12:55:42Z,13079,19,35,,
2025-02-17T13:00:42Z,13080,19,35,,
2025-02-17T13:05:42Z,13081,19,35,,
2025-02-17T13:10:42Z,13082,19,35,,
2025-02-17T13:15:42Z,13083,19,35,,
2025-02-17T13:20:42Z,13084,19,35,,
2025-02-17T13:25:42Z,13085,19,35,,
2025-02-17T13:30:42Z,13086,20,36,,
2025-02-17T13:35:42Z,13087,20,36,,
2025-02-17T13:40:42Z,13088,20,36,,
2025-02-17T13:45:42Z,13089,20,36,,
2025-02-17T13:50:42Z,13090,20,36,,
2025-02-17T13:55:42Z,13091,20,36,,
2025-02-17T14:00:42Z,13092,20,36,,
2025-02-17T14:05:42Z,13093,20,36,,
2025-02-17T14:10:42Z,13094,20,36,,
2025-02-17T14:15:42Z,13095,20,36,,
2025-02-17T14:20:42Z,13096,20,36,,
2025-02-17T14:25:42Z,13097,20,36,,
2025-02-17T14:30:42Z,13098,20,36,,
2025-02-17T14:35:42Z,13099,20,36,,
2025-02-17T14:40:42Z,13100,20,36,,
2025-02-17T14:45:42Z,13101,20,36,,
2025-02-17T14:50:42Z,13102,20,36,,
2025-02-17T14:55:42Z,13103,20,36,,
2025-02-17T15:00:42Z,13104,20,36,,
2025-02-17T15:05:42Z,13105,20,36,,
2025-02-17T15:10:42Z,13106,20,35,,
2025-02-17T15:15:42Z,13107,20,36,,
2025-02-17T15:20:42Z,13108,20,35,,
2025-02-17T15:25:42Z,13109,20,35,,
2025-02-17T15:30:42Z,13110,20,35,,
2025-02-17T15:35:42Z,13111,20,35,,
2025-02-17T15:40:42Z,13112,20,35,,
2025-02-17T15:45:42Z,13113,20,35,,
2025-02-17T15:50:42Z,13114,20,35,,
2025-02-17T15:55:42Z,13115,20,35,,
2025-02-17T16:00:42Z,13116,20,35,,
2025-02-17T16:05:42Z,13117,20,35,3.44,3
2025-02-17T16:09:47Z,13118,20,36,,
2025-02-17T16:14:47Z,13119,20,36,,
2025-02-17T16:19:47Z,13120,20,36,,
2025-02-17T16:24:47Z,13121,20,36,,
2025-02-17T16:29:47Z,13122,20,35,,
2025-02-17T16:34:47Z,13123,20,35,,
2025-02-17T16:39:47Z,13124,20,35,,
2025-02-17T16:44:47Z,13125,20,35,,
2025-02-17T16:49:47Z,13126,20,35,,
2025-02-17T16:54:47Z,13127,20,35,,
2025-02-17T16:59:47Z,13128,20,35,,
2025-02-17T17:04:47Z,13129,20,35,3.44,3
2025-02-17T17:08:50Z,13130,20,35,,
2025-02-17T17:13:50Z,13131,20,36,,
2025-02-17T17:18:50Z,13132,20,36,,
2025-02-17T17:23:50Z,13133,20,36,,
2025-02-17T17:28:50Z,13134,20,36,,
2025-02-17T17:33:50Z,13135,20,36,,
2025-02-17T17:38:50Z,13136,20,35,,
2025-02-17T17:43:50Z,13137,20,35,,
2025-02-17T17:48:50Z,13138,20,35,,
2025-02-17T17:53:50Z,13139,20,35,,
2025-02-17T17:58:50Z,13140,20,36,,
2025-02-17T18:03:50Z,13141,20,36,3.44,44
2025-02-17T18:08:31Z,13143,20,36,,
2025-02-17T18:13:31Z,13144,20,36,,
2025-02-17T18:18:31Z,13145,20,36,,
2025-02-17T18:23:31Z,13146,20,36,,
2025-02-17T18:28:31Z,13147,20,36,,
2025-02-17T18:33:31Z,13148,20,36,,
2025-02-17T18:38:31Z,13149,20,36,,
2025-02-17T18:43:31Z,13150,20,35,,
2025-02-17T18:48:31Z,13151,20,36,,
2025-02-17T18:53:31Z,13152,20,35,,
2025-02-17T18:58:31Z,13153,20,35,,
2025-02-17T19:03:31Z,13154,20,36,,
2025-02-17T19:08:31Z,13155,20,36,,
2025-02-17T19:13:31Z,13156,20,36,,
2025-02-17T19:18:31Z,13157,20,36,,
2025-02-17T19:23:31Z,13158,20,36,,
2025-02-17T19:28:31Z,13159,20,36,,
2025-02-17T19:33:31Z,13160,20,36,,
2025-02-17T19:38:31Z,13161,20,35,,
2025-02-17T19:43:31Z,13162,20,35,,
2025-02-17T19:48:31Z,13163,20,35,,
2025-02-17T19:53:31Z,13164,20,35,,
2025-02-17T19:58:31Z,13165,20,35,,
2025-02-17T20:03:31Z,13166,20,35,,
2025-02-17T20:08:31Z,13167,20,36,,
2025-02-17T20:13:31Z,13168,20,36,,
2025-02-17T20:18:31Z,13169,20,36,,
2025-02-17T20:23:31Z,13170,20,36,,
2025-02-17T20:28:31Z,13171,20,35,,
2025-02-17T20:33:31Z,13172,20,35,,
2025-02-17T20:38:31Z,13173,20,35,,
2025-02-17T20:43:31Z,13174,20,35,,
2025-02-17T20:48:31Z,13175,20,35,,
2025-02-17T20:53:31Z,13176,20,35,,
2025-02-17T20:58:31Z,13177,20,35,,
2025-02-17T21:03:31Z,13178,20,35,,
2025-02-17T21:08:31Z,13179,20,35,,
2025-02-17T21:13:31Z,13180,20,35,,
2025-02-17T21:18:31Z,13181,20,35,,
2025-02-17T21:23:31Z,13182,20,35,,
2025-02-17T21:28:31Z,13183,20,35,,
2025-02-17T21:33:31Z,13184,20,35,,
2025-02-17T21:38:31Z,13185,20,35,,
2025-02-17T21:43:31Z,13186,20,35,,
2025-02-17T21:48:31Z,13187,20,35,,
2025-02-17T21:53:31Z,13188,20,35,,
2025-02-17T21:58:31Z,13189,20,35,,
2025-02-17T22:03:31Z,13190,20,35,,
2025-02-17T22:08:31Z,13191,20,35,,
2025-02-17T22:13:31Z,13192,20,35,,
2025-02-17T22:18:31Z,13193,20,35,,
2025-02-17T22:23:31Z,13194,20,35,,
2025-02-17T22:28:31Z,13195,20,35,,
2025-02-17T22:33:31Z,13196,20,35,,
2025-02-17T22:38:31Z,13197,20,36,,
2025-02-17T22:43:31Z,13198,20,36,,
2025-02-17T22:48:31Z,13199,20,35,,
2025-02-17T22:53:31Z,13200,19,36,,
2025-02-17T22:58:31Z,13201,19,35,,
2025-02-17T23:03:31Z,13202,19,35,,
2025-02-17T23:08:31Z,13203,19,35,,
2025-02-17T23:13:31Z,13204,19,35,,
2025-02-17T23:18:31Z,13205,19,35,,
2025-02-17T23:23:31Z,13206,19,35,,
2025-02-17T23:28:31Z,13207,19,35,,
2025-02-17T23:33:31Z,13208,19,35,,
2025-02-17T23:38:31Z,13209,19,35,,
2025-02-17T23:43:31Z,13210,19,35,,
2025-02-17T23:48:31Z,13211,19,35,,
2025-02-17T23:53:31Z,13212,19,35,,
2025-02-17T23:58:31Z,13213,19,35,3.44,43
2025-02-18T00:03:14Z,13215,19,35,,
2025-02-18T00:08:14Z,13216,19,35,,
2025-02-18T00:13:14Z,13217,19,35,,
2025-02-18T00:18:14Z,13218,19,35,,
2025-02-18T00:23:14Z,13219,18,35,,
2025-02-18T00:28:14Z,13220,18,35,,
2025-02-18T00:33:14Z,13221,18,35,,
2025-02-18T00:38:14Z,13222,18,35,,
2025-02-18T00:43:14Z,13223,18,36,,
2025-02-18T00:48:14Z,13224,18,36,,
2025-02-18T00:53:14Z,13225,18,36,,
2025-02-18T00:58:14Z,13226,18,36,,
2025-02-18T01:03:14Z,13227,18,36,,
2025-02-18T01:08:14Z,13228,18,36,,
2025-02-18T01:13:14Z,13229,18,36,,
2025-02-18T01:18:14Z,13230,18,36,,
2025-02-18T01:23:14Z,13231,18,36,,
2025-02-18T01:28:14Z,13232,18,36,,
2025-02-18T01:33:14Z,13233,18,36,,
2025-02-18T01:38:14Z,13234,18,36,,
2025-02-18T01:43:14Z,13235,18,36,,
2025-02-18T01:48:14Z,13236,18,36,,
2025-02-18T01:53:14Z,13237,18,36,,
2025-02-18T01:58:14Z,13238,18,36,,
2025-02-18T02:03:14Z,13239,18,36,,
2025-02-18T02:08:14Z,13240,18,36,,
2025-02-18T02:13:14Z,13241,18,36,,
2025-02-18T02:18:14Z,13242,18,36,,
2025-02-18T02:23:14Z,13243,18,36,,
2025-02-18T02:28:14Z,13244,18,36,,
2025-02-18T02:33:14Z,13245,18,36,,
2025-02-18T02:38:14Z,13246,18,36,,
2025-02-18T02:43:14Z,13247,18,36,,
2025-02-18T02:48:14Z,13248,18,36,,
2025-02-18T02:53:14Z,13249,18,36,,
2025-02-18T02:58:14Z,13250,18,36,,
2025-02-18T03:03:14Z,13251,18,36,,
2025-02-18T03:08:14Z,13252,18,36,,
2025-02-18T03:13:14Z,13253,18,36,,
2025-02-18T03:18:14Z,13254,18,36,,
2025-02-18T03:23:14Z,13255,18,36,,
2025-02-18T03:28:14Z,13256,18,36,,
2025-02-18T03:33:14Z,13257,18,36,,
2025-02-18T03:38:14Z,13258,18,36,,
2025-02-18T03:43:14Z,13259,18,36,,
2025-02-18T03:48:14Z,13260,18,36,,
2025-02-18T03:53:14Z,13261,18,36,,
2025-02-18T03:58:14Z,13262,18,36,,
2025-02-18T04:03:14Z,13263,18,36,,
2025-02-18T04:08:14Z,13264,18,36,,
2025-02-18T04:13:14Z,13265,18,36,,
2025-02-18T04:18:14Z,13266,18,36,,
2025-02-18T04:23:14Z,13267,18,36,,
2025-02-18T04:28:14Z,13268,18,36,,
2025-02-18T04:33:14Z,13269,18,36,,
2025-02-18T04:38:14Z,13270,18,36,,
2025-02-18T04:43:14Z,13271,18,36,,
2025-02-18T04:48:14Z,13272,18,36,,
2025-02-18T04:53:14Z,13273,18,36,,
2025-02-18T04:58:14Z,13274,18,36,,
2025-02-18T05:03:14Z,13275,18,36,,
2025-02-18T05:08:14Z,13276,18,36,,
2025-02-18T05:13:14Z,13277,18,36,,
2025-02-18T05:18:14Z,13278,18,36,,
2025-02-18T05:23:14Z,13279,18,36,,
2025-02-18T05:28:14Z,13280,18,36,,
2025-02-18T05:33:14Z,13281,18,36,,
2025-02-18T05:38:14Z,13282,18,36,,
2025-02-18T05:43:14Z,13283,18,36,,
2025-02-18T05:48:14Z,13284,18,36,,
2025-02-18T05:53:14Z,13285,18,36,3.44,3
2025-02-18T11:47:51Z,13286,20,36,,
2025-02-18T11:52:51Z,13287,20,36,,
2025-02-18T11:57:51Z,13288,20,36,,
2025-02-18T12:02:51Z,13289,20,36,,
2025-02-18T12:07:51Z,13290,20,36,,
2025-02-18T12:12:51Z,13291,20,36,,
2025-02-18T12:17:51Z,13292,20,36,,
2025-02-18T12:22:51Z,13293,20,36,,
2025-02-18T12:27:51Z,13294,20,37,,
2025-02-18T12:32:51Z,13295,20,37,,
2025-02-18T12:37:51Z,13296,20,37,,
2025-02-18T12:42:51Z,13297,20,37,,
2025-02-18T12:47:51Z,13298,20,37,,
2025-02-18T12:52:51Z,13299,20,38,,
2025-02-18T12:57:51Z,13300,20,38,,
2025-02-18T13:02:51Z,13301,20,38,,
2025-02-18T13:07:51Z,13302,20,38,,
2025-02-18T13:12:51Z,13303,20,38,,
2025-02-18T13:17:51Z,13304,20,38,,
2025-02-18T13:22:51Z,13305,20,38,,
2025-02-18T13:27:51Z,13306,20,38,,
2025-02-18T13:32:51Z,13307,20,38,,
2025-02-18T13:37:51Z,13308,20,37,,
2025-02-18T13:42:51Z,13309,20,37,,
2025-02-18T13:47:51Z,13310,20,37,,
2025-02-18T13:52:51Z,13311,20,37,,
2025-02-18T13:57:51Z,13312,20,37,,
2025-02-18T14:02:51Z,13313,20,37,,
2025-02-18T14:07:51Z,13314,20,37,,
2025-02-18T14:12:51Z,13315,20,36,,
2025-02-18T14:17:51Z,13316,20,36,,
2025-02-18T14:22:51Z,13317,20,36,,
2025-02-18T14:27:51Z,13318,20,36,,
2025-02-18T14:32:51Z,13319,20,36,,
2025-02-18T14:37:51Z,13320,20,36,,
2025-02-18T14:42:51Z,13321,20,36,,
2025-02-18T14:47:51Z,13322,20,36,,
2025-02-18T14:52:51Z,13323,20,36,,
2025-02-18T14:57:51Z,13324,20,36,,
2025-02-18T15:02:51Z,13325,20,36,,
2025-02-18T15:07:51Z,13326,20,36,,
2025-02-18T15:12:51Z,13327,20,36,,
2025-02-18T15:17:51Z,13328,20,36,,
2025-02-18T15:22:51Z,13329,20,36,,
2025-02-18T15:27:51Z,13330,20,36,,
2025-02-18T15:32:51Z,13331,21,35,,
2025-02-18T15:37:51Z,13332,21,35,,
2025-02-18T15:42:51Z,13333,21,35,,
2025-02-18T15:47:51Z,13334,21,35,,
2025-02-18T15:52:51Z,13335,20,35,,
2025-02-18T15:57:51Z,13336,20,35,,
2025-02-18T16:02:51Z,13337,20,35,,
2025-02-18T16:07:51Z,13338,20,36,,
2025-02-18T16:12:51Z,13339,20,36,,
2025-02-18T16:17:51Z,13340,20,36,,
2025-02-18T16:22:51Z,13341,20,36,,
2025-02-18T16:27:51Z,13342,20,36,,
2025-02-18T16:32:51Z,13343,20,36,,
2025-02-18T16:37:51Z,13344,20,36,,
2025-02-18T16:42:51Z,13345,20,36,,
2025-02-18T16:47:51Z,13346,20,36,,
2025-02-18T16:52:51Z,13347,20,36,,
2025-02-18T16:57:51Z,13348,20,36,,
2025-02-18T17:02:51Z,13349,20,36,,
2025-02-18T17:07:51Z,13350,20,36,,
2025-02-18T17:12:51Z,13351,19,36,,
2025-02-18T17:17:51Z,13352,19,36,,
2025-02-18T17:22:51Z,13353,19,36,,
2025-02-18T17:27:51Z,13354,19,36,,
2025-02-18T17:32:51Z,13355,19,36,,
2025-02-18T17:37:51Z,13356,19,36,,
2025-02-18T17:42:51Z,13357,19,36,3.44,3
2025-02-18T17:47:30Z,13359,19,36,,
2025-02-18T17:52:30Z,13360,19,36,,
2025-02-18T17:57:30Z,13361,19,36,,
2025-02-18T18:02:30Z,13362,19,36,,
2025-02-18T18:07:30Z,13363,19,36,,
2025-02-18T18:12:30Z,13364,19,37,,
2025-02-18T18:17:30Z,13365,19,38,,
2025-02-18T18:22:30Z,13366,19,38,,
2025-02-18T18:27:30Z,13367,19,38,,
2025-02-18T18:32:30Z,13368,19,38,,
2025-02-18T18:37:30Z,13369,19,38,,
2025-02-18T18:42:30Z,13370,19,38,,
2025-02-18T18:47:30Z,13371,19,39,,
2025-02-18T18:52:30Z,13372,19,39,,
2025-02-18T18:57:30Z,13373,19,39,,
2025-02-18T19:02:30Z,13374,19,39,,
2025-02-18T19:07:30Z,13375,19,39,,
2025-02-18T19:12:30Z,13376,19,39,,
2025-02-18T19:17:30Z,13377,19,40,,
2025-02-18T19:22:30Z,13378,19,40,,
2025-02-18T19:27:30Z,13379,19,41,,
2025-02-18T19:32:30Z,13380,19,41,,
2025-02-18T19:37:30Z,13381,19,41,,
2025-02-18T19:42:30Z,13382,19,41,,
2025-02-18T19:47:30Z,13383,19,42,,
2025-02-18T19:52:30Z,13384,19,43,,
2025-02-18T19:57:30Z,13385,19,43,,
2025-02-18T20:02:30Z,13386,19,43,,
2025-02-18T20:07:30Z,13387,19,43,,
2025-02-18T20:12:30Z,13388,19,43,,
2025-02-18T20:17:30Z,13389,19,44,,
2025-02-18T20:22:30Z,13390,18,44,,
2025-02-18T20:27:30Z,13391,18,44,,
2025-02-18T20:32:30Z,13392,18,45,,
2025-02-18T20:37:30Z,13393,18,45,,
2025-02-18T20:42:30Z,13394,18,45,,
2025-02-18T20:47:30Z,13395,18,46,,
2025-02-18T20:52:30Z,13396,18,47,,
2025-02-18T20:57:30Z,13397,18,48,,
2025-02-18T21:02:30Z,13398,18,48,,
2025-02-18T21:07:30Z,13399,18,49,,
2025-02-18T21:12:30Z,13400,18,49,,
2025-02-18T21:17:30Z,13401,18,49,,
2025-02-18T21:22:30Z,13402,18,49,,
2025-02-18T21:27:30Z,13403,18,48,,
2025-02-18T21:32:30Z,13404,18,48,,
2025-02-18T21:37:30Z,13405,18,48,,
2025-02-18T21:42:30Z,13406,18,47,,
2025-02-18T21:47:30Z,13407,18,48,,
2025-02-18T21:52:30Z,13408,18,48,,
2025-02-18T21:57:30Z,13409,18,47,,
2025-02-18T22:02:30Z,13410,18,47,,
2025-02-18T22:07:30Z,13411,18,47,,
2025-02-18T22:12:30Z,13412,18,47,,
2025-02-18T22:17:30Z,13413,17,47,,
2025-02-18T22:22:30Z,13414,17,47,,
2025-02-18T22:27:30Z,13415,17,47,,
2025-02-18T22:32:30Z,13416,17,47,,
2025-02-18T22:37:30Z,13417,17,46,,
2025-02-18T22:42:30Z,13418,17,46,,
2025-02-18T22:47:30Z,13419,17,46,,
2025-02-18T22:52:30Z,13420,17,46,,
2025-02-18T22:57:30Z,13421,17,46,,
2025-02-18T23:02:30Z,13422,17,46,,
2025-02-18T23:07:30Z,13423,17,46,,
2025-02-18T23:12:30Z,13424,17,45,,
2025-02-18T23:17:30Z,13425,17,45,,
2025-02-18T23:22:30Z,13426,17,45,,
2025-02-18T23:27:30Z,13427,17,45,,
2025-02-18T23:32:30Z,13428,17,45,,
2025-02-18T23:37:30Z,13429,17,45,3.44,7
2025-02-18T23:42:07Z,13431,17,44,,
2025-02-18T23:47:07Z,13432,17,44,,
2025-02-18T23:52:07Z,13433,17,44,,
2025-02-18T23:57:07Z,13434,17,44,,
2025-02-19T00:02:07Z,13435,17,44,,
2025-02-19T00:07:07Z,13436,17,44,,
2025-02-19T00:12:07Z,13437,16,44,,
2025-02-19T00:17:07Z,13438,16,44,,
2025-02-19T00:22:07Z,13439,16,44,,
2025-02-19T00:27:07Z,13440,16,43,,
2025-02-19T00:32:07Z,13441,16,43,,
2025-02-19T00:37:07Z,13442,16,43,,
2025-02-19T00:42:07Z,13443,16,43,,
2025-02-19T00:47:07Z,13444,16,43,,
2025-02-19T00:52:07Z,13445,16,43,,
2025-02-19T00:57:07Z,13446,16,43,,
2025-02-19T01:02:07Z,13447,16,43,,
2025-02-19T01:07:07Z,13448,16,43,,
2025-02-19T01:12:07Z,13449,16,43,,
2025-02-19T01:17:07Z,13450,16,43,,
2025-02-19T01:22:07Z,13451,16,43,,
2025-02-19T01:27:07Z,13452,16,43,,
2025-02-19T01:32:07Z,13453,16,42,,
2025-02-19T01:37:07Z,13454,16,42,,
2025-02-19T01:42:07Z,13455,16,42,,
2025-02-19T01:47:07Z,13456,16,42,,
2025-02-19T01:52:07Z,13457,16,42,,
2025-02-19T01:57:07Z,13458,16,42,,
2025-02-19T02:02:07Z,13459,16,42,,
2025-02-19T02:07:07Z,13460,16,42,,
2025-02-19T02:12:07Z,13461,16,42,,
2025-02-19T02:17:07Z,13462,16,42,,
2025-02-19T02:22:07Z,13463,16,42,,
2025-02-19T02:27:07Z,13464,16,42,,
2025-02-19T02:32:07Z,13465,16,42,,
2025-02-19T02:37:07Z,13466,16,42,,
2025-02-19T02:42:07Z,13467,16,42,,
2025-02-19T02:47:07Z,13468,16,41,,
2025-02-19T02:52:07Z,13469,16,41,,
2025-02-19T02:57:07Z,13470,15,41,,
2025-02-19T03:02:07Z,13471,15,41,,
2025-02-19T03:07:07Z,13472,15,41,,
2025-02-19T03:12:07Z,13473,15,41,,
2025-02-19T03:17:07Z,13474,15,41,,
2025-02-19T03:22:07Z,13475,15,41,,
2025-02-19T03:27:07Z,13476,15,41,,
2025-02-19T03:32:07Z,13477,15,41,,
2025-02-19T03:37:07Z,13478,15,41,,
2025-02-19T03:42:07Z,13479,15,41,,
2025-02-19T03:47:07Z,13480,15,41,,
2025-02-19T03:52:07Z,13481,15,41,,
2025-02-19T03:57:07Z,13482,15,41,,
2025-02-19T04:02:07Z,13483,15,41,,
2025-02-19T04:07:07Z,13484,15,41,,
2025-02-19T04:12:07Z,13485,15,41,,
2025-02-19T04:17:07Z,13486,15,41,,
2025-02-19T04:22:07Z,13487,15,41,,
2025-02-19T04:27:07Z,13488,15,41,,
2025-02-19T04:32:07Z,13489,15,41,,
2025-02-19T04:37:07Z,13490,15,41,,
2025-02-19T04:42:07Z,13491,15,41,,
2025-02-19T04:47:07Z,13492,15,41,,
2025-02-19T04:52:07Z,13493,15,41,,
2025-02-19T04:57:07Z,13494,15,41,,
2025-02-19T05:02:07Z,13495,15,41,,
2025-02-19T05:07:07Z,13496,15,41,,
2025-02-19T05:12:07Z,13497,15,41,,
2025-02-19T05:17:07Z,13498,15,41,,
2025-02-19T05:22:07Z,13499,15,41,,
2025-02-19T05:27:07Z,13500,15,41,,
2025-02-19T05:32:07Z,13501,15,40,3.44,7
2025-02-19T11:26:41Z,13502,17,38,,
2025-02-19T11:31:41Z,13503,17,38,,
2025-02-19T11:36:41Z,13504,17,38,,
2025-02-19T11:41:41Z,13505,17,38,,
2025-02-19T11:46:41Z,13506,17,38,,
2025-02-19T11:51:41Z,13507,17,38,,
2025-02-19T11:56:41Z,13508,17,38,,
2025-02-19T12:01:41Z,13509,17,38,,
2025-02-19T12:06:41Z,13510,17,38,,
2025-02-19T12:11:41Z,13511,17,38,,
2025-02-19T12:16:41Z,13512,17,38,,
2025-02-19T12:21:41Z,13513,17,38,,
2025-02-19T12:26:41Z,13514,17,38,,
2025-02-19T12:31:41Z,13515,17,38,,
2025-02-19T12:36:41Z,13516,17,38,,
2025-02-19T12:41:41Z,13517,17,38,,
2025-02-19T12:46:41Z,13518,17,38,,
2025-02-19T12:51:41Z,13519,17,38,,
2025-02-19T12:56:41Z,13520,18,38,,
2025-02-19T13:01:41Z,13521,18,38,,
2025-02-19T13:06:41Z,13522,18,38,,
2025-02-19T13:11:41Z,13523,18,38,,
2025-02-19T13:16:41Z,13524,18,38,,
2025-02-19T13:21:41Z,13525,18,38,,
2025-02-19T13:26:41Z,13526,18,38,,
2025-02-19T13:31:41Z,13527,18,38,,
2025-02-19T13:36:41Z,13528,18,38,,
2025-02-19T13:41:41Z,13529,18,38,,
2025-02-19T13:46:41Z,13530,18,38,,
2025-02-19T13:51:41Z,13531,18,38,,
2025-02-19T13:56:41Z,13532,18,38,,
2025-02-19T14:01:41Z,13533,18,38,,
2025-02-19T14:06:41Z,13534,18,38,,
2025-02-19T14:11:41Z,13535,18,38,,
2025-02-19T14:16:41Z,13536,18,37,,
2025-02-19T14:21:41Z,13537,18,37,,
2025-02-19T14:26:41Z,13538,18,37,,
2025-02-19T14:31:41Z,13539,19,37,,
2025-02-19T14:36:41Z,13540,19,37,,
2025-02-19T14:41:41Z,13541,19,37,,
2025-02-19T14:46:41Z,13542,19,37,,
2025-02-19T14:51:41Z,13543,19,37,,
2025-02-19T14:56:41Z,13544,19,37,,
2025-02-19T15:01:41Z,13545,19,37,,
2025-02-19T15:06:41Z,13546,19,37,,
2025-02-19T15:11:41Z,13547,19,37,,
2025-02-19T15:16:41Z,13548,19,37,,
2025-02-19T15:21:41Z,13549,19,37,,
2025-02-19T15:26:41Z,13550,19,37,,
2025-02-19T15:31:41Z,13551,19,37,,
2025-02-19T15:36:41Z,13552,19,37,,
2025-02-19T15:41:41Z,13553,19,37,,
2025-02-19T15:46:41Z,13554,19,37,,
2025-02-19T15:51:41Z,13555,19,37,,
2025-02-19T15:56:41Z,13556,19,37,,
2025-02-19T16:01:41Z,13557,19,37,,
2025-02-19T16:06:41Z,13558,19,37,,
2025-02-19T16:11:41Z,13559,19,37,,
2025-02-19T16:16:41Z,13560,19,37,,
2025-02-19T16:21:41Z,13561,19,37,,
2025-02-19T16:26:41Z,13562,19,37,,
2025-02-19T16:31:41Z,13563,19,37,,
2025-02-19T16:36:41Z,13564,19,37,,
2025-02-19T16:41:41Z,13565,20,37,,
2025-02-19T16:46:41Z,13566,20,37,,
2025-02-19T16:51:41Z,13567,20,37,,
2025-02-19T16:56:41Z,13568,20,36,,
2025-02-19T17:01:41Z,13569,20,37,,
2025-02-19T17:06:41Z,13570,20,37,,
2025-02-19T17:11:41Z,13571,20,36,,
2025-02-19T17:16:41Z,13572,20,37,,
2025-02-19T17:21:41Z,13573,20,37,3.44,3
2025-02-19T17:25:47Z,13574,20,36,,
2025-02-19T17:30:47Z,13575,20,36,,
2025-02-19T17:35:47Z,13576,20,37,,
2025-02-19T17:40:47Z,13577,20,37,,
2025-02-19T17:45:47Z,13578,20,37,,
2025-02-19T17:50:47Z,13579,20,37,,
2025-02-19T17:55:47Z,13580,20,37,,
2025-02-19T18:00:47Z,13581,20,37,,
2025-02-19T18:05:47Z,13582,20,37,,
2025-02-19T18:10:47Z,13583,20,37,,
2025-02-19T18:15:47Z,13584,20,37,,
2025-02-19T18:20:47Z,13585,20,37,3.44,3
2025-02-19T18:25:29Z,13587,20,36,,
2025-02-19T18:30:29Z,13588,20,36,,
2025-02-19T18:35:29Z,13589,20,36,,
2025-02-19T18:40:29Z,13590,20,36,,
2025-02-19T18:45:29Z,13591,20,37,,
2025-02-19T18:50:29Z,13592,20,37,,
2025-02-19T18:55:29Z,13593,20,37,,
2025-02-19T19:00:29Z,13594,20,38,,
2025-02-19T19:05:29Z,13595,20,40,,
2025-02-19T19:10:29Z,13596,21,41,,
2025-02-19T19:15:29Z,13597,21,42,,
2025-02-19T19:20:29Z,13598,21,43,,
2025-02-19T19:25:29Z,13599,21,43,,
2025-02-19T19:30:29Z,13600,21,44,,
2025-02-19T19:35:29Z,13601,21,44,,
2025-02-19T19:40:29Z,13602,21,44,,
2025-02-19T19:45:29Z,13603,21,45,,
2025-02-19T19:50:29Z,13604,21,45,,
2025-02-19T19:55:29Z,13605,22,45,,
2025-02-19T20:00:29Z,13606,22,45,,
2025-02-19T20:05:29Z,13607,22,45,,
2025-02-19T20:10:29Z,13608,22,46,,
2025-02-19T20:15:29Z,13609,22,46,,
2025-02-19T20:20:29Z,13610,22,46,,
2025-02-19T20:25:29Z,13611,22,46,,
2025-02-19T20:30:29Z,13612,22,46,,
2025-02-19T20:35:29Z,13613,22,46,,
2025-02-19T20:40:29Z,13614,22,46,,
2025-02-19T20:45:29Z,13615,22,46,,
2025-02-19T20:50:29Z,13616,22,46,,
2025-02-19T20:55:29Z,13617,22,46,,
2025-02-19T21:00:29Z,13618,22,47,,
2025-02-19T21:05:29Z,13619,22,47,,
2025-02-19T21:10:29Z,13620,22,47,,
2025-02-19T21:15:29Z,13621,22,47,,
2025-02-19T21:20:29Z,13622,22,47,,
2025-02-19T21:25:29Z,13623,22,47,,
2025-02-19T21:30:29Z,13624,22,47,,
2025-02-19T21:35:29Z,13625,22,47,,
2025-02-19T21:40:29Z,13626,21,47,,
2025-02-19T21:45:29Z,13627,21,47,,
2025-02-19T21:50:29Z,13628,21,47,,
2025-02-19T21:55:29Z,13629,21,47,,
2025-02-19T22:00:29Z,13630,21,47,,
2025-02-19T22:05:29Z,13631,21,47,,
2025-02-19T22:10:29Z,13632,21,47,,
2025-02-19T22:15:29Z,13633,21,47,,
2025-02-19T22:20:29Z,13634,21,47,,
2025-02-19T22:25:29Z,13635,20,47,,
2025-02-19T22:30:29Z,13636,20,47,,
2025-02-19T22:35:29Z,13637,20,46,,
2025-02-19T22:40:29Z,13638,20,46,,
2025-02-19T22:45:29Z,13639,20,46,,
2025-02-19T22:50:29Z,13640,20,46,,
2025-02-19T22:55:29Z,13641,20,46,,
2025-02-19T23:00:29Z,13642,20,46,,
2025-02-19T23:05:29Z,13643,20,46,,
2025-02-19T23:10:29Z,13644,20,46,,
2025-02-19T23:15:29Z,13645,20,46,,
2025-02-19T23:20:29Z,13646,20,46,,
2025-02-19T23:25:29Z,13647,20,46,,
2025-02-19T23:30:29Z,13648,20,46,,
2025-02-19T23:35:29Z,13649,19,46,,
2025-02-19T23:40:29Z,13650,19,45,,
2025-02-19T23:45:29Z,13651,19,45,,
2025-02-19T23:50:29Z,13652,19,45,,
2025-02-19T23:55:29Z,13653,19,45,,
2025-02-20T00:00:29Z,13654,19,45,,
2025-02-20T00:05:29Z,13655,19,45,,
2025-02-20T00:10:29Z,13656,19,45,,
2025-02-20T00:15:29Z,13657,19,45,3.44,43
2025-02-20T00:20:11Z,13659,19,45,,
2025-02-20T00:25:11Z,13660,19,45,,
2025-02-20T00:30:11Z,13661,19,45,,
2025-02-20T00:35:11Z,13662,19,45,,
2025-02-20T00:40:11Z,13663,19,45,,
2025-02-20T00:45:11Z,13664,19,45,,
2025-02-20T00:50:11Z,13665,19,45,,
2025-02-20T00:55:11Z,13666,19,45,,
2025-02-20T01:00:11Z,13667,19,45,,
2025-02-20T01:05:11Z,13668,19,45,,
2025-02-20T01:10:11Z,13669,19,45,,
2025-02-20T01:15:11Z,13670,18,46,,
2025-02-20T01:20:11Z,13671,18,46,,
2025-02-20T01:25:11Z,13672,18,46,,
2025-02-20T01:30:11Z,13673,18,46,,
2025-02-20T01:35:11Z,13674,18,46,,
2025-02-20T01:40:11Z,13675,18,46,,
2025-02-20T01:45:11Z,13676,18,46,,
2025-02-20T01:50:11Z,13677,18,46,,
2025-02-20T01:55:11Z,13678,18,46,,
2025-02-20T02:00:11Z,13679,18,46,,
2025-02-20T02:05:11Z,13680,18,46,,
2025-02-20T02:10:11Z,13681,18,46,,
2025-02-20T02:15:11Z,13682,18,46,,
2025-02-20T02:20:11Z,13683,18,46,,
2025-02-20T02:25:11Z,13684,18,46,,
2025-02-20T02:30:11Z,13685,18,46,,
2025-02-20T02:35:11Z,13686,18,46,,
2025-02-20T02:40:11Z,13687,18,46,,
2025-02-20T02:45:11Z,13688,18,46,,
2025-02-20T02:50:11Z,13689,18,46,,
2025-02-20T02:55:11Z,13690,18,46,,
2025-02-20T03:00:11Z,13691,18,46,,
2025-02-20T03:05:11Z,13692,18,46,,
2025-02-20T03:10:11Z,13693,18,46,,
2025-02-20T03:15:11Z,13694,18,46,,
2025-02-20T03:20:11Z,13695,18,46,,
2025-02-20T03:25:11Z,13696,18,46,,
2025-02-20T03:30:11Z,13697,18,46,,
2025-02-20T03:35:11Z,13698,18,46,,
2025-02-20T03:40:11Z,13699,18,46,,
2025-02-20T03:45:11Z,13700,18,46,,
2025-02-20T03:50:11Z,13701,18,46,,
2025-02-20T03:55:11Z,13702,18,46,,
2025-02-20T04:00:11Z,13703,17,46,,
2025-02-20T04:05:11Z,13704,17,46,,
2025-02-20T04:10:11Z,13705,17,46,,
2025-02-20T04:15:11Z,13706,17,46,,
2025-02-20T04:20:11Z,13707,17,46,,
2025-02-20T04:25:11Z,13708,17,46,,
2025-02-20T04:30:11Z,13709,17,46,,
2025-02-20T04:35:11Z,13710,17,46,,
2025-02-20T04:40:11Z,13711,17,46,,
2025-02-20T04:45:11Z,13712,17,46,,
2025-02-20T04:50:11Z,13713,17,46,,
2025-02-20T04:55:11Z,13714,17,46,,
2025-02-20T05:00:11Z,13715,17,46,,
2025-02-20T05:05:11Z,13716,17,47,,
2025-02-20T05:10:11Z,13717,17,47,,
2025-02-20T05:15:11Z,13718,17,47,,
2025-02-20T05:20:11Z,13719,17,47,,
2025-02-20T05:25:11Z,13720,17,47,,
2025-02-20T05:30:11Z,13721,17,47,,
2025-02-20T05:35:11Z,13722,17,47,,
2025-02-20T05:40:11Z,13723,17,47,,
2025-02-20T05:45:11Z,13724,17,47,,
2025-02-20T05:50:11Z,13725,17,47,,
2025-02-20T05:55:11Z,13726,17,47,,
2025-02-20T06:00:11Z,13727,17,47,,
2025-02-20T06:05:11Z,13728,17,47,,
2025-02-20T06:10:11Z,13729,17,47,3.44,7
2025-02-20T06:14:11Z,13730,17,47,,
2025-02-20T06:19:11Z,13731,17,47,,
2025-02-20T06:24:11Z,13732,17,47,,
2025-02-20T06:29:11Z,13733,17,47,,
2025-02-20T06:34:11Z,13734,17,47,,
2025-02-20T06:39:11Z,13735,17,47,,
2025-02-20T06:44:11Z,13736,17,47,,
2025-02-20T06:49:11Z,13737,17,47,,
2025-02-20T06:54:11Z,13738,17,47,,
2025-02-20T06:59:11Z,13739,17,47,,
2025-02-20T07:04:11Z,13740,17,47,,
2025-02-20T07:09:11Z,13741,17,46,3.44,7
2025-02-20T07:13:15Z,13742,18,46,,
2025-02-20T07:18:15Z,13743,18,46,,
2025-02-20T07:23:15Z,13744,18,46,,
2025-02-20T07:28:15Z,13745,18,46,,
2025-02-20T07:33:15Z,13746,18,46,,
2025-02-20T07:38:15Z,13747,18,46,,
2025-02-20T07:43:15Z,13748,18,46,,
2025-02-20T07:48:15Z,13749,18,45,,
2025-02-20T07:53:15Z,13750,18,45,,
2025-02-20T07:58:15Z,13751,18,45,,
2025-02-20T08:03:15Z,13752,18,45,,
2025-02-20T08:08:15Z,13753,19,45,3.44,18
2025-02-20T19:57:37Z,13754,19,54,,
2025-02-20T20:02:37Z,13755,19,55,,
2025-02-20T20:07:37Z,13756,19,55,,
2025-02-20T20:12:37Z,13757,19,54,,
2025-02-20T20:17:37Z,13758,19,55,,
2025-02-20T20:22:37Z,13759,19,54,,
2025-02-20T20:27:37Z,13760,19,55,,
2025-02-20T20:32:37Z,13761,19,55,,
2025-02-20T20:37:37Z,13762,19,55,,
2025-02-20T20:42:37Z,13763,19,55,,
2025-02-20T20:47:37Z,13764,19,56,,
2025-02-20T20:52:37Z,13765,19,56,,
2025-02-20T20:57:37Z,13766,19,55,,
2025-02-20T21:02:37Z,13767,19,55,,
2025-02-20T21:07:37Z,13768,19,55,,
2025-02-20T21:12:37Z,13769,19,55,,
2025-02-20T21:17:37Z,13770,19,55,,
2025-02-20T21:22:37Z,13771,19,55,,
2025-02-20T21:27:37Z,13772,19,54,,
2025-02-20T21:32:37Z,13773,19,54,,
2025-02-20T21:37:37Z,13774,19,54,,
2025-02-20T21:42:37Z,13775,19,54,,
2025-02-20T21:47:37Z,13776,19,54,,
2025-02-20T21:52:37Z,13777,19,54,,
2025-02-20T21:57:37Z,13778,19,54,,
2025-02-20T22:02:37Z,13779,19,54,,
2025-02-20T22:07:37Z,13780,19,54,,
2025-02-20T22:12:37Z,13781,18,54,,
2025-02-20T22:17:37Z,13782,18,54,,
2025-02-20T22:22:37Z,13783,18,54,,
2025-02-20T22:27:37Z,13784,18,54,,
2025-02-20T22:32:37Z,13785,18,54,,
2025-02-20T22:37:37Z,13786,18,53,,
2025-02-20T22:42:37Z,13787,18,53,,
2025-02-20T22:47:37Z,13788,18,53,,
2025-02-20T22:52:37Z,13789,18,53,,
2025-02-20T22:57:37Z,13790,18,53,,
2025-02-20T23:02:37Z,13791,18,53,,
2025-02-20T23:07:37Z,13792,18,53,,
2025-02-20T23:12:37Z,13793,18,53,,
2025-02-20T23:17:37Z,13794,18,53,,
2025-02-20T23:22:37Z,13795,18,53,,
2025-02-20T23:27:37Z,13796,18,53,,
2025-02-20T23:32:37Z,13797,18,53,,
2025-02-20T23:37:37Z,13798,18,53,,
2025-02-20T23:42:37Z,13799,18,53,,
2025-02-20T23:47:37Z,13800,18,53,,
2025-02-20T23:52:37Z,13801,18,52,,
2025-02-20T23:57:37Z,13802,18,52,,
2025-02-21T00:02:37Z,13803,18,52,,
2025-02-21T00:07:37Z,13804,18,52,,
2025-02-21T00:12:37Z,13805,18,52,,
2025-02-21T00:17:37Z,13806,18,52,,
2025-02-21T00:22:37Z,13807,18,52,,
2025-02-21T00:27:37Z,13808,18,52,,
2025-02-21T00:32:37Z,13809,18,52,,
2025-02-21T00:37:37Z,13810,18,52,,
2025-02-21T00:42:37Z,13811,18,51,,
2025-02-21T00:47:37Z,13812,18,52,,
2025-02-21T00:52:37Z,13813,18,51,,
2025-02-21T00:57:37Z,13814,18,51,,
2025-02-21T01:02:37Z,13815,18,51,,
2025-02-21T01:07:37Z,13816,18,51,,
2025-02-21T01:12:37Z,13817,18,51,,
2025-02-21T01:17:37Z,13818,18,51,,
2025-02-21T01:22:37Z,13819,18,51,,
2025-02-21T01:27:37Z,13820,18,51,,
2025-02-21T01:32:37Z,13821,18,51,,
2025-02-21T01:37:37Z,13822,18,51,,
2025-02-21T01:42:37Z,13823,18,51,,
2025-02-21T01:47:37Z,13824,18,51,,
2025-02-21T01:52:37Z,13825,18,51,3.44,19
2025-02-21T01:57:15Z,13827,18,51,,
2025-02-21T02:02:15Z,13828,18,51,,
2025-02-21T02:07:15Z,13829,18,51,,
2025-02-21T02:12:15Z,13830,18,51,,
2025-02-21T02:17:15Z,13831,18,51,,
2025-02-21T02:22:15Z,13832,18,51,,
2025-02-21T02:27:15Z,13833,18,51,,
2025-02-21T02:32:15Z,13834,18,51,,
2025-02-21T02:37:15Z,13835,18,51,,
2025-02-21T02:42:15Z,13836,18,51,,
2025-02-21T02:47:15Z,13837,18,51,,
2025-02-21T02:52:15Z,13838,18,51,,
2025-02-21T02:57:15Z,13839,18,51,,
2025-02-21T03:02:15Z,13840,18,51,,
2025-02-21T03:07:15Z,13841,18,51,,
2025-02-21T03:12:15Z,13842,18,51,,
2025-02-21T03:17:15Z,13843,18,50,,
2025-02-21T03:22:15Z,13844,18,50,,
2025-02-21T03:27:15Z,13845,18,50,,
2025-02-21T03:32:15Z,13846,18,50,,
2025-02-21T03:37:15Z,13847,18,50,,
2025-02-21T03:42:15Z,13848,18,50,,
2025-02-21T03:47:15Z,13849,18,50,,
2025-02-21T03:52:15Z,13850,18,50,,
2025-02-21T03:57:15Z,13851,18,50,,
2025-02-21T04:02:15Z,13852,18,50,,
2025-02-21T04:07:15Z,13853,18,50,,
2025-02-21T04:12:15Z,13854,18,50,,
2025-02-21T04:17:15Z,13855,18,50,,
2025-02-21T04:22:15Z,13856,18,50,,
2025-02-21T04:27:15Z,13857,18,50,,
2025-02-21T04:32:15Z,13858,18,50,,
2025-02-21T04:37:15Z,13859,18,50,,
2025-02-21T04:42:15Z,13860,18,50,,
2025-02-21T04:47:15Z,13861,18,50,,
2025-02-21T04:52:15Z,13862,18,50,,
2025-02-21T04:57:15Z,13863,18,50,,
2025-02-21T05:02:15Z,13864,18,50,,
2025-02-21T05:07:15Z,13865,18,50,,
2025-02-21T05:12:15Z,13866,18,50,,
2025-02-21T05:17:15Z,13867,18,50,,
2025-02-21T05:22:15Z,13868,18,50,,
2025-02-21T05:27:15Z,13869,18,50,,
2025-02-21T05:32:15Z,13870,18,50,,
2025-02-21T05:37:15Z,13871,18,50,,
2025-02-21T05:42:15Z,13872,18,50,,
2025-02-21T05:47:15Z,13873,18,50,,
2025-02-21T05:52:15Z,13874,18,50,,
2025-02-21T05:57:15Z,13875,18,50,,
2025-02-21T06:02:15Z,13876,18,50,,
2025-02-21T06:07:15Z,13877,18,50,,
2025-02-21T06:12:15Z,13878,18,50,,
2025-02-21T06:17:15Z,13879,18,50,,
2025-02-21T06:22:15Z,13880,18,50,,
2025-02-21T06:27:15Z,13881,18,50,,
2025-02-21T06:32:15Z,13882,18,50,,
2025-02-21T06:37:15Z,13883,18,50,,
2025-02-21T06:42:15Z,13884,18,49,,
2025-02-21T06:47:15Z,13885,18,49,,
2025-02-21T06:52:15Z,13886,18,49,,
2025-02-21T06:57:15Z,13887,18,49,,
2025-02-21T07:02:15Z,13888,18,49,,
2025-02-21T07:07:15Z,13889,18,49,,
2025-02-21T07:12:15Z,13890,18,49,,
2025-02-21T07:17:15Z,13891,18,49,,
2025-02-21T07:22:15Z,13892,18,49,,
2025-02-21T07:27:15Z,13893,19,49,,
2025-02-21T07:32:15Z,13894,19,49,,
2025-02-21T07:37:15Z,13895,19,49,,
2025-02-21T07:42:15Z,13896,19,49,,
2025-02-21T07:47:15Z,13897,19,49,3.44,9
