Timestamp for sample frequency every 15 min,Temperature_Celsius,Relative_Humidity(%),unambiguous_time
25/11/2024 11:45,19.1,46,25/11/2024 11:45
25/11/2024 12:00,16.4,49,25/11/2024 12:00
25/11/2024 12:15,14.4,54,25/11/2024 12:15
25/11/2024 12:30,13.9,56,25/11/2024 12:30
25/11/2024 12:45,15,56,25/11/2024 12:45
25/11/2024 01:00,16.2,53,25/11/2024 13:00
25/11/2024 01:15,16.4,52,25/11/2024 13:15
25/11/2024 01:30,16.4,51,25/11/2024 13:30
25/11/2024 01:45,16.3,51,25/11/2024 13:45
25/11/2024 02:00,16.3,51,25/11/2024 14:00
25/11/2024 02:15,16.4,51,25/11/2024 14:15
25/11/2024 02:30,16.5,51,25/11/2024 14:30
25/11/2024 02:45,16.4,51,25/11/2024 14:45
25/11/2024 03:00,16.3,51,25/11/2024 15:00
25/11/2024 03:15,16.3,51,25/11/2024 15:15
25/11/2024 03:30,16.2,51,25/11/2024 15:30
25/11/2024 03:45,16.3,51,25/11/2024 15:45
25/11/2024 04:00,16.3,51,25/11/2024 16:00
25/11/2024 04:15,16.4,51,25/11/2024 16:15
25/11/2024 04:30,16.3,51,25/11/2024 16:30
25/11/2024 04:45,16.2,51,25/11/2024 16:45
25/11/2024 05:00,16.2,51,25/11/2024 17:00
25/11/2024 05:15,16.3,51,25/11/2024 17:15
25/11/2024 05:30,16.3,51,25/11/2024 17:30
25/11/2024 05:45,16.3,51,25/11/2024 17:45
25/11/2024 06:00,16.3,51,25/11/2024 18:00
25/11/2024 06:15,16.3,51,25/11/2024 18:15
25/11/2024 06:30,16.2,51,25/11/2024 18:30
25/11/2024 06:45,16.2,51,25/11/2024 18:45
25/11/2024 07:00,16.3,51,25/11/2024 19:00
25/11/2024 07:15,16.3,51,25/11/2024 19:15
25/11/2024 07:30,16.3,51,25/11/2024 19:30
25/11/2024 07:45,16.5,51,25/11/2024 19:45
25/11/2024 08:00,16.6,51,25/11/2024 20:00
25/11/2024 08:15,16.6,51,25/11/2024 20:15
25/11/2024 08:30,16.5,51,25/11/2024 20:30
25/11/2024 08:45,16.5,51,25/11/2024 20:45
25/11/2024 09:00,16.5,51,25/11/2024 21:00
25/11/2024 09:15,16.5,51,25/11/2024 21:15
25/11/2024 09:30,16.5,51,25/11/2024 21:30
25/11/2024 09:45,16.3,51,25/11/2024 21:45
25/11/2024 10:00,16.3,51,25/11/2024 22:00
25/11/2024 10:15,16.3,51,25/11/2024 22:15
25/11/2024 10:30,16.4,51,25/11/2024 22:30
25/11/2024 10:45,16.3,51,25/11/2024 22:45
25/11/2024 11:00,16.2,51,25/11/2024 23:00
25/11/2024 11:15,16.2,51,25/11/2024 23:15
25/11/2024 11:30,16.2,50,25/11/2024 23:30
25/11/2024 11:45,16.3,50,25/11/2024 23:45
26/11/2024 12:00,16.3,50,26/11/2024 00:00
26/11/2024 12:15,16.2,50,26/11/2024 00:15
26/11/2024 12:30,16.1,50,26/11/2024 00:30
26/11/2024 12:45,16.1,50,26/11/2024 00:45
26/11/2024 01:00,16.2,50,26/11/2024 01:00
26/11/2024 01:15,16.2,50,26/11/2024 01:15
26/11/2024 01:30,16.1,50,26/11/2024 01:30
26/11/2024 01:45,16.1,50,26/11/2024 01:45
26/11/2024 02:00,16.1,50,26/11/2024 02:00
26/11/2024 02:15,16.1,50,26/11/2024 02:15
26/11/2024 02:30,16.2,50,26/11/2024 02:30
26/11/2024 02:45,16.2,50,26/11/2024 02:45
26/11/2024 03:00,16.1,50,26/11/2024 03:00
26/11/2024 03:15,16.1,50,26/11/2024 03:15
26/11/2024 03:30,16.2,50,26/11/2024 03:30
26/11/2024 03:45,16.2,50,26/11/2024 03:45
26/11/2024 04:00,16.3,50,26/11/2024 04:00
26/11/2024 04:15,16.3,50,26/11/2024 04:15
26/11/2024 04:30,16.3,50,26/11/2024 04:30
26/11/2024 04:45,16.2,50,26/11/2024 04:45
26/11/2024 05:00,16.2,50,26/11/2024 05:00
26/11/2024 05:15,16.2,50,26/11/2024 05:15
26/11/2024 05:30,16.3,50,26/11/2024 05:30
26/11/2024 05:45,16.3,50,26/11/2024 05:45
26/11/2024 06:00,16.3,50,26/11/2024 06:00
26/11/2024 06:15,16.2,50,26/11/2024 06:15
26/11/2024 06:30,16.2,50,26/11/2024 06:30
26/11/2024 06:45,16.2,50,26/11/2024 06:45
26/11/2024 07:00,16.2,50,26/11/2024 07:00
26/11/2024 07:15,16.3,50,26/11/2024 07:15
26/11/2024 07:30,16.3,50,26/11/2024 07:30
26/11/2024 07:45,16.3,50,26/11/2024 07:45
26/11/2024 08:00,16.2,50,26/11/2024 08:00
26/11/2024 08:15,16.2,50,26/11/2024 08:15
26/11/2024 08:30,16.2,50,26/11/2024 08:30
26/11/2024 08:45,16.2,49,26/11/2024 08:45
26/11/2024 09:00,16.3,49,26/11/2024 09:00
26/11/2024 09:15,16.3,49,26/11/2024 09:15
26/11/2024 09:30,16.4,49,26/11/2024 09:30
26/11/2024 09:45,16.3,49,26/11/2024 09:45
26/11/2024 10:00,16.3,49,26/11/2024 10:00
26/11/2024 10:15,16.3,49,26/11/2024 10:15
26/11/2024 10:30,16.3,49,26/11/2024 10:30
26/11/2024 10:45,16.5,49,26/11/2024 10:45
26/11/2024 11:00,16.5,49,26/11/2024 11:00
26/11/2024 11:15,16.4,49,26/11/2024 11:15
26/11/2024 11:30,16.5,49,26/11/2024 11:30
26/11/2024 11:45,16.5,49,26/11/2024 11:45
26/11/2024 12:00,16.6,49,26/11/2024 12:00
26/11/2024 12:15,16.6,49,26/11/2024 12:15
26/11/2024 12:30,16.6,50,26/11/2024 12:30
26/11/2024 12:45,16.5,50,26/11/2024 12:45
26/11/2024 01:00,16.5,50,26/11/2024 13:00
26/11/2024 01:15,16.7,50,26/11/2024 13:15
26/11/2024 01:30,16.8,50,26/11/2024 13:30
26/11/2024 01:45,16.7,50,26/11/2024 13:45
26/11/2024 02:00,16.7,51,26/11/2024 14:00
26/11/2024 02:15,16.7,51,26/11/2024 14:15
26/11/2024 02:30,16.8,51,26/11/2024 14:30
26/11/2024 02:45,16.9,51,26/11/2024 14:45
26/11/2024 03:00,16.8,51,26/11/2024 15:00
26/11/2024 03:15,16.7,51,26/11/2024 15:15
26/11/2024 03:30,16.7,51,26/11/2024 15:30
26/11/2024 03:45,16.8,51,26/11/2024 15:45
26/11/2024 04:00,16.8,51,26/11/2024 16:00
26/11/2024 04:15,16.8,51,26/11/2024 16:15
26/11/2024 04:30,16.7,51,26/11/2024 16:30
26/11/2024 04:45,16.6,51,26/11/2024 16:45
26/11/2024 05:00,16.7,51,26/11/2024 17:00
26/11/2024 05:15,16.7,51,26/11/2024 17:15
26/11/2024 05:30,16.7,51,26/11/2024 17:30
26/11/2024 05:45,16.6,51,26/11/2024 17:45
26/11/2024 06:00,16.5,51,26/11/2024 18:00
26/11/2024 06:15,16.5,51,26/11/2024 18:15
26/11/2024 06:30,16.5,51,26/11/2024 18:30
26/11/2024 06:45,16.5,50,26/11/2024 18:45
26/11/2024 07:00,16.5,50,26/11/2024 19:00
26/11/2024 07:15,16.5,50,26/11/2024 19:15
26/11/2024 07:30,16.3,50,26/11/2024 19:30
26/11/2024 07:45,16.3,50,26/11/2024 19:45
26/11/2024 08:00,16.4,50,26/11/2024 20:00
26/11/2024 08:15,16.4,50,26/11/2024 20:15
26/11/2024 08:30,16.5,50,26/11/2024 20:30
26/11/2024 08:45,16.4,49,26/11/2024 20:45
26/11/2024 09:00,16.3,49,26/11/2024 21:00
26/11/2024 09:15,16.3,49,26/11/2024 21:15
26/11/2024 09:30,16.3,49,26/11/2024 21:30
26/11/2024 09:45,16.3,49,26/11/2024 21:45
26/11/2024 10:00,16.3,49,26/11/2024 22:00
26/11/2024 10:15,16.3,49,26/11/2024 22:15
26/11/2024 10:30,16.2,49,26/11/2024 22:30
26/11/2024 10:45,16.2,48,26/11/2024 22:45
26/11/2024 11:00,16.1,48,26/11/2024 23:00
26/11/2024 11:15,16.2,48,26/11/2024 23:15
26/11/2024 11:30,16.2,48,26/11/2024 23:30
26/11/2024 11:45,16.2,47,26/11/2024 23:45
27/11/2024 12:00,16.2,47,27/11/2024 00:00
27/11/2024 12:15,16.1,47,27/11/2024 00:15
27/11/2024 12:30,16.1,47,27/11/2024 00:30
27/11/2024 12:45,16.1,47,27/11/2024 00:45
27/11/2024 01:00,16.1,47,27/11/2024 01:00
27/11/2024 01:15,16.2,47,27/11/2024 01:15
27/11/2024 01:30,16.2,47,27/11/2024 01:30
27/11/2024 01:45,16.2,47,27/11/2024 01:45
27/11/2024 02:00,16.2,47,27/11/2024 02:00
27/11/2024 02:15,16.1,47,27/11/2024 02:15
27/11/2024 02:30,16.1,47,27/11/2024 02:30
27/11/2024 02:45,16.1,47,27/11/2024 02:45
27/11/2024 03:00,16.2,47,27/11/2024 03:00
27/11/2024 03:15,16.2,47,27/11/2024 03:15
27/11/2024 03:30,16.2,47,27/11/2024 03:30
27/11/2024 03:45,16.2,47,27/11/2024 03:45
27/11/2024 04:00,16.1,47,27/11/2024 04:00
27/11/2024 04:15,16.1,47,27/11/2024 04:15
27/11/2024 04:30,16.1,47,27/11/2024 04:30
27/11/2024 04:45,16.2,47,27/11/2024 04:45
27/11/2024 05:00,16.2,47,27/11/2024 05:00
27/11/2024 05:15,16.2,47,27/11/2024 05:15
27/11/2024 05:30,16.2,47,27/11/2024 05:30
27/11/2024 05:45,16.1,47,27/11/2024 05:45
27/11/2024 06:00,16.1,47,27/11/2024 06:00
27/11/2024 06:15,16.1,47,27/11/2024 06:15
27/11/2024 06:30,16.2,47,27/11/2024 06:30
27/11/2024 06:45,16.2,47,27/11/2024 06:45
27/11/2024 07:00,16.2,47,27/11/2024 07:00
27/11/2024 07:15,16.2,47,27/11/2024 07:15
27/11/2024 07:30,16.2,47,27/11/2024 07:30
27/11/2024 07:45,16.1,47,27/11/2024 07:45
27/11/2024 08:00,16.1,47,27/11/2024 08:00
27/11/2024 08:15,16.2,47,27/11/2024 08:15
27/11/2024 08:30,16.2,47,27/11/2024 08:30
27/11/2024 08:45,16.2,47,27/11/2024 08:45
27/11/2024 09:00,16.3,47,27/11/2024 09:00
27/11/2024 09:15,16.3,47,27/11/2024 09:15
27/11/2024 09:30,16.3,47,27/11/2024 09:30
27/11/2024 09:45,16.3,47,27/11/2024 09:45
27/11/2024 10:00,16.2,47,27/11/2024 10:00
27/11/2024 10:15,16.2,47,27/11/2024 10:15
27/11/2024 10:30,16.3,47,27/11/2024 10:30
27/11/2024 10:45,16.3,47,27/11/2024 10:45
27/11/2024 11:00,16.5,47,27/11/2024 11:00
27/11/2024 11:15,16.5,47,27/11/2024 11:15
27/11/2024 11:30,16.5,47,27/11/2024 11:30
27/11/2024 11:45,16.4,47,27/11/2024 11:45
27/11/2024 12:00,16.4,47,27/11/2024 12:00
27/11/2024 12:15,16.4,47,27/11/2024 12:15
27/11/2024 12:30,16.5,48,27/11/2024 12:30
27/11/2024 12:45,16.5,47,27/11/2024 12:45
27/11/2024 01:00,16.5,47,27/11/2024 13:00
27/11/2024 01:15,16.5,48,27/11/2024 13:15
27/11/2024 01:30,16.4,48,27/11/2024 13:30
27/11/2024 01:45,16.4,48,27/11/2024 13:45
27/11/2024 02:00,16.5,48,27/11/2024 14:00
27/11/2024 02:15,16.5,48,27/11/2024 14:15
27/11/2024 02:30,16.6,47,27/11/2024 14:30
27/11/2024 02:45,16.7,47,27/11/2024 14:45
27/11/2024 03:00,16.5,47,27/11/2024 15:00
27/11/2024 03:15,16.5,48,27/11/2024 15:15
27/11/2024 03:30,16.4,48,27/11/2024 15:30
27/11/2024 03:45,16.5,48,27/11/2024 15:45
27/11/2024 04:00,16.5,48,27/11/2024 16:00
27/11/2024 04:15,16.5,48,27/11/2024 16:15
27/11/2024 04:30,16.6,48,27/11/2024 16:30
27/11/2024 04:45,16.6,47,27/11/2024 16:45
27/11/2024 05:00,16.7,47,27/11/2024 17:00
27/11/2024 05:15,16.7,47,27/11/2024 17:15
27/11/2024 05:30,16.7,47,27/11/2024 17:30
27/11/2024 05:45,16.7,47,27/11/2024 17:45
27/11/2024 06:00,16.7,47,27/11/2024 18:00
27/11/2024 06:15,16.6,47,27/11/2024 18:15
27/11/2024 06:30,16.6,47,27/11/2024 18:30
27/11/2024 06:45,16.5,47,27/11/2024 18:45
27/11/2024 07:00,16.4,47,27/11/2024 19:00
27/11/2024 07:15,16.3,47,27/11/2024 19:15
27/11/2024 07:30,16.3,47,27/11/2024 19:30
27/11/2024 07:45,16.3,46,27/11/2024 19:45
27/11/2024 08:00,16.4,46,27/11/2024 20:00
27/11/2024 08:15,16.4,46,27/11/2024 20:15
27/11/2024 08:30,16.4,46,27/11/2024 20:30
27/11/2024 08:45,16.4,46,27/11/2024 20:45
27/11/2024 09:00,16.4,46,27/11/2024 21:00
27/11/2024 09:15,16.3,46,27/11/2024 21:15
27/11/2024 09:30,16.3,46,27/11/2024 21:30
27/11/2024 09:45,16.3,46,27/11/2024 21:45
27/11/2024 10:00,16.3,46,27/11/2024 22:00
27/11/2024 10:15,16.3,46,27/11/2024 22:15
27/11/2024 10:30,16.2,46,27/11/2024 22:30
27/11/2024 10:45,16.2,45,27/11/2024 22:45
27/11/2024 11:00,16.2,45,27/11/2024 23:00
27/11/2024 11:15,16.2,45,27/11/2024 23:15
27/11/2024 11:30,16.2,45,27/11/2024 23:30
27/11/2024 11:45,16.2,45,27/11/2024 23:45
28/11/2024 12:00,16.1,45,28/11/2024 00:00
28/11/2024 12:15,16.1,45,28/11/2024 00:15
28/11/2024 12:30,16.1,45,28/11/2024 00:30
28/11/2024 12:45,16.1,45,28/11/2024 00:45
28/11/2024 01:00,16.1,45,28/11/2024 01:00
28/11/2024 01:15,16.1,45,28/11/2024 01:15
28/11/2024 01:30,16,45,28/11/2024 01:30
28/11/2024 01:45,16,45,28/11/2024 01:45
28/11/2024 02:00,16,45,28/11/2024 02:00
28/11/2024 02:15,15.9,44,28/11/2024 02:15
28/11/2024 02:30,15.9,44,28/11/2024 02:30
28/11/2024 02:45,15.9,44,28/11/2024 02:45
28/11/2024 03:00,15.9,44,28/11/2024 03:00
28/11/2024 03:15,15.9,44,28/11/2024 03:15
28/11/2024 03:30,15.9,44,28/11/2024 03:30
28/11/2024 03:45,15.8,44,28/11/2024 03:45
28/11/2024 04:00,15.8,44,28/11/2024 04:00
28/11/2024 04:15,15.8,44,28/11/2024 04:15
28/11/2024 04:30,15.8,43,28/11/2024 04:30
28/11/2024 04:45,15.8,43,28/11/2024 04:45
28/11/2024 05:00,15.7,43,28/11/2024 05:00
28/11/2024 05:15,15.7,43,28/11/2024 05:15
28/11/2024 05:30,15.7,43,28/11/2024 05:30
28/11/2024 05:45,15.6,43,28/11/2024 05:45
28/11/2024 06:00,15.6,43,28/11/2024 06:00
28/11/2024 06:15,15.5,42,28/11/2024 06:15
28/11/2024 06:30,15.5,42,28/11/2024 06:30
28/11/2024 06:45,15.5,42,28/11/2024 06:45
28/11/2024 07:00,15.5,42,28/11/2024 07:00
28/11/2024 07:15,15.5,42,28/11/2024 07:15
28/11/2024 07:30,15.5,42,28/11/2024 07:30
28/11/2024 07:45,15.4,42,28/11/2024 07:45
28/11/2024 08:00,15.4,42,28/11/2024 08:00
28/11/2024 08:15,15.4,42,28/11/2024 08:15
28/11/2024 08:30,15.3,42,28/11/2024 08:30
28/11/2024 08:45,15.3,41,28/11/2024 08:45
28/11/2024 09:00,15.3,42,28/11/2024 09:00
28/11/2024 09:15,15.3,41,28/11/2024 09:15
28/11/2024 09:30,15.3,41,28/11/2024 09:30
28/11/2024 09:45,15.4,41,28/11/2024 09:45
28/11/2024 10:00,15.4,41,28/11/2024 10:00
28/11/2024 10:15,15.5,41,28/11/2024 10:15
28/11/2024 10:30,15.5,41,28/11/2024 10:30
28/11/2024 10:45,15.5,41,28/11/2024 10:45
28/11/2024 11:00,15.5,41,28/11/2024 11:00
28/11/2024 11:15,15.5,41,28/11/2024 11:15
28/11/2024 11:30,15.5,41,28/11/2024 11:30
28/11/2024 11:45,15.5,41,28/11/2024 11:45
28/11/2024 12:00,15.5,41,28/11/2024 12:00
28/11/2024 12:15,15.4,41,28/11/2024 12:15
28/11/2024 12:30,15.5,41,28/11/2024 12:30
28/11/2024 12:45,15.5,41,28/11/2024 12:45
28/11/2024 01:00,15.4,42,28/11/2024 13:00
28/11/2024 01:15,15.5,42,28/11/2024 13:15
28/11/2024 01:30,15.7,42,28/11/2024 13:30
28/11/2024 01:45,15.8,42,28/11/2024 13:45
28/11/2024 02:00,15.8,42,28/11/2024 14:00
28/11/2024 02:15,15.8,42,28/11/2024 14:15
28/11/2024 02:30,15.8,42,28/11/2024 14:30
28/11/2024 02:45,15.8,42,28/11/2024 14:45
28/11/2024 03:00,15.9,42,28/11/2024 15:00
28/11/2024 03:15,15.8,42,28/11/2024 15:15
28/11/2024 03:30,15.9,43,28/11/2024 15:30
28/11/2024 03:45,15.9,43,28/11/2024 15:45
28/11/2024 04:00,15.8,43,28/11/2024 16:00
28/11/2024 04:15,15.8,43,28/11/2024 16:15
28/11/2024 04:30,15.8,43,28/11/2024 16:30
28/11/2024 04:45,15.8,43,28/11/2024 16:45
28/11/2024 05:00,15.8,43,28/11/2024 17:00
28/11/2024 05:15,15.8,44,28/11/2024 17:15
28/11/2024 05:30,15.8,44,28/11/2024 17:30
28/11/2024 05:45,15.8,44,28/11/2024 17:45
28/11/2024 06:00,15.8,44,28/11/2024 18:00
28/11/2024 06:15,15.9,44,28/11/2024 18:15
28/11/2024 06:30,15.8,44,28/11/2024 18:30
28/11/2024 06:45,15.9,44,28/11/2024 18:45
28/11/2024 07:00,15.8,44,28/11/2024 19:00
28/11/2024 07:15,15.8,44,28/11/2024 19:15
28/11/2024 07:30,15.9,44,28/11/2024 19:30
28/11/2024 07:45,15.9,44,28/11/2024 19:45
28/11/2024 08:00,15.9,44,28/11/2024 20:00
28/11/2024 08:15,15.9,44,28/11/2024 20:15
28/11/2024 08:30,16,44,28/11/2024 20:30
28/11/2024 08:45,15.9,45,28/11/2024 20:45
28/11/2024 09:00,15.9,45,28/11/2024 21:00
28/11/2024 09:15,15.9,45,28/11/2024 21:15
28/11/2024 09:30,15.9,45,28/11/2024 21:30
28/11/2024 09:45,16,45,28/11/2024 21:45
28/11/2024 10:00,16,45,28/11/2024 22:00
28/11/2024 10:15,16,45,28/11/2024 22:15
28/11/2024 10:30,16,45,28/11/2024 22:30
28/11/2024 10:45,16,45,28/11/2024 22:45
28/11/2024 11:00,16,45,28/11/2024 23:00
28/11/2024 11:15,16,45,28/11/2024 23:15
28/11/2024 11:30,16,45,28/11/2024 23:30
28/11/2024 11:45,16,45,28/11/2024 23:45
29/11/2024 12:00,16,45,29/11/2024 00:00
29/11/2024 12:15,16.1,45,29/11/2024 00:15
29/11/2024 12:30,16.1,45,29/11/2024 00:30
29/11/2024 12:45,16.1,45,29/11/2024 00:45
29/11/2024 01:00,16.1,45,29/11/2024 01:00
29/11/2024 01:15,16.1,45,29/11/2024 01:15
29/11/2024 01:30,16.1,45,29/11/2024 01:30
29/11/2024 01:45,16.1,45,29/11/2024 01:45
29/11/2024 02:00,16.1,46,29/11/2024 02:00
29/11/2024 02:15,16.2,46,29/11/2024 02:15
29/11/2024 02:30,16.2,46,29/11/2024 02:30
29/11/2024 02:45,16.2,46,29/11/2024 02:45
29/11/2024 03:00,16.2,46,29/11/2024 03:00
29/11/2024 03:15,16.2,46,29/11/2024 03:15
29/11/2024 03:30,16.2,46,29/11/2024 03:30
29/11/2024 03:45,16.2,46,29/11/2024 03:45
29/11/2024 04:00,16.2,46,29/11/2024 04:00
29/11/2024 04:15,16.2,46,29/11/2024 04:15
29/11/2024 04:30,16.1,46,29/11/2024 04:30
29/11/2024 04:45,16.1,46,29/11/2024 04:45
29/11/2024 05:00,16.1,46,29/11/2024 05:00
29/11/2024 05:15,16.1,46,29/11/2024 05:15
29/11/2024 05:30,16.1,46,29/11/2024 05:30
29/11/2024 05:45,16.1,46,29/11/2024 05:45
29/11/2024 06:00,16.1,46,29/11/2024 06:00
29/11/2024 06:15,16.2,46,29/11/2024 06:15
29/11/2024 06:30,16.2,46,29/11/2024 06:30
29/11/2024 06:45,16.2,46,29/11/2024 06:45
29/11/2024 07:00,16.2,46,29/11/2024 07:00
29/11/2024 07:15,16.2,46,29/11/2024 07:15
29/11/2024 07:30,16.2,46,29/11/2024 07:30
29/11/2024 07:45,16.3,46,29/11/2024 07:45
29/11/2024 08:00,16.3,46,29/11/2024 08:00
29/11/2024 08:15,16.3,46,29/11/2024 08:15
29/11/2024 08:30,16.3,47,29/11/2024 08:30
29/11/2024 08:45,16.4,47,29/11/2024 08:45
29/11/2024 09:00,16.4,47,29/11/2024 09:00
29/11/2024 09:15,16.5,47,29/11/2024 09:15
29/11/2024 09:30,16.5,47,29/11/2024 09:30
29/11/2024 09:45,16.4,47,29/11/2024 09:45
29/11/2024 10:00,16.3,47,29/11/2024 10:00
29/11/2024 10:15,16.5,47,29/11/2024 10:15
29/11/2024 10:30,16.4,47,29/11/2024 10:30
29/11/2024 10:45,16.5,48,29/11/2024 10:45
29/11/2024 11:00,16.7,48,29/11/2024 11:00
29/11/2024 11:15,16.6,48,29/11/2024 11:15
29/11/2024 11:30,16.5,48,29/11/2024 11:30
29/11/2024 11:45,16.5,48,29/11/2024 11:45
29/11/2024 12:00,16.5,49,29/11/2024 12:00
29/11/2024 12:15,16.5,49,29/11/2024 12:15
29/11/2024 12:30,16.6,49,29/11/2024 12:30
29/11/2024 12:45,16.6,49,29/11/2024 12:45
29/11/2024 01:00,16.5,49,29/11/2024 13:00
29/11/2024 01:15,16.5,49,29/11/2024 13:15
29/11/2024 01:30,16.6,49,29/11/2024 13:30
29/11/2024 01:45,16.7,50,29/11/2024 13:45
29/11/2024 02:00,16.8,50,29/11/2024 14:00
29/11/2024 02:15,16.8,51,29/11/2024 14:15
29/11/2024 02:30,16.8,51,29/11/2024 14:30
29/11/2024 02:45,16.6,51,29/11/2024 14:45
29/11/2024 03:00,16.7,51,29/11/2024 15:00
29/11/2024 03:15,16.8,51,29/11/2024 15:15
29/11/2024 03:30,16.8,51,29/11/2024 15:30
29/11/2024 03:45,16.9,51,29/11/2024 15:45
29/11/2024 04:00,16.8,51,29/11/2024 16:00
29/11/2024 04:15,16.8,51,29/11/2024 16:15
29/11/2024 04:30,16.8,52,29/11/2024 16:30
29/11/2024 04:45,16.8,52,29/11/2024 16:45
29/11/2024 05:00,16.9,52,29/11/2024 17:00
29/11/2024 05:15,16.9,52,29/11/2024 17:15
29/11/2024 05:30,17,52,29/11/2024 17:30
29/11/2024 05:45,17.1,52,29/11/2024 17:45
29/11/2024 06:00,17.1,53,29/11/2024 18:00
29/11/2024 06:15,16.9,53,29/11/2024 18:15
29/11/2024 06:30,16.8,54,29/11/2024 18:30
29/11/2024 06:45,16.7,54,29/11/2024 18:45
29/11/2024 07:00,16.7,54,29/11/2024 19:00
29/11/2024 07:15,16.8,54,29/11/2024 19:15
29/11/2024 07:30,16.8,54,29/11/2024 19:30
29/11/2024 07:45,16.8,54,29/11/2024 19:45
29/11/2024 08:00,16.9,53,29/11/2024 20:00
29/11/2024 08:15,16.9,53,29/11/2024 20:15
29/11/2024 08:30,17,53,29/11/2024 20:30
29/11/2024 08:45,17,53,29/11/2024 20:45
29/11/2024 09:00,16.9,53,29/11/2024 21:00
29/11/2024 09:15,16.8,54,29/11/2024 21:15
29/11/2024 09:30,16.8,54,29/11/2024 21:30
29/11/2024 09:45,16.9,54,29/11/2024 21:45
29/11/2024 10:00,16.8,54,29/11/2024 22:00
29/11/2024 10:15,16.8,54,29/11/2024 22:15
29/11/2024 10:30,16.8,54,29/11/2024 22:30
29/11/2024 10:45,16.8,54,29/11/2024 22:45
29/11/2024 11:00,16.9,54,29/11/2024 23:00
29/11/2024 11:15,16.9,54,29/11/2024 23:15
29/11/2024 11:30,16.9,54,29/11/2024 23:30
29/11/2024 11:45,17.1,54,29/11/2024 23:45
30/11/2024 12:00,17.1,54,30/11/2024 00:00
30/11/2024 12:15,17.1,54,30/11/2024 00:15
30/11/2024 12:30,16.9,55,30/11/2024 00:30
30/11/2024 12:45,16.9,55,30/11/2024 00:45
30/11/2024 01:00,16.9,55,30/11/2024 01:00
30/11/2024 01:15,17,55,30/11/2024 01:15
30/11/2024 01:30,17.1,55,30/11/2024 01:30
30/11/2024 01:45,17.1,55,30/11/2024 01:45
30/11/2024 02:00,17,55,30/11/2024 02:00
30/11/2024 02:15,16.9,55,30/11/2024 02:15
30/11/2024 02:30,17,56,30/11/2024 02:30
30/11/2024 02:45,17.1,56,30/11/2024 02:45
30/11/2024 03:00,17.2,56,30/11/2024 03:00
30/11/2024 03:15,17.2,56,30/11/2024 03:15
30/11/2024 03:30,17.2,56,30/11/2024 03:30
30/11/2024 03:45,17.3,56,30/11/2024 03:45
30/11/2024 04:00,17.3,56,30/11/2024 04:00
30/11/2024 04:15,17.4,56,30/11/2024 04:15
30/11/2024 04:30,17.5,56,30/11/2024 04:30
30/11/2024 04:45,17.5,56,30/11/2024 04:45
30/11/2024 05:00,17.5,56,30/11/2024 05:00
30/11/2024 05:15,17.4,57,30/11/2024 05:15
30/11/2024 05:30,17.3,57,30/11/2024 05:30
30/11/2024 05:45,17.2,57,30/11/2024 05:45
30/11/2024 06:00,17.3,57,30/11/2024 06:00
30/11/2024 06:15,17.3,57,30/11/2024 06:15
30/11/2024 06:30,17.4,57,30/11/2024 06:30
30/11/2024 06:45,17.5,57,30/11/2024 06:45
30/11/2024 07:00,17.5,57,30/11/2024 07:00
30/11/2024 07:15,17.5,57,30/11/2024 07:15
30/11/2024 07:30,17.7,55,30/11/2024 07:30
30/11/2024 07:45,17.6,55,30/11/2024 07:45
30/11/2024 08:00,17.5,57,30/11/2024 08:00
30/11/2024 08:15,17.4,57,30/11/2024 08:15
30/11/2024 08:30,17.4,58,30/11/2024 08:30
30/11/2024 08:45,17.5,58,30/11/2024 08:45
30/11/2024 09:00,17.5,57,30/11/2024 09:00
30/11/2024 09:15,17.7,55,30/11/2024 09:15
30/11/2024 09:30,17.9,55,30/11/2024 09:30
30/11/2024 09:45,18,56,30/11/2024 09:45
30/11/2024 10:00,18.1,58,30/11/2024 10:00
30/11/2024 10:15,18.2,60,30/11/2024 10:15
30/11/2024 10:30,18.2,61,30/11/2024 10:30
30/11/2024 10:45,18.2,63,30/11/2024 10:45
30/11/2024 11:00,18.3,64,30/11/2024 11:00
30/11/2024 11:15,18.3,64,30/11/2024 11:15
30/11/2024 11:30,18.1,63,30/11/2024 11:30
30/11/2024 11:45,17.9,62,30/11/2024 11:45
30/11/2024 12:00,18,61,30/11/2024 12:00
30/11/2024 12:15,18.1,61,30/11/2024 12:15
30/11/2024 12:30,18,61,30/11/2024 12:30
30/11/2024 12:45,17.9,61,30/11/2024 12:45
30/11/2024 01:00,17.8,61,30/11/2024 13:00
30/11/2024 01:15,17.7,61,30/11/2024 13:15
30/11/2024 01:30,17.6,61,30/11/2024 13:30
30/11/2024 01:45,17.7,61,30/11/2024 13:45
30/11/2024 02:00,17.8,61,30/11/2024 14:00
30/11/2024 02:15,17.8,61,30/11/2024 14:15
30/11/2024 02:30,17.6,61,30/11/2024 14:30
30/11/2024 02:45,17.6,61,30/11/2024 14:45
30/11/2024 03:00,17.6,61,30/11/2024 15:00
30/11/2024 03:15,17.7,60,30/11/2024 15:15
30/11/2024 03:30,17.8,60,30/11/2024 15:30
30/11/2024 03:45,17.8,60,30/11/2024 15:45
30/11/2024 04:00,17.7,60,30/11/2024 16:00
30/11/2024 04:15,17.5,63,30/11/2024 16:15
30/11/2024 04:30,17.5,63,30/11/2024 16:30
30/11/2024 04:45,17.5,63,30/11/2024 16:45
30/11/2024 05:00,17.6,60,30/11/2024 17:00
30/11/2024 05:15,17.6,60,30/11/2024 17:15
30/11/2024 05:30,17.6,60,30/11/2024 17:30
30/11/2024 05:45,17.5,62,30/11/2024 17:45
30/11/2024 06:00,17.5,62,30/11/2024 18:00
30/11/2024 06:15,17.4,62,30/11/2024 18:15
30/11/2024 06:30,17.5,62,30/11/2024 18:30
30/11/2024 06:45,17.5,62,30/11/2024 18:45
30/11/2024 07:00,17.5,62,30/11/2024 19:00
30/11/2024 07:15,17.5,62,30/11/2024 19:15
30/11/2024 07:30,17.5,62,30/11/2024 19:30
30/11/2024 07:45,17.6,60,30/11/2024 19:45
30/11/2024 08:00,17.7,60,30/11/2024 20:00
30/11/2024 08:15,17.6,60,30/11/2024 20:15
30/11/2024 08:30,17.5,62,30/11/2024 20:30
30/11/2024 08:45,17.4,63,30/11/2024 20:45
30/11/2024 09:00,17.5,63,30/11/2024 21:00
30/11/2024 09:15,17.5,62,30/11/2024 21:15
30/11/2024 09:30,17.5,62,30/11/2024 21:30
30/11/2024 09:45,17.5,62,30/11/2024 21:45
30/11/2024 10:00,17.5,63,30/11/2024 22:00
30/11/2024 10:15,17.5,63,30/11/2024 22:15
30/11/2024 10:30,17.6,61,30/11/2024 22:30
30/11/2024 10:45,17.7,61,30/11/2024 22:45
30/11/2024 11:00,17.8,61,30/11/2024 23:00
30/11/2024 11:15,17.8,61,30/11/2024 23:15
30/11/2024 11:30,17.9,61,30/11/2024 23:30
30/11/2024 11:45,17.8,61,30/11/2024 23:45
01/12/2024 12:00,17.8,61,01/12/2024 00:00
01/12/2024 12:15,17.6,61,01/12/2024 00:15
01/12/2024 12:30,17.5,64,01/12/2024 00:30
01/12/2024 12:45,17.5,64,01/12/2024 00:45
01/12/2024 01:00,17.5,64,01/12/2024 01:00
01/12/2024 01:15,17.6,61,01/12/2024 01:15
01/12/2024 01:30,17.8,61,01/12/2024 01:30
01/12/2024 01:45,17.8,61,01/12/2024 01:45
01/12/2024 02:00,17.8,61,01/12/2024 02:00
01/12/2024 02:15,17.8,61,01/12/2024 02:15
01/12/2024 02:30,17.6,61,01/12/2024 02:30
01/12/2024 02:45,17.5,64,01/12/2024 02:45
01/12/2024 03:00,17.4,64,01/12/2024 03:00
01/12/2024 03:15,17.3,64,01/12/2024 03:15
01/12/2024 03:30,17.5,64,01/12/2024 03:30
01/12/2024 03:45,17.6,61,01/12/2024 03:45
01/12/2024 04:00,17.6,61,01/12/2024 04:00
01/12/2024 04:15,17.6,61,01/12/2024 04:15
01/12/2024 04:30,17.5,64,01/12/2024 04:30
01/12/2024 04:45,17.5,64,01/12/2024 04:45
01/12/2024 05:00,17.5,64,01/12/2024 05:00
01/12/2024 05:15,17.5,64,01/12/2024 05:15
01/12/2024 05:30,17.5,64,01/12/2024 05:30
01/12/2024 05:45,17.5,64,01/12/2024 05:45
01/12/2024 06:00,17.5,64,01/12/2024 06:00
01/12/2024 06:15,17.4,64,01/12/2024 06:15
01/12/2024 06:30,17.3,64,01/12/2024 06:30
01/12/2024 06:45,17.3,64,01/12/2024 06:45
01/12/2024 07:00,17.2,64,01/12/2024 07:00
01/12/2024 07:15,17.3,64,01/12/2024 07:15
01/12/2024 07:30,17.4,64,01/12/2024 07:30
01/12/2024 07:45,17.5,64,01/12/2024 07:45
01/12/2024 08:00,17.4,64,01/12/2024 08:00
01/12/2024 08:15,17.4,64,01/12/2024 08:15
01/12/2024 08:30,17.3,64,01/12/2024 08:30
01/12/2024 08:45,17.2,64,01/12/2024 08:45
01/12/2024 09:00,17.2,64,01/12/2024 09:00
01/12/2024 09:15,17.2,64,01/12/2024 09:15
01/12/2024 09:30,17.3,64,01/12/2024 09:30
01/12/2024 09:45,17.5,64,01/12/2024 09:45
01/12/2024 10:00,17.5,63,01/12/2024 10:00
01/12/2024 10:15,17.5,63,01/12/2024 10:15
01/12/2024 10:30,17.5,64,01/12/2024 10:30
01/12/2024 10:45,17.6,61,01/12/2024 10:45
01/12/2024 11:00,17.6,61,01/12/2024 11:00
01/12/2024 11:15,17.6,62,01/12/2024 11:15
01/12/2024 11:30,17.7,62,01/12/2024 11:30
01/12/2024 11:45,17.9,62,01/12/2024 11:45
01/12/2024 12:00,17.9,62,01/12/2024 12:00
01/12/2024 12:15,17.8,62,01/12/2024 12:15
01/12/2024 12:30,17.7,62,01/12/2024 12:30
01/12/2024 12:45,17.5,65,01/12/2024 12:45
01/12/2024 01:00,17.5,65,01/12/2024 13:00
01/12/2024 01:15,17.5,65,01/12/2024 13:15
01/12/2024 01:30,17.6,62,01/12/2024 13:30
01/12/2024 01:45,17.7,62,01/12/2024 13:45
01/12/2024 02:00,17.6,62,01/12/2024 14:00
01/12/2024 02:15,17.5,64,01/12/2024 14:15
01/12/2024 02:30,17.5,65,01/12/2024 14:30
01/12/2024 02:45,17.4,65,01/12/2024 14:45
01/12/2024 03:00,17.3,65,01/12/2024 15:00
01/12/2024 03:15,17.4,65,01/12/2024 15:15
01/12/2024 03:30,17.5,64,01/12/2024 15:30
01/12/2024 03:45,17.5,64,01/12/2024 15:45
01/12/2024 04:00,17.5,64,01/12/2024 16:00
01/12/2024 04:15,17.4,64,01/12/2024 16:15
01/12/2024 04:30,17.3,64,01/12/2024 16:30
01/12/2024 04:45,17.3,64,01/12/2024 16:45
01/12/2024 05:00,17.5,64,01/12/2024 17:00
01/12/2024 05:15,17.5,63,01/12/2024 17:15
01/12/2024 05:30,17.5,63,01/12/2024 17:30
01/12/2024 05:45,17.5,63,01/12/2024 17:45
01/12/2024 06:00,17.5,63,01/12/2024 18:00
01/12/2024 06:15,17.5,64,01/12/2024 18:15
01/12/2024 06:30,17.3,64,01/12/2024 18:30
01/12/2024 06:45,17.5,64,01/12/2024 18:45
01/12/2024 07:00,17.6,61,01/12/2024 19:00
01/12/2024 07:15,17.6,61,01/12/2024 19:15
01/12/2024 07:30,17.7,61,01/12/2024 19:30
01/12/2024 07:45,17.5,64,01/12/2024 19:45
01/12/2024 08:00,17.4,64,01/12/2024 20:00
01/12/2024 08:15,17.3,64,01/12/2024 20:15
01/12/2024 08:30,17.2,64,01/12/2024 20:30
01/12/2024 08:45,17.2,64,01/12/2024 20:45
01/12/2024 09:00,17.1,64,01/12/2024 21:00
01/12/2024 09:15,17.2,64,01/12/2024 21:15
01/12/2024 09:30,17.2,64,01/12/2024 21:30
01/12/2024 09:45,17.2,63,01/12/2024 21:45
01/12/2024 10:00,17.2,63,01/12/2024 22:00
01/12/2024 10:15,17.2,63,01/12/2024 22:15
01/12/2024 10:30,17.1,63,01/12/2024 22:30
01/12/2024 10:45,17.1,63,01/12/2024 22:45
01/12/2024 11:00,17.1,63,01/12/2024 23:00
01/12/2024 11:15,17.1,63,01/12/2024 23:15
01/12/2024 11:30,17.2,62,01/12/2024 23:30
01/12/2024 11:45,17.2,62,01/12/2024 23:45
02/12/2024 12:00,17.2,62,02/12/2024 00:00
02/12/2024 12:15,17.1,62,02/12/2024 00:15
02/12/2024 12:30,17.1,62,02/12/2024 00:30
02/12/2024 12:45,17,62,02/12/2024 00:45
02/12/2024 01:00,16.9,62,02/12/2024 01:00
02/12/2024 01:15,17,62,02/12/2024 01:15
02/12/2024 01:30,17.1,62,02/12/2024 01:30
02/12/2024 01:45,17.1,61,02/12/2024 01:45
02/12/2024 02:00,17.1,61,02/12/2024 02:00
02/12/2024 02:15,17.1,61,02/12/2024 02:15
02/12/2024 02:30,17,61,02/12/2024 02:30
02/12/2024 02:45,16.9,61,02/12/2024 02:45
02/12/2024 03:00,16.9,61,02/12/2024 03:00
02/12/2024 03:15,17.1,61,02/12/2024 03:15
02/12/2024 03:30,17.2,61,02/12/2024 03:30
02/12/2024 03:45,17.2,61,02/12/2024 03:45
02/12/2024 04:00,17.1,61,02/12/2024 04:00
02/12/2024 04:15,17.1,61,02/12/2024 04:15
02/12/2024 04:30,17,61,02/12/2024 04:30
02/12/2024 04:45,16.9,61,02/12/2024 04:45
02/12/2024 05:00,16.9,61,02/12/2024 05:00
02/12/2024 05:15,17,61,02/12/2024 05:15
02/12/2024 05:30,17.1,61,02/12/2024 05:30
02/12/2024 05:45,17.2,60,02/12/2024 05:45
02/12/2024 06:00,17.2,60,02/12/2024 06:00
02/12/2024 06:15,17.1,60,02/12/2024 06:15
02/12/2024 06:30,17,60,02/12/2024 06:30
02/12/2024 06:45,16.9,60,02/12/2024 06:45
02/12/2024 07:00,16.9,60,02/12/2024 07:00
02/12/2024 07:15,16.8,59,02/12/2024 07:15
02/12/2024 07:30,16.7,59,02/12/2024 07:30
02/12/2024 07:45,16.7,59,02/12/2024 07:45
02/12/2024 08:00,16.8,59,02/12/2024 08:00
02/12/2024 08:15,16.8,59,02/12/2024 08:15
02/12/2024 08:30,16.9,58,02/12/2024 08:30
02/12/2024 08:45,16.9,58,02/12/2024 08:45
02/12/2024 09:00,16.9,58,02/12/2024 09:00
02/12/2024 09:15,16.8,57,02/12/2024 09:15
02/12/2024 09:30,16.8,58,02/12/2024 09:30
02/12/2024 09:45,16.8,57,02/12/2024 09:45
02/12/2024 10:00,16.8,57,02/12/2024 10:00
02/12/2024 10:15,16.9,57,02/12/2024 10:15
02/12/2024 10:30,16.9,57,02/12/2024 10:30
02/12/2024 10:45,16.9,57,02/12/2024 10:45
02/12/2024 11:00,16.9,57,02/12/2024 11:00
02/12/2024 11:15,16.9,56,02/12/2024 11:15
02/12/2024 11:30,17,56,02/12/2024 11:30
02/12/2024 11:45,17.1,56,02/12/2024 11:45
02/12/2024 12:00,17.1,56,02/12/2024 12:00
02/12/2024 12:15,17.1,56,02/12/2024 12:15
02/12/2024 12:30,17,56,02/12/2024 12:30
02/12/2024 12:45,16.9,56,02/12/2024 12:45
02/12/2024 01:00,17,56,02/12/2024 13:00
02/12/2024 01:15,17.1,56,02/12/2024 13:15
02/12/2024 01:30,17.1,56,02/12/2024 13:30
02/12/2024 01:45,17.1,56,02/12/2024 13:45
02/12/2024 02:00,17,56,02/12/2024 14:00
02/12/2024 02:15,17,56,02/12/2024 14:15
02/12/2024 02:30,17.1,56,02/12/2024 14:30
02/12/2024 02:45,17.1,55,02/12/2024 14:45
02/12/2024 03:00,17.1,55,02/12/2024 15:00
02/12/2024 03:15,17.1,55,02/12/2024 15:15
02/12/2024 03:30,17,55,02/12/2024 15:30
02/12/2024 03:45,16.9,55,02/12/2024 15:45
02/12/2024 04:00,17,55,02/12/2024 16:00
02/12/2024 04:15,17.1,55,02/12/2024 16:15
02/12/2024 04:30,17.1,55,02/12/2024 16:30
02/12/2024 04:45,17,54,02/12/2024 16:45
02/12/2024 05:00,16.9,54,02/12/2024 17:00
02/12/2024 05:15,16.8,54,02/12/2024 17:15
02/12/2024 05:30,16.8,54,02/12/2024 17:30
02/12/2024 05:45,16.8,54,02/12/2024 17:45
02/12/2024 06:00,16.8,54,02/12/2024 18:00
02/12/2024 06:15,16.8,54,02/12/2024 18:15
02/12/2024 06:30,16.7,54,02/12/2024 18:30
02/12/2024 06:45,16.7,53,02/12/2024 18:45
02/12/2024 07:00,16.7,53,02/12/2024 19:00
02/12/2024 07:15,16.8,52,02/12/2024 19:15
02/12/2024 07:30,16.9,52,02/12/2024 19:30
02/12/2024 07:45,16.9,52,02/12/2024 19:45
02/12/2024 08:00,16.8,52,02/12/2024 20:00
02/12/2024 08:15,16.7,52,02/12/2024 20:15
02/12/2024 08:30,16.6,52,02/12/2024 20:30
02/12/2024 08:45,16.5,52,02/12/2024 20:45
02/12/2024 09:00,16.7,51,02/12/2024 21:00
02/12/2024 09:15,16.8,51,02/12/2024 21:15
02/12/2024 09:30,16.8,51,02/12/2024 21:30
02/12/2024 09:45,16.5,50,02/12/2024 21:45
02/12/2024 10:00,16.5,50,02/12/2024 22:00
02/12/2024 10:15,16.5,50,02/12/2024 22:15
02/12/2024 10:30,16.5,50,02/12/2024 22:30
02/12/2024 10:45,16.6,50,02/12/2024 22:45
02/12/2024 11:00,16.7,50,02/12/2024 23:00
02/12/2024 11:15,16.7,50,02/12/2024 23:15
02/12/2024 11:30,16.7,50,02/12/2024 23:30
02/12/2024 11:45,16.8,50,02/12/2024 23:45
03/12/2024 12:00,16.8,50,03/12/2024 00:00
03/12/2024 12:15,16.8,50,03/12/2024 00:15
03/12/2024 12:30,16.8,50,03/12/2024 00:30
03/12/2024 12:45,16.8,50,03/12/2024 00:45
03/12/2024 01:00,16.7,50,03/12/2024 01:00
03/12/2024 01:15,16.5,50,03/12/2024 01:15
03/12/2024 01:30,16.4,50,03/12/2024 01:30
03/12/2024 01:45,16.4,50,03/12/2024 01:45
03/12/2024 02:00,16.4,50,03/12/2024 02:00
03/12/2024 02:15,16.4,49,03/12/2024 02:15
03/12/2024 02:30,16.5,49,03/12/2024 02:30
03/12/2024 02:45,16.5,49,03/12/2024 02:45
03/12/2024 03:00,16.5,49,03/12/2024 03:00
03/12/2024 03:15,16.5,49,03/12/2024 03:15
03/12/2024 03:30,16.6,49,03/12/2024 03:30
03/12/2024 03:45,16.6,49,03/12/2024 03:45
03/12/2024 04:00,16.7,49,03/12/2024 04:00
03/12/2024 04:15,16.7,49,03/12/2024 04:15
03/12/2024 04:30,16.7,49,03/12/2024 04:30
03/12/2024 04:45,16.7,49,03/12/2024 04:45
03/12/2024 05:00,16.8,49,03/12/2024 05:00
03/12/2024 05:15,16.8,49,03/12/2024 05:15
03/12/2024 05:30,16.8,49,03/12/2024 05:30
03/12/2024 05:45,16.8,49,03/12/2024 05:45
03/12/2024 06:00,16.8,49,03/12/2024 06:00
03/12/2024 06:15,16.8,49,03/12/2024 06:15
03/12/2024 06:30,16.7,49,03/12/2024 06:30
03/12/2024 06:45,16.5,49,03/12/2024 06:45
03/12/2024 07:00,16.4,49,03/12/2024 07:00
03/12/2024 07:15,16.3,49,03/12/2024 07:15
03/12/2024 07:30,16.3,49,03/12/2024 07:30
03/12/2024 07:45,16.3,49,03/12/2024 07:45
03/12/2024 08:00,16.3,49,03/12/2024 08:00
03/12/2024 08:15,16.4,49,03/12/2024 08:15
03/12/2024 08:30,16.4,49,03/12/2024 08:30
03/12/2024 08:45,16.5,49,03/12/2024 08:45
03/12/2024 09:00,16.5,49,03/12/2024 09:00
03/12/2024 09:15,16.5,48,03/12/2024 09:15
03/12/2024 09:30,16.5,48,03/12/2024 09:30
03/12/2024 09:45,16.5,48,03/12/2024 09:45
03/12/2024 10:00,16.6,48,03/12/2024 10:00
03/12/2024 10:15,16.7,48,03/12/2024 10:15
03/12/2024 10:30,16.7,48,03/12/2024 10:30
03/12/2024 10:45,16.8,48,03/12/2024 10:45
03/12/2024 11:00,16.8,48,03/12/2024 11:00
03/12/2024 11:15,16.7,48,03/12/2024 11:15
03/12/2024 11:30,16.5,48,03/12/2024 11:30
03/12/2024 11:45,16.5,48,03/12/2024 11:45
03/12/2024 12:00,16.5,48,03/12/2024 12:00
03/12/2024 12:15,16.4,48,03/12/2024 12:15
03/12/2024 12:30,16.5,48,03/12/2024 12:30
03/12/2024 12:45,16.5,48,03/12/2024 12:45
03/12/2024 01:00,16.7,48,03/12/2024 13:00
03/12/2024 01:15,16.7,48,03/12/2024 13:15
03/12/2024 01:30,16.8,49,03/12/2024 13:30
03/12/2024 01:45,16.8,49,03/12/2024 13:45
03/12/2024 02:00,16.9,49,03/12/2024 14:00
03/12/2024 02:15,16.9,49,03/12/2024 14:15
03/12/2024 02:30,16.9,49,03/12/2024 14:30
03/12/2024 02:45,16.9,49,03/12/2024 14:45
03/12/2024 03:00,16.9,49,03/12/2024 15:00
03/12/2024 03:15,16.8,49,03/12/2024 15:15
03/12/2024 03:30,16.7,49,03/12/2024 15:30
03/12/2024 03:45,16.5,49,03/12/2024 15:45
03/12/2024 04:00,16.4,49,03/12/2024 16:00
03/12/2024 04:15,16.4,49,03/12/2024 16:15
03/12/2024 04:30,16.4,49,03/12/2024 16:30
03/12/2024 04:45,16.5,49,03/12/2024 16:45
03/12/2024 05:00,16.5,49,03/12/2024 17:00
03/12/2024 05:15,16.5,49,03/12/2024 17:15
03/12/2024 05:30,16.6,49,03/12/2024 17:30
03/12/2024 05:45,16.7,49,03/12/2024 17:45
03/12/2024 06:00,16.7,49,03/12/2024 18:00
03/12/2024 06:15,16.7,49,03/12/2024 18:15
03/12/2024 06:30,16.7,49,03/12/2024 18:30
03/12/2024 06:45,16.7,49,03/12/2024 18:45
03/12/2024 07:00,16.7,49,03/12/2024 19:00
03/12/2024 07:15,16.8,49,03/12/2024 19:15
03/12/2024 07:30,16.8,49,03/12/2024 19:30
03/12/2024 07:45,16.8,49,03/12/2024 19:45
03/12/2024 08:00,16.7,49,03/12/2024 20:00
03/12/2024 08:15,16.7,49,03/12/2024 20:15
03/12/2024 08:30,16.7,49,03/12/2024 20:30
03/12/2024 08:45,16.8,49,03/12/2024 20:45
03/12/2024 09:00,16.8,49,03/12/2024 21:00
03/12/2024 09:15,16.8,49,03/12/2024 21:15
03/12/2024 09:30,16.7,49,03/12/2024 21:30
03/12/2024 09:45,16.6,50,03/12/2024 21:45
03/12/2024 10:00,16.5,50,03/12/2024 22:00
03/12/2024 10:15,16.3,50,03/12/2024 22:15
03/12/2024 10:30,16.3,50,03/12/2024 22:30
03/12/2024 10:45,16.4,50,03/12/2024 22:45
03/12/2024 11:00,16.4,50,03/12/2024 23:00
03/12/2024 11:15,16.5,50,03/12/2024 23:15
03/12/2024 11:30,16.5,50,03/12/2024 23:30
03/12/2024 11:45,16.5,50,03/12/2024 23:45
04/12/2024 12:00,16.6,50,04/12/2024 00:00
04/12/2024 12:15,16.7,50,04/12/2024 00:15
04/12/2024 12:30,16.7,50,04/12/2024 00:30
04/12/2024 12:45,16.5,50,04/12/2024 00:45
04/12/2024 01:00,16.5,50,04/12/2024 01:00
04/12/2024 01:15,16.3,50,04/12/2024 01:15
04/12/2024 01:30,16.3,50,04/12/2024 01:30
04/12/2024 01:45,16.2,50,04/12/2024 01:45
04/12/2024 02:00,16.3,50,04/12/2024 02:00
04/12/2024 02:15,16.3,50,04/12/2024 02:15
04/12/2024 02:30,16.4,50,04/12/2024 02:30
04/12/2024 02:45,16.4,50,04/12/2024 02:45
04/12/2024 03:00,16.4,50,04/12/2024 03:00
04/12/2024 03:15,16.5,50,04/12/2024 03:15
04/12/2024 03:30,16.5,50,04/12/2024 03:30
04/12/2024 03:45,16.5,50,04/12/2024 03:45
04/12/2024 04:00,16.5,49,04/12/2024 04:00
04/12/2024 04:15,16.5,49,04/12/2024 04:15
04/12/2024 04:30,16.5,49,04/12/2024 04:30
04/12/2024 04:45,16.6,49,04/12/2024 04:45
04/12/2024 05:00,16.6,49,04/12/2024 05:00
04/12/2024 05:15,16.6,49,04/12/2024 05:15
04/12/2024 05:30,16.6,49,04/12/2024 05:30
04/12/2024 05:45,16.5,49,04/12/2024 05:45
04/12/2024 06:00,16.4,49,04/12/2024 06:00
04/12/2024 06:15,16.3,49,04/12/2024 06:15
04/12/2024 06:30,16.2,49,04/12/2024 06:30
04/12/2024 06:45,16.2,49,04/12/2024 06:45
04/12/2024 07:00,16.2,49,04/12/2024 07:00
04/12/2024 07:15,16.2,49,04/12/2024 07:15
04/12/2024 07:30,16.2,49,04/12/2024 07:30
04/12/2024 07:45,16.3,49,04/12/2024 07:45
04/12/2024 08:00,16.3,49,04/12/2024 08:00
04/12/2024 08:15,16.3,49,04/12/2024 08:15
04/12/2024 08:30,16.3,49,04/12/2024 08:30
04/12/2024 08:45,16.3,49,04/12/2024 08:45
04/12/2024 09:00,16.3,49,04/12/2024 09:00
04/12/2024 09:15,16.3,49,04/12/2024 09:15
04/12/2024 09:30,16.4,48,04/12/2024 09:30
04/12/2024 09:45,16.4,48,04/12/2024 09:45
04/12/2024 10:00,16.4,48,04/12/2024 10:00
04/12/2024 10:15,16.5,49,04/12/2024 10:15
04/12/2024 10:30,16.5,49,04/12/2024 10:30
04/12/2024 10:45,16.5,49,04/12/2024 10:45
04/12/2024 11:00,16.5,49,04/12/2024 11:00
04/12/2024 11:15,16.6,49,04/12/2024 11:15
04/12/2024 11:30,16.7,49,04/12/2024 11:30
04/12/2024 11:45,16.8,49,04/12/2024 11:45
04/12/2024 12:00,16.8,49,04/12/2024 12:00
04/12/2024 12:15,16.8,49,04/12/2024 12:15
04/12/2024 12:30,16.8,49,04/12/2024 12:30
04/12/2024 12:45,16.9,49,04/12/2024 12:45
04/12/2024 01:00,16.9,49,04/12/2024 13:00
04/12/2024 01:15,17,49,04/12/2024 13:15
04/12/2024 01:30,17.1,49,04/12/2024 13:30
04/12/2024 01:45,17.1,49,04/12/2024 13:45
04/12/2024 02:00,16.7,49,04/12/2024 14:00
04/12/2024 02:15,16.8,49,04/12/2024 14:15
04/12/2024 02:30,17,50,04/12/2024 14:30
04/12/2024 02:45,16.9,50,04/12/2024 14:45
04/12/2024 03:00,16.9,50,04/12/2024 15:00
04/12/2024 03:15,16.9,50,04/12/2024 15:15
04/12/2024 03:30,16.9,50,04/12/2024 15:30
04/12/2024 03:45,16.9,50,04/12/2024 15:45
04/12/2024 04:00,16.9,50,04/12/2024 16:00
04/12/2024 04:15,16.9,50,04/12/2024 16:15
04/12/2024 04:30,16.9,50,04/12/2024 16:30
04/12/2024 04:45,16.9,50,04/12/2024 16:45
04/12/2024 05:00,16.9,50,04/12/2024 17:00
04/12/2024 05:15,16.9,50,04/12/2024 17:15
04/12/2024 05:30,16.9,50,04/12/2024 17:30
04/12/2024 05:45,16.9,50,04/12/2024 17:45
04/12/2024 06:00,16.9,50,04/12/2024 18:00
04/12/2024 06:15,16.9,50,04/12/2024 18:15
04/12/2024 06:30,17,50,04/12/2024 18:30
04/12/2024 06:45,17,51,04/12/2024 18:45
04/12/2024 07:00,17,51,04/12/2024 19:00
04/12/2024 07:15,17.1,51,04/12/2024 19:15
04/12/2024 07:30,17,51,04/12/2024 19:30
04/12/2024 07:45,17,51,04/12/2024 19:45
04/12/2024 08:00,17,51,04/12/2024 20:00
04/12/2024 08:15,17.1,52,04/12/2024 20:15
04/12/2024 08:30,17.1,52,04/12/2024 20:30
04/12/2024 08:45,17.1,52,04/12/2024 20:45
04/12/2024 09:00,17.2,52,04/12/2024 21:00
04/12/2024 09:15,17.2,53,04/12/2024 21:15
04/12/2024 09:30,17.2,53,04/12/2024 21:30
04/12/2024 09:45,17.1,54,04/12/2024 21:45
04/12/2024 10:00,16.9,54,04/12/2024 22:00
04/12/2024 10:15,16.9,55,04/12/2024 22:15
04/12/2024 10:30,17,55,04/12/2024 22:30
04/12/2024 10:45,17,55,04/12/2024 22:45
04/12/2024 11:00,17.1,55,04/12/2024 23:00
04/12/2024 11:15,17.1,55,04/12/2024 23:15
04/12/2024 11:30,17.2,55,04/12/2024 23:30
04/12/2024 11:45,17.2,55,04/12/2024 23:45
05/12/2024 12:00,17.3,55,05/12/2024 00:00
05/12/2024 12:15,17.3,56,05/12/2024 00:15
05/12/2024 12:30,17.3,56,05/12/2024 00:30
05/12/2024 12:45,17.3,56,05/12/2024 00:45
05/12/2024 01:00,17.3,56,05/12/2024 01:00
05/12/2024 01:15,17.2,56,05/12/2024 01:15
05/12/2024 01:30,17.1,56,05/12/2024 01:30
05/12/2024 01:45,17,56,05/12/2024 01:45
05/12/2024 02:00,16.9,56,05/12/2024 02:00
05/12/2024 02:15,16.8,57,05/12/2024 02:15
05/12/2024 02:30,16.8,57,05/12/2024 02:30
05/12/2024 02:45,16.7,57,05/12/2024 02:45
05/12/2024 03:00,16.8,57,05/12/2024 03:00
05/12/2024 03:15,16.9,57,05/12/2024 03:15
05/12/2024 03:30,16.9,57,05/12/2024 03:30
05/12/2024 03:45,17.1,56,05/12/2024 03:45
05/12/2024 04:00,17.1,56,05/12/2024 04:00
05/12/2024 04:15,17,56,05/12/2024 04:15
05/12/2024 04:30,16.9,57,05/12/2024 04:30
05/12/2024 04:45,16.8,57,05/12/2024 04:45
05/12/2024 05:00,16.8,57,05/12/2024 05:00
05/12/2024 05:15,16.6,57,05/12/2024 05:15
05/12/2024 05:30,16.5,57,05/12/2024 05:30
05/12/2024 05:45,16.6,57,05/12/2024 05:45
05/12/2024 06:00,16.7,57,05/12/2024 06:00
05/12/2024 06:15,16.8,57,05/12/2024 06:15
05/12/2024 06:30,16.9,57,05/12/2024 06:30
05/12/2024 06:45,16.9,56,05/12/2024 06:45
05/12/2024 07:00,17,56,05/12/2024 07:00
05/12/2024 07:15,16.9,56,05/12/2024 07:15
05/12/2024 07:30,16.9,56,05/12/2024 07:30
05/12/2024 07:45,16.8,56,05/12/2024 07:45
05/12/2024 08:00,16.7,56,05/12/2024 08:00
05/12/2024 08:15,16.6,57,05/12/2024 08:15
05/12/2024 08:30,16.5,57,05/12/2024 08:30
05/12/2024 08:45,16.5,57,05/12/2024 08:45
05/12/2024 09:00,16.5,56,05/12/2024 09:00
05/12/2024 09:15,16.7,56,05/12/2024 09:15
05/12/2024 09:30,16.8,56,05/12/2024 09:30
05/12/2024 09:45,16.9,56,05/12/2024 09:45
05/12/2024 10:00,16.9,56,05/12/2024 10:00
05/12/2024 10:15,16.9,56,05/12/2024 10:15
05/12/2024 10:30,17,56,05/12/2024 10:30
05/12/2024 10:45,17.1,56,05/12/2024 10:45
05/12/2024 11:00,17.1,56,05/12/2024 11:00
05/12/2024 11:15,17.2,56,05/12/2024 11:15
05/12/2024 11:30,17.2,56,05/12/2024 11:30
05/12/2024 11:45,17.2,56,05/12/2024 11:45
05/12/2024 12:00,17.2,56,05/12/2024 12:00
05/12/2024 12:15,17.3,56,05/12/2024 12:15
05/12/2024 12:30,17.2,56,05/12/2024 12:30
05/12/2024 12:45,17.2,56,05/12/2024 12:45
05/12/2024 01:00,17.3,56,05/12/2024 13:00
05/12/2024 01:15,17.3,56,05/12/2024 13:15
05/12/2024 01:30,17.3,56,05/12/2024 13:30
05/12/2024 01:45,17.2,56,05/12/2024 13:45
05/12/2024 02:00,17.1,56,05/12/2024 14:00
05/12/2024 02:15,17,56,05/12/2024 14:15
05/12/2024 02:30,16.8,56,05/12/2024 14:30
05/12/2024 02:45,16.8,56,05/12/2024 14:45
05/12/2024 03:00,16.8,56,05/12/2024 15:00
05/12/2024 03:15,16.9,56,05/12/2024 15:15
05/12/2024 03:30,16.9,56,05/12/2024 15:30
05/12/2024 03:45,17,56,05/12/2024 15:45
05/12/2024 04:00,17.1,56,05/12/2024 16:00
05/12/2024 04:15,17.1,56,05/12/2024 16:15
05/12/2024 04:30,17.2,56,05/12/2024 16:30
05/12/2024 04:45,17.2,56,05/12/2024 16:45
05/12/2024 05:00,17.1,56,05/12/2024 17:00
05/12/2024 05:15,17.1,56,05/12/2024 17:15
05/12/2024 05:30,17,56,05/12/2024 17:30
05/12/2024 05:45,16.9,56,05/12/2024 17:45
05/12/2024 06:00,16.8,56,05/12/2024 18:00
05/12/2024 06:15,16.7,56,05/12/2024 18:15
05/12/2024 06:30,16.5,56,05/12/2024 18:30
05/12/2024 06:45,16.5,56,05/12/2024 18:45
05/12/2024 07:00,16.5,56,05/12/2024 19:00
05/12/2024 07:15,16.5,56,05/12/2024 19:15
05/12/2024 07:30,16.7,56,05/12/2024 19:30
05/12/2024 07:45,16.8,56,05/12/2024 19:45
05/12/2024 08:00,16.8,56,05/12/2024 20:00
05/12/2024 08:15,16.6,55,05/12/2024 20:15
05/12/2024 08:30,16.5,55,05/12/2024 20:30
05/12/2024 08:45,16.4,55,05/12/2024 20:45
05/12/2024 09:00,16.3,55,05/12/2024 21:00
05/12/2024 09:15,16.3,55,05/12/2024 21:15
05/12/2024 09:30,16.4,55,05/12/2024 21:30
05/12/2024 09:45,16.5,55,05/12/2024 21:45
05/12/2024 10:00,16.6,55,05/12/2024 22:00
05/12/2024 10:15,16.7,55,05/12/2024 22:15
05/12/2024 10:30,16.8,55,05/12/2024 22:30
05/12/2024 10:45,16.8,54,05/12/2024 22:45
05/12/2024 11:00,16.8,54,05/12/2024 23:00
05/12/2024 11:15,16.9,54,05/12/2024 23:15
05/12/2024 11:30,16.8,54,05/12/2024 23:30
05/12/2024 11:45,16.7,54,05/12/2024 23:45
06/12/2024 12:00,16.5,54,06/12/2024 00:00
06/12/2024 12:15,16.4,54,06/12/2024 00:15
06/12/2024 12:30,16.4,54,06/12/2024 00:30
06/12/2024 12:45,16.5,54,06/12/2024 00:45
06/12/2024 01:00,16.5,53,06/12/2024 01:00
06/12/2024 01:15,16.6,53,06/12/2024 01:15
06/12/2024 01:30,16.7,53,06/12/2024 01:30
06/12/2024 01:45,16.8,52,06/12/2024 01:45
06/12/2024 02:00,16.8,52,06/12/2024 02:00
06/12/2024 02:15,16.8,52,06/12/2024 02:15
06/12/2024 02:30,16.8,52,06/12/2024 02:30
06/12/2024 02:45,16.8,52,06/12/2024 02:45
06/12/2024 03:00,16.8,52,06/12/2024 03:00
06/12/2024 03:15,16.8,51,06/12/2024 03:15
06/12/2024 03:30,16.9,51,06/12/2024 03:30
06/12/2024 03:45,16.9,51,06/12/2024 03:45
06/12/2024 04:00,16.9,51,06/12/2024 04:00
06/12/2024 04:15,16.9,51,06/12/2024 04:15
06/12/2024 04:30,16.9,51,06/12/2024 04:30
06/12/2024 04:45,16.8,51,06/12/2024 04:45
06/12/2024 05:00,16.7,51,06/12/2024 05:00
06/12/2024 05:15,16.5,51,06/12/2024 05:15
06/12/2024 05:30,16.4,51,06/12/2024 05:30
06/12/2024 05:45,16.3,51,06/12/2024 05:45
06/12/2024 06:00,16.3,51,06/12/2024 06:00
06/12/2024 06:15,16.3,51,06/12/2024 06:15
06/12/2024 06:30,16.4,51,06/12/2024 06:30
06/12/2024 06:45,16.5,51,06/12/2024 06:45
06/12/2024 07:00,16.5,51,06/12/2024 07:00
06/12/2024 07:15,16.5,51,06/12/2024 07:15
06/12/2024 07:30,16.6,51,06/12/2024 07:30
06/12/2024 07:45,16.6,51,06/12/2024 07:45
06/12/2024 08:00,16.7,51,06/12/2024 08:00
06/12/2024 08:15,16.8,51,06/12/2024 08:15
06/12/2024 08:30,16.8,51,06/12/2024 08:30
06/12/2024 08:45,16.8,51,06/12/2024 08:45
06/12/2024 09:00,16.8,51,06/12/2024 09:00
06/12/2024 09:15,16.8,51,06/12/2024 09:15
06/12/2024 09:30,16.9,50,06/12/2024 09:30
06/12/2024 09:45,16.9,51,06/12/2024 09:45
06/12/2024 10:00,17,50,06/12/2024 10:00
06/12/2024 10:15,17.1,50,06/12/2024 10:15
06/12/2024 10:30,17.1,50,06/12/2024 10:30
06/12/2024 10:45,17.1,50,06/12/2024 10:45
06/12/2024 11:00,17,51,06/12/2024 11:00
06/12/2024 11:15,16.9,51,06/12/2024 11:15
06/12/2024 11:30,16.8,51,06/12/2024 11:30
06/12/2024 11:45,16.7,51,06/12/2024 11:45
06/12/2024 12:00,16.5,51,06/12/2024 12:00
06/12/2024 12:15,16.5,51,06/12/2024 12:15
06/12/2024 12:30,16.5,52,06/12/2024 12:30
06/12/2024 12:45,16.5,52,06/12/2024 12:45
06/12/2024 01:00,16.6,52,06/12/2024 13:00
06/12/2024 01:15,16.7,52,06/12/2024 13:15
06/12/2024 01:30,16.8,52,06/12/2024 13:30
06/12/2024 01:45,16.8,52,06/12/2024 13:45
06/12/2024 02:00,16.9,52,06/12/2024 14:00
06/12/2024 02:15,16.9,52,06/12/2024 14:15
06/12/2024 02:30,17,52,06/12/2024 14:30
06/12/2024 02:45,16.9,52,06/12/2024 14:45
06/12/2024 03:00,16.9,52,06/12/2024 15:00
06/12/2024 03:15,16.8,52,06/12/2024 15:15
06/12/2024 03:30,16.5,52,06/12/2024 15:30
06/12/2024 03:45,16.5,52,06/12/2024 15:45
06/12/2024 04:00,16.5,52,06/12/2024 16:00
06/12/2024 04:15,16.6,52,06/12/2024 16:15
06/12/2024 04:30,16.6,52,06/12/2024 16:30
06/12/2024 04:45,16.7,52,06/12/2024 16:45
06/12/2024 05:00,16.7,51,06/12/2024 17:00
06/12/2024 05:15,16.7,51,06/12/2024 17:15
06/12/2024 05:30,16.5,51,06/12/2024 17:30
06/12/2024 05:45,16.5,52,06/12/2024 17:45
06/12/2024 06:00,16.3,52,06/12/2024 18:00
06/12/2024 06:15,16.2,52,06/12/2024 18:15
06/12/2024 06:30,16.2,52,06/12/2024 18:30
06/12/2024 06:45,16.2,52,06/12/2024 18:45
06/12/2024 07:00,16.2,52,06/12/2024 19:00
06/12/2024 07:15,16.2,52,06/12/2024 19:15
06/12/2024 07:30,16.2,52,06/12/2024 19:30
06/12/2024 07:45,16.2,52,06/12/2024 19:45
06/12/2024 08:00,16.1,52,06/12/2024 20:00
06/12/2024 08:15,16,52,06/12/2024 20:15
06/12/2024 08:30,16,52,06/12/2024 20:30
06/12/2024 08:45,16,51,06/12/2024 20:45
06/12/2024 09:00,16.1,51,06/12/2024 21:00
06/12/2024 09:15,16.1,51,06/12/2024 21:15
06/12/2024 09:30,16.2,51,06/12/2024 21:30
06/12/2024 09:45,16.2,51,06/12/2024 21:45
06/12/2024 10:00,16.2,51,06/12/2024 22:00
06/12/2024 10:15,16.2,51,06/12/2024 22:15
06/12/2024 10:30,16.3,51,06/12/2024 22:30
06/12/2024 10:45,16.3,51,06/12/2024 22:45
06/12/2024 11:00,16.3,51,06/12/2024 23:00
06/12/2024 11:15,16.3,51,06/12/2024 23:15
06/12/2024 11:30,16.2,51,06/12/2024 23:30
06/12/2024 11:45,16.2,51,06/12/2024 23:45
07/12/2024 12:00,16.1,51,07/12/2024 00:00
07/12/2024 12:15,16,51,07/12/2024 00:15
07/12/2024 12:30,15.9,51,07/12/2024 00:30
07/12/2024 12:45,15.9,51,07/12/2024 00:45
07/12/2024 01:00,15.9,51,07/12/2024 01:00
07/12/2024 01:15,16,51,07/12/2024 01:15
07/12/2024 01:30,16.1,51,07/12/2024 01:30
07/12/2024 01:45,16.1,51,07/12/2024 01:45
07/12/2024 02:00,16.2,51,07/12/2024 02:00
07/12/2024 02:15,16.2,51,07/12/2024 02:15
07/12/2024 02:30,16.3,51,07/12/2024 02:30
07/12/2024 02:45,16.3,51,07/12/2024 02:45
07/12/2024 03:00,16.3,51,07/12/2024 03:00
07/12/2024 03:15,16.4,51,07/12/2024 03:15
07/12/2024 03:30,16.5,51,07/12/2024 03:30
07/12/2024 03:45,16.5,51,07/12/2024 03:45
07/12/2024 04:00,16.5,51,07/12/2024 04:00
07/12/2024 04:15,16.5,51,07/12/2024 04:15
07/12/2024 04:30,16.6,51,07/12/2024 04:30
07/12/2024 04:45,16.6,51,07/12/2024 04:45
07/12/2024 05:00,16.6,51,07/12/2024 05:00
07/12/2024 05:15,16.6,51,07/12/2024 05:15
07/12/2024 05:30,16.5,51,07/12/2024 05:30
07/12/2024 05:45,16.3,51,07/12/2024 05:45
07/12/2024 06:00,16.2,51,07/12/2024 06:00
07/12/2024 06:15,16.1,51,07/12/2024 06:15
07/12/2024 06:30,16,51,07/12/2024 06:30
07/12/2024 06:45,15.9,51,07/12/2024 06:45
07/12/2024 07:00,15.8,51,07/12/2024 07:00
07/12/2024 07:15,15.7,51,07/12/2024 07:15
07/12/2024 07:30,15.7,51,07/12/2024 07:30
07/12/2024 07:45,15.8,51,07/12/2024 07:45
07/12/2024 08:00,15.8,51,07/12/2024 08:00
07/12/2024 08:15,15.8,51,07/12/2024 08:15
07/12/2024 08:30,15.9,51,07/12/2024 08:30
07/12/2024 08:45,15.9,50,07/12/2024 08:45
07/12/2024 09:00,16,50,07/12/2024 09:00
07/12/2024 09:15,16.1,50,07/12/2024 09:15
07/12/2024 09:30,16.1,50,07/12/2024 09:30
07/12/2024 09:45,15.9,49,07/12/2024 09:45
07/12/2024 10:00,15.8,49,07/12/2024 10:00
07/12/2024 10:15,15.8,48,07/12/2024 10:15
07/12/2024 10:30,15.8,48,07/12/2024 10:30
07/12/2024 10:45,15.8,48,07/12/2024 10:45
07/12/2024 11:00,15.8,47,07/12/2024 11:00
07/12/2024 11:15,15.8,47,07/12/2024 11:15
07/12/2024 11:30,15.9,47,07/12/2024 11:30
07/12/2024 11:45,16.1,47,07/12/2024 11:45
07/12/2024 12:00,16.2,47,07/12/2024 12:00
07/12/2024 12:15,16.2,48,07/12/2024 12:15
07/12/2024 12:30,16.3,48,07/12/2024 12:30
07/12/2024 12:45,16.3,48,07/12/2024 12:45
07/12/2024 01:00,16.3,48,07/12/2024 13:00
07/12/2024 01:15,16.4,48,07/12/2024 13:15
07/12/2024 01:30,16.4,49,07/12/2024 13:30
07/12/2024 01:45,16.4,49,07/12/2024 13:45
07/12/2024 02:00,16.5,49,07/12/2024 14:00
07/12/2024 02:15,16.5,49,07/12/2024 14:15
07/12/2024 02:30,16.5,49,07/12/2024 14:30
07/12/2024 02:45,16.5,49,07/12/2024 14:45
07/12/2024 03:00,16.6,49,07/12/2024 15:00
07/12/2024 03:15,16.5,49,07/12/2024 15:15
07/12/2024 03:30,16.7,49,07/12/2024 15:30
07/12/2024 03:45,16.7,49,07/12/2024 15:45
07/12/2024 04:00,16.7,49,07/12/2024 16:00
07/12/2024 04:15,16.7,49,07/12/2024 16:15
07/12/2024 04:30,16.7,49,07/12/2024 16:30
07/12/2024 04:45,16.8,49,07/12/2024 16:45
07/12/2024 05:00,16.7,49,07/12/2024 17:00
07/12/2024 05:15,16.8,49,07/12/2024 17:15
07/12/2024 05:30,16.7,49,07/12/2024 17:30
07/12/2024 05:45,16.8,49,07/12/2024 17:45
07/12/2024 06:00,16.8,49,07/12/2024 18:00
07/12/2024 06:15,16.8,49,07/12/2024 18:15
07/12/2024 06:30,16.8,49,07/12/2024 18:30
07/12/2024 06:45,16.8,49,07/12/2024 18:45
07/12/2024 07:00,16.8,49,07/12/2024 19:00
07/12/2024 07:15,16.8,49,07/12/2024 19:15
07/12/2024 07:30,16.6,49,07/12/2024 19:30
07/12/2024 07:45,16.4,49,07/12/2024 19:45
07/12/2024 08:00,16.3,49,07/12/2024 20:00
07/12/2024 08:15,16.1,49,07/12/2024 20:15
07/12/2024 08:30,16.1,49,07/12/2024 20:30
07/12/2024 08:45,15.9,49,07/12/2024 20:45
07/12/2024 09:00,15.9,49,07/12/2024 21:00
07/12/2024 09:15,15.9,48,07/12/2024 21:15
07/12/2024 09:30,16,48,07/12/2024 21:30
07/12/2024 09:45,16.1,48,07/12/2024 21:45
07/12/2024 10:00,16.1,48,07/12/2024 22:00
07/12/2024 10:15,16.1,48,07/12/2024 22:15
07/12/2024 10:30,16.1,48,07/12/2024 22:30
07/12/2024 10:45,16.2,47,07/12/2024 22:45
07/12/2024 11:00,16.2,47,07/12/2024 23:00
07/12/2024 11:15,16.2,47,07/12/2024 23:15
07/12/2024 11:30,16.2,47,07/12/2024 23:30
07/12/2024 11:45,16.2,47,07/12/2024 23:45
08/12/2024 12:00,16.2,47,08/12/2024 00:00
08/12/2024 12:15,16.2,47,08/12/2024 00:15
08/12/2024 12:30,16.3,46,08/12/2024 00:30
08/12/2024 12:45,16.3,46,08/12/2024 00:45
08/12/2024 01:00,16.3,46,08/12/2024 01:00
08/12/2024 01:15,16.3,46,08/12/2024 01:15
08/12/2024 01:30,16.3,46,08/12/2024 01:30
08/12/2024 01:45,16.3,46,08/12/2024 01:45
08/12/2024 02:00,16.2,46,08/12/2024 02:00
08/12/2024 02:15,16.1,46,08/12/2024 02:15
08/12/2024 02:30,16,46,08/12/2024 02:30
08/12/2024 02:45,15.9,46,08/12/2024 02:45
08/12/2024 03:00,15.9,46,08/12/2024 03:00
08/12/2024 03:15,16,46,08/12/2024 03:15
08/12/2024 03:30,16.1,46,08/12/2024 03:30
08/12/2024 03:45,16.1,46,08/12/2024 03:45
08/12/2024 04:00,16.1,46,08/12/2024 04:00
08/12/2024 04:15,16.1,46,08/12/2024 04:15
08/12/2024 04:30,16.1,46,08/12/2024 04:30
08/12/2024 04:45,16.1,46,08/12/2024 04:45
08/12/2024 05:00,16.1,46,08/12/2024 05:00
08/12/2024 05:15,16.1,46,08/12/2024 05:15
08/12/2024 05:30,16.2,46,08/12/2024 05:30
08/12/2024 05:45,16.1,46,08/12/2024 05:45
08/12/2024 06:00,16.1,46,08/12/2024 06:00
08/12/2024 06:15,16.1,46,08/12/2024 06:15
08/12/2024 06:30,16,46,08/12/2024 06:30
08/12/2024 06:45,15.9,46,08/12/2024 06:45
08/12/2024 07:00,15.8,46,08/12/2024 07:00
08/12/2024 07:15,15.8,46,08/12/2024 07:15
08/12/2024 07:30,15.8,46,08/12/2024 07:30
08/12/2024 07:45,15.8,46,08/12/2024 07:45
08/12/2024 08:00,15.9,46,08/12/2024 08:00
08/12/2024 08:15,15.9,46,08/12/2024 08:15
08/12/2024 08:30,16,46,08/12/2024 08:30
08/12/2024 08:45,16,46,08/12/2024 08:45
08/12/2024 09:00,16.1,46,08/12/2024 09:00
08/12/2024 09:15,16.2,46,08/12/2024 09:15
08/12/2024 09:30,16.2,46,08/12/2024 09:30
08/12/2024 09:45,16.3,46,08/12/2024 09:45
08/12/2024 10:00,16.3,46,08/12/2024 10:00
08/12/2024 10:15,16.5,46,08/12/2024 10:15
08/12/2024 10:30,16.6,46,08/12/2024 10:30
08/12/2024 10:45,16.9,46,08/12/2024 10:45
08/12/2024 11:00,17.1,46,08/12/2024 11:00
08/12/2024 11:15,17.2,46,08/12/2024 11:15
08/12/2024 11:30,17.3,46,08/12/2024 11:30
08/12/2024 11:45,17.2,46,08/12/2024 11:45
08/12/2024 12:00,17.2,46,08/12/2024 12:00
08/12/2024 12:15,17.1,46,08/12/2024 12:15
08/12/2024 12:30,17.1,46,08/12/2024 12:30
08/12/2024 12:45,17.1,46,08/12/2024 12:45
08/12/2024 01:00,17.1,46,08/12/2024 13:00
08/12/2024 01:15,17.1,46,08/12/2024 13:15
08/12/2024 01:30,17.1,46,08/12/2024 13:30
08/12/2024 01:45,17.2,46,08/12/2024 13:45
08/12/2024 02:00,17.2,46,08/12/2024 14:00
08/12/2024 02:15,17.2,46,08/12/2024 14:15
08/12/2024 02:30,17.2,46,08/12/2024 14:30
08/12/2024 02:45,17.1,46,08/12/2024 14:45
08/12/2024 03:00,17,46,08/12/2024 15:00
08/12/2024 03:15,17,46,08/12/2024 15:15
08/12/2024 03:30,17,46,08/12/2024 15:30
08/12/2024 03:45,17.2,46,08/12/2024 15:45
08/12/2024 04:00,17.2,46,08/12/2024 16:00
08/12/2024 04:15,17.4,46,08/12/2024 16:15
08/12/2024 04:30,17.5,47,08/12/2024 16:30
08/12/2024 04:45,17.3,47,08/12/2024 16:45
08/12/2024 05:00,17.2,46,08/12/2024 17:00
08/12/2024 05:15,17.2,46,08/12/2024 17:15
08/12/2024 05:30,17.2,46,08/12/2024 17:30
08/12/2024 05:45,17.2,46,08/12/2024 17:45
08/12/2024 06:00,17.2,46,08/12/2024 18:00
08/12/2024 06:15,17.2,46,08/12/2024 18:15
08/12/2024 06:30,17.2,46,08/12/2024 18:30
08/12/2024 06:45,17.2,46,08/12/2024 18:45
08/12/2024 07:00,17.1,46,08/12/2024 19:00
08/12/2024 07:15,17.1,46,08/12/2024 19:15
08/12/2024 07:30,17.1,46,08/12/2024 19:30
08/12/2024 07:45,17.1,46,08/12/2024 19:45
08/12/2024 08:00,17.1,46,08/12/2024 20:00
08/12/2024 08:15,17.1,46,08/12/2024 20:15
08/12/2024 08:30,17.1,46,08/12/2024 20:30
08/12/2024 08:45,17.1,46,08/12/2024 20:45
08/12/2024 09:00,17.1,46,08/12/2024 21:00
08/12/2024 09:15,17.1,46,08/12/2024 21:15
08/12/2024 09:30,17.1,46,08/12/2024 21:30
08/12/2024 09:45,17.1,46,08/12/2024 21:45
08/12/2024 10:00,17.1,46,08/12/2024 22:00
08/12/2024 10:15,17.1,46,08/12/2024 22:15
08/12/2024 10:30,17,46,08/12/2024 22:30
08/12/2024 10:45,17.1,46,08/12/2024 22:45
08/12/2024 11:00,17,46,08/12/2024 23:00
08/12/2024 11:15,17,46,08/12/2024 23:15
08/12/2024 11:30,17,46,08/12/2024 23:30
08/12/2024 11:45,17,46,08/12/2024 23:45
09/12/2024 12:00,17,46,09/12/2024 00:00
09/12/2024 12:15,17,46,09/12/2024 00:15
09/12/2024 12:30,16.9,46,09/12/2024 00:30
09/12/2024 12:45,16.9,46,09/12/2024 00:45
09/12/2024 01:00,16.9,46,09/12/2024 01:00
09/12/2024 01:15,16.9,46,09/12/2024 01:15
09/12/2024 01:30,16.9,46,09/12/2024 01:30
09/12/2024 01:45,16.9,46,09/12/2024 01:45
09/12/2024 02:00,16.9,46,09/12/2024 02:00
09/12/2024 02:15,16.9,46,09/12/2024 02:15
09/12/2024 02:30,16.9,46,09/12/2024 02:30
09/12/2024 02:45,16.9,46,09/12/2024 02:45
09/12/2024 03:00,16.9,46,09/12/2024 03:00
09/12/2024 03:15,16.9,46,09/12/2024 03:15
09/12/2024 03:30,17,46,09/12/2024 03:30
09/12/2024 03:45,17,46,09/12/2024 03:45
09/12/2024 04:00,17,46,09/12/2024 04:00
09/12/2024 04:15,17,46,09/12/2024 04:15
09/12/2024 04:30,17,46,09/12/2024 04:30
09/12/2024 04:45,17,46,09/12/2024 04:45
09/12/2024 05:00,16.9,46,09/12/2024 05:00
09/12/2024 05:15,17,46,09/12/2024 05:15
09/12/2024 05:30,16.9,46,09/12/2024 05:30
09/12/2024 05:45,16.9,46,09/12/2024 05:45
09/12/2024 06:00,16.9,46,09/12/2024 06:00
09/12/2024 06:15,16.9,46,09/12/2024 06:15
09/12/2024 06:30,16.9,46,09/12/2024 06:30
09/12/2024 06:45,16.9,46,09/12/2024 06:45
09/12/2024 07:00,16.9,46,09/12/2024 07:00
09/12/2024 07:15,16.8,46,09/12/2024 07:15
09/12/2024 07:30,16.8,45,09/12/2024 07:30
09/12/2024 07:45,16.8,45,09/12/2024 07:45
09/12/2024 08:00,16.8,45,09/12/2024 08:00
09/12/2024 08:15,16.8,45,09/12/2024 08:15
09/12/2024 08:30,16.8,45,09/12/2024 08:30
09/12/2024 08:45,16.7,45,09/12/2024 08:45
09/12/2024 09:00,16.7,45,09/12/2024 09:00
09/12/2024 09:15,16.7,45,09/12/2024 09:15
09/12/2024 09:30,16.7,45,09/12/2024 09:30
09/12/2024 09:45,16.6,45,09/12/2024 09:45
09/12/2024 10:00,16.6,45,09/12/2024 10:00
09/12/2024 10:15,16.6,45,09/12/2024 10:15
09/12/2024 10:30,16.6,45,09/12/2024 10:30
09/12/2024 10:45,16.7,45,09/12/2024 10:45
09/12/2024 11:00,16.8,45,09/12/2024 11:00
09/12/2024 11:15,16.8,45,09/12/2024 11:15
09/12/2024 11:30,16.8,45,09/12/2024 11:30
09/12/2024 11:45,16.9,45,09/12/2024 11:45
09/12/2024 12:00,16.9,45,09/12/2024 12:00
09/12/2024 12:15,17,45,09/12/2024 12:15
