sc_art_room,Time,Celsius(°C),Serial Number
1,2022-10-18 14:43:58,19.5,052269746
2,2022-10-18 14:48:58,19.5
3,2022-10-18 14:53:58,19.0
4,2022-10-18 14:58:58,18.5
5,2022-10-18 15:03:58,18.0
6,2022-10-18 15:08:58,18.0
7,2022-10-18 15:13:58,18.0
8,2022-10-18 15:18:58,18.0
9,2022-10-18 15:23:58,21.0
10,2022-10-18 15:28:58,20.5
11,2022-10-18 15:33:58,20.5
12,2022-10-18 15:38:58,19.0
13,2022-10-18 15:43:58,18.5
14,2022-10-18 15:48:58,18.0
15,2022-10-18 15:53:58,18.0
16,2022-10-18 15:58:58,17.5
17,2022-10-18 16:03:58,17.5
18,2022-10-18 16:08:58,17.5
19,2022-10-18 16:13:58,17.5
20,2022-10-18 16:18:58,17.5
21,2022-10-18 16:23:58,17.0
22,2022-10-18 16:28:58,17.0
23,2022-10-18 16:33:58,17.0
24,2022-10-18 16:38:58,17.0
25,2022-10-18 16:43:58,17.5
26,2022-10-18 16:48:58,17.5
27,2022-10-18 16:53:58,17.5
28,2022-10-18 16:58:58,17.5
29,2022-10-18 17:03:58,17.5
30,2022-10-18 17:08:58,18.0
31,2022-10-18 17:13:58,18.0
32,2022-10-18 17:18:58,18.0
33,2022-10-18 17:23:58,18.0
34,2022-10-18 17:28:58,18.0
35,2022-10-18 17:33:58,18.5
36,2022-10-18 17:38:58,18.5
37,2022-10-18 17:43:58,18.5
38,2022-10-18 17:48:58,19.0
39,2022-10-18 17:53:58,19.5
40,2022-10-18 17:58:58,20.0
41,2022-10-18 18:03:58,20.5
42,2022-10-18 18:08:58,20.5
43,2022-10-18 18:13:58,21.0
44,2022-10-18 18:18:58,21.0
45,2022-10-18 18:23:58,21.0
46,2022-10-18 18:28:58,21.0
47,2022-10-18 18:33:58,21.0
48,2022-10-18 18:38:58,21.0
49,2022-10-18 18:43:58,21.0
50,2022-10-18 18:48:58,21.0
51,2022-10-18 18:53:58,21.5
52,2022-10-18 18:58:58,21.5
53,2022-10-18 19:03:58,21.5
54,2022-10-18 19:08:58,21.5
55,2022-10-18 19:13:58,21.0
56,2022-10-18 19:18:58,21.0
57,2022-10-18 19:23:58,21.0
58,2022-10-18 19:28:58,21.0
59,2022-10-18 19:33:58,21.0
60,2022-10-18 19:38:58,21.0
61,2022-10-18 19:43:58,20.5
62,2022-10-18 19:48:58,20.5
63,2022-10-18 19:53:58,20.5
64,2022-10-18 19:58:58,20.5
65,2022-10-18 20:03:58,20.5
66,2022-10-18 20:08:58,20.5
67,2022-10-18 20:13:58,20.0
68,2022-10-18 20:18:58,20.0
69,2022-10-18 20:23:58,20.0
70,2022-10-18 20:28:58,20.0
71,2022-10-18 20:33:58,20.0
72,2022-10-18 20:38:58,20.0
73,2022-10-18 20:43:58,20.0
74,2022-10-18 20:48:58,20.0
75,2022-10-18 20:53:58,19.5
76,2022-10-18 20:58:58,19.5
77,2022-10-18 21:03:58,19.5
78,2022-10-18 21:08:58,19.5
79,2022-10-18 21:13:58,19.5
80,2022-10-18 21:18:58,19.5
81,2022-10-18 21:23:58,19.5
82,2022-10-18 21:28:58,19.5
83,2022-10-18 21:33:58,19.5
84,2022-10-18 21:38:58,19.0
85,2022-10-18 21:43:58,19.0
86,2022-10-18 21:48:58,19.0
87,2022-10-18 21:53:58,19.0
88,2022-10-18 21:58:58,19.0
89,2022-10-18 22:03:58,18.5
90,2022-10-18 22:08:58,18.5
91,2022-10-18 22:13:58,18.5
92,2022-10-18 22:18:58,18.5
93,2022-10-18 22:23:58,18.5
94,2022-10-18 22:28:58,18.5
95,2022-10-18 22:33:58,18.0
96,2022-10-18 22:38:58,18.0
97,2022-10-18 22:43:58,18.0
98,2022-10-18 22:48:58,18.0
99,2022-10-18 22:53:58,18.0
100,2022-10-18 22:58:58,18.0
101,2022-10-18 23:03:58,17.5
102,2022-10-18 23:08:58,17.5
103,2022-10-18 23:13:58,17.5
104,2022-10-18 23:18:58,17.5
105,2022-10-18 23:23:58,17.5
106,2022-10-18 23:28:58,17.5
107,2022-10-18 23:33:58,17.5
108,2022-10-18 23:38:58,17.0
109,2022-10-18 23:43:58,17.0
110,2022-10-18 23:48:58,17.0
111,2022-10-18 23:53:58,17.0
112,2022-10-18 23:58:58,17.0
113,2022-10-19 00:03:58,17.0
114,2022-10-19 00:08:58,17.0
115,2022-10-19 00:13:58,17.0
116,2022-10-19 00:18:58,17.0
117,2022-10-19 00:23:58,16.5
118,2022-10-19 00:28:58,16.5
119,2022-10-19 00:33:58,16.5
120,2022-10-19 00:38:58,16.5
121,2022-10-19 00:43:58,16.5
122,2022-10-19 00:48:58,16.5
123,2022-10-19 00:53:58,16.5
124,2022-10-19 00:58:58,16.5
125,2022-10-19 01:03:58,16.5
126,2022-10-19 01:08:58,16.5
127,2022-10-19 01:13:58,16.5
128,2022-10-19 01:18:58,16.0
129,2022-10-19 01:23:58,16.0
130,2022-10-19 01:28:58,16.0
131,2022-10-19 01:33:58,16.0
132,2022-10-19 01:38:58,16.0
133,2022-10-19 01:43:58,16.0
134,2022-10-19 01:48:58,16.0
135,2022-10-19 01:53:58,16.0
136,2022-10-19 01:58:58,16.0
137,2022-10-19 02:03:58,16.0
138,2022-10-19 02:08:58,16.0
139,2022-10-19 02:13:58,16.0
140,2022-10-19 02:18:58,15.5
141,2022-10-19 02:23:58,15.5
142,2022-10-19 02:28:58,15.5
143,2022-10-19 02:33:58,15.5
144,2022-10-19 02:38:58,15.5
145,2022-10-19 02:43:58,15.5
146,2022-10-19 02:48:58,15.5
147,2022-10-19 02:53:58,15.5
148,2022-10-19 02:58:58,15.5
149,2022-10-19 03:03:58,15.5
150,2022-10-19 03:08:58,15.5
151,2022-10-19 03:13:58,15.5
152,2022-10-19 03:18:58,15.5
153,2022-10-19 03:23:58,15.5
154,2022-10-19 03:28:58,15.0
155,2022-10-19 03:33:58,15.0
156,2022-10-19 03:38:58,15.0
157,2022-10-19 03:43:58,15.0
158,2022-10-19 03:48:58,15.0
159,2022-10-19 03:53:58,15.0
160,2022-10-19 03:58:58,15.0
161,2022-10-19 04:03:58,15.0
162,2022-10-19 04:08:58,15.0
163,2022-10-19 04:13:58,15.0
164,2022-10-19 04:18:58,15.0
165,2022-10-19 04:23:58,15.0
166,2022-10-19 04:28:58,15.0
167,2022-10-19 04:33:58,15.0
168,2022-10-19 04:38:58,15.0
169,2022-10-19 04:43:58,15.0
170,2022-10-19 04:48:58,15.0
171,2022-10-19 04:53:58,15.0
172,2022-10-19 04:58:58,15.0
173,2022-10-19 05:03:58,15.0
174,2022-10-19 05:08:58,15.0
175,2022-10-19 05:13:58,14.5
176,2022-10-19 05:18:58,14.5
177,2022-10-19 05:23:58,14.5
178,2022-10-19 05:28:58,14.5
179,2022-10-19 05:33:58,14.5
180,2022-10-19 05:38:58,14.5
181,2022-10-19 05:43:58,14.5
182,2022-10-19 05:48:58,14.5
183,2022-10-19 05:53:58,14.5
184,2022-10-19 05:58:58,14.5
185,2022-10-19 06:03:58,14.5
186,2022-10-19 06:08:58,14.5
187,2022-10-19 06:13:58,14.5
188,2022-10-19 06:18:58,14.5
189,2022-10-19 06:23:58,14.5
190,2022-10-19 06:28:58,14.5
191,2022-10-19 06:33:58,14.5
192,2022-10-19 06:38:58,14.5
193,2022-10-19 06:43:58,14.5
194,2022-10-19 06:48:58,14.5
195,2022-10-19 06:53:58,14.5
196,2022-10-19 06:58:58,14.5
197,2022-10-19 07:03:58,14.5
198,2022-10-19 07:08:58,14.5
199,2022-10-19 07:13:58,14.5
200,2022-10-19 07:18:58,14.5
201,2022-10-19 07:23:58,14.5
202,2022-10-19 07:28:58,14.5
203,2022-10-19 07:33:58,14.5
204,2022-10-19 07:38:58,14.5
205,2022-10-19 07:43:58,14.5
206,2022-10-19 07:48:58,14.5
207,2022-10-19 07:53:58,14.5
208,2022-10-19 07:58:58,14.5
209,2022-10-19 08:03:58,14.5
210,2022-10-19 08:08:58,15.0
211,2022-10-19 08:13:58,15.0
212,2022-10-19 08:18:58,15.0
213,2022-10-19 08:23:58,15.0
214,2022-10-19 08:28:58,15.0
215,2022-10-19 08:33:58,15.0
216,2022-10-19 08:38:58,15.0
217,2022-10-19 08:43:58,15.5
218,2022-10-19 08:48:58,15.5
219,2022-10-19 08:53:58,16.0
220,2022-10-19 08:58:58,16.0
221,2022-10-19 09:03:58,16.5
222,2022-10-19 09:08:58,17.0
223,2022-10-19 09:13:58,17.0
224,2022-10-19 09:18:58,17.5
225,2022-10-19 09:23:58,17.5
226,2022-10-19 09:28:58,18.0
227,2022-10-19 09:33:58,18.0
228,2022-10-19 09:38:58,18.5
229,2022-10-19 09:43:58,18.5
230,2022-10-19 09:48:58,18.5
231,2022-10-19 09:53:58,19.0
232,2022-10-19 09:58:58,19.0
233,2022-10-19 10:03:58,19.0
234,2022-10-19 10:08:58,19.0
235,2022-10-19 10:13:58,19.0
236,2022-10-19 10:18:58,19.0
237,2022-10-19 10:23:58,19.0
238,2022-10-19 10:28:58,19.0
239,2022-10-19 10:33:58,19.0
240,2022-10-19 10:38:58,19.0
241,2022-10-19 10:43:58,18.5
242,2022-10-19 10:48:58,18.5
243,2022-10-19 10:53:58,18.5
244,2022-10-19 10:58:58,18.5
245,2022-10-19 11:03:58,18.5
246,2022-10-19 11:08:58,19.0
247,2022-10-19 11:13:58,19.0
248,2022-10-19 11:18:58,19.5
249,2022-10-19 11:23:58,20.0
250,2022-10-19 11:28:58,20.0
251,2022-10-19 11:33:58,20.5
252,2022-10-19 11:38:58,20.5
253,2022-10-19 11:43:58,21.0
254,2022-10-19 11:48:58,21.0
255,2022-10-19 11:53:58,21.0
256,2022-10-19 11:58:58,21.5
257,2022-10-19 12:03:58,21.5
258,2022-10-19 12:08:58,21.5
259,2022-10-19 12:13:58,21.5
260,2022-10-19 12:18:58,21.5
261,2022-10-19 12:23:58,21.5
262,2022-10-19 12:28:58,21.5
263,2022-10-19 12:33:58,21.0
264,2022-10-19 12:38:58,21.0
265,2022-10-19 12:43:58,21.0
266,2022-10-19 12:48:58,21.0
267,2022-10-19 12:53:58,21.0
268,2022-10-19 12:58:58,20.5
269,2022-10-19 13:03:58,20.5
270,2022-10-19 13:08:58,20.5
271,2022-10-19 13:13:58,20.5
272,2022-10-19 13:18:58,20.0
273,2022-10-19 13:23:58,20.0
274,2022-10-19 13:28:58,20.0
275,2022-10-19 13:33:58,19.5
276,2022-10-19 13:38:58,19.5
277,2022-10-19 13:43:58,19.5
278,2022-10-19 13:48:58,19.5
279,2022-10-19 13:53:58,19.0
280,2022-10-19 13:58:58,19.0
281,2022-10-19 14:03:58,19.0
282,2022-10-19 14:08:58,19.0
283,2022-10-19 14:13:58,19.0
284,2022-10-19 14:18:58,18.5
285,2022-10-19 14:23:58,18.5
286,2022-10-19 14:28:58,18.5
287,2022-10-19 14:33:58,18.5
288,2022-10-19 14:38:58,18.5
289,2022-10-19 14:43:58,18.5
290,2022-10-19 14:48:58,18.5
291,2022-10-19 14:53:58,18.5
292,2022-10-19 14:58:58,18.5
293,2022-10-19 15:03:58,18.5
294,2022-10-19 15:08:58,18.5
295,2022-10-19 15:13:58,18.5
296,2022-10-19 15:18:58,18.5
297,2022-10-19 15:23:58,18.5
298,2022-10-19 15:28:58,18.0
299,2022-10-19 15:33:58,18.0
300,2022-10-19 15:38:58,18.0
301,2022-10-19 15:43:58,18.0
302,2022-10-19 15:48:58,18.0
303,2022-10-19 15:53:58,18.0
304,2022-10-19 15:58:58,18.0
305,2022-10-19 16:03:58,18.0
306,2022-10-19 16:08:58,18.0
307,2022-10-19 16:13:58,18.0
308,2022-10-19 16:18:58,17.5
309,2022-10-19 16:23:58,17.5
310,2022-10-19 16:28:58,17.5
311,2022-10-19 16:33:58,17.5
312,2022-10-19 16:38:58,17.5
313,2022-10-19 16:43:58,17.5
314,2022-10-19 16:48:58,17.5
315,2022-10-19 16:53:58,17.5
316,2022-10-19 16:58:58,17.5
317,2022-10-19 17:03:58,17.5
318,2022-10-19 17:08:58,17.5
319,2022-10-19 17:13:58,17.5
320,2022-10-19 17:18:58,17.5
321,2022-10-19 17:23:58,17.5
322,2022-10-19 17:28:58,17.5
323,2022-10-19 17:33:58,17.5
324,2022-10-19 17:38:58,17.5
325,2022-10-19 17:43:58,17.5
326,2022-10-19 17:48:58,17.5
327,2022-10-19 17:53:58,17.5
328,2022-10-19 17:58:58,17.5
329,2022-10-19 18:03:58,17.5
330,2022-10-19 18:08:58,18.0
331,2022-10-19 18:13:58,18.0
332,2022-10-19 18:18:58,18.0
333,2022-10-19 18:23:58,18.0
334,2022-10-19 18:28:58,18.5
335,2022-10-19 18:33:58,18.5
336,2022-10-19 18:38:58,18.5
337,2022-10-19 18:43:58,18.5
338,2022-10-19 18:48:58,18.5
339,2022-10-19 18:53:58,18.5
340,2022-10-19 18:58:58,18.5
341,2022-10-19 19:03:58,18.5
342,2022-10-19 19:08:58,18.5
343,2022-10-19 19:13:58,18.5
344,2022-10-19 19:18:58,19.0
345,2022-10-19 19:23:58,19.0
346,2022-10-19 19:28:58,19.5
347,2022-10-19 19:33:58,19.5
348,2022-10-19 19:38:58,19.5
349,2022-10-19 19:43:58,19.5
350,2022-10-19 19:48:58,19.5
351,2022-10-19 19:53:58,20.0
352,2022-10-19 19:58:58,20.0
353,2022-10-19 20:03:58,20.0
354,2022-10-19 20:08:58,20.0
355,2022-10-19 20:13:58,20.0
356,2022-10-19 20:18:58,20.5
357,2022-10-19 20:23:58,20.5
358,2022-10-19 20:28:58,20.5
359,2022-10-19 20:33:58,20.5
360,2022-10-19 20:38:58,20.0
361,2022-10-19 20:43:58,20.0
362,2022-10-19 20:48:58,20.0
363,2022-10-19 20:53:58,20.0
364,2022-10-19 20:58:58,20.0
365,2022-10-19 21:03:58,20.0
366,2022-10-19 21:08:58,20.0
367,2022-10-19 21:13:58,20.0
368,2022-10-19 21:18:58,20.0
369,2022-10-19 21:23:58,20.0
370,2022-10-19 21:28:58,20.0
371,2022-10-19 21:33:58,20.0
372,2022-10-19 21:38:58,20.0
373,2022-10-19 21:43:58,20.0
374,2022-10-19 21:48:58,20.0
375,2022-10-19 21:53:58,20.0
376,2022-10-19 21:58:58,20.0
377,2022-10-19 22:03:58,20.0
378,2022-10-19 22:08:58,20.0
379,2022-10-19 22:13:58,19.5
380,2022-10-19 22:18:58,19.5
381,2022-10-19 22:23:58,19.5
382,2022-10-19 22:28:58,19.5
383,2022-10-19 22:33:58,19.0
384,2022-10-19 22:38:58,19.0
385,2022-10-19 22:43:58,19.0
386,2022-10-19 22:48:58,19.0
387,2022-10-19 22:53:58,18.5
388,2022-10-19 22:58:58,18.5
389,2022-10-19 23:03:58,18.5
390,2022-10-19 23:08:58,18.5
391,2022-10-19 23:13:58,18.5
392,2022-10-19 23:18:58,18.0
393,2022-10-19 23:23:58,18.0
394,2022-10-19 23:28:58,18.0
395,2022-10-19 23:33:58,18.0
396,2022-10-19 23:38:58,18.0
397,2022-10-19 23:43:58,18.0
398,2022-10-19 23:48:58,17.5
399,2022-10-19 23:53:58,17.5
400,2022-10-19 23:58:58,17.5
401,2022-10-20 00:03:58,17.5
402,2022-10-20 00:08:58,17.5
403,2022-10-20 00:13:58,17.5
404,2022-10-20 00:18:58,17.5
405,2022-10-20 00:23:58,17.0
406,2022-10-20 00:28:58,17.0
407,2022-10-20 00:33:58,17.0
408,2022-10-20 00:38:58,17.0
409,2022-10-20 00:43:58,17.0
410,2022-10-20 00:48:58,17.0
411,2022-10-20 00:53:58,17.0
412,2022-10-20 00:58:58,17.0
413,2022-10-20 01:03:58,17.0
414,2022-10-20 01:08:58,16.5
415,2022-10-20 01:13:58,16.5
416,2022-10-20 01:18:58,16.5
417,2022-10-20 01:23:58,16.5
418,2022-10-20 01:28:58,16.5
419,2022-10-20 01:33:58,16.5
420,2022-10-20 01:38:58,16.5
421,2022-10-20 01:43:58,16.5
422,2022-10-20 01:48:58,16.5
423,2022-10-20 01:53:58,16.5
424,2022-10-20 01:58:58,16.5
425,2022-10-20 02:03:58,16.5
426,2022-10-20 02:08:58,16.0
427,2022-10-20 02:13:58,16.0
428,2022-10-20 02:18:58,16.0
429,2022-10-20 02:23:58,16.0
430,2022-10-20 02:28:58,16.0
431,2022-10-20 02:33:58,16.0
432,2022-10-20 02:38:58,16.0
433,2022-10-20 02:43:58,16.0
434,2022-10-20 02:48:58,16.0
435,2022-10-20 02:53:58,16.0
436,2022-10-20 02:58:58,16.0
437,2022-10-20 03:03:58,16.0
438,2022-10-20 03:08:58,16.0
439,2022-10-20 03:13:58,16.0
440,2022-10-20 03:18:58,16.0
441,2022-10-20 03:23:58,15.5
442,2022-10-20 03:28:58,15.5
443,2022-10-20 03:33:58,15.5
444,2022-10-20 03:38:58,15.5
445,2022-10-20 03:43:58,15.5
446,2022-10-20 03:48:58,15.5
447,2022-10-20 03:53:58,15.5
448,2022-10-20 03:58:58,15.5
449,2022-10-20 04:03:58,15.5
450,2022-10-20 04:08:58,15.5
451,2022-10-20 04:13:58,15.5
452,2022-10-20 04:18:58,15.5
453,2022-10-20 04:23:58,15.5
454,2022-10-20 04:28:58,15.5
455,2022-10-20 04:33:58,15.5
456,2022-10-20 04:38:58,15.5
457,2022-10-20 04:43:58,15.5
458,2022-10-20 04:48:58,15.5
459,2022-10-20 04:53:58,15.5
460,2022-10-20 04:58:58,15.0
461,2022-10-20 05:03:58,15.0
462,2022-10-20 05:08:58,15.0
463,2022-10-20 05:13:58,15.0
464,2022-10-20 05:18:58,15.0
465,2022-10-20 05:23:58,15.0
466,2022-10-20 05:28:58,15.0
467,2022-10-20 05:33:58,15.0
468,2022-10-20 05:38:58,15.0
469,2022-10-20 05:43:58,15.0
470,2022-10-20 05:48:58,15.0
471,2022-10-20 05:53:58,15.0
472,2022-10-20 05:58:58,15.0
473,2022-10-20 06:03:58,15.0
474,2022-10-20 06:08:58,15.0
475,2022-10-20 06:13:58,15.0
476,2022-10-20 06:18:58,15.0
477,2022-10-20 06:23:58,15.0
478,2022-10-20 06:28:58,15.0
479,2022-10-20 06:33:58,15.0
480,2022-10-20 06:38:58,15.0
481,2022-10-20 06:43:58,15.0
482,2022-10-20 06:48:58,15.0
483,2022-10-20 06:53:58,15.0
484,2022-10-20 06:58:58,15.0
485,2022-10-20 07:03:58,15.0
486,2022-10-20 07:08:58,15.0
487,2022-10-20 07:13:58,15.0
488,2022-10-20 07:18:58,15.0
489,2022-10-20 07:23:58,14.5
490,2022-10-20 07:28:58,14.5
491,2022-10-20 07:33:58,14.5
492,2022-10-20 07:38:58,15.0
493,2022-10-20 07:43:58,15.0
494,2022-10-20 07:48:58,15.0
495,2022-10-20 07:53:58,15.0
496,2022-10-20 07:58:58,15.0
497,2022-10-20 08:03:58,15.0
498,2022-10-20 08:08:58,15.0
499,2022-10-20 08:13:58,15.0
500,2022-10-20 08:18:58,15.0
501,2022-10-20 08:23:58,15.5
502,2022-10-20 08:28:58,15.5
503,2022-10-20 08:33:58,15.5
504,2022-10-20 08:38:58,15.5
505,2022-10-20 08:43:58,15.5
506,2022-10-20 08:48:58,15.5
507,2022-10-20 08:53:58,15.5
508,2022-10-20 08:58:58,16.0
509,2022-10-20 09:03:58,16.0
510,2022-10-20 09:08:58,16.5
511,2022-10-20 09:13:58,16.5
512,2022-10-20 09:18:58,17.0
513,2022-10-20 09:23:58,17.5
514,2022-10-20 09:28:58,18.0
515,2022-10-20 09:33:58,18.0
516,2022-10-20 09:38:58,18.5
517,2022-10-20 09:43:58,18.5
518,2022-10-20 09:48:58,19.0
519,2022-10-20 09:53:58,18.5
520,2022-10-20 09:58:58,18.5
521,2022-10-20 10:03:58,18.5
522,2022-10-20 10:08:58,18.5
523,2022-10-20 10:13:58,18.5
524,2022-10-20 10:18:58,18.0
525,2022-10-20 10:23:58,18.0
526,2022-10-20 10:28:58,18.0
527,2022-10-20 10:33:58,18.0
528,2022-10-20 10:38:58,17.5
529,2022-10-20 10:43:58,17.5
530,2022-10-20 10:48:58,17.5
531,2022-10-20 10:53:58,17.5
532,2022-10-20 10:58:58,17.5
533,2022-10-20 11:03:58,17.5
534,2022-10-20 11:08:58,17.5
535,2022-10-20 11:13:58,17.5
536,2022-10-20 11:18:58,18.0
537,2022-10-20 11:23:58,18.0
538,2022-10-20 11:28:58,18.5
539,2022-10-20 11:33:58,18.5
540,2022-10-20 11:38:58,19.0
541,2022-10-20 11:43:58,19.0
542,2022-10-20 11:48:58,19.0
543,2022-10-20 11:53:58,19.0
544,2022-10-20 11:58:58,19.0
545,2022-10-20 12:03:58,19.0
546,2022-10-20 12:08:58,19.0
547,2022-10-20 12:13:58,18.5
548,2022-10-20 12:18:58,18.5
549,2022-10-20 12:23:58,18.5
550,2022-10-20 12:28:58,18.5
551,2022-10-20 12:33:58,18.0
552,2022-10-20 12:38:58,18.0
553,2022-10-20 12:43:58,18.0
554,2022-10-20 12:48:58,18.0
555,2022-10-20 12:53:58,18.5
556,2022-10-20 12:58:58,19.0
557,2022-10-20 13:03:58,19.0
558,2022-10-20 13:08:58,19.0
559,2022-10-20 13:13:58,19.0
560,2022-10-20 13:18:58,19.0
561,2022-10-20 13:23:58,19.0
562,2022-10-20 13:28:58,19.0
563,2022-10-20 13:33:58,18.5
564,2022-10-20 13:38:58,18.5
565,2022-10-20 13:43:58,18.5
566,2022-10-20 13:48:58,18.0
567,2022-10-20 13:53:58,18.0
568,2022-10-20 13:58:58,18.0
569,2022-10-20 14:03:58,18.0
570,2022-10-20 14:08:58,18.0
571,2022-10-20 14:13:58,18.0
572,2022-10-20 14:18:58,18.0
573,2022-10-20 14:23:58,18.0
574,2022-10-20 14:28:58,18.0
575,2022-10-20 14:33:58,18.0
576,2022-10-20 14:38:58,17.5
577,2022-10-20 14:43:58,17.5
578,2022-10-20 14:48:58,17.5
579,2022-10-20 14:53:58,17.5
580,2022-10-20 14:58:58,17.5
581,2022-10-20 15:03:58,17.5
582,2022-10-20 15:08:58,17.5
583,2022-10-20 15:13:58,17.5
584,2022-10-20 15:18:58,17.5
585,2022-10-20 15:23:58,17.5
586,2022-10-20 15:28:58,18.0
587,2022-10-20 15:33:58,18.0
588,2022-10-20 15:38:58,18.0
589,2022-10-20 15:43:58,18.5
590,2022-10-20 15:48:58,18.5
591,2022-10-20 15:53:58,18.5
592,2022-10-20 15:58:58,18.5
593,2022-10-20 16:03:58,18.5
594,2022-10-20 16:08:58,18.5
595,2022-10-20 16:13:58,18.5
596,2022-10-20 16:18:58,18.5
597,2022-10-20 16:23:58,18.0
598,2022-10-20 16:28:58,18.0
599,2022-10-20 16:33:58,18.0
600,2022-10-20 16:38:58,18.0
601,2022-10-20 16:43:58,18.0
602,2022-10-20 16:48:58,18.0
603,2022-10-20 16:53:58,17.5
604,2022-10-20 16:58:58,17.5
605,2022-10-20 17:03:58,17.5
606,2022-10-20 17:08:58,17.5
607,2022-10-20 17:13:58,17.5
608,2022-10-20 17:18:58,17.5
609,2022-10-20 17:23:58,17.5
610,2022-10-20 17:28:58,17.5
611,2022-10-20 17:33:58,17.5
612,2022-10-20 17:38:58,17.5
613,2022-10-20 17:43:58,17.5
614,2022-10-20 17:48:58,17.5
615,2022-10-20 17:53:58,17.5
616,2022-10-20 17:58:58,17.5
617,2022-10-20 18:03:58,18.0
618,2022-10-20 18:08:58,18.0
619,2022-10-20 18:13:58,18.5
620,2022-10-20 18:18:58,18.5
621,2022-10-20 18:23:58,18.5
622,2022-10-20 18:28:58,18.5
623,2022-10-20 18:33:58,18.5
624,2022-10-20 18:38:58,19.0
625,2022-10-20 18:43:58,19.0
626,2022-10-20 18:48:58,19.0
627,2022-10-20 18:53:58,19.0
628,2022-10-20 18:58:58,19.0
629,2022-10-20 19:03:58,19.0
630,2022-10-20 19:08:58,19.0
631,2022-10-20 19:13:58,19.0
632,2022-10-20 19:18:58,19.0
633,2022-10-20 19:23:58,19.0
634,2022-10-20 19:28:58,19.0
635,2022-10-20 19:33:58,19.0
636,2022-10-20 19:38:58,19.0
637,2022-10-20 19:43:58,19.0
638,2022-10-20 19:48:58,19.0
639,2022-10-20 19:53:58,18.5
640,2022-10-20 19:58:58,18.5
641,2022-10-20 20:03:58,18.5
642,2022-10-20 20:08:58,18.5
643,2022-10-20 20:13:58,18.0
644,2022-10-20 20:18:58,18.0
645,2022-10-20 20:23:58,18.0
646,2022-10-20 20:28:58,18.0
647,2022-10-20 20:33:58,18.0
648,2022-10-20 20:38:58,17.5
649,2022-10-20 20:43:58,17.5
650,2022-10-20 20:48:58,17.5
651,2022-10-20 20:53:58,17.5
652,2022-10-20 20:58:58,17.5
653,2022-10-20 21:03:58,17.5
654,2022-10-20 21:08:58,17.5
655,2022-10-20 21:13:58,17.5
656,2022-10-20 21:18:58,17.5
657,2022-10-20 21:23:58,17.0
658,2022-10-20 21:28:58,17.0
659,2022-10-20 21:33:58,17.0
660,2022-10-20 21:38:58,17.0
661,2022-10-20 21:43:58,17.0
662,2022-10-20 21:48:58,17.0
663,2022-10-20 21:53:58,17.0
664,2022-10-20 21:58:58,17.0
665,2022-10-20 22:03:58,17.0
666,2022-10-20 22:08:58,17.0
667,2022-10-20 22:13:58,17.0
668,2022-10-20 22:18:58,16.5
669,2022-10-20 22:23:58,16.5
670,2022-10-20 22:28:58,16.5
671,2022-10-20 22:33:58,16.5
672,2022-10-20 22:38:58,16.5
673,2022-10-20 22:43:58,16.5
674,2022-10-20 22:48:58,16.5
675,2022-10-20 22:53:58,16.5
676,2022-10-20 22:58:58,16.5
677,2022-10-20 23:03:58,16.5
678,2022-10-20 23:08:58,16.5
679,2022-10-20 23:13:58,16.5
680,2022-10-20 23:18:58,16.0
681,2022-10-20 23:23:58,16.0
682,2022-10-20 23:28:58,16.0
683,2022-10-20 23:33:58,16.0
684,2022-10-20 23:38:58,16.0
685,2022-10-20 23:43:58,16.0
686,2022-10-20 23:48:58,16.0
687,2022-10-20 23:53:58,16.0
688,2022-10-20 23:58:58,16.0
689,2022-10-21 00:03:58,16.0
690,2022-10-21 00:08:58,16.0
691,2022-10-21 00:13:58,16.0
692,2022-10-21 00:18:58,16.0
693,2022-10-21 00:23:58,16.0
694,2022-10-21 00:28:58,16.0
695,2022-10-21 00:33:58,16.0
696,2022-10-21 00:38:58,16.0
697,2022-10-21 00:43:58,16.0
698,2022-10-21 00:48:58,15.5
699,2022-10-21 00:53:58,15.5
700,2022-10-21 00:58:58,15.5
701,2022-10-21 01:03:58,15.5
702,2022-10-21 01:08:58,15.5
703,2022-10-21 01:13:58,15.5
704,2022-10-21 01:18:58,15.5
705,2022-10-21 01:23:58,15.5
706,2022-10-21 01:28:58,15.5
707,2022-10-21 01:33:58,15.5
708,2022-10-21 01:38:58,15.5
709,2022-10-21 01:43:58,15.5
710,2022-10-21 01:48:58,15.5
711,2022-10-21 01:53:58,15.5
712,2022-10-21 01:58:58,15.5
713,2022-10-21 02:03:58,15.5
714,2022-10-21 02:08:58,15.5
715,2022-10-21 02:13:58,15.5
716,2022-10-21 02:18:58,15.5
717,2022-10-21 02:23:58,15.5
718,2022-10-21 02:28:58,15.5
719,2022-10-21 02:33:58,15.5
720,2022-10-21 02:38:58,15.5
721,2022-10-21 02:43:58,15.5
722,2022-10-21 02:48:58,15.5
723,2022-10-21 02:53:58,15.5
724,2022-10-21 02:58:58,15.5
725,2022-10-21 03:03:58,15.0
726,2022-10-21 03:08:58,15.0
727,2022-10-21 03:13:58,15.0
728,2022-10-21 03:18:58,15.0
729,2022-10-21 03:23:58,15.0
730,2022-10-21 03:28:58,15.0
731,2022-10-21 03:33:58,15.0
732,2022-10-21 03:38:58,15.0
733,2022-10-21 03:43:58,15.0
734,2022-10-21 03:48:58,15.0
735,2022-10-21 03:53:58,15.0
736,2022-10-21 03:58:58,15.0
737,2022-10-21 04:03:58,15.0
738,2022-10-21 04:08:58,15.0
739,2022-10-21 04:13:58,15.0
740,2022-10-21 04:18:58,15.0
741,2022-10-21 04:23:58,15.0
742,2022-10-21 04:28:58,15.0
743,2022-10-21 04:33:58,15.0
744,2022-10-21 04:38:58,15.0
745,2022-10-21 04:43:58,15.0
746,2022-10-21 04:48:58,15.0
747,2022-10-21 04:53:58,15.0
748,2022-10-21 04:58:58,15.0
749,2022-10-21 05:03:58,15.0
750,2022-10-21 05:08:58,15.0
751,2022-10-21 05:13:58,15.0
752,2022-10-21 05:18:58,15.0
753,2022-10-21 05:23:58,15.0
754,2022-10-21 05:28:58,15.0
755,2022-10-21 05:33:58,15.0
756,2022-10-21 05:38:58,15.0
757,2022-10-21 05:43:58,15.0
758,2022-10-21 05:48:58,15.0
759,2022-10-21 05:53:58,15.0
760,2022-10-21 05:58:58,15.0
761,2022-10-21 06:03:58,15.0
762,2022-10-21 06:08:58,15.0
763,2022-10-21 06:13:58,14.5
764,2022-10-21 06:18:58,14.5
765,2022-10-21 06:23:58,14.5
766,2022-10-21 06:28:58,14.5
767,2022-10-21 06:33:58,14.5
768,2022-10-21 06:38:58,14.5
769,2022-10-21 06:43:58,14.5
770,2022-10-21 06:48:58,14.5
771,2022-10-21 06:53:58,15.0
772,2022-10-21 06:58:58,15.0
773,2022-10-21 07:03:58,15.0
774,2022-10-21 07:08:58,15.0
775,2022-10-21 07:13:58,15.0
776,2022-10-21 07:18:58,15.0
777,2022-10-21 07:23:58,14.5
778,2022-10-21 07:28:58,14.5
779,2022-10-21 07:33:58,14.5
780,2022-10-21 07:38:58,14.5
781,2022-10-21 07:43:58,14.5
782,2022-10-21 07:48:58,14.5
783,2022-10-21 07:53:58,15.0
784,2022-10-21 07:58:58,15.0
785,2022-10-21 08:03:58,15.0
786,2022-10-21 08:08:58,15.0
787,2022-10-21 08:13:58,15.0
788,2022-10-21 08:18:58,15.0
789,2022-10-21 08:23:58,15.0
790,2022-10-21 08:28:58,15.0
791,2022-10-21 08:33:58,15.0
792,2022-10-21 08:38:58,15.0
793,2022-10-21 08:43:58,15.5
794,2022-10-21 08:48:58,15.5
795,2022-10-21 08:53:58,16.0
796,2022-10-21 08:58:58,16.0
797,2022-10-21 09:03:58,16.0
798,2022-10-21 09:08:58,16.5
799,2022-10-21 09:13:58,16.5
800,2022-10-21 09:18:58,16.5
801,2022-10-21 09:23:58,16.5
802,2022-10-21 09:28:58,16.5
803,2022-10-21 09:33:58,16.5
804,2022-10-21 09:38:58,16.5
805,2022-10-21 09:43:58,16.5
806,2022-10-21 09:48:58,16.5
807,2022-10-21 09:53:58,16.5
808,2022-10-21 09:58:58,16.5
809,2022-10-21 10:03:58,16.5
810,2022-10-21 10:08:58,16.5
811,2022-10-21 10:13:58,16.5
812,2022-10-21 10:18:58,16.5
813,2022-10-21 10:23:58,16.5
814,2022-10-21 10:28:58,16.5
815,2022-10-21 10:33:58,16.5
816,2022-10-21 10:38:58,16.5
817,2022-10-21 10:43:58,16.5
818,2022-10-21 10:48:58,16.5
819,2022-10-21 10:53:58,16.5
820,2022-10-21 10:58:58,16.5
821,2022-10-21 11:03:58,16.5
822,2022-10-21 11:08:58,16.5
823,2022-10-21 11:13:58,16.5
824,2022-10-21 11:18:58,16.5
825,2022-10-21 11:23:58,16.5
826,2022-10-21 11:28:58,16.5
827,2022-10-21 11:33:58,17.0
828,2022-10-21 11:38:58,17.0
829,2022-10-21 11:43:58,17.0
830,2022-10-21 11:48:58,17.0
831,2022-10-21 11:53:58,17.0
832,2022-10-21 11:58:58,17.0
833,2022-10-21 12:03:58,17.0
834,2022-10-21 12:08:58,17.0
835,2022-10-21 12:13:58,17.0
836,2022-10-21 12:18:58,17.0
837,2022-10-21 12:23:58,17.0
838,2022-10-21 12:28:58,17.0
839,2022-10-21 12:33:58,16.5
840,2022-10-21 12:38:58,17.0
841,2022-10-21 12:43:58,17.0
842,2022-10-21 12:48:58,17.0
843,2022-10-21 12:53:58,17.0
844,2022-10-21 12:58:58,17.0
845,2022-10-21 13:03:58,17.0
846,2022-10-21 13:08:58,17.0
847,2022-10-21 13:13:58,17.0
848,2022-10-21 13:18:58,17.0
849,2022-10-21 13:23:58,17.0
850,2022-10-21 13:28:58,17.0
851,2022-10-21 13:33:58,17.0
852,2022-10-21 13:38:58,17.0
853,2022-10-21 13:43:58,16.5
854,2022-10-21 13:48:58,16.5
855,2022-10-21 13:53:58,16.5
856,2022-10-21 13:58:58,16.5
857,2022-10-21 14:03:58,16.5
858,2022-10-21 14:08:58,16.5
859,2022-10-21 14:13:58,17.0
860,2022-10-21 14:18:58,17.0
861,2022-10-21 14:23:58,17.0
862,2022-10-21 14:28:58,17.0
863,2022-10-21 14:33:58,17.0
864,2022-10-21 14:38:58,17.0
865,2022-10-21 14:43:58,17.0
866,2022-10-21 14:48:58,17.0
867,2022-10-21 14:53:58,17.0
868,2022-10-21 14:58:58,17.0
869,2022-10-21 15:03:58,17.0
870,2022-10-21 15:08:58,17.0
871,2022-10-21 15:13:58,17.0
872,2022-10-21 15:18:58,17.0
873,2022-10-21 15:23:58,17.0
874,2022-10-21 15:28:58,17.0
875,2022-10-21 15:33:58,17.0
876,2022-10-21 15:38:58,17.0
877,2022-10-21 15:43:58,17.0
878,2022-10-21 15:48:58,17.0
879,2022-10-21 15:53:58,17.0
880,2022-10-21 15:58:58,17.0
881,2022-10-21 16:03:58,17.0
882,2022-10-21 16:08:58,17.0
883,2022-10-21 16:13:58,17.0
884,2022-10-21 16:18:58,17.0
885,2022-10-21 16:23:58,17.0
886,2022-10-21 16:28:58,17.0
887,2022-10-21 16:33:58,17.0
888,2022-10-21 16:38:58,17.0
889,2022-10-21 16:43:58,17.5
890,2022-10-21 16:48:58,17.5
891,2022-10-21 16:53:58,17.5
892,2022-10-21 16:58:58,17.5
893,2022-10-21 17:03:58,17.5
894,2022-10-21 17:08:58,17.0
895,2022-10-21 17:13:58,17.0
896,2022-10-21 17:18:58,17.0
897,2022-10-21 17:23:58,17.0
898,2022-10-21 17:28:58,17.0
899,2022-10-21 17:33:58,17.0
900,2022-10-21 17:38:58,17.0
901,2022-10-21 17:43:58,17.0
902,2022-10-21 17:48:58,17.0
903,2022-10-21 17:53:58,17.0
904,2022-10-21 17:58:58,17.0
905,2022-10-21 18:03:58,17.0
906,2022-10-21 18:08:58,17.0
907,2022-10-21 18:13:58,17.0
908,2022-10-21 18:18:58,17.0
909,2022-10-21 18:23:58,17.0
910,2022-10-21 18:28:58,17.0
911,2022-10-21 18:33:58,17.0
912,2022-10-21 18:38:58,17.0
913,2022-10-21 18:43:58,17.0
914,2022-10-21 18:48:58,17.0
915,2022-10-21 18:53:58,17.0
916,2022-10-21 18:58:58,17.0
917,2022-10-21 19:03:58,17.0
918,2022-10-21 19:08:58,17.0
919,2022-10-21 19:13:58,17.0
920,2022-10-21 19:18:58,17.0
921,2022-10-21 19:23:58,17.0
922,2022-10-21 19:28:58,17.0
923,2022-10-21 19:33:58,17.0
924,2022-10-21 19:38:58,17.0
925,2022-10-21 19:43:58,17.0
926,2022-10-21 19:48:58,17.0
927,2022-10-21 19:53:58,17.0
928,2022-10-21 19:58:58,17.0
929,2022-10-21 20:03:58,17.0
930,2022-10-21 20:08:58,16.5
931,2022-10-21 20:13:58,16.5
932,2022-10-21 20:18:58,16.5
933,2022-10-21 20:23:58,16.5
934,2022-10-21 20:28:58,17.0
935,2022-10-21 20:33:58,17.0
936,2022-10-21 20:38:58,17.0
937,2022-10-21 20:43:58,17.0
938,2022-10-21 20:48:58,17.0
939,2022-10-21 20:53:58,17.0
940,2022-10-21 20:58:58,17.0
941,2022-10-21 21:03:58,17.0
942,2022-10-21 21:08:58,16.5
943,2022-10-21 21:13:58,16.5
944,2022-10-21 21:18:58,16.5
945,2022-10-21 21:23:58,16.5
946,2022-10-21 21:28:58,16.5
947,2022-10-21 21:33:58,16.5
948,2022-10-21 21:38:58,16.5
949,2022-10-21 21:43:58,16.5
950,2022-10-21 21:48:58,17.0
951,2022-10-21 21:53:58,17.0
952,2022-10-21 21:58:58,17.0
953,2022-10-21 22:03:58,17.0
954,2022-10-21 22:08:58,17.0
955,2022-10-21 22:13:58,17.0
956,2022-10-21 22:18:58,17.0
957,2022-10-21 22:23:58,17.0
958,2022-10-21 22:28:58,17.0
959,2022-10-21 22:33:58,17.0
960,2022-10-21 22:38:58,17.0
961,2022-10-21 22:43:58,16.5
962,2022-10-21 22:48:58,16.5
963,2022-10-21 22:53:58,16.5
964,2022-10-21 22:58:58,16.5
965,2022-10-21 23:03:58,16.5
966,2022-10-21 23:08:58,16.5
967,2022-10-21 23:13:58,16.5
968,2022-10-21 23:18:58,16.5
969,2022-10-21 23:23:58,16.5
970,2022-10-21 23:28:58,16.5
971,2022-10-21 23:33:58,16.5
972,2022-10-21 23:38:58,16.5
973,2022-10-21 23:43:58,16.5
974,2022-10-21 23:48:58,16.0
975,2022-10-21 23:53:58,16.0
976,2022-10-21 23:58:58,16.0
977,2022-10-22 00:03:58,16.0
978,2022-10-22 00:08:58,16.0
979,2022-10-22 00:13:58,16.0
980,2022-10-22 00:18:58,16.0
981,2022-10-22 00:23:58,16.0
982,2022-10-22 00:28:58,16.0
983,2022-10-22 00:33:58,16.0
984,2022-10-22 00:38:58,16.0
985,2022-10-22 00:43:58,16.0
986,2022-10-22 00:48:58,16.0
987,2022-10-22 00:53:58,16.0
988,2022-10-22 00:58:58,16.0
989,2022-10-22 01:03:58,16.0
990,2022-10-22 01:08:58,16.0
991,2022-10-22 01:13:58,16.0
992,2022-10-22 01:18:58,16.0
993,2022-10-22 01:23:58,16.0
994,2022-10-22 01:28:58,16.0
995,2022-10-22 01:33:58,16.0
996,2022-10-22 01:38:58,15.5
997,2022-10-22 01:43:58,15.5
998,2022-10-22 01:48:58,15.5
999,2022-10-22 01:53:58,15.5
1000,2022-10-22 01:58:58,15.5
1001,2022-10-22 02:03:58,15.5
1002,2022-10-22 02:08:58,15.5
1003,2022-10-22 02:13:58,15.5
1004,2022-10-22 02:18:58,15.5
1005,2022-10-22 02:23:58,15.5
1006,2022-10-22 02:28:58,15.5
1007,2022-10-22 02:33:58,15.5
1008,2022-10-22 02:38:58,15.5
1009,2022-10-22 02:43:58,15.5
1010,2022-10-22 02:48:58,15.5
1011,2022-10-22 02:53:58,15.5
1012,2022-10-22 02:58:58,15.5
1013,2022-10-22 03:03:58,15.5
1014,2022-10-22 03:08:58,15.5
1015,2022-10-22 03:13:58,15.5
1016,2022-10-22 03:18:58,15.5
1017,2022-10-22 03:23:58,15.5
1018,2022-10-22 03:28:58,15.5
1019,2022-10-22 03:33:58,15.5
1020,2022-10-22 03:38:58,15.5
1021,2022-10-22 03:43:58,15.5
1022,2022-10-22 03:48:58,15.5
1023,2022-10-22 03:53:58,15.5
1024,2022-10-22 03:58:58,15.5
1025,2022-10-22 04:03:58,15.5
1026,2022-10-22 04:08:58,15.5
1027,2022-10-22 04:13:58,15.5
1028,2022-10-22 04:18:58,15.5
1029,2022-10-22 04:23:58,15.5
1030,2022-10-22 04:28:58,15.5
1031,2022-10-22 04:33:58,15.5
1032,2022-10-22 04:38:58,15.5
1033,2022-10-22 04:43:58,15.5
1034,2022-10-22 04:48:58,15.0
1035,2022-10-22 04:53:58,15.0
1036,2022-10-22 04:58:58,15.0
1037,2022-10-22 05:03:58,15.0
1038,2022-10-22 05:08:58,15.0
1039,2022-10-22 05:13:58,15.0
1040,2022-10-22 05:18:58,15.0
1041,2022-10-22 05:23:58,15.0
1042,2022-10-22 05:28:58,15.0
1043,2022-10-22 05:33:58,15.0
1044,2022-10-22 05:38:58,15.0
1045,2022-10-22 05:43:58,15.0
1046,2022-10-22 05:48:58,15.0
1047,2022-10-22 05:53:58,15.0
1048,2022-10-22 05:58:58,15.0
1049,2022-10-22 06:03:58,15.0
1050,2022-10-22 06:08:58,15.0
1051,2022-10-22 06:13:58,15.0
1052,2022-10-22 06:18:58,15.0
1053,2022-10-22 06:23:58,15.0
1054,2022-10-22 06:28:58,15.0
1055,2022-10-22 06:33:58,15.0
1056,2022-10-22 06:38:58,15.0
1057,2022-10-22 06:43:58,15.0
1058,2022-10-22 06:48:58,15.0
1059,2022-10-22 06:53:58,15.0
1060,2022-10-22 06:58:58,15.0
1061,2022-10-22 07:03:58,15.0
1062,2022-10-22 07:08:58,15.0
1063,2022-10-22 07:13:58,15.0
1064,2022-10-22 07:18:58,15.0
1065,2022-10-22 07:23:58,15.0
1066,2022-10-22 07:28:58,15.0
1067,2022-10-22 07:33:58,15.0
1068,2022-10-22 07:38:58,15.0
1069,2022-10-22 07:43:58,15.0
1070,2022-10-22 07:48:58,15.0
1071,2022-10-22 07:53:58,15.0
1072,2022-10-22 07:58:58,15.0
1073,2022-10-22 08:03:58,15.0
1074,2022-10-22 08:08:58,15.0
1075,2022-10-22 08:13:58,15.0
1076,2022-10-22 08:18:58,15.0
1077,2022-10-22 08:23:58,15.0
1078,2022-10-22 08:28:58,15.0
1079,2022-10-22 08:33:58,15.0
1080,2022-10-22 08:38:58,15.0
1081,2022-10-22 08:43:58,15.0
1082,2022-10-22 08:48:58,15.0
1083,2022-10-22 08:53:58,15.0
1084,2022-10-22 08:58:58,15.0
1085,2022-10-22 09:03:58,15.0
1086,2022-10-22 09:08:58,15.0
1087,2022-10-22 09:13:58,15.0
1088,2022-10-22 09:18:58,15.0
1089,2022-10-22 09:23:58,15.0
1090,2022-10-22 09:28:58,15.5
1091,2022-10-22 09:33:58,15.5
1092,2022-10-22 09:38:58,16.0
1093,2022-10-22 09:43:58,16.0
1094,2022-10-22 09:48:58,16.0
1095,2022-10-22 09:53:58,16.5
1096,2022-10-22 09:58:58,16.5
1097,2022-10-22 10:03:58,16.5
1098,2022-10-22 10:08:58,16.5
1099,2022-10-22 10:13:58,17.0
1100,2022-10-22 10:18:58,17.0
1101,2022-10-22 10:23:58,17.0
1102,2022-10-22 10:28:58,17.0
1103,2022-10-22 10:33:58,17.0
1104,2022-10-22 10:38:58,17.0
1105,2022-10-22 10:43:58,17.0
1106,2022-10-22 10:48:58,17.5
1107,2022-10-22 10:53:58,17.5
1108,2022-10-22 10:58:58,17.5
1109,2022-10-22 11:03:58,17.5
1110,2022-10-22 11:08:58,17.5
1111,2022-10-22 11:13:58,17.5
1112,2022-10-22 11:18:58,17.5
1113,2022-10-22 11:23:58,18.0
1114,2022-10-22 11:28:58,18.0
1115,2022-10-22 11:33:58,18.0
1116,2022-10-22 11:38:58,18.5
1117,2022-10-22 11:43:58,18.5
1118,2022-10-22 11:48:58,19.0
1119,2022-10-22 11:53:58,19.5
1120,2022-10-22 11:58:58,19.5
1121,2022-10-22 12:03:58,19.5
1122,2022-10-22 12:08:58,19.0
1123,2022-10-22 12:13:58,19.0
1124,2022-10-22 12:18:58,18.5
1125,2022-10-22 12:23:58,18.5
1126,2022-10-22 12:28:58,18.5
1127,2022-10-22 12:33:58,18.5
1128,2022-10-22 12:38:58,18.0
1129,2022-10-22 12:43:58,18.0
1130,2022-10-22 12:48:58,18.0
1131,2022-10-22 12:53:58,18.0
1132,2022-10-22 12:58:58,17.5
1133,2022-10-22 13:03:58,18.0
1134,2022-10-22 13:08:58,18.5
1135,2022-10-22 13:13:58,19.0
1136,2022-10-22 13:18:58,19.0
1137,2022-10-22 13:23:58,19.0
1138,2022-10-22 13:28:58,18.5
1139,2022-10-22 13:33:58,18.5
1140,2022-10-22 13:38:58,18.5
1141,2022-10-22 13:43:58,18.5
1142,2022-10-22 13:48:58,18.5
1143,2022-10-22 13:53:58,18.0
1144,2022-10-22 13:58:58,18.0
1145,2022-10-22 14:03:58,18.0
1146,2022-10-22 14:08:58,17.5
1147,2022-10-22 14:13:58,17.5
1148,2022-10-22 14:18:58,17.5
1149,2022-10-22 14:23:58,17.5
1150,2022-10-22 14:28:58,17.5
1151,2022-10-22 14:33:58,17.5
1152,2022-10-22 14:38:58,17.0
1153,2022-10-22 14:43:58,17.0
1154,2022-10-22 14:48:58,17.0
1155,2022-10-22 14:53:58,17.0
1156,2022-10-22 14:58:58,17.0
1157,2022-10-22 15:03:58,17.0
1158,2022-10-22 15:08:58,17.0
1159,2022-10-22 15:13:58,17.0
1160,2022-10-22 15:18:58,16.5
1161,2022-10-22 15:23:58,16.5
1162,2022-10-22 15:28:58,16.5
1163,2022-10-22 15:33:58,16.5
1164,2022-10-22 15:38:58,16.5
1165,2022-10-22 15:43:58,16.5
1166,2022-10-22 15:48:58,16.5
1167,2022-10-22 15:53:58,16.5
1168,2022-10-22 15:58:58,16.5
1169,2022-10-22 16:03:58,16.5
1170,2022-10-22 16:08:58,16.5
1171,2022-10-22 16:13:58,16.5
1172,2022-10-22 16:18:58,16.5
1173,2022-10-22 16:23:58,16.5
1174,2022-10-22 16:28:58,16.5
1175,2022-10-22 16:33:58,16.5
1176,2022-10-22 16:38:58,16.5
1177,2022-10-22 16:43:58,16.5
1178,2022-10-22 16:48:58,16.5
1179,2022-10-22 16:53:58,16.5
1180,2022-10-22 16:58:58,16.5
1181,2022-10-22 17:03:58,16.5
1182,2022-10-22 17:08:58,16.5
1183,2022-10-22 17:13:58,16.0
1184,2022-10-22 17:18:58,16.0
1185,2022-10-22 17:23:58,16.0
1186,2022-10-22 17:28:58,16.0
1187,2022-10-22 17:33:58,16.0
1188,2022-10-22 17:38:58,16.0
1189,2022-10-22 17:43:58,16.0
1190,2022-10-22 17:48:58,16.0
1191,2022-10-22 17:53:58,16.0
1192,2022-10-22 17:58:58,16.0
1193,2022-10-22 18:03:58,16.0
1194,2022-10-22 18:08:58,16.0
1195,2022-10-22 18:13:58,16.0
1196,2022-10-22 18:18:58,16.0
1197,2022-10-22 18:23:58,16.0
1198,2022-10-22 18:28:58,16.0
1199,2022-10-22 18:33:58,16.0
1200,2022-10-22 18:38:58,16.0
1201,2022-10-22 18:43:58,16.0
1202,2022-10-22 18:48:58,16.0
1203,2022-10-22 18:53:58,16.0
1204,2022-10-22 18:58:58,16.0
1205,2022-10-22 19:03:58,16.0
1206,2022-10-22 19:08:58,16.0
1207,2022-10-22 19:13:58,16.0
1208,2022-10-22 19:18:58,16.0
1209,2022-10-22 19:23:58,16.0
1210,2022-10-22 19:28:58,16.0
1211,2022-10-22 19:33:58,16.0
1212,2022-10-22 19:38:58,15.5
1213,2022-10-22 19:43:58,15.5
1214,2022-10-22 19:48:58,15.5
1215,2022-10-22 19:53:58,15.5
1216,2022-10-22 19:58:58,15.5
1217,2022-10-22 20:03:58,15.5
1218,2022-10-22 20:08:58,15.5
1219,2022-10-22 20:13:58,15.5
1220,2022-10-22 20:18:58,15.5
1221,2022-10-22 20:23:58,15.5
1222,2022-10-22 20:28:58,15.5
1223,2022-10-22 20:33:58,15.5
1224,2022-10-22 20:38:58,15.5
1225,2022-10-22 20:43:58,15.5
1226,2022-10-22 20:48:58,15.5
1227,2022-10-22 20:53:58,15.5
1228,2022-10-22 20:58:58,15.5
1229,2022-10-22 21:03:58,15.5
1230,2022-10-22 21:08:58,15.5
1231,2022-10-22 21:13:58,15.5
1232,2022-10-22 21:18:58,15.5
1233,2022-10-22 21:23:58,15.5
1234,2022-10-22 21:28:58,15.5
1235,2022-10-22 21:33:58,15.5
1236,2022-10-22 21:38:58,15.5
1237,2022-10-22 21:43:58,15.5
1238,2022-10-22 21:48:58,15.5
1239,2022-10-22 21:53:58,15.5
1240,2022-10-22 21:58:58,15.5
1241,2022-10-22 22:03:58,15.5
1242,2022-10-22 22:08:58,15.5
1243,2022-10-22 22:13:58,15.0
1244,2022-10-22 22:18:58,15.0
1245,2022-10-22 22:23:58,15.0
1246,2022-10-22 22:28:58,15.0
1247,2022-10-22 22:33:58,15.0
1248,2022-10-22 22:38:58,15.0
1249,2022-10-22 22:43:58,15.0
1250,2022-10-22 22:48:58,15.0
1251,2022-10-22 22:53:58,15.0
1252,2022-10-22 22:58:58,15.0
1253,2022-10-22 23:03:58,15.0
1254,2022-10-22 23:08:58,15.0
1255,2022-10-22 23:13:58,15.0
1256,2022-10-22 23:18:58,15.0
1257,2022-10-22 23:23:58,15.0
1258,2022-10-22 23:28:58,15.0
1259,2022-10-22 23:33:58,15.0
1260,2022-10-22 23:38:58,15.0
1261,2022-10-22 23:43:58,15.0
1262,2022-10-22 23:48:58,15.0
1263,2022-10-22 23:53:58,15.0
1264,2022-10-22 23:58:58,15.0
1265,2022-10-23 00:03:58,15.0
1266,2022-10-23 00:08:58,15.0
1267,2022-10-23 00:13:58,15.0
1268,2022-10-23 00:18:58,15.0
1269,2022-10-23 00:23:58,15.0
1270,2022-10-23 00:28:58,15.0
1271,2022-10-23 00:33:58,15.0
1272,2022-10-23 00:38:58,15.0
1273,2022-10-23 00:43:58,15.0
1274,2022-10-23 00:48:58,15.0
1275,2022-10-23 00:53:58,15.0
1276,2022-10-23 00:58:58,15.0
1277,2022-10-23 01:03:58,15.0
1278,2022-10-23 01:08:58,15.0
1279,2022-10-23 01:13:58,15.0
1280,2022-10-23 01:18:58,14.5
1281,2022-10-23 01:23:58,14.5
1282,2022-10-23 01:28:58,14.5
1283,2022-10-23 01:33:58,14.5
1284,2022-10-23 01:38:58,14.5
1285,2022-10-23 01:43:58,14.5
1286,2022-10-23 01:48:58,14.5
1287,2022-10-23 01:53:58,14.5
1288,2022-10-23 01:58:58,14.5
1289,2022-10-23 02:03:58,14.5
1290,2022-10-23 02:08:58,14.5
1291,2022-10-23 02:13:58,14.5
1292,2022-10-23 02:18:58,14.5
1293,2022-10-23 02:23:58,14.5
1294,2022-10-23 02:28:58,14.5
1295,2022-10-23 02:33:58,14.5
1296,2022-10-23 02:38:58,14.5
1297,2022-10-23 02:43:58,14.5
1298,2022-10-23 02:48:58,14.5
1299,2022-10-23 02:53:58,14.5
1300,2022-10-23 02:58:58,14.5
1301,2022-10-23 03:03:58,14.5
1302,2022-10-23 03:08:58,14.5
1303,2022-10-23 03:13:58,14.5
1304,2022-10-23 03:18:58,14.5
1305,2022-10-23 03:23:58,14.5
1306,2022-10-23 03:28:58,14.5
1307,2022-10-23 03:33:58,14.5
1308,2022-10-23 03:38:58,14.5
1309,2022-10-23 03:43:58,14.5
1310,2022-10-23 03:48:58,14.5
1311,2022-10-23 03:53:58,14.5
1312,2022-10-23 03:58:58,14.5
1313,2022-10-23 04:03:58,14.5
1314,2022-10-23 04:08:58,14.5
1315,2022-10-23 04:13:58,14.5
1316,2022-10-23 04:18:58,14.5
1317,2022-10-23 04:23:58,14.5
1318,2022-10-23 04:28:58,14.5
1319,2022-10-23 04:33:58,14.5
1320,2022-10-23 04:38:58,14.5
1321,2022-10-23 04:43:58,14.5
1322,2022-10-23 04:48:58,14.5
1323,2022-10-23 04:53:58,14.5
1324,2022-10-23 04:58:58,14.5
1325,2022-10-23 05:03:58,14.5
1326,2022-10-23 05:08:58,14.5
1327,2022-10-23 05:13:58,14.5
1328,2022-10-23 05:18:58,14.5
1329,2022-10-23 05:23:58,14.5
1330,2022-10-23 05:28:58,14.5
1331,2022-10-23 05:33:58,14.5
1332,2022-10-23 05:38:58,14.5
1333,2022-10-23 05:43:58,14.5
1334,2022-10-23 05:48:58,14.5
1335,2022-10-23 05:53:58,14.5
1336,2022-10-23 05:58:58,14.5
1337,2022-10-23 06:03:58,14.5
1338,2022-10-23 06:08:58,14.5
1339,2022-10-23 06:13:58,14.5
1340,2022-10-23 06:18:58,14.5
1341,2022-10-23 06:23:58,14.5
1342,2022-10-23 06:28:58,14.5
1343,2022-10-23 06:33:58,14.5
1344,2022-10-23 06:38:58,14.5
1345,2022-10-23 06:43:58,14.5
1346,2022-10-23 06:48:58,14.5
1347,2022-10-23 06:53:58,14.5
1348,2022-10-23 06:58:58,14.5
1349,2022-10-23 07:03:58,14.5
1350,2022-10-23 07:08:58,14.5
1351,2022-10-23 07:13:58,14.5
1352,2022-10-23 07:18:58,14.5
1353,2022-10-23 07:23:58,14.5
1354,2022-10-23 07:28:58,14.5
1355,2022-10-23 07:33:58,14.5
1356,2022-10-23 07:38:58,14.5
1357,2022-10-23 07:43:58,14.5
1358,2022-10-23 07:48:58,14.5
1359,2022-10-23 07:53:58,14.5
1360,2022-10-23 07:58:58,14.5
1361,2022-10-23 08:03:58,14.5
1362,2022-10-23 08:08:58,14.5
1363,2022-10-23 08:13:58,14.5
1364,2022-10-23 08:18:58,14.5
1365,2022-10-23 08:23:58,14.5
1366,2022-10-23 08:28:58,14.5
1367,2022-10-23 08:33:58,14.0
1368,2022-10-23 08:38:58,14.5
1369,2022-10-23 08:43:58,14.0
1370,2022-10-23 08:48:58,14.5
1371,2022-10-23 08:53:58,14.0
1372,2022-10-23 08:58:58,14.0
1373,2022-10-23 09:03:58,14.0
1374,2022-10-23 09:08:58,14.0
1375,2022-10-23 09:13:58,14.0
1376,2022-10-23 09:18:58,14.0
1377,2022-10-23 09:23:58,14.0
1378,2022-10-23 09:28:58,14.0
1379,2022-10-23 09:33:58,14.0
1380,2022-10-23 09:38:58,14.0
1381,2022-10-23 09:43:58,14.5
1382,2022-10-23 09:48:58,14.5
1383,2022-10-23 09:53:58,15.0
1384,2022-10-23 09:58:58,15.5
1385,2022-10-23 10:03:58,16.0
1386,2022-10-23 10:08:58,16.5
1387,2022-10-23 10:13:58,17.0
1388,2022-10-23 10:18:58,17.0
1389,2022-10-23 10:23:58,17.5
1390,2022-10-23 10:28:58,18.0
1391,2022-10-23 10:33:58,18.5
1392,2022-10-23 10:38:58,18.5
1393,2022-10-23 10:43:58,19.0
1394,2022-10-23 10:48:58,19.0
1395,2022-10-23 10:53:58,19.5
1396,2022-10-23 10:58:58,19.5
1397,2022-10-23 11:03:58,19.5
1398,2022-10-23 11:08:58,19.5
1399,2022-10-23 11:13:58,19.5
1400,2022-10-23 11:18:58,19.5
1401,2022-10-23 11:23:58,19.5
1402,2022-10-23 11:28:58,19.0
1403,2022-10-23 11:33:58,19.0
1404,2022-10-23 11:38:58,19.0
1405,2022-10-23 11:43:58,18.5
1406,2022-10-23 11:48:58,18.5
1407,2022-10-23 11:53:58,18.5
1408,2022-10-23 11:58:58,18.5
1409,2022-10-23 12:03:58,18.0
1410,2022-10-23 12:08:58,18.0
1411,2022-10-23 12:13:58,18.0
1412,2022-10-23 12:18:58,18.0
1413,2022-10-23 12:23:58,18.0
1414,2022-10-23 12:28:58,18.5
1415,2022-10-23 12:33:58,18.5
1416,2022-10-23 12:38:58,18.5
1417,2022-10-23 12:43:58,18.5
1418,2022-10-23 12:48:58,18.5
1419,2022-10-23 12:53:58,18.5
1420,2022-10-23 12:58:58,18.5
1421,2022-10-23 13:03:58,18.5
1422,2022-10-23 13:08:58,18.5
1423,2022-10-23 13:13:58,18.5
1424,2022-10-23 13:18:58,18.5
1425,2022-10-23 13:23:58,19.0
1426,2022-10-23 13:28:58,19.0
1427,2022-10-23 13:33:58,19.0
1428,2022-10-23 13:38:58,19.0
1429,2022-10-23 13:43:58,19.0
1430,2022-10-23 13:48:58,19.0
1431,2022-10-23 13:53:58,19.0
1432,2022-10-23 13:58:58,19.0
1433,2022-10-23 14:03:58,19.0
1434,2022-10-23 14:08:58,19.0
1435,2022-10-23 14:13:58,19.0
1436,2022-10-23 14:18:58,19.0
1437,2022-10-23 14:23:58,19.0
1438,2022-10-23 14:28:58,19.0
1439,2022-10-23 14:33:58,19.0
1440,2022-10-23 14:38:58,19.0
1441,2022-10-23 14:43:58,19.0
1442,2022-10-23 14:48:58,19.0
1443,2022-10-23 14:53:58,19.0
1444,2022-10-23 14:58:58,19.0
1445,2022-10-23 15:03:58,19.0
1446,2022-10-23 15:08:58,19.5
1447,2022-10-23 15:13:58,19.5
1448,2022-10-23 15:18:58,19.5
1449,2022-10-23 15:23:58,19.5
1450,2022-10-23 15:28:58,19.5
1451,2022-10-23 15:33:58,19.5
1452,2022-10-23 15:38:58,19.5
1453,2022-10-23 15:43:58,19.5
1454,2022-10-23 15:48:58,19.5
1455,2022-10-23 15:53:58,19.5
1456,2022-10-23 15:58:58,19.5
1457,2022-10-23 16:03:58,19.5
1458,2022-10-23 16:08:58,19.5
1459,2022-10-23 16:13:58,19.5
1460,2022-10-23 16:18:58,19.5
1461,2022-10-23 16:23:58,19.5
1462,2022-10-23 16:28:58,19.5
1463,2022-10-23 16:33:58,19.5
1464,2022-10-23 16:38:58,19.5
1465,2022-10-23 16:43:58,19.5
1466,2022-10-23 16:48:58,19.5
1467,2022-10-23 16:53:58,19.5
1468,2022-10-23 16:58:58,19.5
1469,2022-10-23 17:03:58,19.0
1470,2022-10-23 17:08:58,19.0
1471,2022-10-23 17:13:58,19.0
1472,2022-10-23 17:18:58,19.0
1473,2022-10-23 17:23:58,19.0
1474,2022-10-23 17:28:58,19.0
1475,2022-10-23 17:33:58,19.0
1476,2022-10-23 17:38:58,19.0
1477,2022-10-23 17:43:58,19.0
1478,2022-10-23 17:48:58,19.0
1479,2022-10-23 17:53:58,19.0
1480,2022-10-23 17:58:58,19.0
1481,2022-10-23 18:03:58,19.0
1482,2022-10-23 18:08:58,19.0
1483,2022-10-23 18:13:58,18.5
1484,2022-10-23 18:18:58,18.5
1485,2022-10-23 18:23:58,18.5
1486,2022-10-23 18:28:58,18.5
1487,2022-10-23 18:33:58,18.5
1488,2022-10-23 18:38:58,18.5
1489,2022-10-23 18:43:58,18.5
1490,2022-10-23 18:48:58,18.5
1491,2022-10-23 18:53:58,18.5
1492,2022-10-23 18:58:58,18.5
1493,2022-10-23 19:03:58,18.5
1494,2022-10-23 19:08:58,18.5
1495,2022-10-23 19:13:58,18.5
1496,2022-10-23 19:18:58,18.5
1497,2022-10-23 19:23:58,18.5
1498,2022-10-23 19:28:58,18.5
1499,2022-10-23 19:33:58,18.5
1500,2022-10-23 19:38:58,18.5
1501,2022-10-23 19:43:58,18.5
1502,2022-10-23 19:48:58,18.5
1503,2022-10-23 19:53:58,18.5
1504,2022-10-23 19:58:58,18.5
1505,2022-10-23 20:03:58,18.5
1506,2022-10-23 20:08:58,18.5
1507,2022-10-23 20:13:58,18.5
1508,2022-10-23 20:18:58,18.5
1509,2022-10-23 20:23:58,18.5
1510,2022-10-23 20:28:58,18.5
1511,2022-10-23 20:33:58,18.5
1512,2022-10-23 20:38:58,18.5
1513,2022-10-23 20:43:58,18.5
1514,2022-10-23 20:48:58,18.5
1515,2022-10-23 20:53:58,18.5
1516,2022-10-23 20:58:58,18.5
1517,2022-10-23 21:03:58,18.5
1518,2022-10-23 21:08:58,18.5
1519,2022-10-23 21:13:58,18.5
1520,2022-10-23 21:18:58,18.5
1521,2022-10-23 21:23:58,18.5
1522,2022-10-23 21:28:58,18.5
1523,2022-10-23 21:33:58,18.5
1524,2022-10-23 21:38:58,18.5
1525,2022-10-23 21:43:58,18.5
1526,2022-10-23 21:48:58,18.5
1527,2022-10-23 21:53:58,18.0
1528,2022-10-23 21:58:58,18.0
1529,2022-10-23 22:03:58,18.0
1530,2022-10-23 22:08:58,18.0
1531,2022-10-23 22:13:58,18.0
1532,2022-10-23 22:18:58,18.0
1533,2022-10-23 22:23:58,18.0
1534,2022-10-23 22:28:58,18.0
1535,2022-10-23 22:33:58,18.0
1536,2022-10-23 22:38:58,17.5
1537,2022-10-23 22:43:58,17.5
1538,2022-10-23 22:48:58,17.5
1539,2022-10-23 22:53:58,17.5
1540,2022-10-23 22:58:58,17.5
1541,2022-10-23 23:03:58,17.5
1542,2022-10-23 23:08:58,17.5
1543,2022-10-23 23:13:58,17.5
1544,2022-10-23 23:18:58,17.5
1545,2022-10-23 23:23:58,17.5
1546,2022-10-23 23:28:58,17.5
1547,2022-10-23 23:33:58,17.0
1548,2022-10-23 23:38:58,17.0
1549,2022-10-23 23:43:58,17.0
1550,2022-10-23 23:48:58,17.0
1551,2022-10-23 23:53:58,17.0
1552,2022-10-23 23:58:58,17.0
1553,2022-10-24 00:03:58,17.0
1554,2022-10-24 00:08:58,17.0
1555,2022-10-24 00:13:58,17.0
1556,2022-10-24 00:18:58,17.0
1557,2022-10-24 00:23:58,17.0
1558,2022-10-24 00:28:58,17.0
1559,2022-10-24 00:33:58,17.0
1560,2022-10-24 00:38:58,17.0
1561,2022-10-24 00:43:58,16.5
1562,2022-10-24 00:48:58,16.5
1563,2022-10-24 00:53:58,16.5
1564,2022-10-24 00:58:58,16.5
1565,2022-10-24 01:03:58,16.5
1566,2022-10-24 01:08:58,16.5
1567,2022-10-24 01:13:58,16.5
1568,2022-10-24 01:18:58,16.5
1569,2022-10-24 01:23:58,16.5
1570,2022-10-24 01:28:58,16.5
1571,2022-10-24 01:33:58,16.5
1572,2022-10-24 01:38:58,16.5
1573,2022-10-24 01:43:58,16.5
1574,2022-10-24 01:48:58,16.5
1575,2022-10-24 01:53:58,16.5
1576,2022-10-24 01:58:58,16.5
1577,2022-10-24 02:03:58,16.5
1578,2022-10-24 02:08:58,16.5
1579,2022-10-24 02:13:58,16.5
1580,2022-10-24 02:18:58,16.5
1581,2022-10-24 02:23:58,16.0
1582,2022-10-24 02:28:58,16.0
1583,2022-10-24 02:33:58,16.0
1584,2022-10-24 02:38:58,16.0
1585,2022-10-24 02:43:58,16.0
1586,2022-10-24 02:48:58,16.0
1587,2022-10-24 02:53:58,16.0
1588,2022-10-24 02:58:58,16.0
1589,2022-10-24 03:03:58,16.0
1590,2022-10-24 03:08:58,16.0
1591,2022-10-24 03:13:58,16.0
1592,2022-10-24 03:18:58,16.0
1593,2022-10-24 03:23:58,16.0
1594,2022-10-24 03:28:58,16.0
1595,2022-10-24 03:33:58,16.0
1596,2022-10-24 03:38:58,16.0
1597,2022-10-24 03:43:58,16.0
1598,2022-10-24 03:48:58,16.0
1599,2022-10-24 03:53:58,16.0
1600,2022-10-24 03:58:58,16.0
1601,2022-10-24 04:03:58,16.0
1602,2022-10-24 04:08:58,16.0
1603,2022-10-24 04:13:58,16.0
1604,2022-10-24 04:18:58,16.0
1605,2022-10-24 04:23:58,16.0
1606,2022-10-24 04:28:58,16.0
1607,2022-10-24 04:33:58,16.0
1608,2022-10-24 04:38:58,16.0
1609,2022-10-24 04:43:58,16.0
1610,2022-10-24 04:48:58,16.0
1611,2022-10-24 04:53:58,15.5
1612,2022-10-24 04:58:58,15.5
1613,2022-10-24 05:03:58,15.5
1614,2022-10-24 05:08:58,15.5
1615,2022-10-24 05:13:58,15.5
1616,2022-10-24 05:18:58,15.5
1617,2022-10-24 05:23:58,15.5
1618,2022-10-24 05:28:58,15.5
1619,2022-10-24 05:33:58,15.5
1620,2022-10-24 05:38:58,15.5
1621,2022-10-24 05:43:58,15.5
1622,2022-10-24 05:48:58,15.5
1623,2022-10-24 05:53:58,15.5
1624,2022-10-24 05:58:58,15.5
1625,2022-10-24 06:03:58,15.5
1626,2022-10-24 06:08:58,15.5
1627,2022-10-24 06:13:58,15.5
1628,2022-10-24 06:18:58,15.5
1629,2022-10-24 06:23:58,15.5
1630,2022-10-24 06:28:58,15.5
1631,2022-10-24 06:33:58,15.5
1632,2022-10-24 06:38:58,15.5
1633,2022-10-24 06:43:58,15.5
1634,2022-10-24 06:48:58,15.5
1635,2022-10-24 06:53:58,15.5
1636,2022-10-24 06:58:58,15.5
1637,2022-10-24 07:03:58,15.5
1638,2022-10-24 07:08:58,15.5
1639,2022-10-24 07:13:58,15.5
1640,2022-10-24 07:18:58,15.5
1641,2022-10-24 07:23:58,15.5
1642,2022-10-24 07:28:58,15.5
1643,2022-10-24 07:33:58,15.5
1644,2022-10-24 07:38:58,15.5
1645,2022-10-24 07:43:58,15.5
1646,2022-10-24 07:48:58,15.5
1647,2022-10-24 07:53:58,15.5
1648,2022-10-24 07:58:58,16.0
1649,2022-10-24 08:03:58,16.0
1650,2022-10-24 08:08:58,16.0
1651,2022-10-24 08:13:58,16.0
1652,2022-10-24 08:18:58,16.0
1653,2022-10-24 08:23:58,16.5
1654,2022-10-24 08:28:58,17.0
1655,2022-10-24 08:33:58,17.0
1656,2022-10-24 08:38:58,17.5
1657,2022-10-24 08:43:58,18.0
1658,2022-10-24 08:48:58,18.5
1659,2022-10-24 08:53:58,18.5
1660,2022-10-24 08:58:58,18.5
1661,2022-10-24 09:03:58,19.0
1662,2022-10-24 09:08:58,19.0
1663,2022-10-24 09:13:58,19.0
1664,2022-10-24 09:18:58,18.5
1665,2022-10-24 09:23:58,18.5
1666,2022-10-24 09:28:58,18.5
1667,2022-10-24 09:33:58,18.5
1668,2022-10-24 09:38:58,18.5
1669,2022-10-24 09:43:58,18.5
1670,2022-10-24 09:48:58,18.5
1671,2022-10-24 09:53:58,18.5
1672,2022-10-24 09:58:58,18.5
1673,2022-10-24 10:03:58,18.5
1674,2022-10-24 10:08:58,18.5
1675,2022-10-24 10:13:58,18.5
1676,2022-10-24 10:18:58,18.5
1677,2022-10-24 10:23:58,18.0
1678,2022-10-24 10:28:58,18.0
1679,2022-10-24 10:33:58,18.0
1680,2022-10-24 10:38:58,18.0
1681,2022-10-24 10:43:58,18.0
1682,2022-10-24 10:48:58,18.0
1683,2022-10-24 10:53:58,18.5
1684,2022-10-24 10:58:58,18.5
1685,2022-10-24 11:03:58,18.5
1686,2022-10-24 11:08:58,19.0
1687,2022-10-24 11:13:58,19.0
1688,2022-10-24 11:18:58,18.5
1689,2022-10-24 11:23:58,18.5
1690,2022-10-24 11:28:58,18.5
1691,2022-10-24 11:33:58,18.5
1692,2022-10-24 11:38:58,18.5
1693,2022-10-24 11:43:58,18.5
1694,2022-10-24 11:48:58,18.5
1695,2022-10-24 11:53:58,18.5
1696,2022-10-24 11:58:58,18.5
1697,2022-10-24 12:03:58,18.5
1698,2022-10-24 12:08:58,18.5
1699,2022-10-24 12:13:58,18.5
1700,2022-10-24 12:18:58,19.0
1701,2022-10-24 12:23:58,19.0
1702,2022-10-24 12:28:58,19.0
1703,2022-10-24 12:33:58,19.0
1704,2022-10-24 12:38:58,19.0
1705,2022-10-24 12:43:58,19.0
1706,2022-10-24 12:48:58,19.0
1707,2022-10-24 12:53:58,19.0
1708,2022-10-24 12:58:58,19.0
1709,2022-10-24 13:03:58,19.0
1710,2022-10-24 13:08:58,19.0
1711,2022-10-24 13:13:58,19.0
1712,2022-10-24 13:18:58,19.0
1713,2022-10-24 13:23:58,18.5
1714,2022-10-24 13:28:58,18.5
1715,2022-10-24 13:33:58,18.5
1716,2022-10-24 13:38:58,18.5
1717,2022-10-24 13:43:58,18.5
1718,2022-10-24 13:48:58,18.5
1719,2022-10-24 13:53:58,18.0
1720,2022-10-24 13:58:58,18.0
1721,2022-10-24 14:03:58,18.0
1722,2022-10-24 14:08:58,18.0
1723,2022-10-24 14:13:58,18.0
1724,2022-10-24 14:18:58,18.0
1725,2022-10-24 14:23:58,17.5
1726,2022-10-24 14:28:58,17.5
1727,2022-10-24 14:33:58,17.5
1728,2022-10-24 14:38:58,17.5
1729,2022-10-24 14:43:58,17.5
1730,2022-10-24 14:48:58,17.5
1731,2022-10-24 14:53:58,17.5
1732,2022-10-24 14:58:58,17.5
1733,2022-10-24 15:03:58,17.5
1734,2022-10-24 15:08:58,17.5
1735,2022-10-24 15:13:58,17.5
1736,2022-10-24 15:18:58,17.5
1737,2022-10-24 15:23:58,17.5
1738,2022-10-24 15:28:58,17.5
1739,2022-10-24 15:33:58,17.5
1740,2022-10-24 15:38:58,17.5
1741,2022-10-24 15:43:58,17.5
1742,2022-10-24 15:48:58,17.5
1743,2022-10-24 15:53:58,17.5
1744,2022-10-24 15:58:58,17.5
1745,2022-10-24 16:03:58,17.5
1746,2022-10-24 16:08:58,17.5
1747,2022-10-24 16:13:58,17.5
1748,2022-10-24 16:18:58,17.5
1749,2022-10-24 16:23:58,17.5
1750,2022-10-24 16:28:58,17.5
1751,2022-10-24 16:33:58,17.5
1752,2022-10-24 16:38:58,17.5
1753,2022-10-24 16:43:58,17.5
1754,2022-10-24 16:48:58,17.5
1755,2022-10-24 16:53:58,17.5
1756,2022-10-24 16:58:58,17.5
1757,2022-10-24 17:03:58,17.5
1758,2022-10-24 17:08:58,17.5
1759,2022-10-24 17:13:58,17.5
1760,2022-10-24 17:18:58,17.5
1761,2022-10-24 17:23:58,17.5
1762,2022-10-24 17:28:58,17.5
1763,2022-10-24 17:33:58,17.5
1764,2022-10-24 17:38:58,17.5
1765,2022-10-24 17:43:58,17.5
1766,2022-10-24 17:48:58,17.5
1767,2022-10-24 17:53:58,17.5
1768,2022-10-24 17:58:58,17.5
1769,2022-10-24 18:03:58,17.5
1770,2022-10-24 18:08:58,17.5
1771,2022-10-24 18:13:58,17.5
1772,2022-10-24 18:18:58,18.0
1773,2022-10-24 18:23:58,18.0
1774,2022-10-24 18:28:58,18.0
1775,2022-10-24 18:33:58,18.5
1776,2022-10-24 18:38:58,19.0
1777,2022-10-24 18:43:58,19.0
1778,2022-10-24 18:48:58,19.5
1779,2022-10-24 18:53:58,19.5
1780,2022-10-24 18:58:58,20.0
1781,2022-10-24 19:03:58,20.0
1782,2022-10-24 19:08:58,20.5
1783,2022-10-24 19:13:58,20.5
1784,2022-10-24 19:18:58,20.5
1785,2022-10-24 19:23:58,21.0
1786,2022-10-24 19:28:58,21.0
1787,2022-10-24 19:33:58,21.0
1788,2022-10-24 19:38:58,21.5
1789,2022-10-24 19:43:58,21.5
1790,2022-10-24 19:48:58,21.5
1791,2022-10-24 19:53:58,21.5
1792,2022-10-24 19:58:58,21.5
1793,2022-10-24 20:03:58,21.5
1794,2022-10-24 20:08:58,21.5
1795,2022-10-24 20:13:58,21.0
1796,2022-10-24 20:18:58,21.0
1797,2022-10-24 20:23:58,21.0
1798,2022-10-24 20:28:58,21.0
1799,2022-10-24 20:33:58,21.0
1800,2022-10-24 20:38:58,21.0
1801,2022-10-24 20:43:58,21.0
1802,2022-10-24 20:48:58,21.0
1803,2022-10-24 20:53:58,21.0
1804,2022-10-24 20:58:58,21.0
1805,2022-10-24 21:03:58,21.0
1806,2022-10-24 21:08:58,21.0
1807,2022-10-24 21:13:58,21.0
1808,2022-10-24 21:18:58,21.0
1809,2022-10-24 21:23:58,21.0
1810,2022-10-24 21:28:58,20.5
1811,2022-10-24 21:33:58,20.5
1812,2022-10-24 21:38:58,20.5
1813,2022-10-24 21:43:58,20.5
1814,2022-10-24 21:48:58,20.0
1815,2022-10-24 21:53:58,20.0
1816,2022-10-24 21:58:58,20.0
1817,2022-10-24 22:03:58,20.0
1818,2022-10-24 22:08:58,19.5
1819,2022-10-24 22:13:58,19.5
1820,2022-10-24 22:18:58,19.5
1821,2022-10-24 22:23:58,19.5
1822,2022-10-24 22:28:58,19.0
1823,2022-10-24 22:33:58,19.0
1824,2022-10-24 22:38:58,19.0
1825,2022-10-24 22:43:58,19.0
1826,2022-10-24 22:48:58,19.0
1827,2022-10-24 22:53:58,19.0
1828,2022-10-24 22:58:58,18.5
1829,2022-10-24 23:03:58,18.5
1830,2022-10-24 23:08:58,18.5
1831,2022-10-24 23:13:58,18.5
1832,2022-10-24 23:18:58,18.5
1833,2022-10-24 23:23:58,18.5
1834,2022-10-24 23:28:58,18.0
1835,2022-10-24 23:33:58,18.0
1836,2022-10-24 23:38:58,18.0
1837,2022-10-24 23:43:58,18.0
1838,2022-10-24 23:48:58,18.0
1839,2022-10-24 23:53:58,18.0
1840,2022-10-24 23:58:58,18.0
1841,2022-10-25 00:03:58,18.0
1842,2022-10-25 00:08:58,18.0
1843,2022-10-25 00:13:58,17.5
1844,2022-10-25 00:18:58,17.5
1845,2022-10-25 00:23:58,17.5
1846,2022-10-25 00:28:58,17.5
1847,2022-10-25 00:33:58,17.5
1848,2022-10-25 00:38:58,17.5
1849,2022-10-25 00:43:58,17.5
1850,2022-10-25 00:48:58,17.5
1851,2022-10-25 00:53:58,17.5
1852,2022-10-25 00:58:58,17.5
1853,2022-10-25 01:03:58,17.5
1854,2022-10-25 01:08:58,17.5
1855,2022-10-25 01:13:58,17.0
1856,2022-10-25 01:18:58,17.0
1857,2022-10-25 01:23:58,17.0
1858,2022-10-25 01:28:58,17.0
1859,2022-10-25 01:33:58,17.0
1860,2022-10-25 01:38:58,17.0
1861,2022-10-25 01:43:58,17.0
1862,2022-10-25 01:48:58,17.0
1863,2022-10-25 01:53:58,17.0
1864,2022-10-25 01:58:58,17.0
1865,2022-10-25 02:03:58,17.0
1866,2022-10-25 02:08:58,17.0
1867,2022-10-25 02:13:58,17.0
1868,2022-10-25 02:18:58,16.5
1869,2022-10-25 02:23:58,16.5
1870,2022-10-25 02:28:58,16.5
1871,2022-10-25 02:33:58,16.5
1872,2022-10-25 02:38:58,16.5
1873,2022-10-25 02:43:58,16.5
1874,2022-10-25 02:48:58,16.5
1875,2022-10-25 02:53:58,16.5
1876,2022-10-25 02:58:58,16.5
1877,2022-10-25 03:03:58,16.5
1878,2022-10-25 03:08:58,16.5
1879,2022-10-25 03:13:58,16.5
1880,2022-10-25 03:18:58,16.5
1881,2022-10-25 03:23:58,16.5
1882,2022-10-25 03:28:58,16.5
1883,2022-10-25 03:33:58,16.5
1884,2022-10-25 03:38:58,16.5
1885,2022-10-25 03:43:58,16.0
1886,2022-10-25 03:48:58,16.0
1887,2022-10-25 03:53:58,16.0
1888,2022-10-25 03:58:58,16.0
1889,2022-10-25 04:03:58,16.0
1890,2022-10-25 04:08:58,16.0
1891,2022-10-25 04:13:58,16.0
1892,2022-10-25 04:18:58,16.0
1893,2022-10-25 04:23:58,16.0
1894,2022-10-25 04:28:58,16.0
1895,2022-10-25 04:33:58,16.0
1896,2022-10-25 04:38:58,16.0
1897,2022-10-25 04:43:58,16.0
1898,2022-10-25 04:48:58,16.0
1899,2022-10-25 04:53:58,16.0
1900,2022-10-25 04:58:58,16.0
1901,2022-10-25 05:03:58,16.0
1902,2022-10-25 05:08:58,16.0
1903,2022-10-25 05:13:58,16.0
1904,2022-10-25 05:18:58,16.0
1905,2022-10-25 05:23:58,16.0
1906,2022-10-25 05:28:58,16.0
1907,2022-10-25 05:33:58,16.0
1908,2022-10-25 05:38:58,16.0
1909,2022-10-25 05:43:58,15.5
1910,2022-10-25 05:48:58,15.5
1911,2022-10-25 05:53:58,15.5
1912,2022-10-25 05:58:58,15.5
1913,2022-10-25 06:03:58,15.5
1914,2022-10-25 06:08:58,15.5
1915,2022-10-25 06:13:58,15.5
1916,2022-10-25 06:18:58,15.5
1917,2022-10-25 06:23:58,15.5
1918,2022-10-25 06:28:58,15.5
1919,2022-10-25 06:33:58,15.5
1920,2022-10-25 06:38:58,15.5
1921,2022-10-25 06:43:58,15.5
1922,2022-10-25 06:48:58,15.5
1923,2022-10-25 06:53:58,15.5
1924,2022-10-25 06:58:58,15.5
1925,2022-10-25 07:03:58,15.5
1926,2022-10-25 07:08:58,15.5
1927,2022-10-25 07:13:58,15.5
1928,2022-10-25 07:18:58,15.5
1929,2022-10-25 07:23:58,15.5
1930,2022-10-25 07:28:58,15.5
1931,2022-10-25 07:33:58,15.5
1932,2022-10-25 07:38:58,16.0
1933,2022-10-25 07:43:58,16.0
1934,2022-10-25 07:48:58,16.5
1935,2022-10-25 07:53:58,16.5
1936,2022-10-25 07:58:58,17.0
1937,2022-10-25 08:03:58,17.5
1938,2022-10-25 08:08:58,18.0
1939,2022-10-25 08:13:58,18.0
1940,2022-10-25 08:18:58,18.5
1941,2022-10-25 08:23:58,18.5
1942,2022-10-25 08:28:58,18.5
1943,2022-10-25 08:33:58,18.5
1944,2022-10-25 08:38:58,18.5
1945,2022-10-25 08:43:58,18.5
1946,2022-10-25 08:48:58,18.5
1947,2022-10-25 08:53:58,18.0
1948,2022-10-25 08:58:58,18.0
1949,2022-10-25 09:03:58,18.0
1950,2022-10-25 09:08:58,18.0
1951,2022-10-25 09:13:58,18.0
1952,2022-10-25 09:18:58,17.5
1953,2022-10-25 09:23:58,17.5
1954,2022-10-25 09:28:58,17.5
1955,2022-10-25 09:33:58,17.5
1956,2022-10-25 09:38:58,17.5
1957,2022-10-25 09:43:58,17.5
1958,2022-10-25 09:48:58,17.5
1959,2022-10-25 09:53:58,17.5
1960,2022-10-25 09:58:58,17.5
1961,2022-10-25 10:03:58,18.0
1962,2022-10-25 10:08:58,18.0
1963,2022-10-25 10:13:58,18.0
1964,2022-10-25 10:18:58,18.0
1965,2022-10-25 10:23:58,18.0
1966,2022-10-25 10:28:58,18.0
1967,2022-10-25 10:33:58,18.0
1968,2022-10-25 10:38:58,17.5
1969,2022-10-25 10:43:58,17.5
1970,2022-10-25 10:48:58,17.5
1971,2022-10-25 10:53:58,17.5
1972,2022-10-25 10:58:58,17.5
1973,2022-10-25 11:03:58,17.5
1974,2022-10-25 11:08:58,17.5
1975,2022-10-25 11:13:58,17.5
1976,2022-10-25 11:18:58,17.0
1977,2022-10-25 11:23:58,17.0
1978,2022-10-25 11:28:58,17.0
1979,2022-10-25 11:33:58,17.0
1980,2022-10-25 11:38:58,17.0
1981,2022-10-25 11:43:58,17.0
1982,2022-10-25 11:48:58,16.5
1983,2022-10-25 11:53:58,16.5
1984,2022-10-25 11:58:58,16.5
1985,2022-10-25 12:03:58,16.5
1986,2022-10-25 12:08:58,16.5
1987,2022-10-25 12:13:58,16.5
1988,2022-10-25 12:18:58,16.5
1989,2022-10-25 12:23:58,16.5
1990,2022-10-25 12:28:58,16.5
1991,2022-10-25 12:33:58,16.5
1992,2022-10-25 12:38:58,16.5
1993,2022-10-25 12:43:58,16.5
1994,2022-10-25 12:48:58,16.5
1995,2022-10-25 12:53:58,16.5
1996,2022-10-25 12:58:58,16.5
1997,2022-10-25 13:03:58,16.5
1998,2022-10-25 13:08:58,16.5
