sc_garden,Time,Celsius(°C),Serial Number
1,2022-10-18 14:53:39,18.0,052268417
2,2022-10-18 14:58:39,19.5
3,2022-10-18 15:03:39,19.0
4,2022-10-18 15:08:39,18.5
5,2022-10-18 15:13:39,21.0
6,2022-10-18 15:18:39,23.0
7,2022-10-18 15:23:39,22.0
8,2022-10-18 15:28:39,20.5
9,2022-10-18 15:33:39,19.5
10,2022-10-18 15:38:39,19.0
11,2022-10-18 15:43:39,20.0
12,2022-10-18 15:48:39,21.5
13,2022-10-18 15:53:39,20.0
14,2022-10-18 15:58:39,19.0
15,2022-10-18 16:03:39,18.5
16,2022-10-18 16:08:39,18.0
17,2022-10-18 16:13:39,18.0
18,2022-10-18 16:18:39,18.0
19,2022-10-18 16:23:39,17.5
20,2022-10-18 16:28:39,17.5
21,2022-10-18 16:33:39,17.5
22,2022-10-18 16:38:39,17.5
23,2022-10-18 16:43:39,17.5
24,2022-10-18 16:48:39,17.5
25,2022-10-18 16:53:39,17.5
26,2022-10-18 16:58:39,17.0
27,2022-10-18 17:03:39,17.0
28,2022-10-18 17:08:39,17.0
29,2022-10-18 17:13:39,17.0
30,2022-10-18 17:18:39,17.0
31,2022-10-18 17:23:39,17.0
32,2022-10-18 17:28:39,17.0
33,2022-10-18 17:33:39,17.0
34,2022-10-18 17:38:39,17.0
35,2022-10-18 17:43:39,17.0
36,2022-10-18 17:48:39,17.0
37,2022-10-18 17:53:39,17.0
38,2022-10-18 17:58:39,17.0
39,2022-10-18 18:03:39,17.0
40,2022-10-18 18:08:39,17.0
41,2022-10-18 18:13:39,17.0
42,2022-10-18 18:18:39,17.0
43,2022-10-18 18:23:39,17.0
44,2022-10-18 18:28:39,17.0
45,2022-10-18 18:33:39,17.0
46,2022-10-18 18:38:39,17.0
47,2022-10-18 18:43:39,17.0
48,2022-10-18 18:48:39,17.5
49,2022-10-18 18:53:39,17.5
50,2022-10-18 18:58:39,17.5
51,2022-10-18 19:03:39,17.5
52,2022-10-18 19:08:39,17.5
53,2022-10-18 19:13:39,17.5
54,2022-10-18 19:18:39,17.0
55,2022-10-18 19:23:39,17.0
56,2022-10-18 19:28:39,17.0
57,2022-10-18 19:33:39,17.0
58,2022-10-18 19:38:39,17.0
59,2022-10-18 19:43:39,17.0
60,2022-10-18 19:48:39,17.0
61,2022-10-18 19:53:39,17.0
62,2022-10-18 19:58:39,17.0
63,2022-10-18 20:03:39,17.0
64,2022-10-18 20:08:39,17.0
65,2022-10-18 20:13:39,17.0
66,2022-10-18 20:18:39,17.0
67,2022-10-18 20:23:39,17.0
68,2022-10-18 20:28:39,16.5
69,2022-10-18 20:33:39,16.5
70,2022-10-18 20:38:39,16.5
71,2022-10-18 20:43:39,16.5
72,2022-10-18 20:48:39,16.5
73,2022-10-18 20:53:39,16.5
74,2022-10-18 20:58:39,16.5
75,2022-10-18 21:03:39,16.5
76,2022-10-18 21:08:39,16.5
77,2022-10-18 21:13:39,16.5
78,2022-10-18 21:18:39,16.5
79,2022-10-18 21:23:39,16.5
80,2022-10-18 21:28:39,16.5
81,2022-10-18 21:33:39,16.5
82,2022-10-18 21:38:39,16.5
83,2022-10-18 21:43:39,16.5
84,2022-10-18 21:48:39,16.5
85,2022-10-18 21:53:39,16.5
86,2022-10-18 21:58:39,16.5
87,2022-10-18 22:03:39,16.5
88,2022-10-18 22:08:39,16.5
89,2022-10-18 22:13:39,16.5
90,2022-10-18 22:18:39,16.5
91,2022-10-18 22:23:39,16.5
92,2022-10-18 22:28:39,16.5
93,2022-10-18 22:33:39,16.5
94,2022-10-18 22:38:39,16.5
95,2022-10-18 22:43:39,16.5
96,2022-10-18 22:48:39,16.5
97,2022-10-18 22:53:39,16.5
98,2022-10-18 22:58:39,16.5
99,2022-10-18 23:03:39,16.5
100,2022-10-18 23:08:39,16.5
101,2022-10-18 23:13:39,16.5
102,2022-10-18 23:18:39,16.5
103,2022-10-18 23:23:39,16.0
104,2022-10-18 23:28:39,16.0
105,2022-10-18 23:33:39,16.0
106,2022-10-18 23:38:39,16.0
107,2022-10-18 23:43:39,16.0
108,2022-10-18 23:48:39,16.0
109,2022-10-18 23:53:39,16.0
110,2022-10-18 23:58:39,16.0
111,2022-10-19 00:03:39,16.0
112,2022-10-19 00:08:39,16.0
113,2022-10-19 00:13:39,16.0
114,2022-10-19 00:18:39,16.0
115,2022-10-19 00:23:39,16.0
116,2022-10-19 00:28:39,16.0
117,2022-10-19 00:33:39,16.0
118,2022-10-19 00:38:39,16.0
119,2022-10-19 00:43:39,16.0
120,2022-10-19 00:48:39,16.0
121,2022-10-19 00:53:39,16.0
122,2022-10-19 00:58:39,16.0
123,2022-10-19 01:03:39,16.0
124,2022-10-19 01:08:39,16.0
125,2022-10-19 01:13:39,16.0
126,2022-10-19 01:18:39,16.0
127,2022-10-19 01:23:39,16.0
128,2022-10-19 01:28:39,16.0
129,2022-10-19 01:33:39,16.0
130,2022-10-19 01:38:39,16.0
131,2022-10-19 01:43:39,16.0
132,2022-10-19 01:48:39,16.0
133,2022-10-19 01:53:39,16.0
134,2022-10-19 01:58:39,16.0
135,2022-10-19 02:03:39,16.0
136,2022-10-19 02:08:39,16.0
137,2022-10-19 02:13:39,16.0
138,2022-10-19 02:18:39,16.0
139,2022-10-19 02:23:39,16.0
140,2022-10-19 02:28:39,16.0
141,2022-10-19 02:33:39,16.0
142,2022-10-19 02:38:39,16.0
143,2022-10-19 02:43:39,16.0
144,2022-10-19 02:48:39,15.5
145,2022-10-19 02:53:39,15.5
146,2022-10-19 02:58:39,15.5
147,2022-10-19 03:03:39,15.5
148,2022-10-19 03:08:39,15.5
149,2022-10-19 03:13:39,15.5
150,2022-10-19 03:18:39,15.5
151,2022-10-19 03:23:39,15.5
152,2022-10-19 03:28:39,15.5
153,2022-10-19 03:33:39,15.5
154,2022-10-19 03:38:39,15.5
155,2022-10-19 03:43:39,15.5
156,2022-10-19 03:48:39,15.5
157,2022-10-19 03:53:39,15.5
158,2022-10-19 03:58:39,15.5
159,2022-10-19 04:03:39,15.5
160,2022-10-19 04:08:39,15.5
161,2022-10-19 04:13:39,15.5
162,2022-10-19 04:18:39,15.5
163,2022-10-19 04:23:39,15.5
164,2022-10-19 04:28:39,15.5
165,2022-10-19 04:33:39,15.5
166,2022-10-19 04:38:39,15.5
167,2022-10-19 04:43:39,15.5
168,2022-10-19 04:48:39,15.5
169,2022-10-19 04:53:39,15.5
170,2022-10-19 04:58:39,15.5
171,2022-10-19 05:03:39,15.5
172,2022-10-19 05:08:39,15.5
173,2022-10-19 05:13:39,15.5
174,2022-10-19 05:18:39,15.5
175,2022-10-19 05:23:39,15.5
176,2022-10-19 05:28:39,15.5
177,2022-10-19 05:33:39,15.5
178,2022-10-19 05:38:39,15.5
179,2022-10-19 05:43:39,15.5
180,2022-10-19 05:48:39,15.5
181,2022-10-19 05:53:39,15.5
182,2022-10-19 05:58:39,15.5
183,2022-10-19 06:03:39,15.5
184,2022-10-19 06:08:39,15.5
185,2022-10-19 06:13:39,15.5
186,2022-10-19 06:18:39,15.5
187,2022-10-19 06:23:39,15.5
188,2022-10-19 06:28:39,15.5
189,2022-10-19 06:33:39,15.5
190,2022-10-19 06:38:39,15.5
191,2022-10-19 06:43:39,15.5
192,2022-10-19 06:48:39,15.5
193,2022-10-19 06:53:39,15.5
194,2022-10-19 06:58:39,15.5
195,2022-10-19 07:03:39,15.5
196,2022-10-19 07:08:39,15.5
197,2022-10-19 07:13:39,15.5
198,2022-10-19 07:18:39,15.5
199,2022-10-19 07:23:39,15.5
200,2022-10-19 07:28:39,15.5
201,2022-10-19 07:33:39,15.5
202,2022-10-19 07:38:39,15.5
203,2022-10-19 07:43:39,15.5
204,2022-10-19 07:48:39,15.5
205,2022-10-19 07:53:39,15.5
206,2022-10-19 07:58:39,15.5
207,2022-10-19 08:03:39,15.5
208,2022-10-19 08:08:39,15.5
209,2022-10-19 08:13:39,15.5
210,2022-10-19 08:18:39,15.5
211,2022-10-19 08:23:39,16.0
212,2022-10-19 08:28:39,16.0
213,2022-10-19 08:33:39,16.0
214,2022-10-19 08:38:39,16.0
215,2022-10-19 08:43:39,16.0
216,2022-10-19 08:48:39,16.0
217,2022-10-19 08:53:39,16.0
218,2022-10-19 08:58:39,16.0
219,2022-10-19 09:03:39,16.0
220,2022-10-19 09:08:39,16.0
221,2022-10-19 09:13:39,16.0
222,2022-10-19 09:18:39,16.0
223,2022-10-19 09:23:39,16.0
224,2022-10-19 09:28:39,16.0
225,2022-10-19 09:33:39,16.0
226,2022-10-19 09:38:39,16.0
227,2022-10-19 09:43:39,16.0
228,2022-10-19 09:48:39,16.0
229,2022-10-19 09:53:39,16.0
230,2022-10-19 09:58:39,16.0
231,2022-10-19 10:03:39,16.0
232,2022-10-19 10:08:39,16.0
233,2022-10-19 10:13:39,16.0
234,2022-10-19 10:18:39,16.0
235,2022-10-19 10:23:39,16.0
236,2022-10-19 10:28:39,16.0
237,2022-10-19 10:33:39,16.0
238,2022-10-19 10:38:39,16.0
239,2022-10-19 10:43:39,16.0
240,2022-10-19 10:48:39,16.0
241,2022-10-19 10:53:39,16.0
242,2022-10-19 10:58:39,16.0
243,2022-10-19 11:03:39,16.0
244,2022-10-19 11:08:39,16.0
245,2022-10-19 11:13:39,16.0
246,2022-10-19 11:18:39,16.0
247,2022-10-19 11:23:39,16.0
248,2022-10-19 11:28:39,16.5
249,2022-10-19 11:33:39,16.5
250,2022-10-19 11:38:39,16.5
251,2022-10-19 11:43:39,16.5
252,2022-10-19 11:48:39,16.5
253,2022-10-19 11:53:39,16.5
254,2022-10-19 11:58:39,16.0
255,2022-10-19 12:03:39,16.0
256,2022-10-19 12:08:39,16.0
257,2022-10-19 12:13:39,16.0
258,2022-10-19 12:18:39,16.0
259,2022-10-19 12:23:39,16.0
260,2022-10-19 12:28:39,16.0
261,2022-10-19 12:33:39,16.0
262,2022-10-19 12:38:39,16.0
263,2022-10-19 12:43:39,16.0
264,2022-10-19 12:48:39,16.0
265,2022-10-19 12:53:39,16.0
266,2022-10-19 12:58:39,16.0
267,2022-10-19 13:03:39,16.0
268,2022-10-19 13:08:39,16.0
269,2022-10-19 13:13:39,16.0
270,2022-10-19 13:18:39,16.0
271,2022-10-19 13:23:39,16.0
272,2022-10-19 13:28:39,16.0
273,2022-10-19 13:33:39,16.0
274,2022-10-19 13:38:39,16.0
275,2022-10-19 13:43:39,16.0
276,2022-10-19 13:48:39,16.0
277,2022-10-19 13:53:39,16.0
278,2022-10-19 13:58:39,16.0
279,2022-10-19 14:03:39,16.0
280,2022-10-19 14:08:39,16.0
281,2022-10-19 14:13:39,16.0
282,2022-10-19 14:18:39,16.0
283,2022-10-19 14:23:39,16.0
284,2022-10-19 14:28:39,16.0
285,2022-10-19 14:33:39,16.0
286,2022-10-19 14:38:39,16.0
287,2022-10-19 14:43:39,16.0
288,2022-10-19 14:48:39,16.0
289,2022-10-19 14:53:39,16.0
290,2022-10-19 14:58:39,16.0
291,2022-10-19 15:03:39,16.0
292,2022-10-19 15:08:39,16.0
293,2022-10-19 15:13:39,16.0
294,2022-10-19 15:18:39,16.0
295,2022-10-19 15:23:39,16.5
296,2022-10-19 15:28:39,16.5
297,2022-10-19 15:33:39,17.0
298,2022-10-19 15:38:39,17.0
299,2022-10-19 15:43:39,17.0
300,2022-10-19 15:48:39,17.5
301,2022-10-19 15:53:39,17.5
302,2022-10-19 15:58:39,17.5
303,2022-10-19 16:03:39,17.5
304,2022-10-19 16:08:39,17.5
305,2022-10-19 16:13:39,17.5
306,2022-10-19 16:18:39,17.5
307,2022-10-19 16:23:39,17.5
308,2022-10-19 16:28:39,17.5
309,2022-10-19 16:33:39,17.5
310,2022-10-19 16:38:39,17.5
311,2022-10-19 16:43:39,17.5
312,2022-10-19 16:48:39,17.5
313,2022-10-19 16:53:39,17.5
314,2022-10-19 16:58:39,17.5
315,2022-10-19 17:03:39,17.0
316,2022-10-19 17:08:39,17.0
317,2022-10-19 17:13:39,17.0
318,2022-10-19 17:18:39,17.0
319,2022-10-19 17:23:39,17.0
320,2022-10-19 17:28:39,17.0
321,2022-10-19 17:33:39,17.0
322,2022-10-19 17:38:39,17.0
323,2022-10-19 17:43:39,17.0
324,2022-10-19 17:48:39,17.0
325,2022-10-19 17:53:39,17.0
326,2022-10-19 17:58:39,17.0
327,2022-10-19 18:03:39,17.0
328,2022-10-19 18:08:39,16.5
329,2022-10-19 18:13:39,16.5
330,2022-10-19 18:18:39,16.5
331,2022-10-19 18:23:39,16.5
332,2022-10-19 18:28:39,16.5
333,2022-10-19 18:33:39,16.5
334,2022-10-19 18:38:39,16.5
335,2022-10-19 18:43:39,16.5
336,2022-10-19 18:48:39,16.5
337,2022-10-19 18:53:39,16.5
338,2022-10-19 18:58:39,16.5
339,2022-10-19 19:03:39,16.5
340,2022-10-19 19:08:39,16.5
341,2022-10-19 19:13:39,16.5
342,2022-10-19 19:18:39,16.5
343,2022-10-19 19:23:39,16.5
344,2022-10-19 19:28:39,16.5
345,2022-10-19 19:33:39,16.5
346,2022-10-19 19:38:39,16.0
347,2022-10-19 19:43:39,16.0
348,2022-10-19 19:48:39,16.0
349,2022-10-19 19:53:39,16.0
350,2022-10-19 19:58:39,16.0
351,2022-10-19 20:03:39,16.0
352,2022-10-19 20:08:39,16.0
353,2022-10-19 20:13:39,16.0
354,2022-10-19 20:18:39,16.0
355,2022-10-19 20:23:39,16.0
356,2022-10-19 20:28:39,16.0
357,2022-10-19 20:33:39,16.0
358,2022-10-19 20:38:39,16.0
359,2022-10-19 20:43:39,16.0
360,2022-10-19 20:48:39,16.0
361,2022-10-19 20:53:39,16.0
362,2022-10-19 20:58:39,16.0
363,2022-10-19 21:03:39,16.0
364,2022-10-19 21:08:39,16.0
365,2022-10-19 21:13:39,16.0
366,2022-10-19 21:18:39,16.0
367,2022-10-19 21:23:39,16.0
368,2022-10-19 21:28:39,16.0
369,2022-10-19 21:33:39,16.0
370,2022-10-19 21:38:39,16.0
371,2022-10-19 21:43:39,16.0
372,2022-10-19 21:48:39,16.0
373,2022-10-19 21:53:39,16.0
374,2022-10-19 21:58:39,16.0
375,2022-10-19 22:03:39,16.0
376,2022-10-19 22:08:39,15.5
377,2022-10-19 22:13:39,15.5
378,2022-10-19 22:18:39,15.5
379,2022-10-19 22:23:39,15.5
380,2022-10-19 22:28:39,15.5
381,2022-10-19 22:33:39,15.5
382,2022-10-19 22:38:39,15.5
383,2022-10-19 22:43:39,15.5
384,2022-10-19 22:48:39,15.5
385,2022-10-19 22:53:39,15.5
386,2022-10-19 22:58:39,15.5
387,2022-10-19 23:03:39,15.5
388,2022-10-19 23:08:39,15.5
389,2022-10-19 23:13:39,15.5
390,2022-10-19 23:18:39,15.5
391,2022-10-19 23:23:39,15.5
392,2022-10-19 23:28:39,15.5
393,2022-10-19 23:33:39,15.5
394,2022-10-19 23:38:39,15.5
395,2022-10-19 23:43:39,15.5
396,2022-10-19 23:48:39,15.5
397,2022-10-19 23:53:39,15.5
398,2022-10-19 23:58:39,15.5
399,2022-10-20 00:03:39,15.5
400,2022-10-20 00:08:39,15.5
401,2022-10-20 00:13:39,15.5
402,2022-10-20 00:18:39,15.5
403,2022-10-20 00:23:39,15.5
404,2022-10-20 00:28:39,15.5
405,2022-10-20 00:33:39,15.5
406,2022-10-20 00:38:39,15.5
407,2022-10-20 00:43:39,15.5
408,2022-10-20 00:48:39,15.5
409,2022-10-20 00:53:39,15.5
410,2022-10-20 00:58:39,15.5
411,2022-10-20 01:03:39,15.5
412,2022-10-20 01:08:39,15.5
413,2022-10-20 01:13:39,15.5
414,2022-10-20 01:18:39,15.5
415,2022-10-20 01:23:39,15.5
416,2022-10-20 01:28:39,15.5
417,2022-10-20 01:33:39,15.5
418,2022-10-20 01:38:39,15.5
419,2022-10-20 01:43:39,15.5
420,2022-10-20 01:48:39,15.5
421,2022-10-20 01:53:39,15.5
422,2022-10-20 01:58:39,15.5
423,2022-10-20 02:03:39,15.5
424,2022-10-20 02:08:39,15.5
425,2022-10-20 02:13:39,15.5
426,2022-10-20 02:18:39,15.5
427,2022-10-20 02:23:39,15.5
428,2022-10-20 02:28:39,15.5
429,2022-10-20 02:33:39,15.5
430,2022-10-20 02:38:39,15.5
431,2022-10-20 02:43:39,15.5
432,2022-10-20 02:48:39,15.5
433,2022-10-20 02:53:39,15.5
434,2022-10-20 02:58:39,15.5
435,2022-10-20 03:03:39,15.5
436,2022-10-20 03:08:39,15.5
437,2022-10-20 03:13:39,15.5
438,2022-10-20 03:18:39,15.5
439,2022-10-20 03:23:39,15.5
440,2022-10-20 03:28:39,15.5
441,2022-10-20 03:33:39,15.5
442,2022-10-20 03:38:39,15.5
443,2022-10-20 03:43:39,15.5
444,2022-10-20 03:48:39,15.5
445,2022-10-20 03:53:39,15.5
446,2022-10-20 03:58:39,15.5
447,2022-10-20 04:03:39,15.5
448,2022-10-20 04:08:39,15.5
449,2022-10-20 04:13:39,15.5
450,2022-10-20 04:18:39,15.5
451,2022-10-20 04:23:39,15.5
452,2022-10-20 04:28:39,15.5
453,2022-10-20 04:33:39,15.5
454,2022-10-20 04:38:39,15.0
455,2022-10-20 04:43:39,15.0
456,2022-10-20 04:48:39,15.0
457,2022-10-20 04:53:39,15.0
458,2022-10-20 04:58:39,15.0
459,2022-10-20 05:03:39,15.0
460,2022-10-20 05:08:39,15.0
461,2022-10-20 05:13:39,15.0
462,2022-10-20 05:18:39,15.0
463,2022-10-20 05:23:39,15.0
464,2022-10-20 05:28:39,15.0
465,2022-10-20 05:33:39,15.0
466,2022-10-20 05:38:39,15.0
467,2022-10-20 05:43:39,15.0
468,2022-10-20 05:48:39,15.0
469,2022-10-20 05:53:39,15.0
470,2022-10-20 05:58:39,15.0
471,2022-10-20 06:03:39,15.0
472,2022-10-20 06:08:39,15.0
473,2022-10-20 06:13:39,15.0
474,2022-10-20 06:18:39,15.0
475,2022-10-20 06:23:39,15.0
476,2022-10-20 06:28:39,15.0
477,2022-10-20 06:33:39,15.0
478,2022-10-20 06:38:39,15.0
479,2022-10-20 06:43:39,15.0
480,2022-10-20 06:48:39,15.0
481,2022-10-20 06:53:39,15.0
482,2022-10-20 06:58:39,15.0
483,2022-10-20 07:03:39,15.0
484,2022-10-20 07:08:39,15.0
485,2022-10-20 07:13:39,15.0
486,2022-10-20 07:18:39,15.0
487,2022-10-20 07:23:39,15.0
488,2022-10-20 07:28:39,15.0
489,2022-10-20 07:33:39,15.0
490,2022-10-20 07:38:39,15.0
491,2022-10-20 07:43:39,15.0
492,2022-10-20 07:48:39,15.0
493,2022-10-20 07:53:39,15.0
494,2022-10-20 07:58:39,15.0
495,2022-10-20 08:03:39,15.0
496,2022-10-20 08:08:39,15.5
497,2022-10-20 08:13:39,15.5
498,2022-10-20 08:18:39,15.5
499,2022-10-20 08:23:39,15.5
500,2022-10-20 08:28:39,15.5
501,2022-10-20 08:33:39,15.5
502,2022-10-20 08:38:39,15.5
503,2022-10-20 08:43:39,15.5
504,2022-10-20 08:48:39,15.5
505,2022-10-20 08:53:39,15.5
506,2022-10-20 08:58:39,15.5
507,2022-10-20 09:03:39,15.5
508,2022-10-20 09:08:39,15.5
509,2022-10-20 09:13:39,15.5
510,2022-10-20 09:18:39,15.5
511,2022-10-20 09:23:39,15.5
512,2022-10-20 09:28:39,15.5
513,2022-10-20 09:33:39,15.5
514,2022-10-20 09:38:39,15.5
515,2022-10-20 09:43:39,15.5
516,2022-10-20 09:48:39,15.5
517,2022-10-20 09:53:39,15.5
518,2022-10-20 09:58:39,15.5
519,2022-10-20 10:03:39,15.5
520,2022-10-20 10:08:39,15.5
521,2022-10-20 10:13:39,15.5
522,2022-10-20 10:18:39,15.5
523,2022-10-20 10:23:39,15.5
524,2022-10-20 10:28:39,15.5
525,2022-10-20 10:33:39,15.5
526,2022-10-20 10:38:39,15.5
527,2022-10-20 10:43:39,15.5
528,2022-10-20 10:48:39,15.5
529,2022-10-20 10:53:39,15.5
530,2022-10-20 10:58:39,15.5
531,2022-10-20 11:03:39,15.5
532,2022-10-20 11:08:39,15.5
533,2022-10-20 11:13:39,15.5
534,2022-10-20 11:18:39,15.5
535,2022-10-20 11:23:39,15.5
536,2022-10-20 11:28:39,15.5
537,2022-10-20 11:33:39,15.5
538,2022-10-20 11:38:39,15.5
539,2022-10-20 11:43:39,15.5
540,2022-10-20 11:48:39,15.5
541,2022-10-20 11:53:39,15.5
542,2022-10-20 11:58:39,15.5
543,2022-10-20 12:03:39,15.5
544,2022-10-20 12:08:39,15.5
545,2022-10-20 12:13:39,15.5
546,2022-10-20 12:18:39,15.5
547,2022-10-20 12:23:39,15.5
548,2022-10-20 12:28:39,15.5
549,2022-10-20 12:33:39,15.5
550,2022-10-20 12:38:39,15.5
551,2022-10-20 12:43:39,15.5
552,2022-10-20 12:48:39,15.5
553,2022-10-20 12:53:39,15.5
554,2022-10-20 12:58:39,15.5
555,2022-10-20 13:03:39,15.5
556,2022-10-20 13:08:39,15.5
557,2022-10-20 13:13:39,15.5
558,2022-10-20 13:18:39,15.5
559,2022-10-20 13:23:39,15.5
560,2022-10-20 13:28:39,15.5
561,2022-10-20 13:33:39,15.5
562,2022-10-20 13:38:39,15.5
563,2022-10-20 13:43:39,15.5
564,2022-10-20 13:48:39,15.5
565,2022-10-20 13:53:39,15.5
566,2022-10-20 13:58:39,15.5
567,2022-10-20 14:03:39,15.5
568,2022-10-20 14:08:39,15.5
569,2022-10-20 14:13:39,15.5
570,2022-10-20 14:18:39,15.5
571,2022-10-20 14:23:39,15.5
572,2022-10-20 14:28:39,15.5
573,2022-10-20 14:33:39,15.5
574,2022-10-20 14:38:39,15.5
575,2022-10-20 14:43:39,15.5
576,2022-10-20 14:48:39,15.5
577,2022-10-20 14:53:39,15.5
578,2022-10-20 14:58:39,15.5
579,2022-10-20 15:03:39,15.5
580,2022-10-20 15:08:39,15.5
581,2022-10-20 15:13:39,15.5
582,2022-10-20 15:18:39,15.5
583,2022-10-20 15:23:39,15.5
584,2022-10-20 15:28:39,15.5
585,2022-10-20 15:33:39,15.5
586,2022-10-20 15:38:39,15.5
587,2022-10-20 15:43:39,15.5
588,2022-10-20 15:48:39,15.5
589,2022-10-20 15:53:39,15.5
590,2022-10-20 15:58:39,15.5
591,2022-10-20 16:03:39,15.5
592,2022-10-20 16:08:39,15.5
593,2022-10-20 16:13:39,15.5
594,2022-10-20 16:18:39,15.5
595,2022-10-20 16:23:39,15.5
596,2022-10-20 16:28:39,15.5
597,2022-10-20 16:33:39,15.5
598,2022-10-20 16:38:39,15.5
599,2022-10-20 16:43:39,15.5
600,2022-10-20 16:48:39,15.5
601,2022-10-20 16:53:39,15.5
602,2022-10-20 16:58:39,15.5
603,2022-10-20 17:03:39,15.5
604,2022-10-20 17:08:39,15.5
605,2022-10-20 17:13:39,15.5
606,2022-10-20 17:18:39,15.5
607,2022-10-20 17:23:39,15.5
608,2022-10-20 17:28:39,15.5
609,2022-10-20 17:33:39,15.5
610,2022-10-20 17:38:39,15.5
611,2022-10-20 17:43:39,15.5
612,2022-10-20 17:48:39,15.5
613,2022-10-20 17:53:39,15.5
614,2022-10-20 17:58:39,15.5
615,2022-10-20 18:03:39,15.5
616,2022-10-20 18:08:39,15.5
617,2022-10-20 18:13:39,15.5
618,2022-10-20 18:18:39,15.5
619,2022-10-20 18:23:39,15.5
620,2022-10-20 18:28:39,15.5
621,2022-10-20 18:33:39,15.5
622,2022-10-20 18:38:39,15.5
623,2022-10-20 18:43:39,15.5
624,2022-10-20 18:48:39,15.5
625,2022-10-20 18:53:39,15.5
626,2022-10-20 18:58:39,15.5
627,2022-10-20 19:03:39,15.5
628,2022-10-20 19:08:39,15.5
629,2022-10-20 19:13:39,15.5
630,2022-10-20 19:18:39,15.5
631,2022-10-20 19:23:39,15.5
632,2022-10-20 19:28:39,15.5
633,2022-10-20 19:33:39,15.5
634,2022-10-20 19:38:39,15.5
635,2022-10-20 19:43:39,15.5
636,2022-10-20 19:48:39,15.5
637,2022-10-20 19:53:39,15.5
638,2022-10-20 19:58:39,15.5
639,2022-10-20 20:03:39,15.5
640,2022-10-20 20:08:39,15.5
641,2022-10-20 20:13:39,15.5
642,2022-10-20 20:18:39,15.5
643,2022-10-20 20:23:39,15.5
644,2022-10-20 20:28:39,15.5
645,2022-10-20 20:33:39,15.5
646,2022-10-20 20:38:39,15.5
647,2022-10-20 20:43:39,15.5
648,2022-10-20 20:48:39,15.5
649,2022-10-20 20:53:39,15.5
650,2022-10-20 20:58:39,15.5
651,2022-10-20 21:03:39,15.5
652,2022-10-20 21:08:39,15.5
653,2022-10-20 21:13:39,15.5
654,2022-10-20 21:18:39,15.5
655,2022-10-20 21:23:39,15.5
656,2022-10-20 21:28:39,15.5
657,2022-10-20 21:33:39,15.5
658,2022-10-20 21:38:39,15.5
659,2022-10-20 21:43:39,15.5
660,2022-10-20 21:48:39,15.5
661,2022-10-20 21:53:39,15.5
662,2022-10-20 21:58:39,15.5
663,2022-10-20 22:03:39,15.5
664,2022-10-20 22:08:39,15.5
665,2022-10-20 22:13:39,15.5
666,2022-10-20 22:18:39,15.5
667,2022-10-20 22:23:39,15.5
668,2022-10-20 22:28:39,15.5
669,2022-10-20 22:33:39,15.5
670,2022-10-20 22:38:39,15.5
671,2022-10-20 22:43:39,15.5
672,2022-10-20 22:48:39,15.5
673,2022-10-20 22:53:39,15.5
674,2022-10-20 22:58:39,15.5
675,2022-10-20 23:03:39,15.5
676,2022-10-20 23:08:39,15.5
677,2022-10-20 23:13:39,15.5
678,2022-10-20 23:18:39,15.5
679,2022-10-20 23:23:39,15.5
680,2022-10-20 23:28:39,15.5
681,2022-10-20 23:33:39,15.5
682,2022-10-20 23:38:39,15.5
683,2022-10-20 23:43:39,15.5
684,2022-10-20 23:48:39,15.5
685,2022-10-20 23:53:39,15.5
686,2022-10-20 23:58:39,15.5
687,2022-10-21 00:03:39,15.5
688,2022-10-21 00:08:39,15.5
689,2022-10-21 00:13:39,15.5
690,2022-10-21 00:18:39,15.5
691,2022-10-21 00:23:39,15.5
692,2022-10-21 00:28:39,15.5
693,2022-10-21 00:33:39,15.5
694,2022-10-21 00:38:39,15.5
695,2022-10-21 00:43:39,15.5
696,2022-10-21 00:48:39,15.5
697,2022-10-21 00:53:39,15.5
698,2022-10-21 00:58:39,15.5
699,2022-10-21 01:03:39,15.5
700,2022-10-21 01:08:39,15.5
701,2022-10-21 01:13:39,15.5
702,2022-10-21 01:18:39,15.5
703,2022-10-21 01:23:39,15.5
704,2022-10-21 01:28:39,15.5
705,2022-10-21 01:33:39,15.5
706,2022-10-21 01:38:39,15.5
707,2022-10-21 01:43:39,15.5
708,2022-10-21 01:48:39,15.5
709,2022-10-21 01:53:39,15.5
710,2022-10-21 01:58:39,15.5
711,2022-10-21 02:03:39,15.5
712,2022-10-21 02:08:39,15.5
713,2022-10-21 02:13:39,15.5
714,2022-10-21 02:18:39,15.5
715,2022-10-21 02:23:39,15.5
716,2022-10-21 02:28:39,15.5
717,2022-10-21 02:33:39,15.5
718,2022-10-21 02:38:39,15.5
719,2022-10-21 02:43:39,15.5
720,2022-10-21 02:48:39,15.5
721,2022-10-21 02:53:39,15.5
722,2022-10-21 02:58:39,15.5
723,2022-10-21 03:03:39,15.5
724,2022-10-21 03:08:39,15.5
725,2022-10-21 03:13:39,15.5
726,2022-10-21 03:18:39,15.5
727,2022-10-21 03:23:39,15.5
728,2022-10-21 03:28:39,15.5
729,2022-10-21 03:33:39,15.5
730,2022-10-21 03:38:39,15.5
731,2022-10-21 03:43:39,15.5
732,2022-10-21 03:48:39,15.5
733,2022-10-21 03:53:39,15.5
734,2022-10-21 03:58:39,15.5
735,2022-10-21 04:03:39,15.5
736,2022-10-21 04:08:39,15.0
737,2022-10-21 04:13:39,15.0
738,2022-10-21 04:18:39,15.0
739,2022-10-21 04:23:39,15.5
740,2022-10-21 04:28:39,15.0
741,2022-10-21 04:33:39,15.0
742,2022-10-21 04:38:39,15.0
743,2022-10-21 04:43:39,15.0
744,2022-10-21 04:48:39,15.0
745,2022-10-21 04:53:39,15.0
746,2022-10-21 04:58:39,15.0
747,2022-10-21 05:03:39,15.0
748,2022-10-21 05:08:39,15.0
749,2022-10-21 05:13:39,15.0
750,2022-10-21 05:18:39,15.0
751,2022-10-21 05:23:39,15.0
752,2022-10-21 05:28:39,15.0
753,2022-10-21 05:33:39,15.0
754,2022-10-21 05:38:39,15.0
755,2022-10-21 05:43:39,15.0
756,2022-10-21 05:48:39,15.0
757,2022-10-21 05:53:39,15.0
758,2022-10-21 05:58:39,15.0
759,2022-10-21 06:03:39,15.0
760,2022-10-21 06:08:39,15.0
761,2022-10-21 06:13:39,15.0
762,2022-10-21 06:18:39,15.0
763,2022-10-21 06:23:39,15.0
764,2022-10-21 06:28:39,15.0
765,2022-10-21 06:33:39,15.0
766,2022-10-21 06:38:39,15.0
767,2022-10-21 06:43:39,15.0
768,2022-10-21 06:48:39,15.0
769,2022-10-21 06:53:39,15.0
770,2022-10-21 06:58:39,15.0
771,2022-10-21 07:03:39,15.0
772,2022-10-21 07:08:39,15.0
773,2022-10-21 07:13:39,15.0
774,2022-10-21 07:18:39,15.0
775,2022-10-21 07:23:39,15.0
776,2022-10-21 07:28:39,15.0
777,2022-10-21 07:33:39,15.0
778,2022-10-21 07:38:39,15.5
779,2022-10-21 07:43:39,15.5
780,2022-10-21 07:48:39,15.5
781,2022-10-21 07:53:39,15.5
782,2022-10-21 07:58:39,15.5
783,2022-10-21 08:03:39,15.5
784,2022-10-21 08:08:39,15.5
785,2022-10-21 08:13:39,15.5
786,2022-10-21 08:18:39,15.5
787,2022-10-21 08:23:39,15.5
788,2022-10-21 08:28:39,15.5
789,2022-10-21 08:33:39,15.5
790,2022-10-21 08:38:39,15.5
791,2022-10-21 08:43:39,15.5
792,2022-10-21 08:48:39,15.5
793,2022-10-21 08:53:39,15.5
794,2022-10-21 08:58:39,15.5
795,2022-10-21 09:03:39,15.5
796,2022-10-21 09:08:39,15.5
797,2022-10-21 09:13:39,15.5
798,2022-10-21 09:18:39,15.5
799,2022-10-21 09:23:39,15.5
800,2022-10-21 09:28:39,15.5
801,2022-10-21 09:33:39,15.5
802,2022-10-21 09:38:39,15.5
803,2022-10-21 09:43:39,15.5
804,2022-10-21 09:48:39,15.5
805,2022-10-21 09:53:39,15.5
806,2022-10-21 09:58:39,15.5
807,2022-10-21 10:03:39,15.5
808,2022-10-21 10:08:39,15.5
809,2022-10-21 10:13:39,15.5
810,2022-10-21 10:18:39,15.5
811,2022-10-21 10:23:39,15.5
812,2022-10-21 10:28:39,15.5
813,2022-10-21 10:33:39,15.5
814,2022-10-21 10:38:39,15.5
815,2022-10-21 10:43:39,15.5
816,2022-10-21 10:48:39,15.5
817,2022-10-21 10:53:39,15.5
818,2022-10-21 10:58:39,15.5
819,2022-10-21 11:03:39,15.5
820,2022-10-21 11:08:39,15.5
821,2022-10-21 11:13:39,15.5
822,2022-10-21 11:18:39,15.5
823,2022-10-21 11:23:39,15.5
824,2022-10-21 11:28:39,15.5
825,2022-10-21 11:33:39,15.5
826,2022-10-21 11:38:39,15.5
827,2022-10-21 11:43:39,15.5
828,2022-10-21 11:48:39,15.5
829,2022-10-21 11:53:39,15.5
830,2022-10-21 11:58:39,15.5
831,2022-10-21 12:03:39,15.5
832,2022-10-21 12:08:39,15.5
833,2022-10-21 12:13:39,15.5
834,2022-10-21 12:18:39,15.5
835,2022-10-21 12:23:39,15.5
836,2022-10-21 12:28:39,15.5
837,2022-10-21 12:33:39,15.5
838,2022-10-21 12:38:39,16.0
839,2022-10-21 12:43:39,16.0
840,2022-10-21 12:48:39,16.0
841,2022-10-21 12:53:39,16.0
842,2022-10-21 12:58:39,16.0
843,2022-10-21 13:03:39,16.0
844,2022-10-21 13:08:39,16.0
845,2022-10-21 13:13:39,16.0
846,2022-10-21 13:18:39,16.0
847,2022-10-21 13:23:39,16.0
848,2022-10-21 13:28:39,16.0
849,2022-10-21 13:33:39,16.5
850,2022-10-21 13:38:39,16.5
851,2022-10-21 13:43:39,17.0
852,2022-10-21 13:48:39,17.0
853,2022-10-21 13:53:39,17.0
854,2022-10-21 13:58:39,16.5
855,2022-10-21 14:03:39,16.5
856,2022-10-21 14:08:39,16.5
857,2022-10-21 14:13:39,16.5
858,2022-10-21 14:18:39,16.5
859,2022-10-21 14:23:39,16.5
860,2022-10-21 14:28:39,16.0
861,2022-10-21 14:33:39,16.0
862,2022-10-21 14:38:39,16.0
863,2022-10-21 14:43:39,16.0
864,2022-10-21 14:48:39,16.0
865,2022-10-21 14:53:39,16.0
866,2022-10-21 14:58:39,16.0
867,2022-10-21 15:03:39,16.5
868,2022-10-21 15:08:39,16.5
869,2022-10-21 15:13:39,16.5
870,2022-10-21 15:18:39,16.5
871,2022-10-21 15:23:39,16.5
872,2022-10-21 15:28:39,16.5
873,2022-10-21 15:33:39,16.5
874,2022-10-21 15:38:39,16.5
875,2022-10-21 15:43:39,16.5
876,2022-10-21 15:48:39,16.5
877,2022-10-21 15:53:39,16.5
878,2022-10-21 15:58:39,16.5
879,2022-10-21 16:03:39,16.5
880,2022-10-21 16:08:39,16.5
881,2022-10-21 16:13:39,16.5
882,2022-10-21 16:18:39,16.5
883,2022-10-21 16:23:39,16.5
884,2022-10-21 16:28:39,16.5
885,2022-10-21 16:33:39,16.5
886,2022-10-21 16:38:39,16.5
887,2022-10-21 16:43:39,16.5
888,2022-10-21 16:48:39,16.5
889,2022-10-21 16:53:39,16.5
890,2022-10-21 16:58:39,16.5
891,2022-10-21 17:03:39,16.5
892,2022-10-21 17:08:39,16.5
893,2022-10-21 17:13:39,16.5
894,2022-10-21 17:18:39,16.5
895,2022-10-21 17:23:39,16.5
896,2022-10-21 17:28:39,16.5
897,2022-10-21 17:33:39,16.5
898,2022-10-21 17:38:39,16.5
899,2022-10-21 17:43:39,16.5
900,2022-10-21 17:48:39,16.5
901,2022-10-21 17:53:39,16.5
902,2022-10-21 17:58:39,16.5
903,2022-10-21 18:03:39,16.5
904,2022-10-21 18:08:39,16.5
905,2022-10-21 18:13:39,16.0
906,2022-10-21 18:18:39,16.0
907,2022-10-21 18:23:39,16.0
908,2022-10-21 18:28:39,16.0
909,2022-10-21 18:33:39,16.0
910,2022-10-21 18:38:39,16.0
911,2022-10-21 18:43:39,16.0
912,2022-10-21 18:48:39,16.0
913,2022-10-21 18:53:39,16.0
914,2022-10-21 18:58:39,16.0
915,2022-10-21 19:03:39,16.0
916,2022-10-21 19:08:39,16.0
917,2022-10-21 19:13:39,16.0
918,2022-10-21 19:18:39,16.0
919,2022-10-21 19:23:39,16.0
920,2022-10-21 19:28:39,16.0
921,2022-10-21 19:33:39,16.0
922,2022-10-21 19:38:39,16.0
923,2022-10-21 19:43:39,16.0
924,2022-10-21 19:48:39,16.0
925,2022-10-21 19:53:39,16.0
926,2022-10-21 19:58:39,16.0
927,2022-10-21 20:03:39,16.0
928,2022-10-21 20:08:39,16.0
929,2022-10-21 20:13:39,16.0
930,2022-10-21 20:18:39,16.0
931,2022-10-21 20:23:39,16.0
932,2022-10-21 20:28:39,16.0
933,2022-10-21 20:33:39,16.0
934,2022-10-21 20:38:39,16.0
935,2022-10-21 20:43:39,16.0
936,2022-10-21 20:48:39,16.0
937,2022-10-21 20:53:39,16.0
938,2022-10-21 20:58:39,16.0
939,2022-10-21 21:03:39,16.0
940,2022-10-21 21:08:39,16.0
941,2022-10-21 21:13:39,16.0
942,2022-10-21 21:18:39,16.0
943,2022-10-21 21:23:39,16.0
944,2022-10-21 21:28:39,16.0
945,2022-10-21 21:33:39,16.0
946,2022-10-21 21:38:39,16.0
947,2022-10-21 21:43:39,16.0
948,2022-10-21 21:48:39,16.0
949,2022-10-21 21:53:39,16.0
950,2022-10-21 21:58:39,16.0
951,2022-10-21 22:03:39,16.0
952,2022-10-21 22:08:39,16.0
953,2022-10-21 22:13:39,16.0
954,2022-10-21 22:18:39,16.0
955,2022-10-21 22:23:39,16.0
956,2022-10-21 22:28:39,16.0
957,2022-10-21 22:33:39,16.0
958,2022-10-21 22:38:39,16.0
959,2022-10-21 22:43:39,16.0
960,2022-10-21 22:48:39,16.0
961,2022-10-21 22:53:39,16.0
962,2022-10-21 22:58:39,16.0
963,2022-10-21 23:03:39,16.0
964,2022-10-21 23:08:39,16.0
965,2022-10-21 23:13:39,16.0
966,2022-10-21 23:18:39,16.0
967,2022-10-21 23:23:39,16.0
968,2022-10-21 23:28:39,16.0
969,2022-10-21 23:33:39,16.0
970,2022-10-21 23:38:39,16.0
971,2022-10-21 23:43:39,16.0
972,2022-10-21 23:48:39,16.0
973,2022-10-21 23:53:39,16.0
974,2022-10-21 23:58:39,16.0
975,2022-10-22 00:03:39,16.0
976,2022-10-22 00:08:39,16.0
977,2022-10-22 00:13:39,16.0
978,2022-10-22 00:18:39,16.0
979,2022-10-22 00:23:39,16.0
980,2022-10-22 00:28:39,16.0
981,2022-10-22 00:33:39,16.0
982,2022-10-22 00:38:39,16.0
983,2022-10-22 00:43:39,16.0
984,2022-10-22 00:48:39,16.0
985,2022-10-22 00:53:39,16.0
986,2022-10-22 00:58:39,16.0
987,2022-10-22 01:03:39,16.0
988,2022-10-22 01:08:39,16.0
989,2022-10-22 01:13:39,16.0
990,2022-10-22 01:18:39,16.0
991,2022-10-22 01:23:39,16.0
992,2022-10-22 01:28:39,16.0
993,2022-10-22 01:33:39,16.0
994,2022-10-22 01:38:39,16.0
995,2022-10-22 01:43:39,16.0
996,2022-10-22 01:48:39,16.0
997,2022-10-22 01:53:39,16.0
998,2022-10-22 01:58:39,16.0
999,2022-10-22 02:03:39,16.0
1000,2022-10-22 02:08:39,16.0
1001,2022-10-22 02:13:39,16.0
1002,2022-10-22 02:18:39,16.0
1003,2022-10-22 02:23:39,16.0
1004,2022-10-22 02:28:39,16.0
1005,2022-10-22 02:33:39,16.0
1006,2022-10-22 02:38:39,16.0
1007,2022-10-22 02:43:39,16.0
1008,2022-10-22 02:48:39,16.0
1009,2022-10-22 02:53:39,16.0
1010,2022-10-22 02:58:39,16.0
1011,2022-10-22 03:03:39,16.0
1012,2022-10-22 03:08:39,16.0
1013,2022-10-22 03:13:39,16.0
1014,2022-10-22 03:18:39,16.0
1015,2022-10-22 03:23:39,16.0
1016,2022-10-22 03:28:39,16.0
1017,2022-10-22 03:33:39,16.0
1018,2022-10-22 03:38:39,16.0
1019,2022-10-22 03:43:39,16.0
1020,2022-10-22 03:48:39,16.0
1021,2022-10-22 03:53:39,16.0
1022,2022-10-22 03:58:39,16.0
1023,2022-10-22 04:03:39,16.0
1024,2022-10-22 04:08:39,16.0
1025,2022-10-22 04:13:39,16.0
1026,2022-10-22 04:18:39,16.0
1027,2022-10-22 04:23:39,16.0
1028,2022-10-22 04:28:39,16.0
1029,2022-10-22 04:33:39,16.0
1030,2022-10-22 04:38:39,16.0
1031,2022-10-22 04:43:39,16.0
1032,2022-10-22 04:48:39,16.0
1033,2022-10-22 04:53:39,16.0
1034,2022-10-22 04:58:39,16.0
1035,2022-10-22 05:03:39,16.0
1036,2022-10-22 05:08:39,16.0
1037,2022-10-22 05:13:39,16.0
1038,2022-10-22 05:18:39,16.0
1039,2022-10-22 05:23:39,16.0
1040,2022-10-22 05:28:39,15.5
1041,2022-10-22 05:33:39,15.5
1042,2022-10-22 05:38:39,16.0
1043,2022-10-22 05:43:39,15.5
1044,2022-10-22 05:48:39,15.5
1045,2022-10-22 05:53:39,15.5
1046,2022-10-22 05:58:39,16.0
1047,2022-10-22 06:03:39,15.5
1048,2022-10-22 06:08:39,15.5
1049,2022-10-22 06:13:39,15.5
1050,2022-10-22 06:18:39,15.5
1051,2022-10-22 06:23:39,15.5
1052,2022-10-22 06:28:39,15.5
1053,2022-10-22 06:33:39,15.5
1054,2022-10-22 06:38:39,15.5
1055,2022-10-22 06:43:39,15.5
1056,2022-10-22 06:48:39,15.5
1057,2022-10-22 06:53:39,15.5
1058,2022-10-22 06:58:39,15.5
1059,2022-10-22 07:03:39,15.5
1060,2022-10-22 07:08:39,15.5
1061,2022-10-22 07:13:39,15.5
1062,2022-10-22 07:18:39,15.5
1063,2022-10-22 07:23:39,15.5
1064,2022-10-22 07:28:39,15.5
1065,2022-10-22 07:33:39,15.5
1066,2022-10-22 07:38:39,15.5
1067,2022-10-22 07:43:39,15.5
1068,2022-10-22 07:48:39,15.5
1069,2022-10-22 07:53:39,15.5
1070,2022-10-22 07:58:39,15.5
1071,2022-10-22 08:03:39,15.5
1072,2022-10-22 08:08:39,15.5
1073,2022-10-22 08:13:39,15.5
1074,2022-10-22 08:18:39,15.5
1075,2022-10-22 08:23:39,15.5
1076,2022-10-22 08:28:39,15.5
1077,2022-10-22 08:33:39,15.5
1078,2022-10-22 08:38:39,15.5
1079,2022-10-22 08:43:39,16.0
1080,2022-10-22 08:48:39,16.0
1081,2022-10-22 08:53:39,16.0
1082,2022-10-22 08:58:39,16.0
1083,2022-10-22 09:03:39,16.0
1084,2022-10-22 09:08:39,16.0
1085,2022-10-22 09:13:39,16.0
1086,2022-10-22 09:18:39,16.0
1087,2022-10-22 09:23:39,16.0
1088,2022-10-22 09:28:39,16.0
1089,2022-10-22 09:33:39,16.0
1090,2022-10-22 09:38:39,16.0
1091,2022-10-22 09:43:39,16.0
1092,2022-10-22 09:48:39,16.0
1093,2022-10-22 09:53:39,16.0
1094,2022-10-22 09:58:39,16.5
1095,2022-10-22 10:03:39,16.5
1096,2022-10-22 10:08:39,16.5
1097,2022-10-22 10:13:39,16.5
1098,2022-10-22 10:18:39,16.5
1099,2022-10-22 10:23:39,17.0
1100,2022-10-22 10:28:39,17.0
1101,2022-10-22 10:33:39,17.0
1102,2022-10-22 10:38:39,17.0
1103,2022-10-22 10:43:39,17.0
1104,2022-10-22 10:48:39,17.0
1105,2022-10-22 10:53:39,17.0
1106,2022-10-22 10:58:39,17.5
1107,2022-10-22 11:03:39,17.5
1108,2022-10-22 11:08:39,17.5
1109,2022-10-22 11:13:39,17.5
1110,2022-10-22 11:18:39,17.5
1111,2022-10-22 11:23:39,17.5
1112,2022-10-22 11:28:39,17.5
1113,2022-10-22 11:33:39,17.5
1114,2022-10-22 11:38:39,17.5
1115,2022-10-22 11:43:39,18.0
1116,2022-10-22 11:48:39,18.0
1117,2022-10-22 11:53:39,18.0
1118,2022-10-22 11:58:39,18.0
1119,2022-10-22 12:03:39,18.5
1120,2022-10-22 12:08:39,18.0
1121,2022-10-22 12:13:39,18.0
1122,2022-10-22 12:18:39,18.0
1123,2022-10-22 12:23:39,18.0
1124,2022-10-22 12:28:39,18.0
1125,2022-10-22 12:33:39,18.0
1126,2022-10-22 12:38:39,18.0
1127,2022-10-22 12:43:39,18.0
1128,2022-10-22 12:48:39,18.0
1129,2022-10-22 12:53:39,18.0
1130,2022-10-22 12:58:39,18.0
1131,2022-10-22 13:03:39,18.0
1132,2022-10-22 13:08:39,18.0
1133,2022-10-22 13:13:39,18.0
1134,2022-10-22 13:18:39,18.0
1135,2022-10-22 13:23:39,18.0
1136,2022-10-22 13:28:39,18.0
1137,2022-10-22 13:33:39,18.0
1138,2022-10-22 13:38:39,18.0
1139,2022-10-22 13:43:39,18.0
1140,2022-10-22 13:48:39,18.5
1141,2022-10-22 13:53:39,18.5
1142,2022-10-22 13:58:39,18.5
1143,2022-10-22 14:03:39,18.5
1144,2022-10-22 14:08:39,18.5
1145,2022-10-22 14:13:39,18.5
1146,2022-10-22 14:18:39,18.5
1147,2022-10-22 14:23:39,18.5
1148,2022-10-22 14:28:39,18.5
1149,2022-10-22 14:33:39,18.5
1150,2022-10-22 14:38:39,18.5
1151,2022-10-22 14:43:39,18.5
1152,2022-10-22 14:48:39,18.5
1153,2022-10-22 14:53:39,18.5
1154,2022-10-22 14:58:39,18.5
1155,2022-10-22 15:03:39,18.5
1156,2022-10-22 15:08:39,18.5
1157,2022-10-22 15:13:39,18.5
1158,2022-10-22 15:18:39,18.5
1159,2022-10-22 15:23:39,18.5
1160,2022-10-22 15:28:39,18.5
1161,2022-10-22 15:33:39,18.5
1162,2022-10-22 15:38:39,18.5
1163,2022-10-22 15:43:39,18.5
1164,2022-10-22 15:48:39,18.5
1165,2022-10-22 15:53:39,18.5
1166,2022-10-22 15:58:39,18.5
1167,2022-10-22 16:03:39,18.5
1168,2022-10-22 16:08:39,18.5
1169,2022-10-22 16:13:39,18.5
1170,2022-10-22 16:18:39,18.5
1171,2022-10-22 16:23:39,18.5
1172,2022-10-22 16:28:39,18.5
1173,2022-10-22 16:33:39,18.5
1174,2022-10-22 16:38:39,18.5
1175,2022-10-22 16:43:39,18.5
1176,2022-10-22 16:48:39,19.0
1177,2022-10-22 16:53:39,18.5
1178,2022-10-22 16:58:39,19.0
1179,2022-10-22 17:03:39,19.0
1180,2022-10-22 17:08:39,18.5
1181,2022-10-22 17:13:39,18.5
1182,2022-10-22 17:18:39,19.0
1183,2022-10-22 17:23:39,19.0
1184,2022-10-22 17:28:39,18.5
1185,2022-10-22 17:33:39,19.0
1186,2022-10-22 17:38:39,19.0
1187,2022-10-22 17:43:39,19.0
1188,2022-10-22 17:48:39,19.0
1189,2022-10-22 17:53:39,19.0
1190,2022-10-22 17:58:39,19.0
1191,2022-10-22 18:03:39,19.0
1192,2022-10-22 18:08:39,19.0
1193,2022-10-22 18:13:39,19.5
1194,2022-10-22 18:18:39,19.5
1195,2022-10-22 18:23:39,19.5
1196,2022-10-22 18:28:39,19.5
1197,2022-10-22 18:33:39,19.5
1198,2022-10-22 18:38:39,19.5
1199,2022-10-22 18:43:39,19.5
1200,2022-10-22 18:48:39,19.5
1201,2022-10-22 18:53:39,19.0
1202,2022-10-22 18:58:39,19.0
1203,2022-10-22 19:03:39,19.0
1204,2022-10-22 19:08:39,19.0
1205,2022-10-22 19:13:39,19.0
1206,2022-10-22 19:18:39,19.0
1207,2022-10-22 19:23:39,19.0
1208,2022-10-22 19:28:39,19.0
1209,2022-10-22 19:33:39,18.5
1210,2022-10-22 19:38:39,18.5
1211,2022-10-22 19:43:39,18.5
1212,2022-10-22 19:48:39,18.5
1213,2022-10-22 19:53:39,18.5
1214,2022-10-22 19:58:39,18.5
1215,2022-10-22 20:03:39,18.5
1216,2022-10-22 20:08:39,18.5
1217,2022-10-22 20:13:39,18.5
1218,2022-10-22 20:18:39,18.5
1219,2022-10-22 20:23:39,18.5
1220,2022-10-22 20:28:39,18.5
1221,2022-10-22 20:33:39,18.0
1222,2022-10-22 20:38:39,18.0
1223,2022-10-22 20:43:39,18.0
1224,2022-10-22 20:48:39,18.0
1225,2022-10-22 20:53:39,18.0
1226,2022-10-22 20:58:39,18.0
1227,2022-10-22 21:03:39,18.0
1228,2022-10-22 21:08:39,18.0
1229,2022-10-22 21:13:39,18.0
1230,2022-10-22 21:18:39,18.0
1231,2022-10-22 21:23:39,18.0
1232,2022-10-22 21:28:39,18.0
1233,2022-10-22 21:33:39,18.0
1234,2022-10-22 21:38:39,18.0
1235,2022-10-22 21:43:39,18.0
1236,2022-10-22 21:48:39,18.0
1237,2022-10-22 21:53:39,18.0
1238,2022-10-22 21:58:39,18.0
1239,2022-10-22 22:03:39,17.5
1240,2022-10-22 22:08:39,17.5
1241,2022-10-22 22:13:39,17.5
1242,2022-10-22 22:18:39,17.5
1243,2022-10-22 22:23:39,17.5
1244,2022-10-22 22:28:39,17.5
1245,2022-10-22 22:33:39,17.5
1246,2022-10-22 22:38:39,17.5
1247,2022-10-22 22:43:39,17.5
1248,2022-10-22 22:48:39,17.5
1249,2022-10-22 22:53:39,17.5
1250,2022-10-22 22:58:39,17.5
1251,2022-10-22 23:03:39,17.5
1252,2022-10-22 23:08:39,17.5
1253,2022-10-22 23:13:39,17.5
1254,2022-10-22 23:18:39,17.5
1255,2022-10-22 23:23:39,17.5
1256,2022-10-22 23:28:39,17.5
1257,2022-10-22 23:33:39,17.5
1258,2022-10-22 23:38:39,17.5
1259,2022-10-22 23:43:39,17.5
1260,2022-10-22 23:48:39,17.5
1261,2022-10-22 23:53:39,17.5
1262,2022-10-22 23:58:39,17.5
1263,2022-10-23 00:03:39,17.5
1264,2022-10-23 00:08:39,17.5
1265,2022-10-23 00:13:39,17.5
1266,2022-10-23 00:18:39,17.5
1267,2022-10-23 00:23:39,17.0
1268,2022-10-23 00:28:39,17.0
1269,2022-10-23 00:33:39,17.0
1270,2022-10-23 00:38:39,17.0
1271,2022-10-23 00:43:39,17.0
1272,2022-10-23 00:48:39,17.0
1273,2022-10-23 00:53:39,17.0
1274,2022-10-23 00:58:39,17.0
1275,2022-10-23 01:03:39,17.0
1276,2022-10-23 01:08:39,17.0
1277,2022-10-23 01:13:39,17.0
1278,2022-10-23 01:18:39,17.0
1279,2022-10-23 01:23:39,17.0
1280,2022-10-23 01:28:39,17.0
1281,2022-10-23 01:33:39,17.0
1282,2022-10-23 01:38:39,17.0
1283,2022-10-23 01:43:39,17.0
1284,2022-10-23 01:48:39,17.0
1285,2022-10-23 01:53:39,17.0
1286,2022-10-23 01:58:39,17.0
1287,2022-10-23 02:03:39,17.0
1288,2022-10-23 02:08:39,17.0
1289,2022-10-23 02:13:39,17.0
1290,2022-10-23 02:18:39,17.0
1291,2022-10-23 02:23:39,17.0
1292,2022-10-23 02:28:39,17.0
1293,2022-10-23 02:33:39,17.0
1294,2022-10-23 02:38:39,17.0
1295,2022-10-23 02:43:39,17.0
1296,2022-10-23 02:48:39,17.0
1297,2022-10-23 02:53:39,17.0
1298,2022-10-23 02:58:39,17.0
1299,2022-10-23 03:03:39,17.0
1300,2022-10-23 03:08:39,17.0
1301,2022-10-23 03:13:39,17.0
1302,2022-10-23 03:18:39,17.0
1303,2022-10-23 03:23:39,17.0
1304,2022-10-23 03:28:39,17.0
1305,2022-10-23 03:33:39,17.0
1306,2022-10-23 03:38:39,17.0
1307,2022-10-23 03:43:39,17.0
1308,2022-10-23 03:48:39,17.0
1309,2022-10-23 03:53:39,17.0
1310,2022-10-23 03:58:39,17.0
1311,2022-10-23 04:03:39,17.0
1312,2022-10-23 04:08:39,17.0
1313,2022-10-23 04:13:39,17.0
1314,2022-10-23 04:18:39,17.0
1315,2022-10-23 04:23:39,17.0
1316,2022-10-23 04:28:39,17.0
1317,2022-10-23 04:33:39,17.0
1318,2022-10-23 04:38:39,17.0
1319,2022-10-23 04:43:39,17.0
1320,2022-10-23 04:48:39,17.0
1321,2022-10-23 04:53:39,17.0
1322,2022-10-23 04:58:39,17.0
1323,2022-10-23 05:03:39,17.0
1324,2022-10-23 05:08:39,17.0
1325,2022-10-23 05:13:39,17.0
1326,2022-10-23 05:18:39,17.0
1327,2022-10-23 05:23:39,17.0
1328,2022-10-23 05:28:39,16.5
1329,2022-10-23 05:33:39,16.5
1330,2022-10-23 05:38:39,16.5
1331,2022-10-23 05:43:39,16.5
1332,2022-10-23 05:48:39,16.5
1333,2022-10-23 05:53:39,16.5
1334,2022-10-23 05:58:39,16.5
1335,2022-10-23 06:03:39,16.5
1336,2022-10-23 06:08:39,16.5
1337,2022-10-23 06:13:39,16.5
1338,2022-10-23 06:18:39,16.5
1339,2022-10-23 06:23:39,16.5
1340,2022-10-23 06:28:39,16.5
1341,2022-10-23 06:33:39,16.5
1342,2022-10-23 06:38:39,16.5
1343,2022-10-23 06:43:39,16.5
1344,2022-10-23 06:48:39,16.5
1345,2022-10-23 06:53:39,16.5
1346,2022-10-23 06:58:39,16.5
1347,2022-10-23 07:03:39,16.5
1348,2022-10-23 07:08:39,16.5
1349,2022-10-23 07:13:39,16.5
1350,2022-10-23 07:18:39,16.5
1351,2022-10-23 07:23:39,16.5
1352,2022-10-23 07:28:39,16.5
1353,2022-10-23 07:33:39,16.5
1354,2022-10-23 07:38:39,16.5
1355,2022-10-23 07:43:39,16.5
1356,2022-10-23 07:48:39,16.5
1357,2022-10-23 07:53:39,16.5
1358,2022-10-23 07:58:39,16.5
1359,2022-10-23 08:03:39,16.5
1360,2022-10-23 08:08:39,16.5
1361,2022-10-23 08:13:39,16.5
1362,2022-10-23 08:18:39,16.5
1363,2022-10-23 08:23:39,16.5
1364,2022-10-23 08:28:39,16.5
1365,2022-10-23 08:33:39,16.5
1366,2022-10-23 08:38:39,16.5
1367,2022-10-23 08:43:39,16.5
1368,2022-10-23 08:48:39,16.5
1369,2022-10-23 08:53:39,16.5
1370,2022-10-23 08:58:39,16.5
1371,2022-10-23 09:03:39,16.5
1372,2022-10-23 09:08:39,16.5
1373,2022-10-23 09:13:39,16.5
1374,2022-10-23 09:18:39,16.5
1375,2022-10-23 09:23:39,16.5
1376,2022-10-23 09:28:39,16.5
1377,2022-10-23 09:33:39,16.5
1378,2022-10-23 09:38:39,16.5
1379,2022-10-23 09:43:39,16.5
1380,2022-10-23 09:48:39,16.5
1381,2022-10-23 09:53:39,17.0
1382,2022-10-23 09:58:39,17.0
1383,2022-10-23 10:03:39,17.0
1384,2022-10-23 10:08:39,17.0
1385,2022-10-23 10:13:39,17.0
1386,2022-10-23 10:18:39,17.0
1387,2022-10-23 10:23:39,17.0
1388,2022-10-23 10:28:39,17.0
1389,2022-10-23 10:33:39,17.0
1390,2022-10-23 10:38:39,17.0
1391,2022-10-23 10:43:39,17.0
1392,2022-10-23 10:48:39,17.0
1393,2022-10-23 10:53:39,17.0
1394,2022-10-23 10:58:39,17.0
1395,2022-10-23 11:03:39,17.0
1396,2022-10-23 11:08:39,17.0
1397,2022-10-23 11:13:39,17.0
1398,2022-10-23 11:18:39,17.0
1399,2022-10-23 11:23:39,17.0
1400,2022-10-23 11:28:39,17.0
1401,2022-10-23 11:33:39,17.0
1402,2022-10-23 11:38:39,17.0
1403,2022-10-23 11:43:39,17.0
1404,2022-10-23 11:48:39,17.0
1405,2022-10-23 11:53:39,17.0
1406,2022-10-23 11:58:39,17.0
1407,2022-10-23 12:03:39,17.0
1408,2022-10-23 12:08:39,17.0
1409,2022-10-23 12:13:39,17.0
1410,2022-10-23 12:18:39,17.0
1411,2022-10-23 12:23:39,17.0
1412,2022-10-23 12:28:39,17.0
1413,2022-10-23 12:33:39,17.0
1414,2022-10-23 12:38:39,17.0
1415,2022-10-23 12:43:39,17.0
1416,2022-10-23 12:48:39,17.0
1417,2022-10-23 12:53:39,17.0
1418,2022-10-23 12:58:39,17.0
1419,2022-10-23 13:03:39,17.0
1420,2022-10-23 13:08:39,17.0
1421,2022-10-23 13:13:39,17.0
1422,2022-10-23 13:18:39,17.0
1423,2022-10-23 13:23:39,17.0
1424,2022-10-23 13:28:39,17.0
1425,2022-10-23 13:33:39,17.0
1426,2022-10-23 13:38:39,17.5
1427,2022-10-23 13:43:39,17.5
1428,2022-10-23 13:48:39,17.5
1429,2022-10-23 13:53:39,17.5
1430,2022-10-23 13:58:39,17.5
1431,2022-10-23 14:03:39,17.5
1432,2022-10-23 14:08:39,17.5
1433,2022-10-23 14:13:39,17.0
1434,2022-10-23 14:18:39,17.0
1435,2022-10-23 14:23:39,17.0
1436,2022-10-23 14:28:39,17.5
1437,2022-10-23 14:33:39,17.0
1438,2022-10-23 14:38:39,17.0
1439,2022-10-23 14:43:39,17.0
1440,2022-10-23 14:48:39,17.0
1441,2022-10-23 14:53:39,17.0
1442,2022-10-23 14:58:39,17.0
1443,2022-10-23 15:03:39,17.0
1444,2022-10-23 15:08:39,17.0
1445,2022-10-23 15:13:39,17.0
1446,2022-10-23 15:18:39,17.0
1447,2022-10-23 15:23:39,17.0
1448,2022-10-23 15:28:39,17.0
1449,2022-10-23 15:33:39,17.0
1450,2022-10-23 15:38:39,17.0
1451,2022-10-23 15:43:39,17.0
1452,2022-10-23 15:48:39,17.0
1453,2022-10-23 15:53:39,17.0
1454,2022-10-23 15:58:39,17.0
1455,2022-10-23 16:03:39,17.0
1456,2022-10-23 16:08:39,17.0
1457,2022-10-23 16:13:39,17.0
1458,2022-10-23 16:18:39,17.0
1459,2022-10-23 16:23:39,17.0
1460,2022-10-23 16:28:39,17.0
1461,2022-10-23 16:33:39,17.0
1462,2022-10-23 16:38:39,17.0
1463,2022-10-23 16:43:39,17.0
1464,2022-10-23 16:48:39,17.0
1465,2022-10-23 16:53:39,17.0
1466,2022-10-23 16:58:39,17.0
1467,2022-10-23 17:03:39,17.0
1468,2022-10-23 17:08:39,17.0
1469,2022-10-23 17:13:39,17.0
1470,2022-10-23 17:18:39,17.0
1471,2022-10-23 17:23:39,17.0
1472,2022-10-23 17:28:39,17.0
1473,2022-10-23 17:33:39,17.0
1474,2022-10-23 17:38:39,17.0
1475,2022-10-23 17:43:39,17.0
1476,2022-10-23 17:48:39,17.0
1477,2022-10-23 17:53:39,17.0
1478,2022-10-23 17:58:39,17.0
1479,2022-10-23 18:03:39,17.0
1480,2022-10-23 18:08:39,17.0
1481,2022-10-23 18:13:39,17.0
1482,2022-10-23 18:18:39,17.0
1483,2022-10-23 18:23:39,17.0
1484,2022-10-23 18:28:39,17.0
1485,2022-10-23 18:33:39,17.0
1486,2022-10-23 18:38:39,17.0
1487,2022-10-23 18:43:39,17.0
1488,2022-10-23 18:48:39,17.0
1489,2022-10-23 18:53:39,17.0
1490,2022-10-23 18:58:39,17.0
1491,2022-10-23 19:03:39,17.0
1492,2022-10-23 19:08:39,17.0
1493,2022-10-23 19:13:39,17.0
1494,2022-10-23 19:18:39,17.0
1495,2022-10-23 19:23:39,17.0
1496,2022-10-23 19:28:39,17.0
1497,2022-10-23 19:33:39,17.0
1498,2022-10-23 19:38:39,17.0
1499,2022-10-23 19:43:39,17.0
1500,2022-10-23 19:48:39,17.0
1501,2022-10-23 19:53:39,17.0
1502,2022-10-23 19:58:39,17.0
1503,2022-10-23 20:03:39,17.0
1504,2022-10-23 20:08:39,17.0
1505,2022-10-23 20:13:39,17.0
1506,2022-10-23 20:18:39,17.0
1507,2022-10-23 20:23:39,17.0
1508,2022-10-23 20:28:39,17.0
1509,2022-10-23 20:33:39,17.0
1510,2022-10-23 20:38:39,17.0
1511,2022-10-23 20:43:39,17.0
1512,2022-10-23 20:48:39,17.0
1513,2022-10-23 20:53:39,17.0
1514,2022-10-23 20:58:39,17.0
1515,2022-10-23 21:03:39,17.0
1516,2022-10-23 21:08:39,17.0
1517,2022-10-23 21:13:39,17.0
1518,2022-10-23 21:18:39,17.0
1519,2022-10-23 21:23:39,17.0
1520,2022-10-23 21:28:39,17.0
1521,2022-10-23 21:33:39,17.0
1522,2022-10-23 21:38:39,17.0
1523,2022-10-23 21:43:39,17.0
1524,2022-10-23 21:48:39,17.0
1525,2022-10-23 21:53:39,17.0
1526,2022-10-23 21:58:39,17.0
1527,2022-10-23 22:03:39,17.0
1528,2022-10-23 22:08:39,17.0
1529,2022-10-23 22:13:39,17.0
1530,2022-10-23 22:18:39,17.0
1531,2022-10-23 22:23:39,17.0
1532,2022-10-23 22:28:39,17.0
1533,2022-10-23 22:33:39,17.0
1534,2022-10-23 22:38:39,17.0
1535,2022-10-23 22:43:39,17.0
1536,2022-10-23 22:48:39,17.0
1537,2022-10-23 22:53:39,17.0
1538,2022-10-23 22:58:39,17.0
1539,2022-10-23 23:03:39,17.0
1540,2022-10-23 23:08:39,17.0
1541,2022-10-23 23:13:39,17.0
1542,2022-10-23 23:18:39,17.0
1543,2022-10-23 23:23:39,17.0
1544,2022-10-23 23:28:39,17.0
1545,2022-10-23 23:33:39,17.0
1546,2022-10-23 23:38:39,17.0
1547,2022-10-23 23:43:39,17.0
1548,2022-10-23 23:48:39,17.0
1549,2022-10-23 23:53:39,17.0
1550,2022-10-23 23:58:39,17.0
1551,2022-10-24 00:03:39,17.0
1552,2022-10-24 00:08:39,16.5
1553,2022-10-24 00:13:39,16.5
1554,2022-10-24 00:18:39,16.5
1555,2022-10-24 00:23:39,16.5
1556,2022-10-24 00:28:39,16.5
1557,2022-10-24 00:33:39,16.5
1558,2022-10-24 00:38:39,16.5
1559,2022-10-24 00:43:39,16.5
1560,2022-10-24 00:48:39,16.5
1561,2022-10-24 00:53:39,16.5
1562,2022-10-24 00:58:39,16.5
1563,2022-10-24 01:03:39,16.5
1564,2022-10-24 01:08:39,16.5
1565,2022-10-24 01:13:39,16.5
1566,2022-10-24 01:18:39,16.5
1567,2022-10-24 01:23:39,16.5
1568,2022-10-24 01:28:39,16.5
1569,2022-10-24 01:33:39,16.5
1570,2022-10-24 01:38:39,16.5
1571,2022-10-24 01:43:39,16.5
1572,2022-10-24 01:48:39,16.5
1573,2022-10-24 01:53:39,16.5
1574,2022-10-24 01:58:39,16.5
1575,2022-10-24 02:03:39,16.5
1576,2022-10-24 02:08:39,16.5
1577,2022-10-24 02:13:39,16.5
1578,2022-10-24 02:18:39,16.5
1579,2022-10-24 02:23:39,16.5
1580,2022-10-24 02:28:39,16.5
1581,2022-10-24 02:33:39,16.5
1582,2022-10-24 02:38:39,16.5
1583,2022-10-24 02:43:39,16.5
1584,2022-10-24 02:48:39,16.5
1585,2022-10-24 02:53:39,16.5
1586,2022-10-24 02:58:39,16.5
1587,2022-10-24 03:03:39,16.5
1588,2022-10-24 03:08:39,16.5
1589,2022-10-24 03:13:39,16.5
1590,2022-10-24 03:18:39,16.5
1591,2022-10-24 03:23:39,16.5
1592,2022-10-24 03:28:39,16.5
1593,2022-10-24 03:33:39,16.5
1594,2022-10-24 03:38:39,16.5
1595,2022-10-24 03:43:39,16.5
1596,2022-10-24 03:48:39,16.5
1597,2022-10-24 03:53:39,16.5
1598,2022-10-24 03:58:39,16.5
1599,2022-10-24 04:03:39,16.5
1600,2022-10-24 04:08:39,16.5
1601,2022-10-24 04:13:39,16.5
1602,2022-10-24 04:18:39,16.5
1603,2022-10-24 04:23:39,16.5
1604,2022-10-24 04:28:39,16.5
1605,2022-10-24 04:33:39,16.5
1606,2022-10-24 04:38:39,16.5
1607,2022-10-24 04:43:39,16.5
1608,2022-10-24 04:48:39,16.5
1609,2022-10-24 04:53:39,16.5
1610,2022-10-24 04:58:39,16.5
1611,2022-10-24 05:03:39,16.5
1612,2022-10-24 05:08:39,16.5
1613,2022-10-24 05:13:39,16.5
1614,2022-10-24 05:18:39,16.5
1615,2022-10-24 05:23:39,16.5
1616,2022-10-24 05:28:39,16.5
1617,2022-10-24 05:33:39,16.5
1618,2022-10-24 05:38:39,16.5
1619,2022-10-24 05:43:39,16.5
1620,2022-10-24 05:48:39,16.5
1621,2022-10-24 05:53:39,16.5
1622,2022-10-24 05:58:39,16.5
1623,2022-10-24 06:03:39,16.5
1624,2022-10-24 06:08:39,16.5
1625,2022-10-24 06:13:39,16.5
1626,2022-10-24 06:18:39,16.5
1627,2022-10-24 06:23:39,16.5
1628,2022-10-24 06:28:39,16.5
1629,2022-10-24 06:33:39,16.5
1630,2022-10-24 06:38:39,16.5
1631,2022-10-24 06:43:39,16.5
1632,2022-10-24 06:48:39,16.5
1633,2022-10-24 06:53:39,16.5
1634,2022-10-24 06:58:39,16.5
1635,2022-10-24 07:03:39,16.5
1636,2022-10-24 07:08:39,16.5
1637,2022-10-24 07:13:39,16.5
1638,2022-10-24 07:18:39,16.5
1639,2022-10-24 07:23:39,16.5
1640,2022-10-24 07:28:39,16.5
1641,2022-10-24 07:33:39,16.5
1642,2022-10-24 07:38:39,16.5
1643,2022-10-24 07:43:39,16.5
1644,2022-10-24 07:48:39,16.5
1645,2022-10-24 07:53:39,16.5
1646,2022-10-24 07:58:39,16.5
1647,2022-10-24 08:03:39,16.5
1648,2022-10-24 08:08:39,16.5
1649,2022-10-24 08:13:39,16.5
1650,2022-10-24 08:18:39,16.5
1651,2022-10-24 08:23:39,16.5
1652,2022-10-24 08:28:39,16.5
1653,2022-10-24 08:33:39,16.5
1654,2022-10-24 08:38:39,16.5
1655,2022-10-24 08:43:39,16.5
1656,2022-10-24 08:48:39,16.5
1657,2022-10-24 08:53:39,16.5
1658,2022-10-24 08:58:39,16.5
1659,2022-10-24 09:03:39,16.5
1660,2022-10-24 09:08:39,16.5
1661,2022-10-24 09:13:39,16.5
1662,2022-10-24 09:18:39,16.5
1663,2022-10-24 09:23:39,16.5
1664,2022-10-24 09:28:39,16.5
1665,2022-10-24 09:33:39,16.5
1666,2022-10-24 09:38:39,16.5
1667,2022-10-24 09:43:39,16.5
1668,2022-10-24 09:48:39,16.5
1669,2022-10-24 09:53:39,16.5
1670,2022-10-24 09:58:39,16.5
1671,2022-10-24 10:03:39,16.5
1672,2022-10-24 10:08:39,17.0
1673,2022-10-24 10:13:39,17.0
1674,2022-10-24 10:18:39,17.0
1675,2022-10-24 10:23:39,17.0
1676,2022-10-24 10:28:39,17.0
1677,2022-10-24 10:33:39,17.0
1678,2022-10-24 10:38:39,17.0
1679,2022-10-24 10:43:39,17.0
1680,2022-10-24 10:48:39,17.0
1681,2022-10-24 10:53:39,17.0
1682,2022-10-24 10:58:39,17.0
1683,2022-10-24 11:03:39,17.0
1684,2022-10-24 11:08:39,17.0
1685,2022-10-24 11:13:39,17.0
1686,2022-10-24 11:18:39,17.0
1687,2022-10-24 11:23:39,17.0
1688,2022-10-24 11:28:39,17.0
1689,2022-10-24 11:33:39,17.0
1690,2022-10-24 11:38:39,17.0
1691,2022-10-24 11:43:39,17.0
1692,2022-10-24 11:48:39,17.0
1693,2022-10-24 11:53:39,17.0
1694,2022-10-24 11:58:39,17.0
1695,2022-10-24 12:03:39,17.0
1696,2022-10-24 12:08:39,17.0
1697,2022-10-24 12:13:39,17.0
1698,2022-10-24 12:18:39,17.0
1699,2022-10-24 12:23:39,17.0
1700,2022-10-24 12:28:39,17.0
1701,2022-10-24 12:33:39,17.0
1702,2022-10-24 12:38:39,17.0
1703,2022-10-24 12:43:39,17.0
1704,2022-10-24 12:48:39,17.0
1705,2022-10-24 12:53:39,17.0
1706,2022-10-24 12:58:39,17.0
1707,2022-10-24 13:03:39,17.0
1708,2022-10-24 13:08:39,17.0
1709,2022-10-24 13:13:39,17.0
1710,2022-10-24 13:18:39,17.0
1711,2022-10-24 13:23:39,17.0
1712,2022-10-24 13:28:39,17.5
1713,2022-10-24 13:33:39,17.5
1714,2022-10-24 13:38:39,18.0
1715,2022-10-24 13:43:39,18.0
1716,2022-10-24 13:48:39,18.0
1717,2022-10-24 13:53:39,18.0
1718,2022-10-24 13:58:39,18.5
1719,2022-10-24 14:03:39,18.5
1720,2022-10-24 14:08:39,18.5
1721,2022-10-24 14:13:39,18.5
1722,2022-10-24 14:18:39,18.5
1723,2022-10-24 14:23:39,19.0
1724,2022-10-24 14:28:39,19.0
1725,2022-10-24 14:33:39,19.0
1726,2022-10-24 14:38:39,19.0
1727,2022-10-24 14:43:39,19.0
1728,2022-10-24 14:48:39,19.0
1729,2022-10-24 14:53:39,19.0
1730,2022-10-24 14:58:39,19.0
1731,2022-10-24 15:03:39,19.0
1732,2022-10-24 15:08:39,19.0
1733,2022-10-24 15:13:39,19.0
1734,2022-10-24 15:18:39,19.0
1735,2022-10-24 15:23:39,19.0
1736,2022-10-24 15:28:39,19.0
1737,2022-10-24 15:33:39,19.0
1738,2022-10-24 15:38:39,19.5
1739,2022-10-24 15:43:39,19.5
1740,2022-10-24 15:48:39,19.5
1741,2022-10-24 15:53:39,19.5
1742,2022-10-24 15:58:39,19.5
1743,2022-10-24 16:03:39,19.5
1744,2022-10-24 16:08:39,19.5
1745,2022-10-24 16:13:39,19.5
1746,2022-10-24 16:18:39,19.5
1747,2022-10-24 16:23:39,19.5
1748,2022-10-24 16:28:39,19.5
1749,2022-10-24 16:33:39,19.5
1750,2022-10-24 16:38:39,19.5
1751,2022-10-24 16:43:39,19.5
1752,2022-10-24 16:48:39,19.5
1753,2022-10-24 16:53:39,19.5
1754,2022-10-24 16:58:39,19.5
1755,2022-10-24 17:03:39,19.5
1756,2022-10-24 17:08:39,19.5
1757,2022-10-24 17:13:39,19.5
1758,2022-10-24 17:18:39,19.5
1759,2022-10-24 17:23:39,19.5
1760,2022-10-24 17:28:39,19.5
1761,2022-10-24 17:33:39,19.5
1762,2022-10-24 17:38:39,19.5
1763,2022-10-24 17:43:39,19.5
1764,2022-10-24 17:48:39,19.5
1765,2022-10-24 17:53:39,19.5
1766,2022-10-24 17:58:39,19.5
1767,2022-10-24 18:03:39,19.5
1768,2022-10-24 18:08:39,19.5
1769,2022-10-24 18:13:39,19.5
1770,2022-10-24 18:18:39,19.5
1771,2022-10-24 18:23:39,19.5
1772,2022-10-24 18:28:39,19.0
1773,2022-10-24 18:33:39,19.0
1774,2022-10-24 18:38:39,19.0
1775,2022-10-24 18:43:39,19.0
1776,2022-10-24 18:48:39,19.0
1777,2022-10-24 18:53:39,19.0
1778,2022-10-24 18:58:39,19.0
1779,2022-10-24 19:03:39,18.5
1780,2022-10-24 19:08:39,18.5
1781,2022-10-24 19:13:39,18.5
1782,2022-10-24 19:18:39,18.5
1783,2022-10-24 19:23:39,18.5
1784,2022-10-24 19:28:39,18.5
1785,2022-10-24 19:33:39,18.5
1786,2022-10-24 19:38:39,18.5
1787,2022-10-24 19:43:39,18.5
1788,2022-10-24 19:48:39,18.5
1789,2022-10-24 19:53:39,18.5
1790,2022-10-24 19:58:39,18.5
1791,2022-10-24 20:03:39,18.5
1792,2022-10-24 20:08:39,18.0
1793,2022-10-24 20:13:39,18.5
1794,2022-10-24 20:18:39,18.5
1795,2022-10-24 20:23:39,18.5
1796,2022-10-24 20:28:39,18.5
1797,2022-10-24 20:33:39,18.5
1798,2022-10-24 20:38:39,19.0
1799,2022-10-24 20:43:39,19.0
1800,2022-10-24 20:48:39,19.0
1801,2022-10-24 20:53:39,19.0
1802,2022-10-24 20:58:39,19.0
1803,2022-10-24 21:03:39,19.0
1804,2022-10-24 21:08:39,19.0
1805,2022-10-24 21:13:39,19.0
1806,2022-10-24 21:18:39,19.0
1807,2022-10-24 21:23:39,18.5
1808,2022-10-24 21:28:39,18.5
1809,2022-10-24 21:33:39,18.5
1810,2022-10-24 21:38:39,18.5
1811,2022-10-24 21:43:39,18.5
1812,2022-10-24 21:48:39,18.5
1813,2022-10-24 21:53:39,18.5
1814,2022-10-24 21:58:39,18.0
1815,2022-10-24 22:03:39,18.0
1816,2022-10-24 22:08:39,18.0
1817,2022-10-24 22:13:39,18.0
1818,2022-10-24 22:18:39,18.0
1819,2022-10-24 22:23:39,18.0
1820,2022-10-24 22:28:39,18.0
1821,2022-10-24 22:33:39,18.0
1822,2022-10-24 22:38:39,18.0
1823,2022-10-24 22:43:39,18.0
1824,2022-10-24 22:48:39,18.0
1825,2022-10-24 22:53:39,18.0
1826,2022-10-24 22:58:39,18.0
1827,2022-10-24 23:03:39,18.0
1828,2022-10-24 23:08:39,18.0
1829,2022-10-24 23:13:39,18.0
1830,2022-10-24 23:18:39,17.5
1831,2022-10-24 23:23:39,17.5
1832,2022-10-24 23:28:39,17.5
1833,2022-10-24 23:33:39,17.5
1834,2022-10-24 23:38:39,17.5
1835,2022-10-24 23:43:39,17.5
1836,2022-10-24 23:48:39,17.5
1837,2022-10-24 23:53:39,17.5
1838,2022-10-24 23:58:39,17.5
1839,2022-10-25 00:03:39,17.5
1840,2022-10-25 00:08:39,17.5
1841,2022-10-25 00:13:39,17.5
1842,2022-10-25 00:18:39,17.5
1843,2022-10-25 00:23:39,17.5
1844,2022-10-25 00:28:39,17.5
1845,2022-10-25 00:33:39,17.5
1846,2022-10-25 00:38:39,17.5
1847,2022-10-25 00:43:39,17.5
1848,2022-10-25 00:48:39,17.5
1849,2022-10-25 00:53:39,17.5
1850,2022-10-25 00:58:39,17.5
1851,2022-10-25 01:03:39,17.5
1852,2022-10-25 01:08:39,17.5
1853,2022-10-25 01:13:39,17.5
1854,2022-10-25 01:18:39,17.5
1855,2022-10-25 01:23:39,17.5
1856,2022-10-25 01:28:39,17.5
1857,2022-10-25 01:33:39,17.5
1858,2022-10-25 01:38:39,17.5
1859,2022-10-25 01:43:39,17.0
1860,2022-10-25 01:48:39,17.0
1861,2022-10-25 01:53:39,17.0
1862,2022-10-25 01:58:39,17.0
1863,2022-10-25 02:03:39,17.0
1864,2022-10-25 02:08:39,17.0
1865,2022-10-25 02:13:39,17.0
1866,2022-10-25 02:18:39,17.0
1867,2022-10-25 02:23:39,17.0
1868,2022-10-25 02:28:39,17.0
1869,2022-10-25 02:33:39,17.0
1870,2022-10-25 02:38:39,17.0
1871,2022-10-25 02:43:39,17.0
1872,2022-10-25 02:48:39,17.0
1873,2022-10-25 02:53:39,17.0
1874,2022-10-25 02:58:39,17.0
1875,2022-10-25 03:03:39,17.0
1876,2022-10-25 03:08:39,17.0
1877,2022-10-25 03:13:39,17.0
1878,2022-10-25 03:18:39,17.0
1879,2022-10-25 03:23:39,17.0
1880,2022-10-25 03:28:39,17.0
1881,2022-10-25 03:33:39,17.0
1882,2022-10-25 03:38:39,17.0
1883,2022-10-25 03:43:39,17.0
1884,2022-10-25 03:48:39,17.0
1885,2022-10-25 03:53:39,17.0
1886,2022-10-25 03:58:39,17.0
1887,2022-10-25 04:03:39,17.0
1888,2022-10-25 04:08:39,17.0
1889,2022-10-25 04:13:39,17.0
1890,2022-10-25 04:18:39,17.0
1891,2022-10-25 04:23:39,17.0
1892,2022-10-25 04:28:39,17.0
1893,2022-10-25 04:33:39,17.0
1894,2022-10-25 04:38:39,17.0
1895,2022-10-25 04:43:39,17.0
1896,2022-10-25 04:48:39,17.0
1897,2022-10-25 04:53:39,17.0
1898,2022-10-25 04:58:39,17.0
1899,2022-10-25 05:03:39,17.0
1900,2022-10-25 05:08:39,17.0
1901,2022-10-25 05:13:39,17.0
1902,2022-10-25 05:18:39,17.0
1903,2022-10-25 05:23:39,17.0
1904,2022-10-25 05:28:39,17.0
1905,2022-10-25 05:33:39,17.0
1906,2022-10-25 05:38:39,17.0
1907,2022-10-25 05:43:39,17.0
1908,2022-10-25 05:48:39,17.0
1909,2022-10-25 05:53:39,17.0
1910,2022-10-25 05:58:39,17.0
1911,2022-10-25 06:03:39,16.5
1912,2022-10-25 06:08:39,16.5
1913,2022-10-25 06:13:39,16.5
1914,2022-10-25 06:18:39,16.5
1915,2022-10-25 06:23:39,16.5
1916,2022-10-25 06:28:39,16.5
1917,2022-10-25 06:33:39,16.5
1918,2022-10-25 06:38:39,16.5
1919,2022-10-25 06:43:39,16.5
1920,2022-10-25 06:48:39,16.5
1921,2022-10-25 06:53:39,16.5
1922,2022-10-25 06:58:39,16.5
1923,2022-10-25 07:03:39,16.5
1924,2022-10-25 07:08:39,16.5
1925,2022-10-25 07:13:39,16.5
1926,2022-10-25 07:18:39,16.5
1927,2022-10-25 07:23:39,16.5
1928,2022-10-25 07:28:39,16.5
1929,2022-10-25 07:33:39,16.5
1930,2022-10-25 07:38:39,17.0
1931,2022-10-25 07:43:39,17.0
1932,2022-10-25 07:48:39,17.0
1933,2022-10-25 07:53:39,17.0
1934,2022-10-25 07:58:39,17.0
1935,2022-10-25 08:03:39,17.0
1936,2022-10-25 08:08:39,17.5
1937,2022-10-25 08:13:39,17.5
1938,2022-10-25 08:18:39,17.5
1939,2022-10-25 08:23:39,17.5
1940,2022-10-25 08:28:39,17.5
1941,2022-10-25 08:33:39,17.5
1942,2022-10-25 08:38:39,17.5
1943,2022-10-25 08:43:39,17.0
1944,2022-10-25 08:48:39,17.0
1945,2022-10-25 08:53:39,17.0
1946,2022-10-25 08:58:39,17.0
1947,2022-10-25 09:03:39,17.0
1948,2022-10-25 09:08:39,17.0
1949,2022-10-25 09:13:39,17.5
1950,2022-10-25 09:18:39,17.5
1951,2022-10-25 09:23:39,17.5
1952,2022-10-25 09:28:39,17.5
1953,2022-10-25 09:33:39,17.5
1954,2022-10-25 09:38:39,17.5
1955,2022-10-25 09:43:39,17.5
1956,2022-10-25 09:48:39,17.5
1957,2022-10-25 09:53:39,17.5
1958,2022-10-25 09:58:39,17.5
1959,2022-10-25 10:03:39,17.5
1960,2022-10-25 10:08:39,17.5
1961,2022-10-25 10:13:39,17.5
1962,2022-10-25 10:18:39,17.5
1963,2022-10-25 10:23:39,17.5
1964,2022-10-25 10:28:39,17.5
1965,2022-10-25 10:33:39,17.5
1966,2022-10-25 10:38:39,17.5
1967,2022-10-25 10:43:39,17.5
1968,2022-10-25 10:48:39,17.5
1969,2022-10-25 10:53:39,17.5
1970,2022-10-25 10:58:39,17.5
1971,2022-10-25 11:03:39,17.5
1972,2022-10-25 11:08:39,17.5
1973,2022-10-25 11:13:39,17.5
1974,2022-10-25 11:18:39,17.5
1975,2022-10-25 11:23:39,17.5
1976,2022-10-25 11:28:39,17.5
1977,2022-10-25 11:33:39,17.5
1978,2022-10-25 11:38:39,17.5
1979,2022-10-25 11:43:39,17.5
1980,2022-10-25 11:48:39,17.5
1981,2022-10-25 11:53:39,17.5
1982,2022-10-25 11:58:39,17.5
1983,2022-10-25 12:03:39,17.5
1984,2022-10-25 12:08:39,17.5
1985,2022-10-25 12:13:39,17.5
1986,2022-10-25 12:18:39,17.5
1987,2022-10-25 12:23:39,17.5
1988,2022-10-25 12:28:39,17.5
1989,2022-10-25 12:33:39,17.5
1990,2022-10-25 12:38:39,17.5
1991,2022-10-25 12:43:39,18.5
