sc_res_lounge,Time,Celsius(°C),Serial Number
1,2022-10-18 14:42:53,22.5,052268441
2,2022-10-18 14:47:53,20.5
3,2022-10-18 14:52:53,19.5
4,2022-10-18 14:57:53,19.0
5,2022-10-18 15:02:53,18.5
6,2022-10-18 15:07:53,18.5
7,2022-10-18 15:12:53,18.0
8,2022-10-18 15:17:53,18.0
9,2022-10-18 15:22:53,18.0
10,2022-10-18 15:27:53,18.0
11,2022-10-18 15:32:53,18.0
12,2022-10-18 15:37:53,22.0
13,2022-10-18 15:42:53,24.0
14,2022-10-18 15:47:53,24.5
15,2022-10-18 15:52:53,21.5
16,2022-10-18 15:57:53,19.5
17,2022-10-18 16:02:53,18.5
18,2022-10-18 16:07:53,18.0
19,2022-10-18 16:12:53,18.0
20,2022-10-18 16:17:53,20.5
21,2022-10-18 16:22:53,21.0
22,2022-10-18 16:27:53,20.0
23,2022-10-18 16:32:53,19.5
24,2022-10-18 16:37:53,19.0
25,2022-10-18 16:42:53,19.0
26,2022-10-18 16:47:53,19.0
27,2022-10-18 16:52:53,18.5
28,2022-10-18 16:57:53,18.5
29,2022-10-18 17:02:53,18.5
30,2022-10-18 17:07:53,18.5
31,2022-10-18 17:12:53,18.5
32,2022-10-18 17:17:53,18.5
33,2022-10-18 17:22:53,18.5
34,2022-10-18 17:27:53,18.5
35,2022-10-18 17:32:53,18.5
36,2022-10-18 17:37:53,18.5
37,2022-10-18 17:42:53,18.5
38,2022-10-18 17:47:53,18.0
39,2022-10-18 17:52:53,18.0
40,2022-10-18 17:57:53,18.5
41,2022-10-18 18:02:53,18.5
42,2022-10-18 18:07:53,18.5
43,2022-10-18 18:12:53,19.0
44,2022-10-18 18:17:53,19.0
45,2022-10-18 18:22:53,19.0
46,2022-10-18 18:27:53,19.0
47,2022-10-18 18:32:53,19.5
48,2022-10-18 18:37:53,19.5
49,2022-10-18 18:42:53,19.5
50,2022-10-18 18:47:53,19.5
51,2022-10-18 18:52:53,19.5
52,2022-10-18 18:57:53,19.5
53,2022-10-18 19:02:53,19.5
54,2022-10-18 19:07:53,19.5
55,2022-10-18 19:12:53,19.5
56,2022-10-18 19:17:53,19.5
57,2022-10-18 19:22:53,19.5
58,2022-10-18 19:27:53,19.5
59,2022-10-18 19:32:53,19.5
60,2022-10-18 19:37:53,19.5
61,2022-10-18 19:42:53,19.5
62,2022-10-18 19:47:53,19.5
63,2022-10-18 19:52:53,19.5
64,2022-10-18 19:57:53,19.5
65,2022-10-18 20:02:53,19.5
66,2022-10-18 20:07:53,19.5
67,2022-10-18 20:12:53,19.5
68,2022-10-18 20:17:53,19.5
69,2022-10-18 20:22:53,19.5
70,2022-10-18 20:27:53,19.5
71,2022-10-18 20:32:53,19.5
72,2022-10-18 20:37:53,19.5
73,2022-10-18 20:42:53,19.0
74,2022-10-18 20:47:53,19.0
75,2022-10-18 20:52:53,19.0
76,2022-10-18 20:57:53,19.0
77,2022-10-18 21:02:53,19.5
78,2022-10-18 21:07:53,19.0
79,2022-10-18 21:12:53,19.0
80,2022-10-18 21:17:53,19.0
81,2022-10-18 21:22:53,19.0
82,2022-10-18 21:27:53,19.0
83,2022-10-18 21:32:53,19.0
84,2022-10-18 21:37:53,19.0
85,2022-10-18 21:42:53,19.0
86,2022-10-18 21:47:53,19.0
87,2022-10-18 21:52:53,19.0
88,2022-10-18 21:57:53,19.0
89,2022-10-18 22:02:53,19.0
90,2022-10-18 22:07:53,19.0
91,2022-10-18 22:12:53,19.0
92,2022-10-18 22:17:53,19.0
93,2022-10-18 22:22:53,19.0
94,2022-10-18 22:27:53,19.0
95,2022-10-18 22:32:53,19.0
96,2022-10-18 22:37:53,19.0
97,2022-10-18 22:42:53,19.0
98,2022-10-18 22:47:53,19.0
99,2022-10-18 22:52:53,19.0
100,2022-10-18 22:57:53,19.0
101,2022-10-18 23:02:53,19.0
102,2022-10-18 23:07:53,19.0
103,2022-10-18 23:12:53,19.0
104,2022-10-18 23:17:53,19.0
105,2022-10-18 23:22:53,19.0
106,2022-10-18 23:27:53,19.0
107,2022-10-18 23:32:53,19.0
108,2022-10-18 23:37:53,19.0
109,2022-10-18 23:42:53,19.0
110,2022-10-18 23:47:53,19.0
111,2022-10-18 23:52:53,18.5
112,2022-10-18 23:57:53,18.5
113,2022-10-19 00:02:53,18.5
114,2022-10-19 00:07:53,18.5
115,2022-10-19 00:12:53,18.5
116,2022-10-19 00:17:53,18.5
117,2022-10-19 00:22:53,18.5
118,2022-10-19 00:27:53,18.5
119,2022-10-19 00:32:53,18.5
120,2022-10-19 00:37:53,18.5
121,2022-10-19 00:42:53,18.5
122,2022-10-19 00:47:53,18.5
123,2022-10-19 00:52:53,18.5
124,2022-10-19 00:57:53,18.5
125,2022-10-19 01:02:53,18.0
126,2022-10-19 01:07:53,18.0
127,2022-10-19 01:12:53,18.0
128,2022-10-19 01:17:53,18.0
129,2022-10-19 01:22:53,18.0
130,2022-10-19 01:27:53,18.0
131,2022-10-19 01:32:53,18.0
132,2022-10-19 01:37:53,18.0
133,2022-10-19 01:42:53,18.0
134,2022-10-19 01:47:53,18.0
135,2022-10-19 01:52:53,18.0
136,2022-10-19 01:57:53,18.0
137,2022-10-19 02:02:53,18.0
138,2022-10-19 02:07:53,18.0
139,2022-10-19 02:12:53,18.0
140,2022-10-19 02:17:53,18.0
141,2022-10-19 02:22:53,18.0
142,2022-10-19 02:27:53,18.0
143,2022-10-19 02:32:53,18.0
144,2022-10-19 02:37:53,18.0
145,2022-10-19 02:42:53,18.0
146,2022-10-19 02:47:53,18.0
147,2022-10-19 02:52:53,18.0
148,2022-10-19 02:57:53,18.0
149,2022-10-19 03:02:53,18.0
150,2022-10-19 03:07:53,17.5
151,2022-10-19 03:12:53,17.5
152,2022-10-19 03:17:53,17.5
153,2022-10-19 03:22:53,17.5
154,2022-10-19 03:27:53,17.5
155,2022-10-19 03:32:53,17.5
156,2022-10-19 03:37:53,17.5
157,2022-10-19 03:42:53,17.5
158,2022-10-19 03:47:53,17.5
159,2022-10-19 03:52:53,17.5
160,2022-10-19 03:57:53,17.5
161,2022-10-19 04:02:53,17.5
162,2022-10-19 04:07:53,17.5
163,2022-10-19 04:12:53,17.5
164,2022-10-19 04:17:53,17.5
165,2022-10-19 04:22:53,17.5
166,2022-10-19 04:27:53,17.5
167,2022-10-19 04:32:53,17.5
168,2022-10-19 04:37:53,17.5
169,2022-10-19 04:42:53,17.5
170,2022-10-19 04:47:53,17.5
171,2022-10-19 04:52:53,17.5
172,2022-10-19 04:57:53,17.5
173,2022-10-19 05:02:53,17.5
174,2022-10-19 05:07:53,17.5
175,2022-10-19 05:12:53,17.5
176,2022-10-19 05:17:53,17.5
177,2022-10-19 05:22:53,17.5
178,2022-10-19 05:27:53,17.5
179,2022-10-19 05:32:53,17.5
180,2022-10-19 05:37:53,17.5
181,2022-10-19 05:42:53,17.5
182,2022-10-19 05:47:53,17.5
183,2022-10-19 05:52:53,18.0
184,2022-10-19 05:57:53,18.0
185,2022-10-19 06:02:53,18.0
186,2022-10-19 06:07:53,18.5
187,2022-10-19 06:12:53,18.5
188,2022-10-19 06:17:53,18.5
189,2022-10-19 06:22:53,18.5
190,2022-10-19 06:27:53,18.5
191,2022-10-19 06:32:53,18.5
192,2022-10-19 06:37:53,19.0
193,2022-10-19 06:42:53,19.0
194,2022-10-19 06:47:53,19.0
195,2022-10-19 06:52:53,19.0
196,2022-10-19 06:57:53,19.0
197,2022-10-19 07:02:53,19.0
198,2022-10-19 07:07:53,19.0
199,2022-10-19 07:12:53,19.0
200,2022-10-19 07:17:53,19.0
201,2022-10-19 07:22:53,19.0
202,2022-10-19 07:27:53,19.0
203,2022-10-19 07:32:53,19.0
204,2022-10-19 07:37:53,19.0
205,2022-10-19 07:42:53,19.0
206,2022-10-19 07:47:53,19.0
207,2022-10-19 07:52:53,19.0
208,2022-10-19 07:57:53,19.0
209,2022-10-19 08:02:53,19.0
210,2022-10-19 08:07:53,19.0
211,2022-10-19 08:12:53,19.0
212,2022-10-19 08:17:53,19.0
213,2022-10-19 08:22:53,19.0
214,2022-10-19 08:27:53,19.0
215,2022-10-19 08:32:53,19.0
216,2022-10-19 08:37:53,19.0
217,2022-10-19 08:42:53,19.0
218,2022-10-19 08:47:53,19.0
219,2022-10-19 08:52:53,18.5
220,2022-10-19 08:57:53,18.5
221,2022-10-19 09:02:53,18.5
222,2022-10-19 09:07:53,18.5
223,2022-10-19 09:12:53,18.5
224,2022-10-19 09:17:53,18.5
225,2022-10-19 09:22:53,18.5
226,2022-10-19 09:27:53,18.5
227,2022-10-19 09:32:53,18.5
228,2022-10-19 09:37:53,18.5
229,2022-10-19 09:42:53,18.5
230,2022-10-19 09:47:53,18.5
231,2022-10-19 09:52:53,18.5
232,2022-10-19 09:57:53,18.5
233,2022-10-19 10:02:53,18.5
234,2022-10-19 10:07:53,18.5
235,2022-10-19 10:12:53,18.5
236,2022-10-19 10:17:53,18.5
237,2022-10-19 10:22:53,19.0
238,2022-10-19 10:27:53,19.0
239,2022-10-19 10:32:53,19.0
240,2022-10-19 10:37:53,19.5
241,2022-10-19 10:42:53,19.5
242,2022-10-19 10:47:53,19.5
243,2022-10-19 10:52:53,19.5
244,2022-10-19 10:57:53,19.5
245,2022-10-19 11:02:53,19.5
246,2022-10-19 11:07:53,19.5
247,2022-10-19 11:12:53,19.5
248,2022-10-19 11:17:53,19.5
249,2022-10-19 11:22:53,19.5
250,2022-10-19 11:27:53,19.5
251,2022-10-19 11:32:53,19.5
252,2022-10-19 11:37:53,19.5
253,2022-10-19 11:42:53,19.5
254,2022-10-19 11:47:53,19.0
255,2022-10-19 11:52:53,19.0
256,2022-10-19 11:57:53,19.0
257,2022-10-19 12:02:53,19.0
258,2022-10-19 12:07:53,19.5
259,2022-10-19 12:12:53,19.5
260,2022-10-19 12:17:53,20.0
261,2022-10-19 12:22:53,20.0
262,2022-10-19 12:27:53,20.5
263,2022-10-19 12:32:53,20.5
264,2022-10-19 12:37:53,20.5
265,2022-10-19 12:42:53,20.5
266,2022-10-19 12:47:53,20.5
267,2022-10-19 12:52:53,20.5
268,2022-10-19 12:57:53,20.0
269,2022-10-19 13:02:53,20.0
270,2022-10-19 13:07:53,20.0
271,2022-10-19 13:12:53,20.0
272,2022-10-19 13:17:53,20.0
273,2022-10-19 13:22:53,20.0
274,2022-10-19 13:27:53,20.0
275,2022-10-19 13:32:53,20.0
276,2022-10-19 13:37:53,20.0
277,2022-10-19 13:42:53,20.0
278,2022-10-19 13:47:53,20.0
279,2022-10-19 13:52:53,20.0
280,2022-10-19 13:57:53,20.0
281,2022-10-19 14:02:53,20.0
282,2022-10-19 14:07:53,20.0
283,2022-10-19 14:12:53,20.0
284,2022-10-19 14:17:53,20.0
285,2022-10-19 14:22:53,20.0
286,2022-10-19 14:27:53,20.0
287,2022-10-19 14:32:53,20.0
288,2022-10-19 14:37:53,20.0
289,2022-10-19 14:42:53,20.0
290,2022-10-19 14:47:53,20.0
291,2022-10-19 14:52:53,20.0
292,2022-10-19 14:57:53,20.0
293,2022-10-19 15:02:53,20.0
294,2022-10-19 15:07:53,20.0
295,2022-10-19 15:12:53,20.0
296,2022-10-19 15:17:53,20.0
297,2022-10-19 15:22:53,19.5
298,2022-10-19 15:27:53,19.5
299,2022-10-19 15:32:53,19.5
300,2022-10-19 15:37:53,19.5
301,2022-10-19 15:42:53,19.5
302,2022-10-19 15:47:53,19.5
303,2022-10-19 15:52:53,19.5
304,2022-10-19 15:57:53,19.5
305,2022-10-19 16:02:53,19.5
306,2022-10-19 16:07:53,19.0
307,2022-10-19 16:12:53,19.0
308,2022-10-19 16:17:53,19.0
309,2022-10-19 16:22:53,19.0
310,2022-10-19 16:27:53,19.0
311,2022-10-19 16:32:53,19.0
312,2022-10-19 16:37:53,19.0
313,2022-10-19 16:42:53,19.0
314,2022-10-19 16:47:53,19.0
315,2022-10-19 16:52:53,19.0
316,2022-10-19 16:57:53,19.0
317,2022-10-19 17:02:53,19.0
318,2022-10-19 17:07:53,18.5
319,2022-10-19 17:12:53,18.5
320,2022-10-19 17:17:53,18.5
321,2022-10-19 17:22:53,18.5
322,2022-10-19 17:27:53,18.5
323,2022-10-19 17:32:53,18.5
324,2022-10-19 17:37:53,18.5
325,2022-10-19 17:42:53,18.5
326,2022-10-19 17:47:53,18.5
327,2022-10-19 17:52:53,18.5
328,2022-10-19 17:57:53,18.5
329,2022-10-19 18:02:53,19.0
330,2022-10-19 18:07:53,19.0
331,2022-10-19 18:12:53,19.0
332,2022-10-19 18:17:53,19.5
333,2022-10-19 18:22:53,19.5
334,2022-10-19 18:27:53,19.5
335,2022-10-19 18:32:53,19.5
336,2022-10-19 18:37:53,19.5
337,2022-10-19 18:42:53,19.5
338,2022-10-19 18:47:53,19.5
339,2022-10-19 18:52:53,19.5
340,2022-10-19 18:57:53,19.5
341,2022-10-19 19:02:53,19.5
342,2022-10-19 19:07:53,19.5
343,2022-10-19 19:12:53,19.5
344,2022-10-19 19:17:53,19.5
345,2022-10-19 19:22:53,20.0
346,2022-10-19 19:27:53,20.0
347,2022-10-19 19:32:53,20.0
348,2022-10-19 19:37:53,20.0
349,2022-10-19 19:42:53,20.0
350,2022-10-19 19:47:53,20.0
351,2022-10-19 19:52:53,20.5
352,2022-10-19 19:57:53,20.5
353,2022-10-19 20:02:53,20.5
354,2022-10-19 20:07:53,20.5
355,2022-10-19 20:12:53,20.5
356,2022-10-19 20:17:53,20.5
357,2022-10-19 20:22:53,20.5
358,2022-10-19 20:27:53,20.5
359,2022-10-19 20:32:53,20.0
360,2022-10-19 20:37:53,20.0
361,2022-10-19 20:42:53,20.0
362,2022-10-19 20:47:53,20.0
363,2022-10-19 20:52:53,20.0
364,2022-10-19 20:57:53,20.0
365,2022-10-19 21:02:53,20.0
366,2022-10-19 21:07:53,19.5
367,2022-10-19 21:12:53,19.5
368,2022-10-19 21:17:53,19.5
369,2022-10-19 21:22:53,19.5
370,2022-10-19 21:27:53,19.5
371,2022-10-19 21:32:53,19.5
372,2022-10-19 21:37:53,19.5
373,2022-10-19 21:42:53,19.5
374,2022-10-19 21:47:53,19.5
375,2022-10-19 21:52:53,19.5
376,2022-10-19 21:57:53,19.5
377,2022-10-19 22:02:53,19.5
378,2022-10-19 22:07:53,19.5
379,2022-10-19 22:12:53,19.5
380,2022-10-19 22:17:53,19.5
381,2022-10-19 22:22:53,19.0
382,2022-10-19 22:27:53,19.0
383,2022-10-19 22:32:53,19.0
384,2022-10-19 22:37:53,19.0
385,2022-10-19 22:42:53,19.0
386,2022-10-19 22:47:53,19.0
387,2022-10-19 22:52:53,19.0
388,2022-10-19 22:57:53,19.0
389,2022-10-19 23:02:53,19.0
390,2022-10-19 23:07:53,18.5
391,2022-10-19 23:12:53,18.5
392,2022-10-19 23:17:53,18.5
393,2022-10-19 23:22:53,18.5
394,2022-10-19 23:27:53,18.5
395,2022-10-19 23:32:53,18.5
396,2022-10-19 23:37:53,18.5
397,2022-10-19 23:42:53,18.5
398,2022-10-19 23:47:53,18.5
399,2022-10-19 23:52:53,18.5
400,2022-10-19 23:57:53,18.5
401,2022-10-20 00:02:53,18.5
402,2022-10-20 00:07:53,18.5
403,2022-10-20 00:12:53,18.5
404,2022-10-20 00:17:53,18.5
405,2022-10-20 00:22:53,18.5
406,2022-10-20 00:27:53,18.5
407,2022-10-20 00:32:53,18.5
408,2022-10-20 00:37:53,18.5
409,2022-10-20 00:42:53,18.5
410,2022-10-20 00:47:53,18.5
411,2022-10-20 00:52:53,18.0
412,2022-10-20 00:57:53,18.0
413,2022-10-20 01:02:53,18.0
414,2022-10-20 01:07:53,18.0
415,2022-10-20 01:12:53,18.0
416,2022-10-20 01:17:53,18.0
417,2022-10-20 01:22:53,18.0
418,2022-10-20 01:27:53,18.0
419,2022-10-20 01:32:53,18.0
420,2022-10-20 01:37:53,18.0
421,2022-10-20 01:42:53,18.0
422,2022-10-20 01:47:53,18.0
423,2022-10-20 01:52:53,18.0
424,2022-10-20 01:57:53,18.0
425,2022-10-20 02:02:53,18.0
426,2022-10-20 02:07:53,18.0
427,2022-10-20 02:12:53,18.0
428,2022-10-20 02:17:53,18.0
429,2022-10-20 02:22:53,18.0
430,2022-10-20 02:27:53,18.0
431,2022-10-20 02:32:53,18.0
432,2022-10-20 02:37:53,18.0
433,2022-10-20 02:42:53,18.0
434,2022-10-20 02:47:53,18.0
435,2022-10-20 02:52:53,18.0
436,2022-10-20 02:57:53,18.0
437,2022-10-20 03:02:53,18.0
438,2022-10-20 03:07:53,18.0
439,2022-10-20 03:12:53,18.0
440,2022-10-20 03:17:53,18.0
441,2022-10-20 03:22:53,17.5
442,2022-10-20 03:27:53,17.5
443,2022-10-20 03:32:53,17.5
444,2022-10-20 03:37:53,17.5
445,2022-10-20 03:42:53,17.5
446,2022-10-20 03:47:53,17.5
447,2022-10-20 03:52:53,17.5
448,2022-10-20 03:57:53,17.5
449,2022-10-20 04:02:53,17.5
450,2022-10-20 04:07:53,17.5
451,2022-10-20 04:12:53,17.5
452,2022-10-20 04:17:53,17.5
453,2022-10-20 04:22:53,17.5
454,2022-10-20 04:27:53,17.5
455,2022-10-20 04:32:53,18.0
456,2022-10-20 04:37:53,18.0
457,2022-10-20 04:42:53,18.5
458,2022-10-20 04:47:53,18.5
459,2022-10-20 04:52:53,18.5
460,2022-10-20 04:57:53,19.0
461,2022-10-20 05:02:53,19.0
462,2022-10-20 05:07:53,19.0
463,2022-10-20 05:12:53,19.0
464,2022-10-20 05:17:53,19.5
465,2022-10-20 05:22:53,19.5
466,2022-10-20 05:27:53,19.5
467,2022-10-20 05:32:53,19.5
468,2022-10-20 05:37:53,19.5
469,2022-10-20 05:42:53,19.5
470,2022-10-20 05:47:53,19.5
471,2022-10-20 05:52:53,19.5
472,2022-10-20 05:57:53,19.5
473,2022-10-20 06:02:53,19.5
474,2022-10-20 06:07:53,19.5
475,2022-10-20 06:12:53,19.5
476,2022-10-20 06:17:53,19.5
477,2022-10-20 06:22:53,20.0
478,2022-10-20 06:27:53,20.0
479,2022-10-20 06:32:53,20.0
480,2022-10-20 06:37:53,20.0
481,2022-10-20 06:42:53,19.5
482,2022-10-20 06:47:53,20.0
483,2022-10-20 06:52:53,20.0
484,2022-10-20 06:57:53,20.0
485,2022-10-20 07:02:53,20.0
486,2022-10-20 07:07:53,20.0
487,2022-10-20 07:12:53,20.0
488,2022-10-20 07:17:53,20.0
489,2022-10-20 07:22:53,20.0
490,2022-10-20 07:27:53,20.0
491,2022-10-20 07:32:53,20.0
492,2022-10-20 07:37:53,19.5
493,2022-10-20 07:42:53,19.5
494,2022-10-20 07:47:53,19.5
495,2022-10-20 07:52:53,19.5
496,2022-10-20 07:57:53,19.5
497,2022-10-20 08:02:53,19.5
498,2022-10-20 08:07:53,19.5
499,2022-10-20 08:12:53,19.5
500,2022-10-20 08:17:53,19.5
501,2022-10-20 08:22:53,19.5
502,2022-10-20 08:27:53,19.5
503,2022-10-20 08:32:53,19.5
504,2022-10-20 08:37:53,19.5
505,2022-10-20 08:42:53,19.0
506,2022-10-20 08:47:53,19.0
507,2022-10-20 08:52:53,19.0
508,2022-10-20 08:57:53,19.0
509,2022-10-20 09:02:53,19.0
510,2022-10-20 09:07:53,19.0
511,2022-10-20 09:12:53,19.0
512,2022-10-20 09:17:53,19.0
513,2022-10-20 09:22:53,19.0
514,2022-10-20 09:27:53,19.0
515,2022-10-20 09:32:53,19.0
516,2022-10-20 09:37:53,19.0
517,2022-10-20 09:42:53,18.5
518,2022-10-20 09:47:53,18.5
519,2022-10-20 09:52:53,18.5
520,2022-10-20 09:57:53,18.5
521,2022-10-20 10:02:53,18.5
522,2022-10-20 10:07:53,18.5
523,2022-10-20 10:12:53,18.5
524,2022-10-20 10:17:53,18.5
525,2022-10-20 10:22:53,18.5
526,2022-10-20 10:27:53,18.5
527,2022-10-20 10:32:53,18.5
528,2022-10-20 10:37:53,18.5
529,2022-10-20 10:42:53,18.5
530,2022-10-20 10:47:53,18.5
531,2022-10-20 10:52:53,18.5
532,2022-10-20 10:57:53,18.5
533,2022-10-20 11:02:53,18.5
534,2022-10-20 11:07:53,18.5
535,2022-10-20 11:12:53,18.5
536,2022-10-20 11:17:53,18.5
537,2022-10-20 11:22:53,18.5
538,2022-10-20 11:27:53,18.5
539,2022-10-20 11:32:53,18.5
540,2022-10-20 11:37:53,18.5
541,2022-10-20 11:42:53,18.5
542,2022-10-20 11:47:53,18.5
543,2022-10-20 11:52:53,18.5
544,2022-10-20 11:57:53,18.5
545,2022-10-20 12:02:53,18.5
546,2022-10-20 12:07:53,18.5
547,2022-10-20 12:12:53,18.5
548,2022-10-20 12:17:53,18.5
549,2022-10-20 12:22:53,18.5
550,2022-10-20 12:27:53,18.5
551,2022-10-20 12:32:53,18.5
552,2022-10-20 12:37:53,18.5
553,2022-10-20 12:42:53,18.5
554,2022-10-20 12:47:53,18.5
555,2022-10-20 12:52:53,18.5
556,2022-10-20 12:57:53,18.5
557,2022-10-20 13:02:53,18.5
558,2022-10-20 13:07:53,18.5
559,2022-10-20 13:12:53,18.5
560,2022-10-20 13:17:53,18.5
561,2022-10-20 13:22:53,18.5
562,2022-10-20 13:27:53,18.5
563,2022-10-20 13:32:53,18.5
564,2022-10-20 13:37:53,18.5
565,2022-10-20 13:42:53,18.5
566,2022-10-20 13:47:53,18.5
567,2022-10-20 13:52:53,18.5
568,2022-10-20 13:57:53,18.5
569,2022-10-20 14:02:53,18.5
570,2022-10-20 14:07:53,18.5
571,2022-10-20 14:12:53,18.5
572,2022-10-20 14:17:53,18.5
573,2022-10-20 14:22:53,18.5
574,2022-10-20 14:27:53,18.5
575,2022-10-20 14:32:53,18.0
576,2022-10-20 14:37:53,18.0
577,2022-10-20 14:42:53,18.0
578,2022-10-20 14:47:53,18.0
579,2022-10-20 14:52:53,18.0
580,2022-10-20 14:57:53,18.0
581,2022-10-20 15:02:53,18.0
582,2022-10-20 15:07:53,18.0
583,2022-10-20 15:12:53,18.0
584,2022-10-20 15:17:53,18.0
585,2022-10-20 15:22:53,18.0
586,2022-10-20 15:27:53,18.0
587,2022-10-20 15:32:53,18.0
588,2022-10-20 15:37:53,18.0
589,2022-10-20 15:42:53,18.0
590,2022-10-20 15:47:53,18.0
591,2022-10-20 15:52:53,18.0
592,2022-10-20 15:57:53,18.0
593,2022-10-20 16:02:53,18.0
594,2022-10-20 16:07:53,18.0
595,2022-10-20 16:12:53,18.0
596,2022-10-20 16:17:53,18.0
597,2022-10-20 16:22:53,18.0
598,2022-10-20 16:27:53,18.0
599,2022-10-20 16:32:53,18.0
600,2022-10-20 16:37:53,18.0
601,2022-10-20 16:42:53,18.0
602,2022-10-20 16:47:53,18.0
603,2022-10-20 16:52:53,18.0
604,2022-10-20 16:57:53,18.0
605,2022-10-20 17:02:53,18.0
606,2022-10-20 17:07:53,18.0
607,2022-10-20 17:12:53,18.0
608,2022-10-20 17:17:53,18.0
609,2022-10-20 17:22:53,18.0
610,2022-10-20 17:27:53,18.0
611,2022-10-20 17:32:53,18.0
612,2022-10-20 17:37:53,18.0
613,2022-10-20 17:42:53,18.0
614,2022-10-20 17:47:53,17.5
615,2022-10-20 17:52:53,18.0
616,2022-10-20 17:57:53,18.0
617,2022-10-20 18:02:53,18.0
618,2022-10-20 18:07:53,18.5
619,2022-10-20 18:12:53,18.5
620,2022-10-20 18:17:53,19.0
621,2022-10-20 18:22:53,19.0
622,2022-10-20 18:27:53,19.0
623,2022-10-20 18:32:53,19.5
624,2022-10-20 18:37:53,19.5
625,2022-10-20 18:42:53,19.5
626,2022-10-20 18:47:53,19.5
627,2022-10-20 18:52:53,19.5
628,2022-10-20 18:57:53,19.5
629,2022-10-20 19:02:53,19.5
630,2022-10-20 19:07:53,19.5
631,2022-10-20 19:12:53,19.0
632,2022-10-20 19:17:53,19.0
633,2022-10-20 19:22:53,19.0
634,2022-10-20 19:27:53,19.5
635,2022-10-20 19:32:53,19.5
636,2022-10-20 19:37:53,19.5
637,2022-10-20 19:42:53,19.5
638,2022-10-20 19:47:53,19.5
639,2022-10-20 19:52:53,19.5
640,2022-10-20 19:57:53,19.5
641,2022-10-20 20:02:53,19.5
642,2022-10-20 20:07:53,19.5
643,2022-10-20 20:12:53,19.5
644,2022-10-20 20:17:53,19.5
645,2022-10-20 20:22:53,19.0
646,2022-10-20 20:27:53,19.0
647,2022-10-20 20:32:53,19.0
648,2022-10-20 20:37:53,19.0
649,2022-10-20 20:42:53,19.0
650,2022-10-20 20:47:53,19.0
651,2022-10-20 20:52:53,19.0
652,2022-10-20 20:57:53,19.0
653,2022-10-20 21:02:53,19.0
654,2022-10-20 21:07:53,19.0
655,2022-10-20 21:12:53,19.0
656,2022-10-20 21:17:53,19.0
657,2022-10-20 21:22:53,19.0
658,2022-10-20 21:27:53,19.0
659,2022-10-20 21:32:53,19.0
660,2022-10-20 21:37:53,19.0
661,2022-10-20 21:42:53,19.0
662,2022-10-20 21:47:53,18.5
663,2022-10-20 21:52:53,18.5
664,2022-10-20 21:57:53,18.5
665,2022-10-20 22:02:53,18.5
666,2022-10-20 22:07:53,18.5
667,2022-10-20 22:12:53,18.5
668,2022-10-20 22:17:53,18.5
669,2022-10-20 22:22:53,18.5
670,2022-10-20 22:27:53,18.5
671,2022-10-20 22:32:53,18.5
672,2022-10-20 22:37:53,18.5
673,2022-10-20 22:42:53,18.5
674,2022-10-20 22:47:53,18.5
675,2022-10-20 22:52:53,18.5
676,2022-10-20 22:57:53,18.5
677,2022-10-20 23:02:53,18.5
678,2022-10-20 23:07:53,18.5
679,2022-10-20 23:12:53,18.5
680,2022-10-20 23:17:53,18.5
681,2022-10-20 23:22:53,18.5
682,2022-10-20 23:27:53,18.5
683,2022-10-20 23:32:53,18.5
684,2022-10-20 23:37:53,18.5
685,2022-10-20 23:42:53,18.5
686,2022-10-20 23:47:53,18.5
687,2022-10-20 23:52:53,18.5
688,2022-10-20 23:57:53,18.5
689,2022-10-21 00:02:53,18.5
690,2022-10-21 00:07:53,18.0
691,2022-10-21 00:12:53,18.0
692,2022-10-21 00:17:53,18.0
693,2022-10-21 00:22:53,18.0
694,2022-10-21 00:27:53,18.0
695,2022-10-21 00:32:53,18.0
696,2022-10-21 00:37:53,18.0
697,2022-10-21 00:42:53,18.0
698,2022-10-21 00:47:53,18.0
699,2022-10-21 00:52:53,18.0
700,2022-10-21 00:57:53,18.0
701,2022-10-21 01:02:53,18.0
702,2022-10-21 01:07:53,18.0
703,2022-10-21 01:12:53,18.0
704,2022-10-21 01:17:53,18.0
705,2022-10-21 01:22:53,18.0
706,2022-10-21 01:27:53,18.0
707,2022-10-21 01:32:53,18.0
708,2022-10-21 01:37:53,18.0
709,2022-10-21 01:42:53,18.0
710,2022-10-21 01:47:53,18.0
711,2022-10-21 01:52:53,18.0
712,2022-10-21 01:57:53,18.0
713,2022-10-21 02:02:53,18.0
714,2022-10-21 02:07:53,18.0
715,2022-10-21 02:12:53,18.0
716,2022-10-21 02:17:53,18.0
717,2022-10-21 02:22:53,18.0
718,2022-10-21 02:27:53,18.0
719,2022-10-21 02:32:53,18.0
720,2022-10-21 02:37:53,18.0
721,2022-10-21 02:42:53,18.0
722,2022-10-21 02:47:53,18.0
723,2022-10-21 02:52:53,18.0
724,2022-10-21 02:57:53,18.0
725,2022-10-21 03:02:53,18.0
726,2022-10-21 03:07:53,18.0
727,2022-10-21 03:12:53,18.0
728,2022-10-21 03:17:53,17.5
729,2022-10-21 03:22:53,17.5
730,2022-10-21 03:27:53,17.5
731,2022-10-21 03:32:53,17.5
732,2022-10-21 03:37:53,17.5
733,2022-10-21 03:42:53,17.5
734,2022-10-21 03:47:53,17.5
735,2022-10-21 03:52:53,17.5
736,2022-10-21 03:57:53,17.5
737,2022-10-21 04:02:53,17.5
738,2022-10-21 04:07:53,17.5
739,2022-10-21 04:12:53,17.5
740,2022-10-21 04:17:53,17.5
741,2022-10-21 04:22:53,17.5
742,2022-10-21 04:27:53,17.5
743,2022-10-21 04:32:53,17.5
744,2022-10-21 04:37:53,17.5
745,2022-10-21 04:42:53,17.5
746,2022-10-21 04:47:53,17.5
747,2022-10-21 04:52:53,17.5
748,2022-10-21 04:57:53,17.5
749,2022-10-21 05:02:53,17.5
750,2022-10-21 05:07:53,17.5
751,2022-10-21 05:12:53,17.5
752,2022-10-21 05:17:53,17.5
753,2022-10-21 05:22:53,17.5
754,2022-10-21 05:27:53,17.5
755,2022-10-21 05:32:53,17.5
756,2022-10-21 05:37:53,17.5
757,2022-10-21 05:42:53,17.5
758,2022-10-21 05:47:53,17.5
759,2022-10-21 05:52:53,17.5
760,2022-10-21 05:57:53,17.5
761,2022-10-21 06:02:53,17.5
762,2022-10-21 06:07:53,17.5
763,2022-10-21 06:12:53,17.5
764,2022-10-21 06:17:53,17.5
765,2022-10-21 06:22:53,17.5
766,2022-10-21 06:27:53,17.5
767,2022-10-21 06:32:53,17.5
768,2022-10-21 06:37:53,17.5
769,2022-10-21 06:42:53,17.5
770,2022-10-21 06:47:53,17.5
771,2022-10-21 06:52:53,17.5
772,2022-10-21 06:57:53,17.5
773,2022-10-21 07:02:53,17.5
774,2022-10-21 07:07:53,17.5
775,2022-10-21 07:12:53,17.5
776,2022-10-21 07:17:53,17.5
777,2022-10-21 07:22:53,17.5
778,2022-10-21 07:27:53,17.5
779,2022-10-21 07:32:53,17.5
780,2022-10-21 07:37:53,17.5
781,2022-10-21 07:42:53,17.5
782,2022-10-21 07:47:53,17.5
783,2022-10-21 07:52:53,17.5
784,2022-10-21 07:57:53,17.5
785,2022-10-21 08:02:53,17.5
786,2022-10-21 08:07:53,18.0
787,2022-10-21 08:12:53,18.0
788,2022-10-21 08:17:53,18.0
789,2022-10-21 08:22:53,18.0
790,2022-10-21 08:27:53,18.0
791,2022-10-21 08:32:53,18.0
792,2022-10-21 08:37:53,18.0
793,2022-10-21 08:42:53,18.0
794,2022-10-21 08:47:53,18.0
795,2022-10-21 08:52:53,18.0
796,2022-10-21 08:57:53,18.0
797,2022-10-21 09:02:53,18.0
798,2022-10-21 09:07:53,18.0
799,2022-10-21 09:12:53,18.0
800,2022-10-21 09:17:53,18.0
801,2022-10-21 09:22:53,18.0
802,2022-10-21 09:27:53,18.0
803,2022-10-21 09:32:53,18.0
804,2022-10-21 09:37:53,18.0
805,2022-10-21 09:42:53,18.0
806,2022-10-21 09:47:53,18.0
807,2022-10-21 09:52:53,18.0
808,2022-10-21 09:57:53,18.0
809,2022-10-21 10:02:53,18.0
810,2022-10-21 10:07:53,18.0
811,2022-10-21 10:12:53,18.0
812,2022-10-21 10:17:53,18.0
813,2022-10-21 10:22:53,18.0
814,2022-10-21 10:27:53,18.0
815,2022-10-21 10:32:53,18.0
816,2022-10-21 10:37:53,18.0
817,2022-10-21 10:42:53,18.0
818,2022-10-21 10:47:53,18.0
819,2022-10-21 10:52:53,18.0
820,2022-10-21 10:57:53,18.0
821,2022-10-21 11:02:53,17.5
822,2022-10-21 11:07:53,17.5
823,2022-10-21 11:12:53,17.5
824,2022-10-21 11:17:53,17.5
825,2022-10-21 11:22:53,17.5
826,2022-10-21 11:27:53,17.5
827,2022-10-21 11:32:53,17.5
828,2022-10-21 11:37:53,17.5
829,2022-10-21 11:42:53,17.5
830,2022-10-21 11:47:53,17.5
831,2022-10-21 11:52:53,17.5
832,2022-10-21 11:57:53,17.5
833,2022-10-21 12:02:53,17.5
834,2022-10-21 12:07:53,17.5
835,2022-10-21 12:12:53,17.5
836,2022-10-21 12:17:53,17.5
837,2022-10-21 12:22:53,18.0
838,2022-10-21 12:27:53,18.0
839,2022-10-21 12:32:53,18.0
840,2022-10-21 12:37:53,18.0
841,2022-10-21 12:42:53,18.0
842,2022-10-21 12:47:53,18.0
843,2022-10-21 12:52:53,18.0
844,2022-10-21 12:57:53,18.0
845,2022-10-21 13:02:53,18.0
846,2022-10-21 13:07:53,18.0
847,2022-10-21 13:12:53,18.0
848,2022-10-21 13:17:53,18.5
849,2022-10-21 13:22:53,18.5
850,2022-10-21 13:27:53,18.5
851,2022-10-21 13:32:53,18.5
852,2022-10-21 13:37:53,19.0
853,2022-10-21 13:42:53,19.0
854,2022-10-21 13:47:53,19.0
855,2022-10-21 13:52:53,19.0
856,2022-10-21 13:57:53,19.0
857,2022-10-21 14:02:53,19.0
858,2022-10-21 14:07:53,19.0
859,2022-10-21 14:12:53,19.0
860,2022-10-21 14:17:53,19.0
861,2022-10-21 14:22:53,18.5
862,2022-10-21 14:27:53,18.5
863,2022-10-21 14:32:53,18.5
864,2022-10-21 14:37:53,18.5
865,2022-10-21 14:42:53,18.5
866,2022-10-21 14:47:53,18.5
867,2022-10-21 14:52:53,18.5
868,2022-10-21 14:57:53,18.5
869,2022-10-21 15:02:53,18.5
870,2022-10-21 15:07:53,18.5
871,2022-10-21 15:12:53,18.0
872,2022-10-21 15:17:53,18.0
873,2022-10-21 15:22:53,18.0
874,2022-10-21 15:27:53,18.0
875,2022-10-21 15:32:53,18.0
876,2022-10-21 15:37:53,18.0
877,2022-10-21 15:42:53,18.0
878,2022-10-21 15:47:53,18.0
879,2022-10-21 15:52:53,18.0
880,2022-10-21 15:57:53,18.0
881,2022-10-21 16:02:53,18.0
882,2022-10-21 16:07:53,18.0
883,2022-10-21 16:12:53,18.0
884,2022-10-21 16:17:53,18.0
885,2022-10-21 16:22:53,18.0
886,2022-10-21 16:27:53,18.0
887,2022-10-21 16:32:53,18.0
888,2022-10-21 16:37:53,18.0
889,2022-10-21 16:42:53,18.0
890,2022-10-21 16:47:53,18.0
891,2022-10-21 16:52:53,18.0
892,2022-10-21 16:57:53,18.0
893,2022-10-21 17:02:53,18.0
894,2022-10-21 17:07:53,18.0
895,2022-10-21 17:12:53,18.0
896,2022-10-21 17:17:53,18.0
897,2022-10-21 17:22:53,18.0
898,2022-10-21 17:27:53,18.0
899,2022-10-21 17:32:53,18.0
900,2022-10-21 17:37:53,18.0
901,2022-10-21 17:42:53,18.0
902,2022-10-21 17:47:53,18.0
903,2022-10-21 17:52:53,18.0
904,2022-10-21 17:57:53,18.0
905,2022-10-21 18:02:53,18.0
906,2022-10-21 18:07:53,18.0
907,2022-10-21 18:12:53,18.0
908,2022-10-21 18:17:53,18.0
909,2022-10-21 18:22:53,18.0
910,2022-10-21 18:27:53,18.0
911,2022-10-21 18:32:53,18.0
912,2022-10-21 18:37:53,18.0
913,2022-10-21 18:42:53,18.0
914,2022-10-21 18:47:53,18.0
915,2022-10-21 18:52:53,18.0
916,2022-10-21 18:57:53,18.0
917,2022-10-21 19:02:53,18.0
918,2022-10-21 19:07:53,18.0
919,2022-10-21 19:12:53,18.0
920,2022-10-21 19:17:53,18.0
921,2022-10-21 19:22:53,18.0
922,2022-10-21 19:27:53,18.0
923,2022-10-21 19:32:53,18.0
924,2022-10-21 19:37:53,18.0
925,2022-10-21 19:42:53,18.0
926,2022-10-21 19:47:53,18.0
927,2022-10-21 19:52:53,18.0
928,2022-10-21 19:57:53,18.0
929,2022-10-21 20:02:53,18.0
930,2022-10-21 20:07:53,18.0
931,2022-10-21 20:12:53,18.0
932,2022-10-21 20:17:53,18.0
933,2022-10-21 20:22:53,18.0
934,2022-10-21 20:27:53,18.0
935,2022-10-21 20:32:53,18.0
936,2022-10-21 20:37:53,18.0
937,2022-10-21 20:42:53,18.0
938,2022-10-21 20:47:53,18.0
939,2022-10-21 20:52:53,18.0
940,2022-10-21 20:57:53,18.0
941,2022-10-21 21:02:53,18.0
942,2022-10-21 21:07:53,18.0
943,2022-10-21 21:12:53,18.0
944,2022-10-21 21:17:53,18.0
945,2022-10-21 21:22:53,18.0
946,2022-10-21 21:27:53,18.0
947,2022-10-21 21:32:53,18.0
948,2022-10-21 21:37:53,18.0
949,2022-10-21 21:42:53,18.0
950,2022-10-21 21:47:53,18.0
951,2022-10-21 21:52:53,18.0
952,2022-10-21 21:57:53,18.0
953,2022-10-21 22:02:53,18.0
954,2022-10-21 22:07:53,18.0
955,2022-10-21 22:12:53,18.0
956,2022-10-21 22:17:53,18.0
957,2022-10-21 22:22:53,18.0
958,2022-10-21 22:27:53,18.0
959,2022-10-21 22:32:53,18.0
960,2022-10-21 22:37:53,18.0
961,2022-10-21 22:42:53,18.0
962,2022-10-21 22:47:53,18.0
963,2022-10-21 22:52:53,18.0
964,2022-10-21 22:57:53,18.0
965,2022-10-21 23:02:53,18.0
966,2022-10-21 23:07:53,18.0
967,2022-10-21 23:12:53,18.0
968,2022-10-21 23:17:53,18.0
969,2022-10-21 23:22:53,18.0
970,2022-10-21 23:27:53,18.0
971,2022-10-21 23:32:53,18.0
972,2022-10-21 23:37:53,18.0
973,2022-10-21 23:42:53,18.0
974,2022-10-21 23:47:53,17.5
975,2022-10-21 23:52:53,17.5
976,2022-10-21 23:57:53,17.5
977,2022-10-22 00:02:53,17.5
978,2022-10-22 00:07:53,17.5
979,2022-10-22 00:12:53,17.5
980,2022-10-22 00:17:53,17.5
981,2022-10-22 00:22:53,17.5
982,2022-10-22 00:27:53,17.5
983,2022-10-22 00:32:53,17.5
984,2022-10-22 00:37:53,17.5
985,2022-10-22 00:42:53,17.5
986,2022-10-22 00:47:53,17.5
987,2022-10-22 00:52:53,17.5
988,2022-10-22 00:57:53,17.5
989,2022-10-22 01:02:53,17.5
990,2022-10-22 01:07:53,17.5
991,2022-10-22 01:12:53,17.5
992,2022-10-22 01:17:53,17.5
993,2022-10-22 01:22:53,17.5
994,2022-10-22 01:27:53,17.5
995,2022-10-22 01:32:53,17.5
996,2022-10-22 01:37:53,17.5
997,2022-10-22 01:42:53,17.5
998,2022-10-22 01:47:53,17.5
999,2022-10-22 01:52:53,17.5
1000,2022-10-22 01:57:53,17.5
1001,2022-10-22 02:02:53,17.5
1002,2022-10-22 02:07:53,17.5
1003,2022-10-22 02:12:53,17.5
1004,2022-10-22 02:17:53,17.5
1005,2022-10-22 02:22:53,17.5
1006,2022-10-22 02:27:53,17.5
1007,2022-10-22 02:32:53,17.5
1008,2022-10-22 02:37:53,17.5
1009,2022-10-22 02:42:53,17.5
1010,2022-10-22 02:47:53,17.5
1011,2022-10-22 02:52:53,17.5
1012,2022-10-22 02:57:53,17.5
1013,2022-10-22 03:02:53,17.5
1014,2022-10-22 03:07:53,17.5
1015,2022-10-22 03:12:53,17.5
1016,2022-10-22 03:17:53,17.5
1017,2022-10-22 03:22:53,17.5
1018,2022-10-22 03:27:53,17.5
1019,2022-10-22 03:32:53,17.5
1020,2022-10-22 03:37:53,17.5
1021,2022-10-22 03:42:53,17.5
1022,2022-10-22 03:47:53,17.5
1023,2022-10-22 03:52:53,17.5
1024,2022-10-22 03:57:53,17.5
1025,2022-10-22 04:02:53,17.5
1026,2022-10-22 04:07:53,17.5
1027,2022-10-22 04:12:53,17.5
1028,2022-10-22 04:17:53,17.5
1029,2022-10-22 04:22:53,17.5
1030,2022-10-22 04:27:53,17.5
1031,2022-10-22 04:32:53,17.5
1032,2022-10-22 04:37:53,17.5
1033,2022-10-22 04:42:53,17.5
1034,2022-10-22 04:47:53,17.5
1035,2022-10-22 04:52:53,17.5
1036,2022-10-22 04:57:53,17.5
1037,2022-10-22 05:02:53,17.5
1038,2022-10-22 05:07:53,17.5
1039,2022-10-22 05:12:53,17.5
1040,2022-10-22 05:17:53,17.5
1041,2022-10-22 05:22:53,17.5
1042,2022-10-22 05:27:53,17.5
1043,2022-10-22 05:32:53,17.5
1044,2022-10-22 05:37:53,17.5
1045,2022-10-22 05:42:53,17.5
1046,2022-10-22 05:47:53,17.5
1047,2022-10-22 05:52:53,17.5
1048,2022-10-22 05:57:53,17.5
1049,2022-10-22 06:02:53,17.5
1050,2022-10-22 06:07:53,17.5
1051,2022-10-22 06:12:53,17.5
1052,2022-10-22 06:17:53,17.5
1053,2022-10-22 06:22:53,17.5
1054,2022-10-22 06:27:53,17.5
1055,2022-10-22 06:32:53,17.5
1056,2022-10-22 06:37:53,17.5
1057,2022-10-22 06:42:53,17.5
1058,2022-10-22 06:47:53,17.5
1059,2022-10-22 06:52:53,17.5
1060,2022-10-22 06:57:53,17.5
1061,2022-10-22 07:02:53,17.5
1062,2022-10-22 07:07:53,17.5
1063,2022-10-22 07:12:53,17.5
1064,2022-10-22 07:17:53,17.5
1065,2022-10-22 07:22:53,18.0
1066,2022-10-22 07:27:53,18.0
1067,2022-10-22 07:32:53,18.0
1068,2022-10-22 07:37:53,18.0
1069,2022-10-22 07:42:53,18.0
1070,2022-10-22 07:47:53,18.0
1071,2022-10-22 07:52:53,18.0
1072,2022-10-22 07:57:53,18.0
1073,2022-10-22 08:02:53,18.0
1074,2022-10-22 08:07:53,18.0
1075,2022-10-22 08:12:53,18.0
1076,2022-10-22 08:17:53,18.0
1077,2022-10-22 08:22:53,18.0
1078,2022-10-22 08:27:53,18.0
1079,2022-10-22 08:32:53,18.0
1080,2022-10-22 08:37:53,18.0
1081,2022-10-22 08:42:53,18.0
1082,2022-10-22 08:47:53,18.0
1083,2022-10-22 08:52:53,18.0
1084,2022-10-22 08:57:53,18.0
1085,2022-10-22 09:02:53,18.0
1086,2022-10-22 09:07:53,18.0
1087,2022-10-22 09:12:53,18.0
1088,2022-10-22 09:17:53,18.0
1089,2022-10-22 09:22:53,18.0
1090,2022-10-22 09:27:53,18.0
1091,2022-10-22 09:32:53,18.0
1092,2022-10-22 09:37:53,18.0
1093,2022-10-22 09:42:53,18.0
1094,2022-10-22 09:47:53,18.0
1095,2022-10-22 09:52:53,18.0
1096,2022-10-22 09:57:53,18.0
1097,2022-10-22 10:02:53,18.0
1098,2022-10-22 10:07:53,18.0
1099,2022-10-22 10:12:53,18.0
1100,2022-10-22 10:17:53,18.0
1101,2022-10-22 10:22:53,18.0
1102,2022-10-22 10:27:53,18.0
1103,2022-10-22 10:32:53,18.0
1104,2022-10-22 10:37:53,18.0
1105,2022-10-22 10:42:53,18.0
1106,2022-10-22 10:47:53,18.0
1107,2022-10-22 10:52:53,18.0
1108,2022-10-22 10:57:53,18.0
1109,2022-10-22 11:02:53,18.0
1110,2022-10-22 11:07:53,18.0
1111,2022-10-22 11:12:53,18.0
1112,2022-10-22 11:17:53,18.0
1113,2022-10-22 11:22:53,18.0
1114,2022-10-22 11:27:53,18.0
1115,2022-10-22 11:32:53,18.0
1116,2022-10-22 11:37:53,18.0
1117,2022-10-22 11:42:53,18.0
1118,2022-10-22 11:47:53,18.0
1119,2022-10-22 11:52:53,18.0
1120,2022-10-22 11:57:53,18.0
1121,2022-10-22 12:02:53,18.0
1122,2022-10-22 12:07:53,18.0
1123,2022-10-22 12:12:53,18.0
1124,2022-10-22 12:17:53,18.0
1125,2022-10-22 12:22:53,18.0
1126,2022-10-22 12:27:53,18.0
1127,2022-10-22 12:32:53,18.0
1128,2022-10-22 12:37:53,18.0
1129,2022-10-22 12:42:53,18.0
1130,2022-10-22 12:47:53,18.0
1131,2022-10-22 12:52:53,18.0
1132,2022-10-22 12:57:53,18.0
1133,2022-10-22 13:02:53,18.0
1134,2022-10-22 13:07:53,18.0
1135,2022-10-22 13:12:53,18.0
1136,2022-10-22 13:17:53,18.0
1137,2022-10-22 13:22:53,18.0
1138,2022-10-22 13:27:53,18.0
1139,2022-10-22 13:32:53,18.0
1140,2022-10-22 13:37:53,18.0
1141,2022-10-22 13:42:53,18.0
1142,2022-10-22 13:47:53,18.0
1143,2022-10-22 13:52:53,18.0
1144,2022-10-22 13:57:53,18.0
1145,2022-10-22 14:02:53,18.0
1146,2022-10-22 14:07:53,18.0
1147,2022-10-22 14:12:53,18.0
1148,2022-10-22 14:17:53,18.0
1149,2022-10-22 14:22:53,18.0
1150,2022-10-22 14:27:53,18.0
1151,2022-10-22 14:32:53,18.0
1152,2022-10-22 14:37:53,18.0
1153,2022-10-22 14:42:53,18.0
1154,2022-10-22 14:47:53,18.0
1155,2022-10-22 14:52:53,18.0
1156,2022-10-22 14:57:53,18.0
1157,2022-10-22 15:02:53,18.0
1158,2022-10-22 15:07:53,18.0
1159,2022-10-22 15:12:53,18.0
1160,2022-10-22 15:17:53,18.0
1161,2022-10-22 15:22:53,18.0
1162,2022-10-22 15:27:53,18.0
1163,2022-10-22 15:32:53,18.0
1164,2022-10-22 15:37:53,18.0
1165,2022-10-22 15:42:53,18.0
1166,2022-10-22 15:47:53,18.0
1167,2022-10-22 15:52:53,18.0
1168,2022-10-22 15:57:53,18.0
1169,2022-10-22 16:02:53,18.0
1170,2022-10-22 16:07:53,18.0
1171,2022-10-22 16:12:53,18.0
1172,2022-10-22 16:17:53,18.0
1173,2022-10-22 16:22:53,18.0
1174,2022-10-22 16:27:53,18.0
1175,2022-10-22 16:32:53,18.0
1176,2022-10-22 16:37:53,18.0
1177,2022-10-22 16:42:53,18.0
1178,2022-10-22 16:47:53,18.0
1179,2022-10-22 16:52:53,17.5
1180,2022-10-22 16:57:53,17.5
1181,2022-10-22 17:02:53,17.5
1182,2022-10-22 17:07:53,17.5
1183,2022-10-22 17:12:53,17.5
1184,2022-10-22 17:17:53,17.5
1185,2022-10-22 17:22:53,17.5
1186,2022-10-22 17:27:53,17.5
1187,2022-10-22 17:32:53,17.5
1188,2022-10-22 17:37:53,17.5
1189,2022-10-22 17:42:53,17.5
1190,2022-10-22 17:47:53,17.5
1191,2022-10-22 17:52:53,17.5
1192,2022-10-22 17:57:53,17.5
1193,2022-10-22 18:02:53,17.5
1194,2022-10-22 18:07:53,17.5
1195,2022-10-22 18:12:53,17.5
1196,2022-10-22 18:17:53,17.5
1197,2022-10-22 18:22:53,17.5
1198,2022-10-22 18:27:53,17.5
1199,2022-10-22 18:32:53,17.5
1200,2022-10-22 18:37:53,17.5
1201,2022-10-22 18:42:53,17.5
1202,2022-10-22 18:47:53,17.5
1203,2022-10-22 18:52:53,17.5
1204,2022-10-22 18:57:53,17.5
1205,2022-10-22 19:02:53,17.5
1206,2022-10-22 19:07:53,17.5
1207,2022-10-22 19:12:53,17.5
1208,2022-10-22 19:17:53,17.5
1209,2022-10-22 19:22:53,17.5
1210,2022-10-22 19:27:53,17.5
1211,2022-10-22 19:32:53,17.5
1212,2022-10-22 19:37:53,17.5
1213,2022-10-22 19:42:53,17.5
1214,2022-10-22 19:47:53,17.5
1215,2022-10-22 19:52:53,17.5
1216,2022-10-22 19:57:53,17.5
1217,2022-10-22 20:02:53,17.5
1218,2022-10-22 20:07:53,17.5
1219,2022-10-22 20:12:53,17.5
1220,2022-10-22 20:17:53,17.5
1221,2022-10-22 20:22:53,17.5
1222,2022-10-22 20:27:53,17.5
1223,2022-10-22 20:32:53,17.5
1224,2022-10-22 20:37:53,17.5
1225,2022-10-22 20:42:53,17.5
1226,2022-10-22 20:47:53,17.5
1227,2022-10-22 20:52:53,17.5
1228,2022-10-22 20:57:53,17.5
1229,2022-10-22 21:02:53,17.5
1230,2022-10-22 21:07:53,17.5
1231,2022-10-22 21:12:53,17.5
1232,2022-10-22 21:17:53,18.0
1233,2022-10-22 21:22:53,17.5
1234,2022-10-22 21:27:53,17.5
1235,2022-10-22 21:32:53,17.5
1236,2022-10-22 21:37:53,17.5
1237,2022-10-22 21:42:53,17.5
1238,2022-10-22 21:47:53,17.5
1239,2022-10-22 21:52:53,17.5
1240,2022-10-22 21:57:53,17.5
1241,2022-10-22 22:02:53,17.5
1242,2022-10-22 22:07:53,17.5
1243,2022-10-22 22:12:53,17.5
1244,2022-10-22 22:17:53,17.5
1245,2022-10-22 22:22:53,17.5
1246,2022-10-22 22:27:53,17.5
1247,2022-10-22 22:32:53,17.5
1248,2022-10-22 22:37:53,17.5
1249,2022-10-22 22:42:53,17.5
1250,2022-10-22 22:47:53,17.5
1251,2022-10-22 22:52:53,17.5
1252,2022-10-22 22:57:53,17.5
1253,2022-10-22 23:02:53,17.5
1254,2022-10-22 23:07:53,17.5
1255,2022-10-22 23:12:53,17.5
1256,2022-10-22 23:17:53,17.5
1257,2022-10-22 23:22:53,17.5
1258,2022-10-22 23:27:53,17.5
1259,2022-10-22 23:32:53,17.5
1260,2022-10-22 23:37:53,17.5
1261,2022-10-22 23:42:53,17.5
1262,2022-10-22 23:47:53,17.5
1263,2022-10-22 23:52:53,17.5
1264,2022-10-22 23:57:53,17.5
1265,2022-10-23 00:02:53,17.5
1266,2022-10-23 00:07:53,17.5
1267,2022-10-23 00:12:53,17.5
1268,2022-10-23 00:17:53,17.5
1269,2022-10-23 00:22:53,17.5
1270,2022-10-23 00:27:53,17.5
1271,2022-10-23 00:32:53,17.5
1272,2022-10-23 00:37:53,17.5
1273,2022-10-23 00:42:53,17.5
1274,2022-10-23 00:47:53,17.5
1275,2022-10-23 00:52:53,17.5
1276,2022-10-23 00:57:53,17.5
1277,2022-10-23 01:02:53,17.5
1278,2022-10-23 01:07:53,17.5
1279,2022-10-23 01:12:53,17.5
1280,2022-10-23 01:17:53,17.5
1281,2022-10-23 01:22:53,17.5
1282,2022-10-23 01:27:53,17.5
1283,2022-10-23 01:32:53,17.5
1284,2022-10-23 01:37:53,17.5
1285,2022-10-23 01:42:53,17.5
1286,2022-10-23 01:47:53,17.5
1287,2022-10-23 01:52:53,17.5
1288,2022-10-23 01:57:53,17.5
1289,2022-10-23 02:02:53,17.5
1290,2022-10-23 02:07:53,17.5
1291,2022-10-23 02:12:53,17.5
1292,2022-10-23 02:17:53,17.5
1293,2022-10-23 02:22:53,17.5
1294,2022-10-23 02:27:53,17.5
1295,2022-10-23 02:32:53,17.5
1296,2022-10-23 02:37:53,17.5
1297,2022-10-23 02:42:53,17.5
1298,2022-10-23 02:47:53,17.5
1299,2022-10-23 02:52:53,17.5
1300,2022-10-23 02:57:53,17.5
1301,2022-10-23 03:02:53,17.5
1302,2022-10-23 03:07:53,17.5
1303,2022-10-23 03:12:53,17.5
1304,2022-10-23 03:17:53,17.5
1305,2022-10-23 03:22:53,17.5
1306,2022-10-23 03:27:53,17.5
1307,2022-10-23 03:32:53,17.5
1308,2022-10-23 03:37:53,17.5
1309,2022-10-23 03:42:53,17.5
1310,2022-10-23 03:47:53,17.5
1311,2022-10-23 03:52:53,17.5
1312,2022-10-23 03:57:53,17.5
1313,2022-10-23 04:02:53,17.5
1314,2022-10-23 04:07:53,17.5
1315,2022-10-23 04:12:53,17.5
1316,2022-10-23 04:17:53,17.5
1317,2022-10-23 04:22:53,17.5
1318,2022-10-23 04:27:53,17.5
1319,2022-10-23 04:32:53,17.5
1320,2022-10-23 04:37:53,17.5
1321,2022-10-23 04:42:53,17.5
1322,2022-10-23 04:47:53,17.5
1323,2022-10-23 04:52:53,17.5
1324,2022-10-23 04:57:53,17.5
1325,2022-10-23 05:02:53,17.5
1326,2022-10-23 05:07:53,17.5
1327,2022-10-23 05:12:53,17.5
1328,2022-10-23 05:17:53,17.5
1329,2022-10-23 05:22:53,17.5
1330,2022-10-23 05:27:53,17.5
1331,2022-10-23 05:32:53,17.5
1332,2022-10-23 05:37:53,17.5
1333,2022-10-23 05:42:53,17.5
1334,2022-10-23 05:47:53,17.5
1335,2022-10-23 05:52:53,17.5
1336,2022-10-23 05:57:53,17.5
1337,2022-10-23 06:02:53,17.5
1338,2022-10-23 06:07:53,17.5
1339,2022-10-23 06:12:53,17.5
1340,2022-10-23 06:17:53,17.5
1341,2022-10-23 06:22:53,17.5
1342,2022-10-23 06:27:53,17.5
1343,2022-10-23 06:32:53,17.5
1344,2022-10-23 06:37:53,17.5
1345,2022-10-23 06:42:53,17.5
1346,2022-10-23 06:47:53,17.5
1347,2022-10-23 06:52:53,17.5
1348,2022-10-23 06:57:53,17.5
1349,2022-10-23 07:02:53,17.5
1350,2022-10-23 07:07:53,17.5
1351,2022-10-23 07:12:53,17.5
1352,2022-10-23 07:17:53,17.5
1353,2022-10-23 07:22:53,17.5
1354,2022-10-23 07:27:53,17.5
1355,2022-10-23 07:32:53,18.0
1356,2022-10-23 07:37:53,18.0
1357,2022-10-23 07:42:53,18.5
1358,2022-10-23 07:47:53,18.5
1359,2022-10-23 07:52:53,18.5
1360,2022-10-23 07:57:53,18.5
1361,2022-10-23 08:02:53,19.0
1362,2022-10-23 08:07:53,19.0
1363,2022-10-23 08:12:53,19.0
1364,2022-10-23 08:17:53,19.0
1365,2022-10-23 08:22:53,19.0
1366,2022-10-23 08:27:53,18.5
1367,2022-10-23 08:32:53,18.5
1368,2022-10-23 08:37:53,18.5
1369,2022-10-23 08:42:53,18.5
1370,2022-10-23 08:47:53,18.5
1371,2022-10-23 08:52:53,18.5
1372,2022-10-23 08:57:53,18.5
1373,2022-10-23 09:02:53,18.5
1374,2022-10-23 09:07:53,18.5
1375,2022-10-23 09:12:53,18.5
1376,2022-10-23 09:17:53,18.5
1377,2022-10-23 09:22:53,18.5
1378,2022-10-23 09:27:53,18.5
1379,2022-10-23 09:32:53,18.5
1380,2022-10-23 09:37:53,18.5
1381,2022-10-23 09:42:53,18.5
1382,2022-10-23 09:47:53,18.5
1383,2022-10-23 09:52:53,18.5
1384,2022-10-23 09:57:53,18.5
1385,2022-10-23 10:02:53,18.5
1386,2022-10-23 10:07:53,18.0
1387,2022-10-23 10:12:53,18.0
1388,2022-10-23 10:17:53,18.0
1389,2022-10-23 10:22:53,18.0
1390,2022-10-23 10:27:53,18.0
1391,2022-10-23 10:32:53,18.0
1392,2022-10-23 10:37:53,18.0
1393,2022-10-23 10:42:53,18.0
1394,2022-10-23 10:47:53,18.0
1395,2022-10-23 10:52:53,18.0
1396,2022-10-23 10:57:53,18.0
1397,2022-10-23 11:02:53,18.0
1398,2022-10-23 11:07:53,18.0
1399,2022-10-23 11:12:53,18.0
1400,2022-10-23 11:17:53,18.0
1401,2022-10-23 11:22:53,18.0
1402,2022-10-23 11:27:53,18.0
1403,2022-10-23 11:32:53,18.0
1404,2022-10-23 11:37:53,18.0
1405,2022-10-23 11:42:53,18.0
1406,2022-10-23 11:47:53,18.0
1407,2022-10-23 11:52:53,18.0
1408,2022-10-23 11:57:53,18.0
1409,2022-10-23 12:02:53,18.0
1410,2022-10-23 12:07:53,18.0
1411,2022-10-23 12:12:53,18.0
1412,2022-10-23 12:17:53,18.0
1413,2022-10-23 12:22:53,18.0
1414,2022-10-23 12:27:53,18.0
1415,2022-10-23 12:32:53,18.0
1416,2022-10-23 12:37:53,18.0
1417,2022-10-23 12:42:53,18.0
1418,2022-10-23 12:47:53,18.0
1419,2022-10-23 12:52:53,18.0
1420,2022-10-23 12:57:53,18.0
1421,2022-10-23 13:02:53,18.0
1422,2022-10-23 13:07:53,18.0
1423,2022-10-23 13:12:53,18.5
1424,2022-10-23 13:17:53,18.5
1425,2022-10-23 13:22:53,18.5
1426,2022-10-23 13:27:53,18.5
1427,2022-10-23 13:32:53,18.5
1428,2022-10-23 13:37:53,18.5
1429,2022-10-23 13:42:53,18.5
1430,2022-10-23 13:47:53,18.5
1431,2022-10-23 13:52:53,18.5
1432,2022-10-23 13:57:53,18.5
1433,2022-10-23 14:02:53,19.0
1434,2022-10-23 14:07:53,19.0
1435,2022-10-23 14:12:53,19.0
1436,2022-10-23 14:17:53,19.0
1437,2022-10-23 14:22:53,19.0
1438,2022-10-23 14:27:53,19.0
1439,2022-10-23 14:32:53,19.0
1440,2022-10-23 14:37:53,18.5
1441,2022-10-23 14:42:53,18.5
1442,2022-10-23 14:47:53,18.5
1443,2022-10-23 14:52:53,18.5
1444,2022-10-23 14:57:53,18.5
1445,2022-10-23 15:02:53,18.5
1446,2022-10-23 15:07:53,18.5
1447,2022-10-23 15:12:53,18.5
1448,2022-10-23 15:17:53,18.5
1449,2022-10-23 15:22:53,19.0
1450,2022-10-23 15:27:53,19.0
1451,2022-10-23 15:32:53,19.0
1452,2022-10-23 15:37:53,19.0
1453,2022-10-23 15:42:53,19.0
1454,2022-10-23 15:47:53,18.5
1455,2022-10-23 15:52:53,18.5
1456,2022-10-23 15:57:53,18.5
1457,2022-10-23 16:02:53,18.5
1458,2022-10-23 16:07:53,18.5
1459,2022-10-23 16:12:53,18.5
1460,2022-10-23 16:17:53,18.5
1461,2022-10-23 16:22:53,18.5
1462,2022-10-23 16:27:53,18.5
1463,2022-10-23 16:32:53,18.5
1464,2022-10-23 16:37:53,18.5
1465,2022-10-23 16:42:53,18.5
1466,2022-10-23 16:47:53,18.5
1467,2022-10-23 16:52:53,18.5
1468,2022-10-23 16:57:53,18.5
1469,2022-10-23 17:02:53,18.5
1470,2022-10-23 17:07:53,18.5
1471,2022-10-23 17:12:53,18.5
1472,2022-10-23 17:17:53,18.5
1473,2022-10-23 17:22:53,18.5
1474,2022-10-23 17:27:53,18.0
1475,2022-10-23 17:32:53,18.0
1476,2022-10-23 17:37:53,18.0
1477,2022-10-23 17:42:53,18.0
1478,2022-10-23 17:47:53,18.0
1479,2022-10-23 17:52:53,18.0
1480,2022-10-23 17:57:53,18.5
1481,2022-10-23 18:02:53,18.5
1482,2022-10-23 18:07:53,19.0
1483,2022-10-23 18:12:53,19.0
1484,2022-10-23 18:17:53,19.0
1485,2022-10-23 18:22:53,19.0
1486,2022-10-23 18:27:53,19.5
1487,2022-10-23 18:32:53,19.5
1488,2022-10-23 18:37:53,19.5
1489,2022-10-23 18:42:53,19.5
1490,2022-10-23 18:47:53,19.5
1491,2022-10-23 18:52:53,19.5
1492,2022-10-23 18:57:53,19.5
1493,2022-10-23 19:02:53,19.5
1494,2022-10-23 19:07:53,19.5
1495,2022-10-23 19:12:53,19.5
1496,2022-10-23 19:17:53,19.5
1497,2022-10-23 19:22:53,19.5
1498,2022-10-23 19:27:53,19.5
1499,2022-10-23 19:32:53,19.5
1500,2022-10-23 19:37:53,19.5
1501,2022-10-23 19:42:53,19.5
1502,2022-10-23 19:47:53,20.0
1503,2022-10-23 19:52:53,20.0
1504,2022-10-23 19:57:53,20.0
1505,2022-10-23 20:02:53,20.0
1506,2022-10-23 20:07:53,20.0
1507,2022-10-23 20:12:53,20.0
1508,2022-10-23 20:17:53,20.0
1509,2022-10-23 20:22:53,20.0
1510,2022-10-23 20:27:53,20.0
1511,2022-10-23 20:32:53,20.0
1512,2022-10-23 20:37:53,20.0
1513,2022-10-23 20:42:53,20.0
1514,2022-10-23 20:47:53,20.0
1515,2022-10-23 20:52:53,20.0
1516,2022-10-23 20:57:53,20.0
1517,2022-10-23 21:02:53,20.0
1518,2022-10-23 21:07:53,20.0
1519,2022-10-23 21:12:53,20.0
1520,2022-10-23 21:17:53,20.0
1521,2022-10-23 21:22:53,20.0
1522,2022-10-23 21:27:53,20.0
1523,2022-10-23 21:32:53,20.0
1524,2022-10-23 21:37:53,19.5
1525,2022-10-23 21:42:53,19.5
1526,2022-10-23 21:47:53,19.5
1527,2022-10-23 21:52:53,19.5
1528,2022-10-23 21:57:53,19.5
1529,2022-10-23 22:02:53,19.5
1530,2022-10-23 22:07:53,19.5
1531,2022-10-23 22:12:53,19.5
1532,2022-10-23 22:17:53,19.5
1533,2022-10-23 22:22:53,19.5
1534,2022-10-23 22:27:53,19.5
1535,2022-10-23 22:32:53,19.5
1536,2022-10-23 22:37:53,19.5
1537,2022-10-23 22:42:53,19.5
1538,2022-10-23 22:47:53,19.5
1539,2022-10-23 22:52:53,19.5
1540,2022-10-23 22:57:53,19.5
1541,2022-10-23 23:02:53,19.5
1542,2022-10-23 23:07:53,19.5
1543,2022-10-23 23:12:53,19.5
1544,2022-10-23 23:17:53,19.0
1545,2022-10-23 23:22:53,19.0
1546,2022-10-23 23:27:53,19.0
1547,2022-10-23 23:32:53,19.0
1548,2022-10-23 23:37:53,19.0
1549,2022-10-23 23:42:53,19.0
1550,2022-10-23 23:47:53,19.0
1551,2022-10-23 23:52:53,19.0
1552,2022-10-23 23:57:53,19.0
1553,2022-10-24 00:02:53,19.0
1554,2022-10-24 00:07:53,19.0
1555,2022-10-24 00:12:53,19.0
1556,2022-10-24 00:17:53,19.0
1557,2022-10-24 00:22:53,19.0
1558,2022-10-24 00:27:53,18.5
1559,2022-10-24 00:32:53,18.5
1560,2022-10-24 00:37:53,18.5
1561,2022-10-24 00:42:53,18.5
1562,2022-10-24 00:47:53,18.5
1563,2022-10-24 00:52:53,18.5
1564,2022-10-24 00:57:53,18.5
1565,2022-10-24 01:02:53,18.5
1566,2022-10-24 01:07:53,18.5
1567,2022-10-24 01:12:53,18.5
1568,2022-10-24 01:17:53,18.5
1569,2022-10-24 01:22:53,18.5
1570,2022-10-24 01:27:53,18.5
1571,2022-10-24 01:32:53,18.5
1572,2022-10-24 01:37:53,18.5
1573,2022-10-24 01:42:53,18.5
1574,2022-10-24 01:47:53,18.5
1575,2022-10-24 01:52:53,18.5
1576,2022-10-24 01:57:53,18.5
1577,2022-10-24 02:02:53,18.5
1578,2022-10-24 02:07:53,18.5
1579,2022-10-24 02:12:53,18.5
1580,2022-10-24 02:17:53,18.5
1581,2022-10-24 02:22:53,18.5
1582,2022-10-24 02:27:53,18.5
1583,2022-10-24 02:32:53,18.5
1584,2022-10-24 02:37:53,18.5
1585,2022-10-24 02:42:53,18.5
1586,2022-10-24 02:47:53,18.5
1587,2022-10-24 02:52:53,18.5
1588,2022-10-24 02:57:53,18.0
1589,2022-10-24 03:02:53,18.0
1590,2022-10-24 03:07:53,18.0
1591,2022-10-24 03:12:53,18.0
1592,2022-10-24 03:17:53,18.0
1593,2022-10-24 03:22:53,18.0
1594,2022-10-24 03:27:53,18.0
1595,2022-10-24 03:32:53,18.0
1596,2022-10-24 03:37:53,18.0
1597,2022-10-24 03:42:53,18.0
1598,2022-10-24 03:47:53,18.0
1599,2022-10-24 03:52:53,18.0
1600,2022-10-24 03:57:53,18.0
1601,2022-10-24 04:02:53,18.0
1602,2022-10-24 04:07:53,18.0
1603,2022-10-24 04:12:53,18.0
1604,2022-10-24 04:17:53,18.0
1605,2022-10-24 04:22:53,18.0
1606,2022-10-24 04:27:53,18.0
1607,2022-10-24 04:32:53,18.0
1608,2022-10-24 04:37:53,18.0
1609,2022-10-24 04:42:53,18.0
1610,2022-10-24 04:47:53,18.0
1611,2022-10-24 04:52:53,18.0
1612,2022-10-24 04:57:53,18.0
1613,2022-10-24 05:02:53,18.0
1614,2022-10-24 05:07:53,18.0
1615,2022-10-24 05:12:53,18.0
1616,2022-10-24 05:17:53,18.0
1617,2022-10-24 05:22:53,18.0
1618,2022-10-24 05:27:53,18.0
1619,2022-10-24 05:32:53,18.0
1620,2022-10-24 05:37:53,18.0
1621,2022-10-24 05:42:53,18.0
1622,2022-10-24 05:47:53,18.0
1623,2022-10-24 05:52:53,18.0
1624,2022-10-24 05:57:53,18.0
1625,2022-10-24 06:02:53,18.0
1626,2022-10-24 06:07:53,18.5
1627,2022-10-24 06:12:53,18.5
1628,2022-10-24 06:17:53,18.5
1629,2022-10-24 06:22:53,18.5
1630,2022-10-24 06:27:53,19.0
1631,2022-10-24 06:32:53,19.0
1632,2022-10-24 06:37:53,19.0
1633,2022-10-24 06:42:53,19.0
1634,2022-10-24 06:47:53,19.0
1635,2022-10-24 06:52:53,19.0
1636,2022-10-24 06:57:53,19.0
1637,2022-10-24 07:02:53,19.0
1638,2022-10-24 07:07:53,19.0
1639,2022-10-24 07:12:53,19.0
1640,2022-10-24 07:17:53,19.0
1641,2022-10-24 07:22:53,19.0
1642,2022-10-24 07:27:53,19.0
1643,2022-10-24 07:32:53,19.0
1644,2022-10-24 07:37:53,19.0
1645,2022-10-24 07:42:53,19.0
1646,2022-10-24 07:47:53,19.0
1647,2022-10-24 07:52:53,19.0
1648,2022-10-24 07:57:53,19.0
1649,2022-10-24 08:02:53,19.0
1650,2022-10-24 08:07:53,19.0
1651,2022-10-24 08:12:53,19.0
1652,2022-10-24 08:17:53,19.0
1653,2022-10-24 08:22:53,19.0
1654,2022-10-24 08:27:53,19.0
1655,2022-10-24 08:32:53,19.0
1656,2022-10-24 08:37:53,19.0
1657,2022-10-24 08:42:53,19.0
1658,2022-10-24 08:47:53,19.0
1659,2022-10-24 08:52:53,19.0
1660,2022-10-24 08:57:53,19.0
1661,2022-10-24 09:02:53,19.0
1662,2022-10-24 09:07:53,19.0
1663,2022-10-24 09:12:53,19.0
1664,2022-10-24 09:17:53,19.0
1665,2022-10-24 09:22:53,19.0
1666,2022-10-24 09:27:53,19.0
1667,2022-10-24 09:32:53,19.0
1668,2022-10-24 09:37:53,19.0
1669,2022-10-24 09:42:53,19.0
1670,2022-10-24 09:47:53,19.0
1671,2022-10-24 09:52:53,18.5
1672,2022-10-24 09:57:53,18.5
1673,2022-10-24 10:02:53,18.5
1674,2022-10-24 10:07:53,18.5
1675,2022-10-24 10:12:53,18.5
1676,2022-10-24 10:17:53,18.5
1677,2022-10-24 10:22:53,18.5
1678,2022-10-24 10:27:53,18.5
1679,2022-10-24 10:32:53,18.5
1680,2022-10-24 10:37:53,18.5
1681,2022-10-24 10:42:53,19.0
1682,2022-10-24 10:47:53,18.5
1683,2022-10-24 10:52:53,18.5
1684,2022-10-24 10:57:53,18.5
1685,2022-10-24 11:02:53,18.5
1686,2022-10-24 11:07:53,18.5
1687,2022-10-24 11:12:53,18.5
1688,2022-10-24 11:17:53,18.5
1689,2022-10-24 11:22:53,18.5
1690,2022-10-24 11:27:53,18.5
1691,2022-10-24 11:32:53,18.5
1692,2022-10-24 11:37:53,19.0
1693,2022-10-24 11:42:53,19.0
1694,2022-10-24 11:47:53,19.0
1695,2022-10-24 11:52:53,19.0
1696,2022-10-24 11:57:53,19.0
1697,2022-10-24 12:02:53,19.0
1698,2022-10-24 12:07:53,19.0
1699,2022-10-24 12:12:53,19.5
1700,2022-10-24 12:17:53,19.5
1701,2022-10-24 12:22:53,19.5
1702,2022-10-24 12:27:53,19.5
1703,2022-10-24 12:32:53,19.5
1704,2022-10-24 12:37:53,19.0
1705,2022-10-24 12:42:53,19.0
1706,2022-10-24 12:47:53,19.0
1707,2022-10-24 12:52:53,19.0
1708,2022-10-24 12:57:53,19.0
1709,2022-10-24 13:02:53,19.0
1710,2022-10-24 13:07:53,19.0
1711,2022-10-24 13:12:53,19.0
1712,2022-10-24 13:17:53,19.0
1713,2022-10-24 13:22:53,19.0
1714,2022-10-24 13:27:53,19.0
1715,2022-10-24 13:32:53,19.0
1716,2022-10-24 13:37:53,19.0
1717,2022-10-24 13:42:53,19.5
1718,2022-10-24 13:47:53,19.5
1719,2022-10-24 13:52:53,19.5
1720,2022-10-24 13:57:53,20.0
1721,2022-10-24 14:02:53,20.0
1722,2022-10-24 14:07:53,20.0
1723,2022-10-24 14:12:53,20.0
1724,2022-10-24 14:17:53,20.0
1725,2022-10-24 14:22:53,20.0
1726,2022-10-24 14:27:53,20.0
1727,2022-10-24 14:32:53,20.0
1728,2022-10-24 14:37:53,20.0
1729,2022-10-24 14:42:53,20.0
1730,2022-10-24 14:47:53,20.0
1731,2022-10-24 14:52:53,19.5
1732,2022-10-24 14:57:53,19.5
1733,2022-10-24 15:02:53,19.5
1734,2022-10-24 15:07:53,19.5
1735,2022-10-24 15:12:53,19.5
1736,2022-10-24 15:17:53,19.5
1737,2022-10-24 15:22:53,19.5
1738,2022-10-24 15:27:53,19.5
1739,2022-10-24 15:32:53,19.5
1740,2022-10-24 15:37:53,19.5
1741,2022-10-24 15:42:53,19.5
1742,2022-10-24 15:47:53,19.5
1743,2022-10-24 15:52:53,19.5
1744,2022-10-24 15:57:53,19.5
1745,2022-10-24 16:02:53,19.5
1746,2022-10-24 16:07:53,19.5
1747,2022-10-24 16:12:53,19.5
1748,2022-10-24 16:17:53,19.5
1749,2022-10-24 16:22:53,19.5
1750,2022-10-24 16:27:53,19.5
1751,2022-10-24 16:32:53,19.5
1752,2022-10-24 16:37:53,19.5
1753,2022-10-24 16:42:53,19.5
1754,2022-10-24 16:47:53,19.5
1755,2022-10-24 16:52:53,19.5
1756,2022-10-24 16:57:53,19.5
1757,2022-10-24 17:02:53,19.5
1758,2022-10-24 17:07:53,19.5
1759,2022-10-24 17:12:53,19.5
1760,2022-10-24 17:17:53,19.5
1761,2022-10-24 17:22:53,19.5
1762,2022-10-24 17:27:53,19.0
1763,2022-10-24 17:32:53,19.0
1764,2022-10-24 17:37:53,19.0
1765,2022-10-24 17:42:53,19.0
1766,2022-10-24 17:47:53,19.0
1767,2022-10-24 17:52:53,19.0
1768,2022-10-24 17:57:53,19.0
1769,2022-10-24 18:02:53,19.0
1770,2022-10-24 18:07:53,19.0
1771,2022-10-24 18:12:53,19.0
1772,2022-10-24 18:17:53,19.0
1773,2022-10-24 18:22:53,19.0
1774,2022-10-24 18:27:53,19.0
1775,2022-10-24 18:32:53,19.0
1776,2022-10-24 18:37:53,19.0
1777,2022-10-24 18:42:53,19.0
1778,2022-10-24 18:47:53,19.0
1779,2022-10-24 18:52:53,19.0
1780,2022-10-24 18:57:53,19.0
1781,2022-10-24 19:02:53,19.0
1782,2022-10-24 19:07:53,19.0
1783,2022-10-24 19:12:53,19.0
1784,2022-10-24 19:17:53,19.0
1785,2022-10-24 19:22:53,19.5
1786,2022-10-24 19:27:53,19.5
1787,2022-10-24 19:32:53,19.5
1788,2022-10-24 19:37:53,19.5
1789,2022-10-24 19:42:53,19.5
1790,2022-10-24 19:47:53,19.5
1791,2022-10-24 19:52:53,19.5
1792,2022-10-24 19:57:53,19.5
1793,2022-10-24 20:02:53,19.5
1794,2022-10-24 20:07:53,19.5
1795,2022-10-24 20:12:53,19.5
1796,2022-10-24 20:17:53,19.5
1797,2022-10-24 20:22:53,19.5
1798,2022-10-24 20:27:53,19.5
1799,2022-10-24 20:32:53,19.5
1800,2022-10-24 20:37:53,19.5
1801,2022-10-24 20:42:53,19.5
1802,2022-10-24 20:47:53,20.0
1803,2022-10-24 20:52:53,20.0
1804,2022-10-24 20:57:53,19.5
1805,2022-10-24 21:02:53,19.5
1806,2022-10-24 21:07:53,19.5
1807,2022-10-24 21:12:53,19.5
1808,2022-10-24 21:17:53,19.5
1809,2022-10-24 21:22:53,19.5
1810,2022-10-24 21:27:53,19.5
1811,2022-10-24 21:32:53,19.5
1812,2022-10-24 21:37:53,19.5
1813,2022-10-24 21:42:53,19.5
1814,2022-10-24 21:47:53,19.5
1815,2022-10-24 21:52:53,19.5
1816,2022-10-24 21:57:53,19.5
1817,2022-10-24 22:02:53,19.5
1818,2022-10-24 22:07:53,19.5
1819,2022-10-24 22:12:53,19.5
1820,2022-10-24 22:17:53,19.5
1821,2022-10-24 22:22:53,19.5
1822,2022-10-24 22:27:53,19.5
1823,2022-10-24 22:32:53,19.5
1824,2022-10-24 22:37:53,19.5
1825,2022-10-24 22:42:53,19.5
1826,2022-10-24 22:47:53,19.5
1827,2022-10-24 22:52:53,19.5
1828,2022-10-24 22:57:53,19.5
1829,2022-10-24 23:02:53,19.5
1830,2022-10-24 23:07:53,19.5
1831,2022-10-24 23:12:53,19.5
1832,2022-10-24 23:17:53,19.5
1833,2022-10-24 23:22:53,19.5
1834,2022-10-24 23:27:53,19.5
1835,2022-10-24 23:32:53,19.5
1836,2022-10-24 23:37:53,19.5
1837,2022-10-24 23:42:53,19.5
1838,2022-10-24 23:47:53,19.5
1839,2022-10-24 23:52:53,19.5
1840,2022-10-24 23:57:53,19.5
1841,2022-10-25 00:02:53,19.5
1842,2022-10-25 00:07:53,19.5
1843,2022-10-25 00:12:53,19.5
1844,2022-10-25 00:17:53,19.5
1845,2022-10-25 00:22:53,19.0
1846,2022-10-25 00:27:53,19.0
1847,2022-10-25 00:32:53,19.0
1848,2022-10-25 00:37:53,19.0
1849,2022-10-25 00:42:53,19.0
1850,2022-10-25 00:47:53,19.0
1851,2022-10-25 00:52:53,19.0
1852,2022-10-25 00:57:53,19.0
1853,2022-10-25 01:02:53,19.0
1854,2022-10-25 01:07:53,19.0
1855,2022-10-25 01:12:53,19.0
1856,2022-10-25 01:17:53,19.0
1857,2022-10-25 01:22:53,19.0
1858,2022-10-25 01:27:53,19.0
1859,2022-10-25 01:32:53,19.0
1860,2022-10-25 01:37:53,19.0
1861,2022-10-25 01:42:53,19.0
1862,2022-10-25 01:47:53,19.0
1863,2022-10-25 01:52:53,19.0
1864,2022-10-25 01:57:53,19.0
1865,2022-10-25 02:02:53,19.0
1866,2022-10-25 02:07:53,19.0
1867,2022-10-25 02:12:53,19.0
1868,2022-10-25 02:17:53,19.0
1869,2022-10-25 02:22:53,19.0
1870,2022-10-25 02:27:53,19.0
1871,2022-10-25 02:32:53,19.0
1872,2022-10-25 02:37:53,19.0
1873,2022-10-25 02:42:53,19.0
1874,2022-10-25 02:47:53,19.0
1875,2022-10-25 02:52:53,19.0
1876,2022-10-25 02:57:53,19.0
1877,2022-10-25 03:02:53,19.0
1878,2022-10-25 03:07:53,19.0
1879,2022-10-25 03:12:53,19.0
1880,2022-10-25 03:17:53,19.0
1881,2022-10-25 03:22:53,19.0
1882,2022-10-25 03:27:53,19.0
1883,2022-10-25 03:32:53,19.0
1884,2022-10-25 03:37:53,19.0
1885,2022-10-25 03:42:53,19.0
1886,2022-10-25 03:47:53,19.0
1887,2022-10-25 03:52:53,19.0
1888,2022-10-25 03:57:53,19.0
1889,2022-10-25 04:02:53,19.0
1890,2022-10-25 04:07:53,19.0
1891,2022-10-25 04:12:53,19.0
1892,2022-10-25 04:17:53,19.0
1893,2022-10-25 04:22:53,19.0
1894,2022-10-25 04:27:53,19.0
1895,2022-10-25 04:32:53,19.0
1896,2022-10-25 04:37:53,19.0
1897,2022-10-25 04:42:53,19.0
1898,2022-10-25 04:47:53,19.0
1899,2022-10-25 04:52:53,19.0
1900,2022-10-25 04:57:53,19.0
1901,2022-10-25 05:02:53,19.0
1902,2022-10-25 05:07:53,19.0
1903,2022-10-25 05:12:53,19.0
1904,2022-10-25 05:17:53,19.0
1905,2022-10-25 05:22:53,19.0
1906,2022-10-25 05:27:53,19.0
1907,2022-10-25 05:32:53,19.0
1908,2022-10-25 05:37:53,19.0
1909,2022-10-25 05:42:53,19.0
1910,2022-10-25 05:47:53,19.0
1911,2022-10-25 05:52:53,19.0
1912,2022-10-25 05:57:53,19.0
1913,2022-10-25 06:02:53,19.0
1914,2022-10-25 06:07:53,19.0
1915,2022-10-25 06:12:53,19.0
1916,2022-10-25 06:17:53,19.0
1917,2022-10-25 06:22:53,19.0
1918,2022-10-25 06:27:53,19.0
1919,2022-10-25 06:32:53,19.0
1920,2022-10-25 06:37:53,19.0
1921,2022-10-25 06:42:53,19.0
1922,2022-10-25 06:47:53,19.0
1923,2022-10-25 06:52:53,19.0
1924,2022-10-25 06:57:53,19.0
1925,2022-10-25 07:02:53,19.0
1926,2022-10-25 07:07:53,19.0
1927,2022-10-25 07:12:53,19.0
1928,2022-10-25 07:17:53,19.0
1929,2022-10-25 07:22:53,19.5
1930,2022-10-25 07:27:53,19.5
1931,2022-10-25 07:32:53,19.5
1932,2022-10-25 07:37:53,19.5
1933,2022-10-25 07:42:53,19.5
1934,2022-10-25 07:47:53,19.5
1935,2022-10-25 07:52:53,19.5
1936,2022-10-25 07:57:53,19.5
1937,2022-10-25 08:02:53,19.5
1938,2022-10-25 08:07:53,19.5
1939,2022-10-25 08:12:53,19.5
1940,2022-10-25 08:17:53,19.5
1941,2022-10-25 08:22:53,19.5
1942,2022-10-25 08:27:53,19.5
1943,2022-10-25 08:32:53,19.5
1944,2022-10-25 08:37:53,19.5
1945,2022-10-25 08:42:53,19.5
1946,2022-10-25 08:47:53,19.5
1947,2022-10-25 08:52:53,19.5
1948,2022-10-25 08:57:53,19.5
1949,2022-10-25 09:02:53,19.5
1950,2022-10-25 09:07:53,19.5
1951,2022-10-25 09:12:53,19.5
1952,2022-10-25 09:17:53,19.5
1953,2022-10-25 09:22:53,19.5
1954,2022-10-25 09:27:53,19.5
1955,2022-10-25 09:32:53,19.5
1956,2022-10-25 09:37:53,19.5
1957,2022-10-25 09:42:53,19.5
1958,2022-10-25 09:47:53,19.5
1959,2022-10-25 09:52:53,19.5
1960,2022-10-25 09:57:53,19.5
1961,2022-10-25 10:02:53,19.5
1962,2022-10-25 10:07:53,19.5
1963,2022-10-25 10:12:53,19.5
1964,2022-10-25 10:17:53,19.5
1965,2022-10-25 10:22:53,20.0
1966,2022-10-25 10:27:53,20.0
1967,2022-10-25 10:32:53,20.0
1968,2022-10-25 10:37:53,20.0
1969,2022-10-25 10:42:53,20.0
1970,2022-10-25 10:47:53,20.0
1971,2022-10-25 10:52:53,20.0
1972,2022-10-25 10:57:53,20.0
1973,2022-10-25 11:02:53,20.0
1974,2022-10-25 11:07:53,20.0
1975,2022-10-25 11:12:53,20.0
1976,2022-10-25 11:17:53,20.0
1977,2022-10-25 11:22:53,20.0
1978,2022-10-25 11:27:53,20.0
1979,2022-10-25 11:32:53,20.0
1980,2022-10-25 11:37:53,20.0
1981,2022-10-25 11:42:53,20.0
1982,2022-10-25 11:47:53,20.0
1983,2022-10-25 11:52:53,20.0
1984,2022-10-25 11:57:53,20.0
1985,2022-10-25 12:02:53,20.0
1986,2022-10-25 12:07:53,20.0
1987,2022-10-25 12:12:53,20.0
1988,2022-10-25 12:17:53,19.5
1989,2022-10-25 12:22:53,19.5
1990,2022-10-25 12:27:53,19.5
1991,2022-10-25 12:32:53,19.5
1992,2022-10-25 12:37:53,19.5
1993,2022-10-25 12:42:53,19.5
1994,2022-10-25 12:47:53,19.5
1995,2022-10-25 12:52:53,19.5
1996,2022-10-25 12:57:53,19.5
1997,2022-10-25 13:02:53,19.5
1998,2022-10-25 13:07:53,20.0
1999,2022-10-25 13:12:53,20.0
2000,2022-10-25 13:17:53,20.0
