sc_office,Time,Celsius(°C),Serial Number
1,2022-10-18 14:45:34,17.5,052269744
2,2022-10-18 14:50:34,19.5
3,2022-10-18 14:55:34,19.5
4,2022-10-18 15:00:34,19.0
5,2022-10-18 15:05:34,18.5
6,2022-10-18 15:10:34,18.5
7,2022-10-18 15:15:34,18.0
8,2022-10-18 15:20:34,18.0
9,2022-10-18 15:25:34,18.0
10,2022-10-18 15:30:34,18.0
11,2022-10-18 15:35:34,21.0
12,2022-10-18 15:40:34,20.0
13,2022-10-18 15:45:34,19.0
14,2022-10-18 15:50:34,18.5
15,2022-10-18 15:55:34,18.5
16,2022-10-18 16:00:34,18.0
17,2022-10-18 16:05:34,18.0
18,2022-10-18 16:10:34,18.0
19,2022-10-18 16:15:34,18.0
20,2022-10-18 16:20:34,18.0
21,2022-10-18 16:25:34,18.0
22,2022-10-18 16:30:34,18.0
23,2022-10-18 16:35:34,18.0
24,2022-10-18 16:40:34,17.5
25,2022-10-18 16:45:34,17.5
26,2022-10-18 16:50:34,17.5
27,2022-10-18 16:55:34,17.5
28,2022-10-18 17:00:34,17.5
29,2022-10-18 17:05:34,17.5
30,2022-10-18 17:10:34,17.5
31,2022-10-18 17:15:34,17.5
32,2022-10-18 17:20:34,17.5
33,2022-10-18 17:25:34,17.5
34,2022-10-18 17:30:34,17.5
35,2022-10-18 17:35:34,17.5
36,2022-10-18 17:40:34,17.5
37,2022-10-18 17:45:34,17.5
38,2022-10-18 17:50:34,17.5
39,2022-10-18 17:55:34,17.5
40,2022-10-18 18:00:34,17.5
41,2022-10-18 18:05:34,17.5
42,2022-10-18 18:10:34,17.5
43,2022-10-18 18:15:34,17.5
44,2022-10-18 18:20:34,17.5
45,2022-10-18 18:25:34,17.5
46,2022-10-18 18:30:34,17.5
47,2022-10-18 18:35:34,17.5
48,2022-10-18 18:40:34,17.5
49,2022-10-18 18:45:34,17.5
50,2022-10-18 18:50:34,17.5
51,2022-10-18 18:55:34,17.5
52,2022-10-18 19:00:34,17.5
53,2022-10-18 19:05:34,17.5
54,2022-10-18 19:10:34,17.5
55,2022-10-18 19:15:34,17.5
56,2022-10-18 19:20:34,17.5
57,2022-10-18 19:25:34,17.5
58,2022-10-18 19:30:34,17.5
59,2022-10-18 19:35:34,17.5
60,2022-10-18 19:40:34,17.5
61,2022-10-18 19:45:34,17.5
62,2022-10-18 19:50:34,17.5
63,2022-10-18 19:55:34,17.5
64,2022-10-18 20:00:34,17.5
65,2022-10-18 20:05:34,17.5
66,2022-10-18 20:10:34,17.5
67,2022-10-18 20:15:34,17.5
68,2022-10-18 20:20:34,17.5
69,2022-10-18 20:25:34,17.5
70,2022-10-18 20:30:34,17.5
71,2022-10-18 20:35:34,17.5
72,2022-10-18 20:40:34,17.5
73,2022-10-18 20:45:34,17.5
74,2022-10-18 20:50:34,17.5
75,2022-10-18 20:55:34,17.5
76,2022-10-18 21:00:34,17.5
77,2022-10-18 21:05:34,17.5
78,2022-10-18 21:10:34,17.5
79,2022-10-18 21:15:34,17.5
80,2022-10-18 21:20:34,17.5
81,2022-10-18 21:25:34,17.5
82,2022-10-18 21:30:34,17.5
83,2022-10-18 21:35:34,17.5
84,2022-10-18 21:40:34,17.5
85,2022-10-18 21:45:34,17.5
86,2022-10-18 21:50:34,17.5
87,2022-10-18 21:55:34,17.0
88,2022-10-18 22:00:34,17.0
89,2022-10-18 22:05:34,17.0
90,2022-10-18 22:10:34,17.0
91,2022-10-18 22:15:34,17.0
92,2022-10-18 22:20:34,17.0
93,2022-10-18 22:25:34,17.0
94,2022-10-18 22:30:34,17.0
95,2022-10-18 22:35:34,17.0
96,2022-10-18 22:40:34,17.0
97,2022-10-18 22:45:34,17.0
98,2022-10-18 22:50:34,17.0
99,2022-10-18 22:55:34,17.0
100,2022-10-18 23:00:34,17.0
101,2022-10-18 23:05:34,17.0
102,2022-10-18 23:10:34,17.0
103,2022-10-18 23:15:34,17.0
104,2022-10-18 23:20:34,17.0
105,2022-10-18 23:25:34,17.0
106,2022-10-18 23:30:34,17.0
107,2022-10-18 23:35:34,17.0
108,2022-10-18 23:40:34,17.0
109,2022-10-18 23:45:34,17.0
110,2022-10-18 23:50:34,17.0
111,2022-10-18 23:55:34,17.0
112,2022-10-19 00:00:34,17.0
113,2022-10-19 00:05:34,17.0
114,2022-10-19 00:10:34,17.0
115,2022-10-19 00:15:34,17.0
116,2022-10-19 00:20:34,17.0
117,2022-10-19 00:25:34,17.0
118,2022-10-19 00:30:34,17.0
119,2022-10-19 00:35:34,17.0
120,2022-10-19 00:40:34,17.0
121,2022-10-19 00:45:34,17.0
122,2022-10-19 00:50:34,17.0
123,2022-10-19 00:55:34,17.0
124,2022-10-19 01:00:34,17.0
125,2022-10-19 01:05:34,17.0
126,2022-10-19 01:10:34,17.0
127,2022-10-19 01:15:34,17.0
128,2022-10-19 01:20:34,17.0
129,2022-10-19 01:25:34,17.0
130,2022-10-19 01:30:34,16.5
131,2022-10-19 01:35:34,16.5
132,2022-10-19 01:40:34,16.5
133,2022-10-19 01:45:34,16.5
134,2022-10-19 01:50:34,16.5
135,2022-10-19 01:55:34,16.5
136,2022-10-19 02:00:34,16.5
137,2022-10-19 02:05:34,16.5
138,2022-10-19 02:10:34,16.5
139,2022-10-19 02:15:34,16.5
140,2022-10-19 02:20:34,16.5
141,2022-10-19 02:25:34,16.5
142,2022-10-19 02:30:34,16.5
143,2022-10-19 02:35:34,16.5
144,2022-10-19 02:40:34,16.5
145,2022-10-19 02:45:34,16.5
146,2022-10-19 02:50:34,16.5
147,2022-10-19 02:55:34,16.5
148,2022-10-19 03:00:34,16.5
149,2022-10-19 03:05:34,16.5
150,2022-10-19 03:10:34,16.5
151,2022-10-19 03:15:34,16.5
152,2022-10-19 03:20:34,16.5
153,2022-10-19 03:25:34,16.5
154,2022-10-19 03:30:34,16.5
155,2022-10-19 03:35:34,16.5
156,2022-10-19 03:40:34,16.5
157,2022-10-19 03:45:34,16.5
158,2022-10-19 03:50:34,16.5
159,2022-10-19 03:55:34,16.5
160,2022-10-19 04:00:34,16.5
161,2022-10-19 04:05:34,16.5
162,2022-10-19 04:10:34,16.5
163,2022-10-19 04:15:34,16.5
164,2022-10-19 04:20:34,16.5
165,2022-10-19 04:25:34,16.5
166,2022-10-19 04:30:34,16.5
167,2022-10-19 04:35:34,16.5
168,2022-10-19 04:40:34,16.5
169,2022-10-19 04:45:34,16.5
170,2022-10-19 04:50:34,16.5
171,2022-10-19 04:55:34,16.5
172,2022-10-19 05:00:34,16.5
173,2022-10-19 05:05:34,16.5
174,2022-10-19 05:10:34,16.5
175,2022-10-19 05:15:34,16.5
176,2022-10-19 05:20:34,16.5
177,2022-10-19 05:25:34,16.5
178,2022-10-19 05:30:34,16.5
179,2022-10-19 05:35:34,16.5
180,2022-10-19 05:40:34,16.5
181,2022-10-19 05:45:34,16.5
182,2022-10-19 05:50:34,16.5
183,2022-10-19 05:55:34,16.5
184,2022-10-19 06:00:34,16.5
185,2022-10-19 06:05:34,16.5
186,2022-10-19 06:10:34,16.5
187,2022-10-19 06:15:34,16.5
188,2022-10-19 06:20:34,16.5
189,2022-10-19 06:25:34,16.5
190,2022-10-19 06:30:34,16.5
191,2022-10-19 06:35:34,16.0
192,2022-10-19 06:40:34,16.0
193,2022-10-19 06:45:34,16.0
194,2022-10-19 06:50:34,16.0
195,2022-10-19 06:55:34,16.0
196,2022-10-19 07:00:34,16.0
197,2022-10-19 07:05:34,16.0
198,2022-10-19 07:10:34,16.0
199,2022-10-19 07:15:34,16.0
200,2022-10-19 07:20:34,16.0
201,2022-10-19 07:25:34,16.0
202,2022-10-19 07:30:34,16.0
203,2022-10-19 07:35:34,16.0
204,2022-10-19 07:40:34,16.0
205,2022-10-19 07:45:34,16.5
206,2022-10-19 07:50:34,16.5
207,2022-10-19 07:55:34,16.5
208,2022-10-19 08:00:34,16.5
209,2022-10-19 08:05:34,16.5
210,2022-10-19 08:10:34,16.5
211,2022-10-19 08:15:34,16.5
212,2022-10-19 08:20:34,16.5
213,2022-10-19 08:25:34,16.5
214,2022-10-19 08:30:34,16.5
215,2022-10-19 08:35:34,16.5
216,2022-10-19 08:40:34,16.5
217,2022-10-19 08:45:34,16.5
218,2022-10-19 08:50:34,16.5
219,2022-10-19 08:55:34,16.5
220,2022-10-19 09:00:34,17.0
221,2022-10-19 09:05:34,17.0
222,2022-10-19 09:10:34,17.0
223,2022-10-19 09:15:34,17.0
224,2022-10-19 09:20:34,17.0
225,2022-10-19 09:25:34,17.0
226,2022-10-19 09:30:34,17.0
227,2022-10-19 09:35:34,17.0
228,2022-10-19 09:40:34,17.0
229,2022-10-19 09:45:34,17.0
230,2022-10-19 09:50:34,17.0
231,2022-10-19 09:55:34,17.0
232,2022-10-19 10:00:34,17.0
233,2022-10-19 10:05:34,17.0
234,2022-10-19 10:10:34,17.0
235,2022-10-19 10:15:34,17.0
236,2022-10-19 10:20:34,17.0
237,2022-10-19 10:25:34,17.0
238,2022-10-19 10:30:34,17.0
239,2022-10-19 10:35:34,17.0
240,2022-10-19 10:40:34,17.0
241,2022-10-19 10:45:34,17.0
242,2022-10-19 10:50:34,17.0
243,2022-10-19 10:55:34,17.0
244,2022-10-19 11:00:34,17.0
245,2022-10-19 11:05:34,17.0
246,2022-10-19 11:10:34,17.0
247,2022-10-19 11:15:34,17.0
248,2022-10-19 11:20:34,17.0
249,2022-10-19 11:25:34,17.0
250,2022-10-19 11:30:34,17.0
251,2022-10-19 11:35:34,17.0
252,2022-10-19 11:40:34,17.0
253,2022-10-19 11:45:34,17.0
254,2022-10-19 11:50:34,17.0
255,2022-10-19 11:55:34,17.0
256,2022-10-19 12:00:34,17.0
257,2022-10-19 12:05:34,17.0
258,2022-10-19 12:10:34,17.0
259,2022-10-19 12:15:34,17.0
260,2022-10-19 12:20:34,17.0
261,2022-10-19 12:25:34,17.0
262,2022-10-19 12:30:34,17.0
263,2022-10-19 12:35:34,17.0
264,2022-10-19 12:40:34,17.0
265,2022-10-19 12:45:34,17.0
266,2022-10-19 12:50:34,17.0
267,2022-10-19 12:55:34,17.0
268,2022-10-19 13:00:34,17.0
269,2022-10-19 13:05:34,17.0
270,2022-10-19 13:10:34,17.0
271,2022-10-19 13:15:34,17.0
272,2022-10-19 13:20:34,17.0
273,2022-10-19 13:25:34,17.0
274,2022-10-19 13:30:34,17.0
275,2022-10-19 13:35:34,17.0
276,2022-10-19 13:40:34,17.0
277,2022-10-19 13:45:34,17.0
278,2022-10-19 13:50:34,17.0
279,2022-10-19 13:55:34,17.0
280,2022-10-19 14:00:34,17.0
281,2022-10-19 14:05:34,17.5
282,2022-10-19 14:10:34,17.5
283,2022-10-19 14:15:34,17.5
284,2022-10-19 14:20:34,17.5
285,2022-10-19 14:25:34,17.5
286,2022-10-19 14:30:34,17.5
287,2022-10-19 14:35:34,17.5
288,2022-10-19 14:40:34,17.0
289,2022-10-19 14:45:34,17.5
290,2022-10-19 14:50:34,17.5
291,2022-10-19 14:55:34,17.5
292,2022-10-19 15:00:34,17.5
293,2022-10-19 15:05:34,17.5
294,2022-10-19 15:10:34,17.5
295,2022-10-19 15:15:34,17.5
296,2022-10-19 15:20:34,17.5
297,2022-10-19 15:25:34,17.5
298,2022-10-19 15:30:34,17.5
299,2022-10-19 15:35:34,17.5
300,2022-10-19 15:40:34,17.5
301,2022-10-19 15:45:34,17.5
302,2022-10-19 15:50:34,17.5
303,2022-10-19 15:55:34,17.5
304,2022-10-19 16:00:34,17.5
305,2022-10-19 16:05:34,17.5
306,2022-10-19 16:10:34,17.5
307,2022-10-19 16:15:34,17.5
308,2022-10-19 16:20:34,17.5
309,2022-10-19 16:25:34,17.5
310,2022-10-19 16:30:34,17.5
311,2022-10-19 16:35:34,17.5
312,2022-10-19 16:40:34,17.5
313,2022-10-19 16:45:34,17.5
314,2022-10-19 16:50:34,17.5
315,2022-10-19 16:55:34,17.5
316,2022-10-19 17:00:34,17.5
317,2022-10-19 17:05:34,17.5
318,2022-10-19 17:10:34,17.5
319,2022-10-19 17:15:34,17.5
320,2022-10-19 17:20:34,17.5
321,2022-10-19 17:25:34,17.5
322,2022-10-19 17:30:34,17.5
323,2022-10-19 17:35:34,17.5
324,2022-10-19 17:40:34,17.5
325,2022-10-19 17:45:34,17.5
326,2022-10-19 17:50:34,17.5
327,2022-10-19 17:55:34,17.5
328,2022-10-19 18:00:34,17.5
329,2022-10-19 18:05:34,17.5
330,2022-10-19 18:10:34,17.5
331,2022-10-19 18:15:34,17.5
332,2022-10-19 18:20:34,17.5
333,2022-10-19 18:25:34,17.5
334,2022-10-19 18:30:34,17.5
335,2022-10-19 18:35:34,17.5
336,2022-10-19 18:40:34,17.5
337,2022-10-19 18:45:34,17.5
338,2022-10-19 18:50:34,17.5
339,2022-10-19 18:55:34,17.5
340,2022-10-19 19:00:34,17.5
341,2022-10-19 19:05:34,17.5
342,2022-10-19 19:10:34,17.5
343,2022-10-19 19:15:34,17.5
344,2022-10-19 19:20:34,17.5
345,2022-10-19 19:25:34,17.5
346,2022-10-19 19:30:34,17.5
347,2022-10-19 19:35:34,17.5
348,2022-10-19 19:40:34,17.5
349,2022-10-19 19:45:34,17.5
350,2022-10-19 19:50:34,17.5
351,2022-10-19 19:55:34,17.5
352,2022-10-19 20:00:34,17.5
353,2022-10-19 20:05:34,17.5
354,2022-10-19 20:10:34,17.5
355,2022-10-19 20:15:34,17.5
356,2022-10-19 20:20:34,17.5
357,2022-10-19 20:25:34,17.5
358,2022-10-19 20:30:34,17.5
359,2022-10-19 20:35:34,17.5
360,2022-10-19 20:40:34,17.5
361,2022-10-19 20:45:34,17.5
362,2022-10-19 20:50:34,17.5
363,2022-10-19 20:55:34,17.5
364,2022-10-19 21:00:34,17.5
365,2022-10-19 21:05:34,17.5
366,2022-10-19 21:10:34,17.5
367,2022-10-19 21:15:34,17.5
368,2022-10-19 21:20:34,17.5
369,2022-10-19 21:25:34,17.5
370,2022-10-19 21:30:34,17.5
371,2022-10-19 21:35:34,17.5
372,2022-10-19 21:40:34,17.5
373,2022-10-19 21:45:34,17.5
374,2022-10-19 21:50:34,17.5
375,2022-10-19 21:55:34,17.5
376,2022-10-19 22:00:34,17.5
377,2022-10-19 22:05:34,17.5
378,2022-10-19 22:10:34,17.5
379,2022-10-19 22:15:34,17.5
380,2022-10-19 22:20:34,17.5
381,2022-10-19 22:25:34,17.5
382,2022-10-19 22:30:34,17.5
383,2022-10-19 22:35:34,17.5
384,2022-10-19 22:40:34,17.5
385,2022-10-19 22:45:34,17.5
386,2022-10-19 22:50:34,17.5
387,2022-10-19 22:55:34,17.5
388,2022-10-19 23:00:34,17.5
389,2022-10-19 23:05:34,17.5
390,2022-10-19 23:10:34,17.5
391,2022-10-19 23:15:34,17.0
392,2022-10-19 23:20:34,17.0
393,2022-10-19 23:25:34,17.0
394,2022-10-19 23:30:34,17.0
395,2022-10-19 23:35:34,17.0
396,2022-10-19 23:40:34,17.0
397,2022-10-19 23:45:34,17.0
398,2022-10-19 23:50:34,17.0
399,2022-10-19 23:55:34,17.0
400,2022-10-20 00:00:34,17.0
401,2022-10-20 00:05:34,17.0
402,2022-10-20 00:10:34,17.0
403,2022-10-20 00:15:34,17.0
404,2022-10-20 00:20:34,17.0
405,2022-10-20 00:25:34,17.0
406,2022-10-20 00:30:34,17.0
407,2022-10-20 00:35:34,17.0
408,2022-10-20 00:40:34,17.0
409,2022-10-20 00:45:34,17.0
410,2022-10-20 00:50:34,17.0
411,2022-10-20 00:55:34,17.0
412,2022-10-20 01:00:34,17.0
413,2022-10-20 01:05:34,17.0
414,2022-10-20 01:10:34,17.0
415,2022-10-20 01:15:34,17.0
416,2022-10-20 01:20:34,17.0
417,2022-10-20 01:25:34,17.0
418,2022-10-20 01:30:34,17.0
419,2022-10-20 01:35:34,17.0
420,2022-10-20 01:40:34,17.0
421,2022-10-20 01:45:34,17.0
422,2022-10-20 01:50:34,17.0
423,2022-10-20 01:55:34,17.0
424,2022-10-20 02:00:34,17.0
425,2022-10-20 02:05:34,17.0
426,2022-10-20 02:10:34,17.0
427,2022-10-20 02:15:34,17.0
428,2022-10-20 02:20:34,17.0
429,2022-10-20 02:25:34,17.0
430,2022-10-20 02:30:34,16.5
431,2022-10-20 02:35:34,16.5
432,2022-10-20 02:40:34,16.5
433,2022-10-20 02:45:34,16.5
434,2022-10-20 02:50:34,16.5
435,2022-10-20 02:55:34,16.5
436,2022-10-20 03:00:34,16.5
437,2022-10-20 03:05:34,16.5
438,2022-10-20 03:10:34,16.5
439,2022-10-20 03:15:34,16.5
440,2022-10-20 03:20:34,16.5
441,2022-10-20 03:25:34,16.5
442,2022-10-20 03:30:34,16.5
443,2022-10-20 03:35:34,16.5
444,2022-10-20 03:40:34,16.5
445,2022-10-20 03:45:34,16.5
446,2022-10-20 03:50:34,16.5
447,2022-10-20 03:55:34,16.5
448,2022-10-20 04:00:34,16.5
449,2022-10-20 04:05:34,16.5
450,2022-10-20 04:10:34,16.5
451,2022-10-20 04:15:34,16.5
452,2022-10-20 04:20:34,16.5
453,2022-10-20 04:25:34,16.5
454,2022-10-20 04:30:34,16.5
455,2022-10-20 04:35:34,16.5
456,2022-10-20 04:40:34,16.5
457,2022-10-20 04:45:34,16.5
458,2022-10-20 04:50:34,16.5
459,2022-10-20 04:55:34,16.5
460,2022-10-20 05:00:34,16.5
461,2022-10-20 05:05:34,16.5
462,2022-10-20 05:10:34,16.5
463,2022-10-20 05:15:34,16.5
464,2022-10-20 05:20:34,16.5
465,2022-10-20 05:25:34,16.5
466,2022-10-20 05:30:34,16.5
467,2022-10-20 05:35:34,16.5
468,2022-10-20 05:40:34,16.5
469,2022-10-20 05:45:34,16.5
470,2022-10-20 05:50:34,16.5
471,2022-10-20 05:55:34,16.5
472,2022-10-20 06:00:34,16.5
473,2022-10-20 06:05:34,16.5
474,2022-10-20 06:10:34,16.5
475,2022-10-20 06:15:34,16.5
476,2022-10-20 06:20:34,16.5
477,2022-10-20 06:25:34,16.5
478,2022-10-20 06:30:34,16.5
479,2022-10-20 06:35:34,16.5
480,2022-10-20 06:40:34,16.5
481,2022-10-20 06:45:34,16.5
482,2022-10-20 06:50:34,16.5
483,2022-10-20 06:55:34,16.5
484,2022-10-20 07:00:34,16.5
485,2022-10-20 07:05:34,16.5
486,2022-10-20 07:10:34,16.5
487,2022-10-20 07:15:34,16.5
488,2022-10-20 07:20:34,16.5
489,2022-10-20 07:25:34,16.5
490,2022-10-20 07:30:34,16.5
491,2022-10-20 07:35:34,16.5
492,2022-10-20 07:40:34,16.5
493,2022-10-20 07:45:34,16.5
494,2022-10-20 07:50:34,16.5
495,2022-10-20 07:55:34,16.5
496,2022-10-20 08:00:34,16.5
497,2022-10-20 08:05:34,16.5
498,2022-10-20 08:10:34,16.5
499,2022-10-20 08:15:34,16.5
500,2022-10-20 08:20:34,16.5
501,2022-10-20 08:25:34,16.5
502,2022-10-20 08:30:34,16.5
503,2022-10-20 08:35:34,16.5
504,2022-10-20 08:40:34,16.5
505,2022-10-20 08:45:34,16.5
506,2022-10-20 08:50:34,16.5
507,2022-10-20 08:55:34,16.5
508,2022-10-20 09:00:34,16.5
509,2022-10-20 09:05:34,16.5
510,2022-10-20 09:10:34,17.0
511,2022-10-20 09:15:34,17.0
512,2022-10-20 09:20:34,17.0
513,2022-10-20 09:25:34,17.0
514,2022-10-20 09:30:34,17.0
515,2022-10-20 09:35:34,17.0
516,2022-10-20 09:40:34,17.0
517,2022-10-20 09:45:34,17.0
518,2022-10-20 09:50:34,17.0
519,2022-10-20 09:55:34,17.0
520,2022-10-20 10:00:34,17.0
521,2022-10-20 10:05:34,17.0
522,2022-10-20 10:10:34,17.0
523,2022-10-20 10:15:34,17.0
524,2022-10-20 10:20:34,17.0
525,2022-10-20 10:25:34,17.0
526,2022-10-20 10:30:34,17.0
527,2022-10-20 10:35:34,17.0
528,2022-10-20 10:40:34,17.0
529,2022-10-20 10:45:34,17.0
530,2022-10-20 10:50:34,17.0
531,2022-10-20 10:55:34,17.0
532,2022-10-20 11:00:34,17.0
533,2022-10-20 11:05:34,17.0
534,2022-10-20 11:10:34,17.0
535,2022-10-20 11:15:34,17.0
536,2022-10-20 11:20:34,17.0
537,2022-10-20 11:25:34,17.0
538,2022-10-20 11:30:34,17.0
539,2022-10-20 11:35:34,17.5
540,2022-10-20 11:40:34,17.5
541,2022-10-20 11:45:34,17.5
542,2022-10-20 11:50:34,17.5
543,2022-10-20 11:55:34,17.5
544,2022-10-20 12:00:34,17.5
545,2022-10-20 12:05:34,17.5
546,2022-10-20 12:10:34,17.5
547,2022-10-20 12:15:34,17.5
548,2022-10-20 12:20:34,17.5
549,2022-10-20 12:25:34,17.5
550,2022-10-20 12:30:34,17.5
551,2022-10-20 12:35:34,17.5
552,2022-10-20 12:40:34,17.5
553,2022-10-20 12:45:34,17.5
554,2022-10-20 12:50:34,17.5
555,2022-10-20 12:55:34,17.5
556,2022-10-20 13:00:34,17.5
557,2022-10-20 13:05:34,17.5
558,2022-10-20 13:10:34,17.5
559,2022-10-20 13:15:34,17.5
560,2022-10-20 13:20:34,17.5
561,2022-10-20 13:25:34,17.5
562,2022-10-20 13:30:34,17.5
563,2022-10-20 13:35:34,17.5
564,2022-10-20 13:40:34,17.5
565,2022-10-20 13:45:34,17.5
566,2022-10-20 13:50:34,17.5
567,2022-10-20 13:55:34,17.5
568,2022-10-20 14:00:34,17.5
569,2022-10-20 14:05:34,17.5
570,2022-10-20 14:10:34,17.5
571,2022-10-20 14:15:34,18.0
572,2022-10-20 14:20:34,18.0
573,2022-10-20 14:25:34,18.0
574,2022-10-20 14:30:34,18.0
575,2022-10-20 14:35:34,18.0
576,2022-10-20 14:40:34,18.0
577,2022-10-20 14:45:34,18.0
578,2022-10-20 14:50:34,18.0
579,2022-10-20 14:55:34,18.0
580,2022-10-20 15:00:34,17.5
581,2022-10-20 15:05:34,17.5
582,2022-10-20 15:10:34,17.5
583,2022-10-20 15:15:34,17.5
584,2022-10-20 15:20:34,17.5
585,2022-10-20 15:25:34,18.0
586,2022-10-20 15:30:34,18.0
587,2022-10-20 15:35:34,18.0
588,2022-10-20 15:40:34,18.0
589,2022-10-20 15:45:34,18.0
590,2022-10-20 15:50:34,18.0
591,2022-10-20 15:55:34,18.0
592,2022-10-20 16:00:34,17.5
593,2022-10-20 16:05:34,17.5
594,2022-10-20 16:10:34,17.5
595,2022-10-20 16:15:34,17.5
596,2022-10-20 16:20:34,17.5
597,2022-10-20 16:25:34,17.5
598,2022-10-20 16:30:34,17.5
599,2022-10-20 16:35:34,17.5
600,2022-10-20 16:40:34,17.5
601,2022-10-20 16:45:34,17.5
602,2022-10-20 16:50:34,17.5
603,2022-10-20 16:55:34,17.5
604,2022-10-20 17:00:34,17.5
605,2022-10-20 17:05:34,17.5
606,2022-10-20 17:10:34,17.5
607,2022-10-20 17:15:34,17.5
608,2022-10-20 17:20:34,17.5
609,2022-10-20 17:25:34,17.5
610,2022-10-20 17:30:34,17.5
611,2022-10-20 17:35:34,17.5
612,2022-10-20 17:40:34,17.5
613,2022-10-20 17:45:34,17.5
614,2022-10-20 17:50:34,17.5
615,2022-10-20 17:55:34,17.5
616,2022-10-20 18:00:34,17.5
617,2022-10-20 18:05:34,17.5
618,2022-10-20 18:10:34,17.5
619,2022-10-20 18:15:34,17.5
620,2022-10-20 18:20:34,17.5
621,2022-10-20 18:25:34,17.5
622,2022-10-20 18:30:34,17.5
623,2022-10-20 18:35:34,17.5
624,2022-10-20 18:40:34,17.5
625,2022-10-20 18:45:34,17.5
626,2022-10-20 18:50:34,17.5
627,2022-10-20 18:55:34,17.5
628,2022-10-20 19:00:34,17.5
629,2022-10-20 19:05:34,17.5
630,2022-10-20 19:10:34,17.5
631,2022-10-20 19:15:34,17.5
632,2022-10-20 19:20:34,17.5
633,2022-10-20 19:25:34,17.5
634,2022-10-20 19:30:34,17.5
635,2022-10-20 19:35:34,17.5
636,2022-10-20 19:40:34,17.5
637,2022-10-20 19:45:34,17.5
638,2022-10-20 19:50:34,17.5
639,2022-10-20 19:55:34,17.5
640,2022-10-20 20:00:34,17.5
641,2022-10-20 20:05:34,17.5
642,2022-10-20 20:10:34,17.5
643,2022-10-20 20:15:34,17.5
644,2022-10-20 20:20:34,17.5
645,2022-10-20 20:25:34,17.5
646,2022-10-20 20:30:34,17.5
647,2022-10-20 20:35:34,17.5
648,2022-10-20 20:40:34,17.5
649,2022-10-20 20:45:34,17.5
650,2022-10-20 20:50:34,17.5
651,2022-10-20 20:55:34,17.5
652,2022-10-20 21:00:34,17.5
653,2022-10-20 21:05:34,17.5
654,2022-10-20 21:10:34,17.5
655,2022-10-20 21:15:34,17.5
656,2022-10-20 21:20:34,17.5
657,2022-10-20 21:25:34,17.5
658,2022-10-20 21:30:34,17.5
659,2022-10-20 21:35:34,17.5
660,2022-10-20 21:40:34,17.5
661,2022-10-20 21:45:34,17.5
662,2022-10-20 21:50:34,17.5
663,2022-10-20 21:55:34,17.5
664,2022-10-20 22:00:34,17.5
665,2022-10-20 22:05:34,17.5
666,2022-10-20 22:10:34,17.5
667,2022-10-20 22:15:34,17.5
668,2022-10-20 22:20:34,17.5
669,2022-10-20 22:25:34,17.5
670,2022-10-20 22:30:34,17.5
671,2022-10-20 22:35:34,17.0
672,2022-10-20 22:40:34,17.0
673,2022-10-20 22:45:34,17.0
674,2022-10-20 22:50:34,17.0
675,2022-10-20 22:55:34,17.0
676,2022-10-20 23:00:34,17.0
677,2022-10-20 23:05:34,17.0
678,2022-10-20 23:10:34,17.0
679,2022-10-20 23:15:34,17.0
680,2022-10-20 23:20:34,17.0
681,2022-10-20 23:25:34,17.0
682,2022-10-20 23:30:34,17.0
683,2022-10-20 23:35:34,17.0
684,2022-10-20 23:40:34,17.0
685,2022-10-20 23:45:34,17.0
686,2022-10-20 23:50:34,17.0
687,2022-10-20 23:55:34,17.0
688,2022-10-21 00:00:34,17.0
689,2022-10-21 00:05:34,17.0
690,2022-10-21 00:10:34,17.0
691,2022-10-21 00:15:34,17.0
692,2022-10-21 00:20:34,17.0
693,2022-10-21 00:25:34,17.0
694,2022-10-21 00:30:34,17.0
695,2022-10-21 00:35:34,17.0
696,2022-10-21 00:40:34,17.0
697,2022-10-21 00:45:34,17.0
698,2022-10-21 00:50:34,17.0
699,2022-10-21 00:55:34,17.0
700,2022-10-21 01:00:34,17.0
701,2022-10-21 01:05:34,17.0
702,2022-10-21 01:10:34,17.0
703,2022-10-21 01:15:34,17.0
704,2022-10-21 01:20:34,17.0
705,2022-10-21 01:25:34,17.0
706,2022-10-21 01:30:34,17.0
707,2022-10-21 01:35:34,17.0
708,2022-10-21 01:40:34,17.0
709,2022-10-21 01:45:34,17.0
710,2022-10-21 01:50:34,17.0
711,2022-10-21 01:55:34,17.0
712,2022-10-21 02:00:34,17.0
713,2022-10-21 02:05:34,17.0
714,2022-10-21 02:10:34,17.0
715,2022-10-21 02:15:34,17.0
716,2022-10-21 02:20:34,17.0
717,2022-10-21 02:25:34,17.0
718,2022-10-21 02:30:34,17.0
719,2022-10-21 02:35:34,17.0
720,2022-10-21 02:40:34,17.0
721,2022-10-21 02:45:34,17.0
722,2022-10-21 02:50:34,17.0
723,2022-10-21 02:55:34,17.0
724,2022-10-21 03:00:34,17.0
725,2022-10-21 03:05:34,17.0
726,2022-10-21 03:10:34,17.0
727,2022-10-21 03:15:34,16.5
728,2022-10-21 03:20:34,16.5
729,2022-10-21 03:25:34,16.5
730,2022-10-21 03:30:34,16.5
731,2022-10-21 03:35:34,16.5
732,2022-10-21 03:40:34,16.5
733,2022-10-21 03:45:34,16.5
734,2022-10-21 03:50:34,16.5
735,2022-10-21 03:55:34,16.5
736,2022-10-21 04:00:34,16.5
737,2022-10-21 04:05:34,16.5
738,2022-10-21 04:10:34,16.5
739,2022-10-21 04:15:34,16.5
740,2022-10-21 04:20:34,16.5
741,2022-10-21 04:25:34,16.5
742,2022-10-21 04:30:34,16.5
743,2022-10-21 04:35:34,16.5
744,2022-10-21 04:40:34,16.5
745,2022-10-21 04:45:34,16.5
746,2022-10-21 04:50:34,16.5
747,2022-10-21 04:55:34,16.5
748,2022-10-21 05:00:34,16.5
749,2022-10-21 05:05:34,16.5
750,2022-10-21 05:10:34,16.5
751,2022-10-21 05:15:34,16.5
752,2022-10-21 05:20:34,16.5
753,2022-10-21 05:25:34,16.5
754,2022-10-21 05:30:34,16.5
755,2022-10-21 05:35:34,16.5
756,2022-10-21 05:40:34,16.5
757,2022-10-21 05:45:34,16.5
758,2022-10-21 05:50:34,16.5
759,2022-10-21 05:55:34,16.5
760,2022-10-21 06:00:34,16.5
761,2022-10-21 06:05:34,16.5
762,2022-10-21 06:10:34,16.5
763,2022-10-21 06:15:34,16.5
764,2022-10-21 06:20:34,16.5
765,2022-10-21 06:25:34,16.5
766,2022-10-21 06:30:34,16.5
767,2022-10-21 06:35:34,16.5
768,2022-10-21 06:40:34,16.5
769,2022-10-21 06:45:34,16.5
770,2022-10-21 06:50:34,16.5
771,2022-10-21 06:55:34,16.5
772,2022-10-21 07:00:34,16.5
773,2022-10-21 07:05:34,16.5
774,2022-10-21 07:10:34,16.5
775,2022-10-21 07:15:34,16.5
776,2022-10-21 07:20:34,16.5
777,2022-10-21 07:25:34,16.5
778,2022-10-21 07:30:34,16.5
779,2022-10-21 07:35:34,16.5
780,2022-10-21 07:40:34,16.5
781,2022-10-21 07:45:34,16.5
782,2022-10-21 07:50:34,16.5
783,2022-10-21 07:55:34,16.5
784,2022-10-21 08:00:34,16.5
785,2022-10-21 08:05:34,16.5
786,2022-10-21 08:10:34,16.5
787,2022-10-21 08:15:34,16.5
788,2022-10-21 08:20:34,16.5
789,2022-10-21 08:25:34,16.5
790,2022-10-21 08:30:34,17.0
791,2022-10-21 08:35:34,17.0
792,2022-10-21 08:40:34,17.0
793,2022-10-21 08:45:34,17.0
794,2022-10-21 08:50:34,17.0
795,2022-10-21 08:55:34,17.5
796,2022-10-21 09:00:34,17.5
797,2022-10-21 09:05:34,17.5
798,2022-10-21 09:10:34,17.5
799,2022-10-21 09:15:34,17.5
800,2022-10-21 09:20:34,17.5
801,2022-10-21 09:25:34,17.5
802,2022-10-21 09:30:34,17.5
803,2022-10-21 09:35:34,17.5
804,2022-10-21 09:40:34,17.5
805,2022-10-21 09:45:34,17.0
806,2022-10-21 09:50:34,17.0
807,2022-10-21 09:55:34,17.0
808,2022-10-21 10:00:34,17.0
809,2022-10-21 10:05:34,17.0
810,2022-10-21 10:10:34,17.0
811,2022-10-21 10:15:34,17.5
812,2022-10-21 10:20:34,17.5
813,2022-10-21 10:25:34,17.5
814,2022-10-21 10:30:34,17.5
815,2022-10-21 10:35:34,17.5
816,2022-10-21 10:40:34,17.5
817,2022-10-21 10:45:34,17.5
818,2022-10-21 10:50:34,17.5
819,2022-10-21 10:55:34,17.5
820,2022-10-21 11:00:34,17.5
821,2022-10-21 11:05:34,17.5
822,2022-10-21 11:10:34,17.5
823,2022-10-21 11:15:34,17.5
824,2022-10-21 11:20:34,17.5
825,2022-10-21 11:25:34,17.5
826,2022-10-21 11:30:34,17.5
827,2022-10-21 11:35:34,17.5
828,2022-10-21 11:40:34,17.5
829,2022-10-21 11:45:34,18.0
830,2022-10-21 11:50:34,18.0
831,2022-10-21 11:55:34,18.0
832,2022-10-21 12:00:34,18.0
833,2022-10-21 12:05:34,18.0
834,2022-10-21 12:10:34,17.5
835,2022-10-21 12:15:34,18.0
836,2022-10-21 12:20:34,17.5
837,2022-10-21 12:25:34,17.5
838,2022-10-21 12:30:34,17.5
839,2022-10-21 12:35:34,18.0
840,2022-10-21 12:40:34,18.0
841,2022-10-21 12:45:34,18.0
842,2022-10-21 12:50:34,18.0
843,2022-10-21 12:55:34,18.0
844,2022-10-21 13:00:34,18.0
845,2022-10-21 13:05:34,18.0
846,2022-10-21 13:10:34,18.0
847,2022-10-21 13:15:34,18.0
848,2022-10-21 13:20:34,18.0
849,2022-10-21 13:25:34,18.0
850,2022-10-21 13:30:34,18.0
851,2022-10-21 13:35:34,18.0
852,2022-10-21 13:40:34,18.0
853,2022-10-21 13:45:34,18.0
854,2022-10-21 13:50:34,18.0
855,2022-10-21 13:55:34,18.0
856,2022-10-21 14:00:34,18.0
857,2022-10-21 14:05:34,18.0
858,2022-10-21 14:10:34,18.0
859,2022-10-21 14:15:34,18.0
860,2022-10-21 14:20:34,18.5
861,2022-10-21 14:25:34,18.5
862,2022-10-21 14:30:34,18.5
863,2022-10-21 14:35:34,18.5
864,2022-10-21 14:40:34,18.5
865,2022-10-21 14:45:34,18.5
866,2022-10-21 14:50:34,18.5
867,2022-10-21 14:55:34,18.5
868,2022-10-21 15:00:34,18.5
869,2022-10-21 15:05:34,18.5
870,2022-10-21 15:10:34,18.5
871,2022-10-21 15:15:34,18.5
872,2022-10-21 15:20:34,18.5
873,2022-10-21 15:25:34,18.5
874,2022-10-21 15:30:34,18.5
875,2022-10-21 15:35:34,18.5
876,2022-10-21 15:40:34,18.5
877,2022-10-21 15:45:34,18.5
878,2022-10-21 15:50:34,18.5
879,2022-10-21 15:55:34,18.5
880,2022-10-21 16:00:34,18.5
881,2022-10-21 16:05:34,18.0
882,2022-10-21 16:10:34,18.0
883,2022-10-21 16:15:34,18.0
884,2022-10-21 16:20:34,18.0
885,2022-10-21 16:25:34,18.0
886,2022-10-21 16:30:34,18.0
887,2022-10-21 16:35:34,18.0
888,2022-10-21 16:40:34,18.0
889,2022-10-21 16:45:34,18.0
890,2022-10-21 16:50:34,18.0
891,2022-10-21 16:55:34,18.0
892,2022-10-21 17:00:34,18.0
893,2022-10-21 17:05:34,18.0
894,2022-10-21 17:10:34,18.0
895,2022-10-21 17:15:34,18.0
896,2022-10-21 17:20:34,18.0
897,2022-10-21 17:25:34,18.0
898,2022-10-21 17:30:34,18.0
899,2022-10-21 17:35:34,18.0
900,2022-10-21 17:40:34,18.0
901,2022-10-21 17:45:34,18.0
902,2022-10-21 17:50:34,18.0
903,2022-10-21 17:55:34,18.0
904,2022-10-21 18:00:34,18.0
905,2022-10-21 18:05:34,18.0
906,2022-10-21 18:10:34,18.0
907,2022-10-21 18:15:34,18.5
908,2022-10-21 18:20:34,18.5
909,2022-10-21 18:25:34,18.0
910,2022-10-21 18:30:34,18.0
911,2022-10-21 18:35:34,18.0
912,2022-10-21 18:40:34,18.0
913,2022-10-21 18:45:34,18.0
914,2022-10-21 18:50:34,18.0
915,2022-10-21 18:55:34,18.0
916,2022-10-21 19:00:34,18.0
917,2022-10-21 19:05:34,18.0
918,2022-10-21 19:10:34,18.0
919,2022-10-21 19:15:34,18.0
920,2022-10-21 19:20:34,18.0
921,2022-10-21 19:25:34,18.0
922,2022-10-21 19:30:34,18.0
923,2022-10-21 19:35:34,18.0
924,2022-10-21 19:40:34,18.0
925,2022-10-21 19:45:34,18.0
926,2022-10-21 19:50:34,18.0
927,2022-10-21 19:55:34,18.0
928,2022-10-21 20:00:34,18.0
929,2022-10-21 20:05:34,18.0
930,2022-10-21 20:10:34,18.0
931,2022-10-21 20:15:34,18.0
932,2022-10-21 20:20:34,18.0
933,2022-10-21 20:25:34,18.0
934,2022-10-21 20:30:34,18.0
935,2022-10-21 20:35:34,18.0
936,2022-10-21 20:40:34,18.0
937,2022-10-21 20:45:34,18.0
938,2022-10-21 20:50:34,18.0
939,2022-10-21 20:55:34,18.0
940,2022-10-21 21:00:34,18.0
941,2022-10-21 21:05:34,18.0
942,2022-10-21 21:10:34,18.0
943,2022-10-21 21:15:34,18.0
944,2022-10-21 21:20:34,18.0
945,2022-10-21 21:25:34,18.0
946,2022-10-21 21:30:34,18.0
947,2022-10-21 21:35:34,18.0
948,2022-10-21 21:40:34,18.0
949,2022-10-21 21:45:34,18.0
950,2022-10-21 21:50:34,18.0
951,2022-10-21 21:55:34,18.0
952,2022-10-21 22:00:34,18.0
953,2022-10-21 22:05:34,18.0
954,2022-10-21 22:10:34,18.0
955,2022-10-21 22:15:34,18.0
956,2022-10-21 22:20:34,18.0
957,2022-10-21 22:25:34,18.0
958,2022-10-21 22:30:34,18.0
959,2022-10-21 22:35:34,18.0
960,2022-10-21 22:40:34,18.0
961,2022-10-21 22:45:34,18.0
962,2022-10-21 22:50:34,18.0
963,2022-10-21 22:55:34,18.0
964,2022-10-21 23:00:34,18.0
965,2022-10-21 23:05:34,18.0
966,2022-10-21 23:10:34,18.0
967,2022-10-21 23:15:34,18.0
968,2022-10-21 23:20:34,18.0
969,2022-10-21 23:25:34,18.0
970,2022-10-21 23:30:34,18.0
971,2022-10-21 23:35:34,18.0
972,2022-10-21 23:40:34,17.5
973,2022-10-21 23:45:34,17.5
974,2022-10-21 23:50:34,17.5
975,2022-10-21 23:55:34,17.5
976,2022-10-22 00:00:34,17.5
977,2022-10-22 00:05:34,17.5
978,2022-10-22 00:10:34,17.5
979,2022-10-22 00:15:34,17.5
980,2022-10-22 00:20:34,17.5
981,2022-10-22 00:25:34,17.5
982,2022-10-22 00:30:34,17.5
983,2022-10-22 00:35:34,17.5
984,2022-10-22 00:40:34,17.5
985,2022-10-22 00:45:34,17.5
986,2022-10-22 00:50:34,17.5
987,2022-10-22 00:55:34,17.5
988,2022-10-22 01:00:34,17.5
989,2022-10-22 01:05:34,17.5
990,2022-10-22 01:10:34,17.5
991,2022-10-22 01:15:34,17.5
992,2022-10-22 01:20:34,17.5
993,2022-10-22 01:25:34,17.5
994,2022-10-22 01:30:34,17.5
995,2022-10-22 01:35:34,17.5
996,2022-10-22 01:40:34,17.5
997,2022-10-22 01:45:34,17.5
998,2022-10-22 01:50:34,17.5
999,2022-10-22 01:55:34,17.5
1000,2022-10-22 02:00:34,17.5
1001,2022-10-22 02:05:34,17.5
1002,2022-10-22 02:10:34,17.5
1003,2022-10-22 02:15:34,17.5
1004,2022-10-22 02:20:34,17.5
1005,2022-10-22 02:25:34,17.5
1006,2022-10-22 02:30:34,17.5
1007,2022-10-22 02:35:34,17.5
1008,2022-10-22 02:40:34,17.5
1009,2022-10-22 02:45:34,17.5
1010,2022-10-22 02:50:34,17.5
1011,2022-10-22 02:55:34,17.5
1012,2022-10-22 03:00:34,17.5
1013,2022-10-22 03:05:34,17.5
1014,2022-10-22 03:10:34,17.5
1015,2022-10-22 03:15:34,17.5
1016,2022-10-22 03:20:34,17.5
1017,2022-10-22 03:25:34,17.5
1018,2022-10-22 03:30:34,17.5
1019,2022-10-22 03:35:34,17.5
1020,2022-10-22 03:40:34,17.5
1021,2022-10-22 03:45:34,17.5
1022,2022-10-22 03:50:34,17.5
1023,2022-10-22 03:55:34,17.5
1024,2022-10-22 04:00:34,17.5
1025,2022-10-22 04:05:34,17.5
1026,2022-10-22 04:10:34,17.5
1027,2022-10-22 04:15:34,17.5
1028,2022-10-22 04:20:34,17.5
1029,2022-10-22 04:25:34,17.5
1030,2022-10-22 04:30:34,17.5
1031,2022-10-22 04:35:34,17.0
1032,2022-10-22 04:40:34,17.0
1033,2022-10-22 04:45:34,17.0
1034,2022-10-22 04:50:34,17.0
1035,2022-10-22 04:55:34,17.0
1036,2022-10-22 05:00:34,17.0
1037,2022-10-22 05:05:34,17.0
1038,2022-10-22 05:10:34,17.0
1039,2022-10-22 05:15:34,17.0
1040,2022-10-22 05:20:34,17.0
1041,2022-10-22 05:25:34,17.0
1042,2022-10-22 05:30:34,17.0
1043,2022-10-22 05:35:34,17.0
1044,2022-10-22 05:40:34,17.0
1045,2022-10-22 05:45:34,17.0
1046,2022-10-22 05:50:34,17.0
1047,2022-10-22 05:55:34,17.0
1048,2022-10-22 06:00:34,17.0
1049,2022-10-22 06:05:34,17.0
1050,2022-10-22 06:10:34,17.0
1051,2022-10-22 06:15:34,17.0
1052,2022-10-22 06:20:34,17.0
1053,2022-10-22 06:25:34,17.0
1054,2022-10-22 06:30:34,17.0
1055,2022-10-22 06:35:34,17.0
1056,2022-10-22 06:40:34,17.0
1057,2022-10-22 06:45:34,17.0
1058,2022-10-22 06:50:34,17.0
1059,2022-10-22 06:55:34,17.0
1060,2022-10-22 07:00:34,17.0
1061,2022-10-22 07:05:34,17.0
1062,2022-10-22 07:10:34,17.0
1063,2022-10-22 07:15:34,17.0
1064,2022-10-22 07:20:34,17.0
1065,2022-10-22 07:25:34,17.0
1066,2022-10-22 07:30:34,17.0
1067,2022-10-22 07:35:34,17.0
1068,2022-10-22 07:40:34,17.0
1069,2022-10-22 07:45:34,17.0
1070,2022-10-22 07:50:34,17.0
1071,2022-10-22 07:55:34,17.0
1072,2022-10-22 08:00:34,17.0
1073,2022-10-22 08:05:34,17.0
1074,2022-10-22 08:10:34,17.0
1075,2022-10-22 08:15:34,17.0
1076,2022-10-22 08:20:34,17.0
1077,2022-10-22 08:25:34,17.0
1078,2022-10-22 08:30:34,17.0
1079,2022-10-22 08:35:34,17.0
1080,2022-10-22 08:40:34,17.0
1081,2022-10-22 08:45:34,17.0
1082,2022-10-22 08:50:34,17.0
1083,2022-10-22 08:55:34,17.0
1084,2022-10-22 09:00:34,17.0
1085,2022-10-22 09:05:34,17.0
1086,2022-10-22 09:10:34,17.0
1087,2022-10-22 09:15:34,17.0
1088,2022-10-22 09:20:34,17.0
1089,2022-10-22 09:25:34,17.5
1090,2022-10-22 09:30:34,17.5
1091,2022-10-22 09:35:34,17.5
1092,2022-10-22 09:40:34,17.5
1093,2022-10-22 09:45:34,17.5
1094,2022-10-22 09:50:34,17.5
1095,2022-10-22 09:55:34,18.0
1096,2022-10-22 10:00:34,17.5
1097,2022-10-22 10:05:34,18.0
1098,2022-10-22 10:10:34,17.5
1099,2022-10-22 10:15:34,17.5
1100,2022-10-22 10:20:34,17.5
1101,2022-10-22 10:25:34,17.5
1102,2022-10-22 10:30:34,17.5
1103,2022-10-22 10:35:34,17.5
1104,2022-10-22 10:40:34,17.5
1105,2022-10-22 10:45:34,17.5
1106,2022-10-22 10:50:34,17.5
1107,2022-10-22 10:55:34,17.5
1108,2022-10-22 11:00:34,17.5
1109,2022-10-22 11:05:34,17.5
1110,2022-10-22 11:10:34,17.5
1111,2022-10-22 11:15:34,17.5
1112,2022-10-22 11:20:34,17.5
1113,2022-10-22 11:25:34,17.5
1114,2022-10-22 11:30:34,17.5
1115,2022-10-22 11:35:34,17.5
1116,2022-10-22 11:40:34,17.5
1117,2022-10-22 11:45:34,17.5
1118,2022-10-22 11:50:34,17.5
1119,2022-10-22 11:55:34,17.5
1120,2022-10-22 12:00:34,17.5
1121,2022-10-22 12:05:34,17.5
1122,2022-10-22 12:10:34,17.5
1123,2022-10-22 12:15:34,17.5
1124,2022-10-22 12:20:34,17.5
1125,2022-10-22 12:25:34,17.5
1126,2022-10-22 12:30:34,17.5
1127,2022-10-22 12:35:34,17.5
1128,2022-10-22 12:40:34,17.5
1129,2022-10-22 12:45:34,17.5
1130,2022-10-22 12:50:34,17.5
1131,2022-10-22 12:55:34,17.5
1132,2022-10-22 13:00:34,17.5
1133,2022-10-22 13:05:34,17.5
1134,2022-10-22 13:10:34,17.5
1135,2022-10-22 13:15:34,17.5
1136,2022-10-22 13:20:34,17.5
1137,2022-10-22 13:25:34,17.5
1138,2022-10-22 13:30:34,17.5
1139,2022-10-22 13:35:34,17.5
1140,2022-10-22 13:40:34,17.5
1141,2022-10-22 13:45:34,17.5
1142,2022-10-22 13:50:34,17.5
1143,2022-10-22 13:55:34,17.5
1144,2022-10-22 14:00:34,17.5
1145,2022-10-22 14:05:34,17.5
1146,2022-10-22 14:10:34,17.5
1147,2022-10-22 14:15:34,17.5
1148,2022-10-22 14:20:34,17.5
1149,2022-10-22 14:25:34,17.5
1150,2022-10-22 14:30:34,17.5
1151,2022-10-22 14:35:34,17.5
1152,2022-10-22 14:40:34,17.5
1153,2022-10-22 14:45:34,17.5
1154,2022-10-22 14:50:34,17.5
1155,2022-10-22 14:55:34,17.5
1156,2022-10-22 15:00:34,17.5
1157,2022-10-22 15:05:34,17.5
1158,2022-10-22 15:10:34,17.5
1159,2022-10-22 15:15:34,17.5
1160,2022-10-22 15:20:34,17.5
1161,2022-10-22 15:25:34,17.5
1162,2022-10-22 15:30:34,17.5
1163,2022-10-22 15:35:34,17.5
1164,2022-10-22 15:40:34,17.5
1165,2022-10-22 15:45:34,17.5
1166,2022-10-22 15:50:34,17.5
1167,2022-10-22 15:55:34,17.5
1168,2022-10-22 16:00:34,17.5
1169,2022-10-22 16:05:34,17.5
1170,2022-10-22 16:10:34,17.5
1171,2022-10-22 16:15:34,17.5
1172,2022-10-22 16:20:34,17.5
1173,2022-10-22 16:25:34,17.5
1174,2022-10-22 16:30:34,17.5
1175,2022-10-22 16:35:34,17.5
1176,2022-10-22 16:40:34,17.5
1177,2022-10-22 16:45:34,17.5
1178,2022-10-22 16:50:34,17.5
1179,2022-10-22 16:55:34,17.5
1180,2022-10-22 17:00:34,17.5
1181,2022-10-22 17:05:34,17.5
1182,2022-10-22 17:10:34,17.5
1183,2022-10-22 17:15:34,17.5
1184,2022-10-22 17:20:34,17.5
1185,2022-10-22 17:25:34,17.5
1186,2022-10-22 17:30:34,17.5
1187,2022-10-22 17:35:34,17.5
1188,2022-10-22 17:40:34,17.5
1189,2022-10-22 17:45:34,17.5
1190,2022-10-22 17:50:34,17.5
1191,2022-10-22 17:55:34,17.5
1192,2022-10-22 18:00:34,17.5
1193,2022-10-22 18:05:34,17.5
1194,2022-10-22 18:10:34,17.5
1195,2022-10-22 18:15:34,17.5
1196,2022-10-22 18:20:34,17.5
1197,2022-10-22 18:25:34,17.5
1198,2022-10-22 18:30:34,17.5
1199,2022-10-22 18:35:34,17.5
1200,2022-10-22 18:40:34,17.5
1201,2022-10-22 18:45:34,17.5
1202,2022-10-22 18:50:34,17.5
1203,2022-10-22 18:55:34,17.5
1204,2022-10-22 19:00:34,17.5
1205,2022-10-22 19:05:34,17.5
1206,2022-10-22 19:10:34,17.5
1207,2022-10-22 19:15:34,17.5
1208,2022-10-22 19:20:34,17.5
1209,2022-10-22 19:25:34,17.5
1210,2022-10-22 19:30:34,17.5
1211,2022-10-22 19:35:34,17.5
1212,2022-10-22 19:40:34,17.5
1213,2022-10-22 19:45:34,17.5
1214,2022-10-22 19:50:34,17.5
1215,2022-10-22 19:55:34,17.5
1216,2022-10-22 20:00:34,17.5
1217,2022-10-22 20:05:34,17.5
1218,2022-10-22 20:10:34,17.5
1219,2022-10-22 20:15:34,17.5
1220,2022-10-22 20:20:34,17.5
1221,2022-10-22 20:25:34,17.5
1222,2022-10-22 20:30:34,17.5
1223,2022-10-22 20:35:34,17.5
1224,2022-10-22 20:40:34,17.5
1225,2022-10-22 20:45:34,17.5
1226,2022-10-22 20:50:34,17.5
1227,2022-10-22 20:55:34,17.5
1228,2022-10-22 21:00:34,17.5
1229,2022-10-22 21:05:34,17.5
1230,2022-10-22 21:10:34,17.5
1231,2022-10-22 21:15:34,17.5
1232,2022-10-22 21:20:34,17.5
1233,2022-10-22 21:25:34,17.5
1234,2022-10-22 21:30:34,17.5
1235,2022-10-22 21:35:34,17.5
1236,2022-10-22 21:40:34,17.5
1237,2022-10-22 21:45:34,17.5
1238,2022-10-22 21:50:34,17.5
1239,2022-10-22 21:55:34,17.5
1240,2022-10-22 22:00:34,17.5
1241,2022-10-22 22:05:34,17.5
1242,2022-10-22 22:10:34,17.5
1243,2022-10-22 22:15:34,17.5
1244,2022-10-22 22:20:34,17.5
1245,2022-10-22 22:25:34,17.5
1246,2022-10-22 22:30:34,17.5
1247,2022-10-22 22:35:34,17.5
1248,2022-10-22 22:40:34,17.5
1249,2022-10-22 22:45:34,17.5
1250,2022-10-22 22:50:34,17.5
1251,2022-10-22 22:55:34,17.5
1252,2022-10-22 23:00:34,17.5
1253,2022-10-22 23:05:34,17.5
1254,2022-10-22 23:10:34,17.5
1255,2022-10-22 23:15:34,17.5
1256,2022-10-22 23:20:34,17.5
1257,2022-10-22 23:25:34,17.5
1258,2022-10-22 23:30:34,17.5
1259,2022-10-22 23:35:34,17.5
1260,2022-10-22 23:40:34,17.5
1261,2022-10-22 23:45:34,17.5
1262,2022-10-22 23:50:34,17.5
1263,2022-10-22 23:55:34,17.5
1264,2022-10-23 00:00:34,17.5
1265,2022-10-23 00:05:34,17.5
1266,2022-10-23 00:10:34,17.5
1267,2022-10-23 00:15:34,17.5
1268,2022-10-23 00:20:34,17.5
1269,2022-10-23 00:25:34,17.5
1270,2022-10-23 00:30:34,17.5
1271,2022-10-23 00:35:34,17.5
1272,2022-10-23 00:40:34,17.5
1273,2022-10-23 00:45:34,17.5
1274,2022-10-23 00:50:34,17.5
1275,2022-10-23 00:55:34,17.5
1276,2022-10-23 01:00:34,17.5
1277,2022-10-23 01:05:34,17.0
1278,2022-10-23 01:10:34,17.0
1279,2022-10-23 01:15:34,17.0
1280,2022-10-23 01:20:34,17.0
1281,2022-10-23 01:25:34,17.0
1282,2022-10-23 01:30:34,17.0
1283,2022-10-23 01:35:34,17.0
1284,2022-10-23 01:40:34,17.0
1285,2022-10-23 01:45:34,17.0
1286,2022-10-23 01:50:34,17.0
1287,2022-10-23 01:55:34,17.0
1288,2022-10-23 02:00:34,17.0
1289,2022-10-23 02:05:34,17.0
1290,2022-10-23 02:10:34,17.0
1291,2022-10-23 02:15:34,17.0
1292,2022-10-23 02:20:34,17.0
1293,2022-10-23 02:25:34,17.0
1294,2022-10-23 02:30:34,17.0
1295,2022-10-23 02:35:34,17.0
1296,2022-10-23 02:40:34,17.0
1297,2022-10-23 02:45:34,17.0
1298,2022-10-23 02:50:34,17.0
1299,2022-10-23 02:55:34,17.0
1300,2022-10-23 03:00:34,17.0
1301,2022-10-23 03:05:34,17.0
1302,2022-10-23 03:10:34,17.0
1303,2022-10-23 03:15:34,17.0
1304,2022-10-23 03:20:34,17.0
1305,2022-10-23 03:25:34,17.0
1306,2022-10-23 03:30:34,17.0
1307,2022-10-23 03:35:34,17.0
1308,2022-10-23 03:40:34,17.0
1309,2022-10-23 03:45:34,17.0
1310,2022-10-23 03:50:34,17.0
1311,2022-10-23 03:55:34,17.0
1312,2022-10-23 04:00:34,17.0
1313,2022-10-23 04:05:34,17.0
1314,2022-10-23 04:10:34,17.0
1315,2022-10-23 04:15:34,17.0
1316,2022-10-23 04:20:34,17.0
1317,2022-10-23 04:25:34,17.0
1318,2022-10-23 04:30:34,17.0
1319,2022-10-23 04:35:34,17.0
1320,2022-10-23 04:40:34,17.0
1321,2022-10-23 04:45:34,17.0
1322,2022-10-23 04:50:34,17.0
1323,2022-10-23 04:55:34,17.0
1324,2022-10-23 05:00:34,17.0
1325,2022-10-23 05:05:34,17.0
1326,2022-10-23 05:10:34,17.0
1327,2022-10-23 05:15:34,17.0
1328,2022-10-23 05:20:34,17.0
1329,2022-10-23 05:25:34,17.0
1330,2022-10-23 05:30:34,17.0
1331,2022-10-23 05:35:34,17.0
1332,2022-10-23 05:40:34,17.0
1333,2022-10-23 05:45:34,17.0
1334,2022-10-23 05:50:34,17.0
1335,2022-10-23 05:55:34,17.0
1336,2022-10-23 06:00:34,17.0
1337,2022-10-23 06:05:34,17.0
1338,2022-10-23 06:10:34,17.0
1339,2022-10-23 06:15:34,17.0
1340,2022-10-23 06:20:34,17.0
1341,2022-10-23 06:25:34,17.0
1342,2022-10-23 06:30:34,17.0
1343,2022-10-23 06:35:34,17.0
1344,2022-10-23 06:40:34,17.0
1345,2022-10-23 06:45:34,17.0
1346,2022-10-23 06:50:34,17.0
1347,2022-10-23 06:55:34,17.0
1348,2022-10-23 07:00:34,17.0
1349,2022-10-23 07:05:34,17.0
1350,2022-10-23 07:10:34,17.0
1351,2022-10-23 07:15:34,17.0
1352,2022-10-23 07:20:34,17.0
1353,2022-10-23 07:25:34,17.0
1354,2022-10-23 07:30:34,17.0
1355,2022-10-23 07:35:34,17.0
1356,2022-10-23 07:40:34,17.0
1357,2022-10-23 07:45:34,17.0
1358,2022-10-23 07:50:34,17.0
1359,2022-10-23 07:55:34,17.0
1360,2022-10-23 08:00:34,17.0
1361,2022-10-23 08:05:34,17.0
1362,2022-10-23 08:10:34,17.0
1363,2022-10-23 08:15:34,17.0
1364,2022-10-23 08:20:34,17.0
1365,2022-10-23 08:25:34,17.0
1366,2022-10-23 08:30:34,17.0
1367,2022-10-23 08:35:34,17.0
1368,2022-10-23 08:40:34,17.0
1369,2022-10-23 08:45:34,17.0
1370,2022-10-23 08:50:34,17.0
1371,2022-10-23 08:55:34,17.0
1372,2022-10-23 09:00:34,17.0
1373,2022-10-23 09:05:34,17.0
1374,2022-10-23 09:10:34,17.0
1375,2022-10-23 09:15:34,17.0
1376,2022-10-23 09:20:34,17.0
1377,2022-10-23 09:25:34,17.0
1378,2022-10-23 09:30:34,17.0
1379,2022-10-23 09:35:34,17.5
1380,2022-10-23 09:40:34,17.5
1381,2022-10-23 09:45:34,17.5
1382,2022-10-23 09:50:34,17.5
1383,2022-10-23 09:55:34,17.5
1384,2022-10-23 10:00:34,17.5
1385,2022-10-23 10:05:34,17.5
1386,2022-10-23 10:10:34,17.5
1387,2022-10-23 10:15:34,17.5
1388,2022-10-23 10:20:34,17.5
1389,2022-10-23 10:25:34,17.5
1390,2022-10-23 10:30:34,17.5
1391,2022-10-23 10:35:34,17.5
1392,2022-10-23 10:40:34,17.5
1393,2022-10-23 10:45:34,17.5
1394,2022-10-23 10:50:34,17.5
1395,2022-10-23 10:55:34,17.5
1396,2022-10-23 11:00:34,17.5
1397,2022-10-23 11:05:34,17.5
1398,2022-10-23 11:10:34,17.5
1399,2022-10-23 11:15:34,17.5
1400,2022-10-23 11:20:34,17.5
1401,2022-10-23 11:25:34,17.5
1402,2022-10-23 11:30:34,17.5
1403,2022-10-23 11:35:34,17.5
1404,2022-10-23 11:40:34,17.5
1405,2022-10-23 11:45:34,17.5
1406,2022-10-23 11:50:34,17.5
1407,2022-10-23 11:55:34,17.5
1408,2022-10-23 12:00:34,17.5
1409,2022-10-23 12:05:34,17.5
1410,2022-10-23 12:10:34,17.5
1411,2022-10-23 12:15:34,17.5
1412,2022-10-23 12:20:34,17.5
1413,2022-10-23 12:25:34,17.5
1414,2022-10-23 12:30:34,17.5
1415,2022-10-23 12:35:34,17.5
1416,2022-10-23 12:40:34,17.5
1417,2022-10-23 12:45:34,17.5
1418,2022-10-23 12:50:34,17.5
1419,2022-10-23 12:55:34,17.5
1420,2022-10-23 13:00:34,17.5
1421,2022-10-23 13:05:34,17.5
1422,2022-10-23 13:10:34,17.5
1423,2022-10-23 13:15:34,17.5
1424,2022-10-23 13:20:34,17.5
1425,2022-10-23 13:25:34,17.5
1426,2022-10-23 13:30:34,17.5
1427,2022-10-23 13:35:34,17.5
1428,2022-10-23 13:40:34,17.5
1429,2022-10-23 13:45:34,17.5
1430,2022-10-23 13:50:34,17.5
1431,2022-10-23 13:55:34,17.5
1432,2022-10-23 14:00:34,17.5
1433,2022-10-23 14:05:34,17.5
1434,2022-10-23 14:10:34,17.5
1435,2022-10-23 14:15:34,17.5
1436,2022-10-23 14:20:34,17.5
1437,2022-10-23 14:25:34,17.5
1438,2022-10-23 14:30:34,17.5
1439,2022-10-23 14:35:34,17.5
1440,2022-10-23 14:40:34,17.5
1441,2022-10-23 14:45:34,17.5
1442,2022-10-23 14:50:34,17.5
1443,2022-10-23 14:55:34,17.5
1444,2022-10-23 15:00:34,17.5
1445,2022-10-23 15:05:34,17.5
1446,2022-10-23 15:10:34,17.5
1447,2022-10-23 15:15:34,17.5
1448,2022-10-23 15:20:34,17.5
1449,2022-10-23 15:25:34,17.5
1450,2022-10-23 15:30:34,17.5
1451,2022-10-23 15:35:34,17.5
1452,2022-10-23 15:40:34,17.5
1453,2022-10-23 15:45:34,17.5
1454,2022-10-23 15:50:34,17.5
1455,2022-10-23 15:55:34,17.5
1456,2022-10-23 16:00:34,17.5
1457,2022-10-23 16:05:34,17.5
1458,2022-10-23 16:10:34,17.5
1459,2022-10-23 16:15:34,17.5
1460,2022-10-23 16:20:34,17.5
1461,2022-10-23 16:25:34,17.5
1462,2022-10-23 16:30:34,17.5
1463,2022-10-23 16:35:34,17.5
1464,2022-10-23 16:40:34,17.5
1465,2022-10-23 16:45:34,17.5
1466,2022-10-23 16:50:34,17.5
1467,2022-10-23 16:55:34,17.5
1468,2022-10-23 17:00:34,17.5
1469,2022-10-23 17:05:34,17.5
1470,2022-10-23 17:10:34,17.5
1471,2022-10-23 17:15:34,17.5
1472,2022-10-23 17:20:34,17.5
1473,2022-10-23 17:25:34,17.5
1474,2022-10-23 17:30:34,17.5
1475,2022-10-23 17:35:34,17.5
1476,2022-10-23 17:40:34,17.5
1477,2022-10-23 17:45:34,17.5
1478,2022-10-23 17:50:34,17.5
1479,2022-10-23 17:55:34,17.5
1480,2022-10-23 18:00:34,17.5
1481,2022-10-23 18:05:34,17.5
1482,2022-10-23 18:10:34,17.5
1483,2022-10-23 18:15:34,17.5
1484,2022-10-23 18:20:34,17.5
1485,2022-10-23 18:25:34,17.5
1486,2022-10-23 18:30:34,17.5
1487,2022-10-23 18:35:34,17.5
1488,2022-10-23 18:40:34,17.5
1489,2022-10-23 18:45:34,17.5
1490,2022-10-23 18:50:34,17.5
1491,2022-10-23 18:55:34,17.5
1492,2022-10-23 19:00:34,17.5
1493,2022-10-23 19:05:34,17.5
1494,2022-10-23 19:10:34,17.5
1495,2022-10-23 19:15:34,17.5
1496,2022-10-23 19:20:34,17.5
1497,2022-10-23 19:25:34,17.5
1498,2022-10-23 19:30:34,17.5
1499,2022-10-23 19:35:34,17.5
1500,2022-10-23 19:40:34,17.5
1501,2022-10-23 19:45:34,17.5
1502,2022-10-23 19:50:34,17.5
1503,2022-10-23 19:55:34,17.5
1504,2022-10-23 20:00:34,17.5
1505,2022-10-23 20:05:34,17.5
1506,2022-10-23 20:10:34,17.5
1507,2022-10-23 20:15:34,17.5
1508,2022-10-23 20:20:34,17.5
1509,2022-10-23 20:25:34,17.5
1510,2022-10-23 20:30:34,17.5
1511,2022-10-23 20:35:34,17.5
1512,2022-10-23 20:40:34,17.5
1513,2022-10-23 20:45:34,17.5
1514,2022-10-23 20:50:34,17.5
1515,2022-10-23 20:55:34,17.5
1516,2022-10-23 21:00:34,17.5
1517,2022-10-23 21:05:34,17.5
1518,2022-10-23 21:10:34,17.5
1519,2022-10-23 21:15:34,17.5
1520,2022-10-23 21:20:34,17.5
1521,2022-10-23 21:25:34,17.5
1522,2022-10-23 21:30:34,17.5
1523,2022-10-23 21:35:34,17.5
1524,2022-10-23 21:40:34,17.5
1525,2022-10-23 21:45:34,17.5
1526,2022-10-23 21:50:34,17.5
1527,2022-10-23 21:55:34,17.5
1528,2022-10-23 22:00:34,17.5
1529,2022-10-23 22:05:34,17.5
1530,2022-10-23 22:10:34,17.5
1531,2022-10-23 22:15:34,17.5
1532,2022-10-23 22:20:34,17.5
1533,2022-10-23 22:25:34,17.5
1534,2022-10-23 22:30:34,17.5
1535,2022-10-23 22:35:34,17.5
1536,2022-10-23 22:40:34,17.5
1537,2022-10-23 22:45:34,17.5
1538,2022-10-23 22:50:34,17.5
1539,2022-10-23 22:55:34,17.5
1540,2022-10-23 23:00:34,17.5
1541,2022-10-23 23:05:34,17.5
1542,2022-10-23 23:10:34,17.5
1543,2022-10-23 23:15:34,17.5
1544,2022-10-23 23:20:34,17.5
1545,2022-10-23 23:25:34,17.5
1546,2022-10-23 23:30:34,17.5
1547,2022-10-23 23:35:34,17.5
1548,2022-10-23 23:40:34,17.5
1549,2022-10-23 23:45:34,17.5
1550,2022-10-23 23:50:34,17.5
1551,2022-10-23 23:55:34,17.5
1552,2022-10-24 00:00:34,17.5
1553,2022-10-24 00:05:34,17.5
1554,2022-10-24 00:10:34,17.5
1555,2022-10-24 00:15:34,17.5
1556,2022-10-24 00:20:34,17.5
1557,2022-10-24 00:25:34,17.5
1558,2022-10-24 00:30:34,17.5
1559,2022-10-24 00:35:34,17.5
1560,2022-10-24 00:40:34,17.5
1561,2022-10-24 00:45:34,17.5
1562,2022-10-24 00:50:34,17.5
1563,2022-10-24 00:55:34,17.5
1564,2022-10-24 01:00:34,17.5
1565,2022-10-24 01:05:34,17.5
1566,2022-10-24 01:10:34,17.0
1567,2022-10-24 01:15:34,17.0
1568,2022-10-24 01:20:34,17.0
1569,2022-10-24 01:25:34,17.0
1570,2022-10-24 01:30:34,17.0
1571,2022-10-24 01:35:34,17.0
1572,2022-10-24 01:40:34,17.0
1573,2022-10-24 01:45:34,17.0
1574,2022-10-24 01:50:34,17.0
1575,2022-10-24 01:55:34,17.0
1576,2022-10-24 02:00:34,17.0
1577,2022-10-24 02:05:34,17.0
1578,2022-10-24 02:10:34,17.0
1579,2022-10-24 02:15:34,17.0
1580,2022-10-24 02:20:34,17.0
1581,2022-10-24 02:25:34,17.0
1582,2022-10-24 02:30:34,17.0
1583,2022-10-24 02:35:34,17.0
1584,2022-10-24 02:40:34,17.0
1585,2022-10-24 02:45:34,17.0
1586,2022-10-24 02:50:34,17.0
1587,2022-10-24 02:55:34,17.0
1588,2022-10-24 03:00:34,17.0
1589,2022-10-24 03:05:34,17.0
1590,2022-10-24 03:10:34,17.0
1591,2022-10-24 03:15:34,17.0
1592,2022-10-24 03:20:34,17.0
1593,2022-10-24 03:25:34,17.0
1594,2022-10-24 03:30:34,17.0
1595,2022-10-24 03:35:34,17.0
1596,2022-10-24 03:40:34,17.0
1597,2022-10-24 03:45:34,17.0
1598,2022-10-24 03:50:34,17.0
1599,2022-10-24 03:55:34,17.0
1600,2022-10-24 04:00:34,17.0
1601,2022-10-24 04:05:34,17.0
1602,2022-10-24 04:10:34,17.0
1603,2022-10-24 04:15:34,17.0
1604,2022-10-24 04:20:34,17.0
1605,2022-10-24 04:25:34,17.0
1606,2022-10-24 04:30:34,17.0
1607,2022-10-24 04:35:34,17.0
1608,2022-10-24 04:40:34,17.0
1609,2022-10-24 04:45:34,17.0
1610,2022-10-24 04:50:34,17.0
1611,2022-10-24 04:55:34,17.0
1612,2022-10-24 05:00:34,17.0
1613,2022-10-24 05:05:34,17.0
1614,2022-10-24 05:10:34,17.0
1615,2022-10-24 05:15:34,17.0
1616,2022-10-24 05:20:34,17.0
1617,2022-10-24 05:25:34,17.0
1618,2022-10-24 05:30:34,17.0
1619,2022-10-24 05:35:34,17.0
1620,2022-10-24 05:40:34,17.0
1621,2022-10-24 05:45:34,17.0
1622,2022-10-24 05:50:34,17.0
1623,2022-10-24 05:55:34,17.0
1624,2022-10-24 06:00:34,17.0
1625,2022-10-24 06:05:34,17.0
1626,2022-10-24 06:10:34,17.0
1627,2022-10-24 06:15:34,17.0
1628,2022-10-24 06:20:34,17.0
1629,2022-10-24 06:25:34,17.0
1630,2022-10-24 06:30:34,17.0
1631,2022-10-24 06:35:34,17.0
1632,2022-10-24 06:40:34,17.0
1633,2022-10-24 06:45:34,17.0
1634,2022-10-24 06:50:34,17.0
1635,2022-10-24 06:55:34,17.0
1636,2022-10-24 07:00:34,17.0
1637,2022-10-24 07:05:34,17.0
1638,2022-10-24 07:10:34,17.0
1639,2022-10-24 07:15:34,17.0
1640,2022-10-24 07:20:34,17.0
1641,2022-10-24 07:25:34,17.0
1642,2022-10-24 07:30:34,17.0
1643,2022-10-24 07:35:34,17.0
1644,2022-10-24 07:40:34,17.0
1645,2022-10-24 07:45:34,17.0
1646,2022-10-24 07:50:34,17.0
1647,2022-10-24 07:55:34,17.0
1648,2022-10-24 08:00:34,17.0
1649,2022-10-24 08:05:34,17.0
1650,2022-10-24 08:10:34,17.0
1651,2022-10-24 08:15:34,17.0
1652,2022-10-24 08:20:34,17.0
1653,2022-10-24 08:25:34,17.5
1654,2022-10-24 08:30:34,17.5
1655,2022-10-24 08:35:34,17.5
1656,2022-10-24 08:40:34,17.5
1657,2022-10-24 08:45:34,17.5
1658,2022-10-24 08:50:34,17.5
1659,2022-10-24 08:55:34,17.5
1660,2022-10-24 09:00:34,17.5
1661,2022-10-24 09:05:34,17.5
1662,2022-10-24 09:10:34,17.5
1663,2022-10-24 09:15:34,17.5
1664,2022-10-24 09:20:34,17.5
1665,2022-10-24 09:25:34,17.5
1666,2022-10-24 09:30:34,17.5
1667,2022-10-24 09:35:34,17.5
1668,2022-10-24 09:40:34,17.5
1669,2022-10-24 09:45:34,17.5
1670,2022-10-24 09:50:34,17.5
1671,2022-10-24 09:55:34,18.0
1672,2022-10-24 10:00:34,18.0
1673,2022-10-24 10:05:34,18.0
1674,2022-10-24 10:10:34,18.0
1675,2022-10-24 10:15:34,18.5
1676,2022-10-24 10:20:34,19.0
1677,2022-10-24 10:25:34,19.0
1678,2022-10-24 10:30:34,20.0
1679,2022-10-24 10:35:34,19.5
1680,2022-10-24 10:40:34,19.0
1681,2022-10-24 10:45:34,19.0
1682,2022-10-24 10:50:34,18.5
1683,2022-10-24 10:55:34,18.5
1684,2022-10-24 11:00:34,18.0
1685,2022-10-24 11:05:34,18.0
1686,2022-10-24 11:10:34,18.0
1687,2022-10-24 11:15:34,18.0
1688,2022-10-24 11:20:34,18.0
1689,2022-10-24 11:25:34,18.0
1690,2022-10-24 11:30:34,18.0
1691,2022-10-24 11:35:34,18.0
1692,2022-10-24 11:40:34,18.0
1693,2022-10-24 11:45:34,18.0
1694,2022-10-24 11:50:34,18.0
1695,2022-10-24 11:55:34,18.0
1696,2022-10-24 12:00:34,18.0
1697,2022-10-24 12:05:34,18.0
1698,2022-10-24 12:10:34,18.0
1699,2022-10-24 12:15:34,18.0
1700,2022-10-24 12:20:34,18.0
1701,2022-10-24 12:25:34,18.0
1702,2022-10-24 12:30:34,18.0
1703,2022-10-24 12:35:34,18.0
1704,2022-10-24 12:40:34,18.0
1705,2022-10-24 12:45:34,18.0
1706,2022-10-24 12:50:34,18.0
1707,2022-10-24 12:55:34,18.0
1708,2022-10-24 13:00:34,18.0
1709,2022-10-24 13:05:34,18.0
1710,2022-10-24 13:10:34,18.0
1711,2022-10-24 13:15:34,18.0
1712,2022-10-24 13:20:34,18.0
1713,2022-10-24 13:25:34,18.0
1714,2022-10-24 13:30:34,18.0
1715,2022-10-24 13:35:34,18.0
1716,2022-10-24 13:40:34,18.0
1717,2022-10-24 13:45:34,18.0
1718,2022-10-24 13:50:34,18.0
1719,2022-10-24 13:55:34,18.0
1720,2022-10-24 14:00:34,18.0
1721,2022-10-24 14:05:34,18.0
1722,2022-10-24 14:10:34,18.0
1723,2022-10-24 14:15:34,18.0
1724,2022-10-24 14:20:34,18.0
1725,2022-10-24 14:25:34,18.0
1726,2022-10-24 14:30:34,18.0
1727,2022-10-24 14:35:34,18.0
1728,2022-10-24 14:40:34,18.0
1729,2022-10-24 14:45:34,18.0
1730,2022-10-24 14:50:34,18.0
1731,2022-10-24 14:55:34,18.0
1732,2022-10-24 15:00:34,18.0
1733,2022-10-24 15:05:34,18.0
1734,2022-10-24 15:10:34,18.0
1735,2022-10-24 15:15:34,18.0
1736,2022-10-24 15:20:34,18.0
1737,2022-10-24 15:25:34,18.0
1738,2022-10-24 15:30:34,18.0
1739,2022-10-24 15:35:34,18.0
1740,2022-10-24 15:40:34,18.0
1741,2022-10-24 15:45:34,18.0
1742,2022-10-24 15:50:34,18.0
1743,2022-10-24 15:55:34,18.0
1744,2022-10-24 16:00:34,18.0
1745,2022-10-24 16:05:34,18.0
1746,2022-10-24 16:10:34,18.0
1747,2022-10-24 16:15:34,18.0
1748,2022-10-24 16:20:34,18.0
1749,2022-10-24 16:25:34,18.0
1750,2022-10-24 16:30:34,18.0
1751,2022-10-24 16:35:34,18.0
1752,2022-10-24 16:40:34,18.0
1753,2022-10-24 16:45:34,18.0
1754,2022-10-24 16:50:34,18.0
1755,2022-10-24 16:55:34,18.0
1756,2022-10-24 17:00:34,18.0
1757,2022-10-24 17:05:34,18.0
1758,2022-10-24 17:10:34,18.0
1759,2022-10-24 17:15:34,18.0
1760,2022-10-24 17:20:34,18.0
1761,2022-10-24 17:25:34,18.0
1762,2022-10-24 17:30:34,18.0
1763,2022-10-24 17:35:34,18.0
1764,2022-10-24 17:40:34,18.0
1765,2022-10-24 17:45:34,18.0
1766,2022-10-24 17:50:34,18.0
1767,2022-10-24 17:55:34,18.0
1768,2022-10-24 18:00:34,18.0
1769,2022-10-24 18:05:34,18.0
1770,2022-10-24 18:10:34,18.0
1771,2022-10-24 18:15:34,18.0
1772,2022-10-24 18:20:34,18.0
1773,2022-10-24 18:25:34,18.0
1774,2022-10-24 18:30:34,18.0
1775,2022-10-24 18:35:34,18.0
1776,2022-10-24 18:40:34,18.0
1777,2022-10-24 18:45:34,18.0
1778,2022-10-24 18:50:34,18.0
1779,2022-10-24 18:55:34,18.0
1780,2022-10-24 19:00:34,18.0
1781,2022-10-24 19:05:34,18.0
1782,2022-10-24 19:10:34,18.0
1783,2022-10-24 19:15:34,18.0
1784,2022-10-24 19:20:34,18.0
1785,2022-10-24 19:25:34,18.0
1786,2022-10-24 19:30:34,18.0
1787,2022-10-24 19:35:34,18.0
1788,2022-10-24 19:40:34,18.0
1789,2022-10-24 19:45:34,18.0
1790,2022-10-24 19:50:34,18.0
1791,2022-10-24 19:55:34,18.0
1792,2022-10-24 20:00:34,18.0
1793,2022-10-24 20:05:34,18.0
1794,2022-10-24 20:10:34,18.0
1795,2022-10-24 20:15:34,18.0
1796,2022-10-24 20:20:34,18.0
1797,2022-10-24 20:25:34,18.0
1798,2022-10-24 20:30:34,18.0
1799,2022-10-24 20:35:34,18.0
1800,2022-10-24 20:40:34,18.0
1801,2022-10-24 20:45:34,18.0
1802,2022-10-24 20:50:34,18.0
1803,2022-10-24 20:55:34,18.0
1804,2022-10-24 21:00:34,18.0
1805,2022-10-24 21:05:34,18.0
1806,2022-10-24 21:10:34,18.0
1807,2022-10-24 21:15:34,18.0
1808,2022-10-24 21:20:34,18.0
1809,2022-10-24 21:25:34,18.0
1810,2022-10-24 21:30:34,18.0
1811,2022-10-24 21:35:34,18.0
1812,2022-10-24 21:40:34,18.0
1813,2022-10-24 21:45:34,18.0
1814,2022-10-24 21:50:34,18.0
1815,2022-10-24 21:55:34,18.0
1816,2022-10-24 22:00:34,18.0
1817,2022-10-24 22:05:34,18.0
1818,2022-10-24 22:10:34,18.0
1819,2022-10-24 22:15:34,18.0
1820,2022-10-24 22:20:34,18.0
1821,2022-10-24 22:25:34,18.0
1822,2022-10-24 22:30:34,17.5
1823,2022-10-24 22:35:34,17.5
1824,2022-10-24 22:40:34,17.5
1825,2022-10-24 22:45:34,17.5
1826,2022-10-24 22:50:34,17.5
1827,2022-10-24 22:55:34,17.5
1828,2022-10-24 23:00:34,17.5
1829,2022-10-24 23:05:34,17.5
1830,2022-10-24 23:10:34,17.5
1831,2022-10-24 23:15:34,17.5
1832,2022-10-24 23:20:34,17.5
1833,2022-10-24 23:25:34,17.5
1834,2022-10-24 23:30:34,17.5
1835,2022-10-24 23:35:34,17.5
1836,2022-10-24 23:40:34,17.5
1837,2022-10-24 23:45:34,17.5
1838,2022-10-24 23:50:34,17.5
1839,2022-10-24 23:55:34,17.5
1840,2022-10-25 00:00:34,17.5
1841,2022-10-25 00:05:34,17.5
1842,2022-10-25 00:10:34,17.5
1843,2022-10-25 00:15:34,17.5
1844,2022-10-25 00:20:34,17.5
1845,2022-10-25 00:25:34,17.5
1846,2022-10-25 00:30:34,17.5
1847,2022-10-25 00:35:34,17.5
1848,2022-10-25 00:40:34,17.5
1849,2022-10-25 00:45:34,17.5
1850,2022-10-25 00:50:34,17.5
1851,2022-10-25 00:55:34,17.5
1852,2022-10-25 01:00:34,17.5
1853,2022-10-25 01:05:34,17.5
1854,2022-10-25 01:10:34,17.5
1855,2022-10-25 01:15:34,17.5
1856,2022-10-25 01:20:34,17.5
1857,2022-10-25 01:25:34,17.5
1858,2022-10-25 01:30:34,17.5
1859,2022-10-25 01:35:34,17.5
1860,2022-10-25 01:40:34,17.5
1861,2022-10-25 01:45:34,17.5
1862,2022-10-25 01:50:34,17.5
1863,2022-10-25 01:55:34,17.5
1864,2022-10-25 02:00:34,17.5
1865,2022-10-25 02:05:34,17.5
1866,2022-10-25 02:10:34,17.5
1867,2022-10-25 02:15:34,17.5
1868,2022-10-25 02:20:34,17.5
1869,2022-10-25 02:25:34,17.5
1870,2022-10-25 02:30:34,17.5
1871,2022-10-25 02:35:34,17.5
1872,2022-10-25 02:40:34,17.5
1873,2022-10-25 02:45:34,17.5
1874,2022-10-25 02:50:34,17.5
1875,2022-10-25 02:55:34,17.5
1876,2022-10-25 03:00:34,17.5
1877,2022-10-25 03:05:34,17.5
1878,2022-10-25 03:10:34,17.5
1879,2022-10-25 03:15:34,17.5
1880,2022-10-25 03:20:34,17.5
1881,2022-10-25 03:25:34,17.5
1882,2022-10-25 03:30:34,17.5
1883,2022-10-25 03:35:34,17.0
1884,2022-10-25 03:40:34,17.5
1885,2022-10-25 03:45:34,17.0
1886,2022-10-25 03:50:34,17.0
1887,2022-10-25 03:55:34,17.0
1888,2022-10-25 04:00:34,17.0
1889,2022-10-25 04:05:34,17.0
1890,2022-10-25 04:10:34,17.0
1891,2022-10-25 04:15:34,17.0
1892,2022-10-25 04:20:34,17.0
1893,2022-10-25 04:25:34,17.0
1894,2022-10-25 04:30:34,17.0
1895,2022-10-25 04:35:34,17.0
1896,2022-10-25 04:40:34,17.0
1897,2022-10-25 04:45:34,17.0
1898,2022-10-25 04:50:34,17.0
1899,2022-10-25 04:55:34,17.0
1900,2022-10-25 05:00:34,17.0
1901,2022-10-25 05:05:34,17.0
1902,2022-10-25 05:10:34,17.0
1903,2022-10-25 05:15:34,17.0
1904,2022-10-25 05:20:34,17.0
1905,2022-10-25 05:25:34,17.0
1906,2022-10-25 05:30:34,17.0
1907,2022-10-25 05:35:34,17.0
1908,2022-10-25 05:40:34,17.0
1909,2022-10-25 05:45:34,17.0
1910,2022-10-25 05:50:34,17.0
1911,2022-10-25 05:55:34,17.0
1912,2022-10-25 06:00:34,17.0
1913,2022-10-25 06:05:34,17.0
1914,2022-10-25 06:10:34,17.0
1915,2022-10-25 06:15:34,17.0
1916,2022-10-25 06:20:34,17.0
1917,2022-10-25 06:25:34,17.0
1918,2022-10-25 06:30:34,17.0
1919,2022-10-25 06:35:34,17.0
1920,2022-10-25 06:40:34,17.0
1921,2022-10-25 06:45:34,17.0
1922,2022-10-25 06:50:34,17.0
1923,2022-10-25 06:55:34,17.0
1924,2022-10-25 07:00:34,17.0
1925,2022-10-25 07:05:34,17.0
1926,2022-10-25 07:10:34,17.0
1927,2022-10-25 07:15:34,17.0
1928,2022-10-25 07:20:34,17.0
1929,2022-10-25 07:25:34,17.0
1930,2022-10-25 07:30:34,17.0
1931,2022-10-25 07:35:34,17.0
1932,2022-10-25 07:40:34,17.0
1933,2022-10-25 07:45:34,17.5
1934,2022-10-25 07:50:34,17.5
1935,2022-10-25 07:55:34,17.5
1936,2022-10-25 08:00:34,17.5
1937,2022-10-25 08:05:34,17.5
1938,2022-10-25 08:10:34,18.0
1939,2022-10-25 08:15:34,18.0
1940,2022-10-25 08:20:34,18.0
1941,2022-10-25 08:25:34,18.0
1942,2022-10-25 08:30:34,18.0
1943,2022-10-25 08:35:34,18.0
1944,2022-10-25 08:40:34,18.0
1945,2022-10-25 08:45:34,18.0
1946,2022-10-25 08:50:34,17.5
1947,2022-10-25 08:55:34,17.5
1948,2022-10-25 09:00:34,17.5
1949,2022-10-25 09:05:34,17.5
1950,2022-10-25 09:10:34,17.5
1951,2022-10-25 09:15:34,17.5
1952,2022-10-25 09:20:34,17.5
1953,2022-10-25 09:25:34,17.5
1954,2022-10-25 09:30:34,18.0
1955,2022-10-25 09:35:34,18.0
1956,2022-10-25 09:40:34,18.0
1957,2022-10-25 09:45:34,18.0
1958,2022-10-25 09:50:34,18.0
1959,2022-10-25 09:55:34,18.0
1960,2022-10-25 10:00:34,18.0
1961,2022-10-25 10:05:34,18.0
1962,2022-10-25 10:10:34,18.0
1963,2022-10-25 10:15:34,18.0
1964,2022-10-25 10:20:34,18.0
1965,2022-10-25 10:25:34,18.0
1966,2022-10-25 10:30:34,19.0
1967,2022-10-25 10:35:34,19.0
1968,2022-10-25 10:40:34,19.0
1969,2022-10-25 10:45:34,18.5
1970,2022-10-25 10:50:34,18.5
1971,2022-10-25 10:55:34,18.0
1972,2022-10-25 11:00:34,18.0
1973,2022-10-25 11:05:34,18.0
1974,2022-10-25 11:10:34,18.0
1975,2022-10-25 11:15:34,18.0
1976,2022-10-25 11:20:34,18.0
1977,2022-10-25 11:25:34,18.0
1978,2022-10-25 11:30:34,18.0
1979,2022-10-25 11:35:34,18.0
1980,2022-10-25 11:40:34,18.0
1981,2022-10-25 11:45:34,18.0
1982,2022-10-25 11:50:34,18.0
1983,2022-10-25 11:55:34,18.0
1984,2022-10-25 12:00:34,18.0
1985,2022-10-25 12:05:34,18.0
1986,2022-10-25 12:10:34,18.0
1987,2022-10-25 12:15:34,18.0
1988,2022-10-25 12:20:34,18.0
1989,2022-10-25 12:25:34,18.0
1990,2022-10-25 12:30:34,18.0
1991,2022-10-25 12:35:34,18.0
1992,2022-10-25 12:40:34,18.0
1993,2022-10-25 12:45:34,18.0
1994,2022-10-25 12:50:34,18.0
1995,2022-10-25 12:55:34,18.0
1996,2022-10-25 13:00:34,18.0
1997,2022-10-25 13:05:34,18.0
1998,2022-10-25 13:10:34,18.0
1999,2022-10-25 13:15:34,18.0
2000,2022-10-25 13:20:34,18.0
2001,2022-10-25 13:25:34,18.5
