sc_studio,Time,Celsius(°C),Humidity(%rh),Dew Point(°C),Serial Number
1,2022-10-18 14:50:43,17.5,62.5,10.3,010031881
2,2022-10-18 14:55:43,18.5,59.5,10.5
3,2022-10-18 15:00:43,18.5,59.0,10.3
4,2022-10-18 15:05:43,18.0,60.0,10.1
5,2022-10-18 15:10:43,18.5,71.0,13.1
6,2022-10-18 15:15:43,20.5,72.0,15.3
7,2022-10-18 15:20:43,21.0,61.0,13.2
8,2022-10-18 15:25:43,20.0,63.0,12.7
9,2022-10-18 15:30:43,19.5,64.5,12.6
10,2022-10-18 15:35:43,19.0,65.5,12.4
11,2022-10-18 15:40:43,19.0,66.0,12.5
12,2022-10-18 15:45:43,18.5,66.5,12.1
13,2022-10-18 15:50:43,18.5,66.5,12.1
14,2022-10-18 15:55:43,18.5,66.5,12.1
15,2022-10-18 16:00:43,18.5,67.0,12.3
16,2022-10-18 16:05:43,18.5,67.0,12.3
17,2022-10-18 16:10:43,18.0,67.0,11.8
18,2022-10-18 16:15:43,18.0,67.0,11.8
19,2022-10-18 16:20:43,18.0,67.5,11.9
20,2022-10-18 16:25:43,18.0,67.5,11.9
21,2022-10-18 16:30:43,18.0,67.5,11.9
22,2022-10-18 16:35:43,18.0,67.5,11.9
23,2022-10-18 16:40:43,18.0,67.5,11.9
24,2022-10-18 16:45:43,18.0,67.5,11.9
25,2022-10-18 16:50:43,18.0,67.5,11.9
26,2022-10-18 16:55:43,18.0,67.5,11.9
27,2022-10-18 17:00:43,17.5,67.5,11.4
28,2022-10-18 17:05:43,17.5,67.5,11.4
29,2022-10-18 17:10:43,17.5,67.5,11.4
30,2022-10-18 17:15:43,17.5,67.0,11.3
31,2022-10-18 17:20:43,17.5,67.0,11.3
32,2022-10-18 17:25:43,17.5,67.0,11.3
33,2022-10-18 17:30:43,17.5,67.0,11.3
34,2022-10-18 17:35:43,17.5,67.0,11.3
35,2022-10-18 17:40:43,18.0,67.0,11.8
36,2022-10-18 17:45:43,18.0,66.5,11.7
37,2022-10-18 17:50:43,18.0,66.5,11.7
38,2022-10-18 17:55:43,18.5,66.5,12.1
39,2022-10-18 18:00:43,18.5,67.0,12.3
40,2022-10-18 18:05:43,18.5,67.0,12.3
41,2022-10-18 18:10:43,18.5,67.0,12.3
42,2022-10-18 18:15:43,18.5,66.5,12.1
43,2022-10-18 18:20:43,19.0,67.0,12.7
44,2022-10-18 18:25:43,19.0,67.0,12.7
45,2022-10-18 18:30:43,19.0,67.5,12.9
46,2022-10-18 18:35:43,19.0,68.0,13.0
47,2022-10-18 18:40:43,19.0,68.5,13.1
48,2022-10-18 18:45:43,19.0,68.0,13.0
49,2022-10-18 18:50:43,19.0,68.5,13.1
50,2022-10-18 18:55:43,19.0,69.0,13.2
51,2022-10-18 19:00:43,19.0,69.0,13.2
52,2022-10-18 19:05:43,19.0,69.0,13.2
53,2022-10-18 19:10:43,19.0,69.0,13.2
54,2022-10-18 19:15:43,19.0,69.5,13.3
55,2022-10-18 19:20:43,19.0,69.5,13.3
56,2022-10-18 19:25:43,19.0,70.0,13.4
57,2022-10-18 19:30:43,19.0,70.5,13.5
58,2022-10-18 19:35:43,19.0,70.5,13.5
59,2022-10-18 19:40:43,19.0,70.5,13.5
60,2022-10-18 19:45:43,19.5,70.5,14.0
61,2022-10-18 19:50:43,19.5,70.5,14.0
62,2022-10-18 19:55:43,19.5,70.5,14.0
63,2022-10-18 20:00:43,19.5,70.5,14.0
64,2022-10-18 20:05:43,19.5,70.5,14.0
65,2022-10-18 20:10:43,19.5,71.0,14.1
66,2022-10-18 20:15:43,19.5,71.0,14.1
67,2022-10-18 20:20:43,20.0,71.0,14.6
68,2022-10-18 20:25:43,20.0,71.5,14.7
69,2022-10-18 20:30:43,20.0,71.0,14.6
70,2022-10-18 20:35:43,20.0,71.5,14.7
71,2022-10-18 20:40:43,20.0,72.0,14.8
72,2022-10-18 20:45:43,19.5,71.5,14.2
73,2022-10-18 20:50:43,19.5,72.0,14.3
74,2022-10-18 20:55:43,19.5,72.0,14.3
75,2022-10-18 21:00:43,19.5,73.0,14.5
76,2022-10-18 21:05:43,19.5,73.0,14.5
77,2022-10-18 21:10:43,19.5,73.5,14.6
78,2022-10-18 21:15:43,19.5,73.5,14.6
79,2022-10-18 21:20:43,19.5,74.0,14.7
80,2022-10-18 21:25:43,19.5,74.0,14.7
81,2022-10-18 21:30:43,19.5,74.5,14.8
82,2022-10-18 21:35:43,19.5,74.5,14.8
83,2022-10-18 21:40:43,19.5,74.5,14.8
84,2022-10-18 21:45:43,19.5,74.5,14.8
85,2022-10-18 21:50:43,19.5,74.5,14.8
86,2022-10-18 21:55:43,19.5,74.0,14.7
87,2022-10-18 22:00:43,19.5,74.0,14.7
88,2022-10-18 22:05:43,19.5,74.0,14.7
89,2022-10-18 22:10:43,19.0,73.5,14.2
90,2022-10-18 22:15:43,19.0,73.5,14.2
91,2022-10-18 22:20:43,19.0,73.5,14.2
92,2022-10-18 22:25:43,19.0,73.0,14.1
93,2022-10-18 22:30:43,18.5,73.0,13.6
94,2022-10-18 22:35:43,18.5,73.0,13.6
95,2022-10-18 22:40:43,18.5,73.0,13.6
96,2022-10-18 22:45:43,18.5,72.5,13.5
97,2022-10-18 22:50:43,18.5,72.5,13.5
98,2022-10-18 22:55:43,18.5,72.5,13.5
99,2022-10-18 23:00:43,18.0,72.0,12.9
100,2022-10-18 23:05:43,18.0,72.0,12.9
101,2022-10-18 23:10:43,18.0,72.0,12.9
102,2022-10-18 23:15:43,18.0,72.0,12.9
103,2022-10-18 23:20:43,18.0,71.5,12.8
104,2022-10-18 23:25:43,18.0,71.5,12.8
105,2022-10-18 23:30:43,18.0,71.5,12.8
106,2022-10-18 23:35:43,18.0,71.5,12.8
107,2022-10-18 23:40:43,17.5,71.5,12.3
108,2022-10-18 23:45:43,17.5,71.5,12.3
109,2022-10-18 23:50:43,17.5,71.0,12.2
110,2022-10-18 23:55:43,17.5,71.0,12.2
111,2022-10-19 00:00:43,17.5,71.0,12.2
112,2022-10-19 00:05:43,17.5,71.0,12.2
113,2022-10-19 00:10:43,17.5,71.0,12.2
114,2022-10-19 00:15:43,17.5,71.0,12.2
115,2022-10-19 00:20:43,17.5,71.0,12.2
116,2022-10-19 00:25:43,17.5,71.0,12.2
117,2022-10-19 00:30:43,17.0,70.5,11.6
118,2022-10-19 00:35:43,17.0,70.5,11.6
119,2022-10-19 00:40:43,17.0,70.5,11.6
120,2022-10-19 00:45:43,17.0,70.5,11.6
121,2022-10-19 00:50:43,17.0,70.0,11.5
122,2022-10-19 00:55:43,17.0,70.0,11.5
123,2022-10-19 01:00:43,17.0,70.0,11.5
124,2022-10-19 01:05:43,17.0,70.0,11.5
125,2022-10-19 01:10:43,17.0,69.5,11.4
126,2022-10-19 01:15:43,17.0,69.5,11.4
127,2022-10-19 01:20:43,17.0,69.5,11.4
128,2022-10-19 01:25:43,16.5,69.5,10.9
129,2022-10-19 01:30:43,16.5,69.0,10.8
130,2022-10-19 01:35:43,16.5,69.0,10.8
131,2022-10-19 01:40:43,16.5,69.0,10.8
132,2022-10-19 01:45:43,16.5,69.0,10.8
133,2022-10-19 01:50:43,16.5,69.0,10.8
134,2022-10-19 01:55:43,16.5,69.0,10.8
135,2022-10-19 02:00:43,16.5,69.0,10.8
136,2022-10-19 02:05:43,16.5,68.5,10.7
137,2022-10-19 02:10:43,16.5,68.5,10.7
138,2022-10-19 02:15:43,16.5,68.5,10.7
139,2022-10-19 02:20:43,16.5,68.5,10.7
140,2022-10-19 02:25:43,16.5,68.5,10.7
141,2022-10-19 02:30:43,16.5,68.5,10.7
142,2022-10-19 02:35:43,16.0,68.5,10.2
143,2022-10-19 02:40:43,16.0,68.5,10.2
144,2022-10-19 02:45:43,16.0,68.5,10.2
145,2022-10-19 02:50:43,16.0,68.5,10.2
146,2022-10-19 02:55:43,16.0,68.5,10.2
147,2022-10-19 03:00:43,16.0,68.5,10.2
148,2022-10-19 03:05:43,16.0,68.5,10.2
149,2022-10-19 03:10:43,16.0,68.5,10.2
150,2022-10-19 03:15:43,16.0,68.5,10.2
151,2022-10-19 03:20:43,16.0,68.5,10.2
152,2022-10-19 03:25:43,16.0,68.5,10.2
153,2022-10-19 03:30:43,16.0,68.5,10.2
154,2022-10-19 03:35:43,16.0,68.5,10.2
155,2022-10-19 03:40:43,16.0,68.0,10.1
156,2022-10-19 03:45:43,16.0,68.0,10.1
157,2022-10-19 03:50:43,16.0,68.0,10.1
158,2022-10-19 03:55:43,16.0,68.0,10.1
159,2022-10-19 04:00:43,16.0,68.0,10.1
160,2022-10-19 04:05:43,15.5,68.0,9.6
161,2022-10-19 04:10:43,15.5,68.0,9.6
162,2022-10-19 04:15:43,15.5,68.0,9.6
163,2022-10-19 04:20:43,15.5,68.0,9.6
164,2022-10-19 04:25:43,15.5,68.0,9.6
165,2022-10-19 04:30:43,15.5,68.0,9.6
166,2022-10-19 04:35:43,15.5,68.0,9.6
167,2022-10-19 04:40:43,15.5,68.0,9.6
168,2022-10-19 04:45:43,15.5,68.0,9.6
169,2022-10-19 04:50:43,15.5,68.0,9.6
170,2022-10-19 04:55:43,15.5,68.0,9.6
171,2022-10-19 05:00:43,15.5,68.0,9.6
172,2022-10-19 05:05:43,15.5,68.0,9.6
173,2022-10-19 05:10:43,15.5,68.0,9.6
174,2022-10-19 05:15:43,15.5,68.0,9.6
175,2022-10-19 05:20:43,15.5,68.0,9.6
176,2022-10-19 05:25:43,15.5,68.0,9.6
177,2022-10-19 05:30:43,15.5,68.0,9.6
178,2022-10-19 05:35:43,15.5,68.0,9.6
179,2022-10-19 05:40:43,15.5,68.0,9.6
180,2022-10-19 05:45:43,15.5,68.0,9.6
181,2022-10-19 05:50:43,15.0,68.0,9.1
182,2022-10-19 05:55:43,15.0,67.5,9.0
183,2022-10-19 06:00:43,15.0,68.0,9.1
184,2022-10-19 06:05:43,15.0,68.0,9.1
185,2022-10-19 06:10:43,15.0,67.5,9.0
186,2022-10-19 06:15:43,15.0,67.5,9.0
187,2022-10-19 06:20:43,15.0,67.5,9.0
188,2022-10-19 06:25:43,15.0,67.5,9.0
189,2022-10-19 06:30:43,15.0,67.5,9.0
190,2022-10-19 06:35:43,15.0,67.5,9.0
191,2022-10-19 06:40:43,15.0,67.5,9.0
192,2022-10-19 06:45:43,15.0,67.5,9.0
193,2022-10-19 06:50:43,15.0,67.5,9.0
194,2022-10-19 06:55:43,15.0,67.5,9.0
195,2022-10-19 07:00:43,15.0,67.5,9.0
196,2022-10-19 07:05:43,15.0,67.5,9.0
197,2022-10-19 07:10:43,15.0,67.5,9.0
198,2022-10-19 07:15:43,15.0,67.5,9.0
199,2022-10-19 07:20:43,15.0,67.5,9.0
200,2022-10-19 07:25:43,15.0,67.5,9.0
201,2022-10-19 07:30:43,15.0,67.5,9.0
202,2022-10-19 07:35:43,15.0,67.5,9.0
203,2022-10-19 07:40:43,15.0,67.0,8.9
204,2022-10-19 07:45:43,15.0,67.0,8.9
205,2022-10-19 07:50:43,15.0,67.0,8.9
206,2022-10-19 07:55:43,15.5,67.0,9.4
207,2022-10-19 08:00:43,15.5,67.0,9.4
208,2022-10-19 08:05:43,15.5,66.5,9.3
209,2022-10-19 08:10:43,15.5,66.5,9.3
210,2022-10-19 08:15:43,15.5,66.5,9.3
211,2022-10-19 08:20:43,15.5,66.5,9.3
212,2022-10-19 08:25:43,15.5,66.5,9.3
213,2022-10-19 08:30:43,15.5,66.5,9.3
214,2022-10-19 08:35:43,15.5,66.5,9.3
215,2022-10-19 08:40:43,15.5,66.0,9.2
216,2022-10-19 08:45:43,15.5,66.0,9.2
217,2022-10-19 08:50:43,15.5,66.0,9.2
218,2022-10-19 08:55:43,15.5,66.5,9.3
219,2022-10-19 09:00:43,15.5,66.5,9.3
220,2022-10-19 09:05:43,16.0,66.5,9.8
221,2022-10-19 09:10:43,16.0,66.5,9.8
222,2022-10-19 09:15:43,16.0,66.0,9.7
223,2022-10-19 09:20:43,16.5,66.0,10.1
224,2022-10-19 09:25:43,16.5,66.0,10.1
225,2022-10-19 09:30:43,17.0,65.5,10.5
226,2022-10-19 09:35:43,17.0,65.5,10.5
227,2022-10-19 09:40:43,17.5,65.5,11.0
228,2022-10-19 09:45:43,17.5,65.5,11.0
229,2022-10-19 09:50:43,17.5,65.5,11.0
230,2022-10-19 09:55:43,17.5,65.5,11.0
231,2022-10-19 10:00:43,18.0,65.5,11.4
232,2022-10-19 10:05:43,18.0,65.5,11.4
233,2022-10-19 10:10:43,18.0,65.5,11.4
234,2022-10-19 10:15:43,18.0,65.5,11.4
235,2022-10-19 10:20:43,18.0,65.0,11.3
236,2022-10-19 10:25:43,18.0,65.0,11.3
237,2022-10-19 10:30:43,18.0,65.5,11.4
238,2022-10-19 10:35:43,18.0,65.5,11.4
239,2022-10-19 10:40:43,17.5,66.0,11.1
240,2022-10-19 10:45:43,17.5,66.0,11.1
241,2022-10-19 10:50:43,17.5,66.0,11.1
242,2022-10-19 10:55:43,17.5,66.5,11.2
243,2022-10-19 11:00:43,17.5,66.5,11.2
244,2022-10-19 11:05:43,17.5,66.5,11.2
245,2022-10-19 11:10:43,17.5,67.0,11.3
246,2022-10-19 11:15:43,17.5,67.0,11.3
247,2022-10-19 11:20:43,17.5,67.0,11.3
248,2022-10-19 11:25:43,17.5,67.0,11.3
249,2022-10-19 11:30:43,17.5,67.0,11.3
250,2022-10-19 11:35:43,17.5,67.0,11.3
251,2022-10-19 11:40:43,17.0,67.0,10.8
252,2022-10-19 11:45:43,17.0,67.0,10.8
253,2022-10-19 11:50:43,17.0,67.0,10.8
254,2022-10-19 11:55:43,17.0,67.0,10.8
255,2022-10-19 12:00:43,17.5,67.0,11.3
256,2022-10-19 12:05:43,17.5,67.0,11.3
257,2022-10-19 12:10:43,17.5,66.5,11.2
258,2022-10-19 12:15:43,17.5,66.5,11.2
259,2022-10-19 12:20:43,17.5,66.5,11.2
260,2022-10-19 12:25:43,17.5,66.5,11.2
261,2022-10-19 12:30:43,17.5,66.5,11.2
262,2022-10-19 12:35:43,17.5,66.5,11.2
263,2022-10-19 12:40:43,17.5,66.5,11.2
264,2022-10-19 12:45:43,17.5,66.5,11.2
265,2022-10-19 12:50:43,17.5,66.0,11.1
266,2022-10-19 12:55:43,17.5,66.0,11.1
267,2022-10-19 13:00:43,17.5,66.0,11.1
268,2022-10-19 13:05:43,17.5,66.0,11.1
269,2022-10-19 13:10:43,17.0,66.0,10.6
270,2022-10-19 13:15:43,17.0,66.0,10.6
271,2022-10-19 13:20:43,17.0,66.0,10.6
272,2022-10-19 13:25:43,17.0,66.0,10.6
273,2022-10-19 13:30:43,17.0,66.0,10.6
274,2022-10-19 13:35:43,17.0,66.5,10.7
275,2022-10-19 13:40:43,17.0,66.5,10.7
276,2022-10-19 13:45:43,17.0,66.5,10.7
277,2022-10-19 13:50:43,17.0,66.5,10.7
278,2022-10-19 13:55:43,17.0,66.5,10.7
279,2022-10-19 14:00:43,17.0,66.5,10.7
280,2022-10-19 14:05:43,17.0,66.5,10.7
281,2022-10-19 14:10:43,17.0,66.0,10.6
282,2022-10-19 14:15:43,17.0,66.0,10.6
283,2022-10-19 14:20:43,17.0,66.0,10.6
284,2022-10-19 14:25:43,17.0,66.0,10.6
285,2022-10-19 14:30:43,17.0,66.0,10.6
286,2022-10-19 14:35:43,17.0,66.0,10.6
287,2022-10-19 14:40:43,17.0,66.0,10.6
288,2022-10-19 14:45:43,17.0,66.0,10.6
289,2022-10-19 14:50:43,17.0,66.0,10.6
290,2022-10-19 14:55:43,17.0,66.0,10.6
291,2022-10-19 15:00:43,17.0,66.0,10.6
292,2022-10-19 15:05:43,17.0,65.5,10.5
293,2022-10-19 15:10:43,17.0,65.5,10.5
294,2022-10-19 15:15:43,17.0,65.5,10.5
295,2022-10-19 15:20:43,17.0,65.5,10.5
296,2022-10-19 15:25:43,17.0,65.5,10.5
297,2022-10-19 15:30:43,17.0,65.5,10.5
298,2022-10-19 15:35:43,17.0,65.5,10.5
299,2022-10-19 15:40:43,17.0,65.5,10.5
300,2022-10-19 15:45:43,17.0,65.5,10.5
301,2022-10-19 15:50:43,17.0,65.5,10.5
302,2022-10-19 15:55:43,16.5,65.5,10.0
303,2022-10-19 16:00:43,16.5,65.5,10.0
304,2022-10-19 16:05:43,16.5,65.5,10.0
305,2022-10-19 16:10:43,16.5,65.5,10.0
306,2022-10-19 16:15:43,16.5,65.5,10.0
307,2022-10-19 16:20:43,16.5,65.5,10.0
308,2022-10-19 16:25:43,16.5,65.5,10.0
309,2022-10-19 16:30:43,16.5,65.5,10.0
310,2022-10-19 16:35:43,16.5,65.5,10.0
311,2022-10-19 16:40:43,16.5,65.5,10.0
312,2022-10-19 16:45:43,16.5,65.5,10.0
313,2022-10-19 16:50:43,16.5,65.5,10.0
314,2022-10-19 16:55:43,16.5,65.5,10.0
315,2022-10-19 17:00:43,16.5,65.5,10.0
316,2022-10-19 17:05:43,16.5,65.5,10.0
317,2022-10-19 17:10:43,16.5,65.5,10.0
318,2022-10-19 17:15:43,16.5,65.5,10.0
319,2022-10-19 17:20:43,16.5,65.0,9.9
320,2022-10-19 17:25:43,16.5,65.0,9.9
321,2022-10-19 17:30:43,16.5,65.0,9.9
322,2022-10-19 17:35:43,16.5,65.0,9.9
323,2022-10-19 17:40:43,16.5,65.0,9.9
324,2022-10-19 17:45:43,16.5,65.0,9.9
325,2022-10-19 17:50:43,16.5,65.0,9.9
326,2022-10-19 17:55:43,16.5,65.0,9.9
327,2022-10-19 18:00:43,17.0,65.0,10.4
328,2022-10-19 18:05:43,17.0,65.0,10.4
329,2022-10-19 18:10:43,17.0,65.0,10.4
330,2022-10-19 18:15:43,17.0,65.0,10.4
331,2022-10-19 18:20:43,17.0,65.0,10.4
332,2022-10-19 18:25:43,17.5,65.5,11.0
333,2022-10-19 18:30:43,17.5,65.5,11.0
334,2022-10-19 18:35:43,17.5,65.5,11.0
335,2022-10-19 18:40:43,17.5,66.0,11.1
336,2022-10-19 18:45:43,17.5,66.0,11.1
337,2022-10-19 18:50:43,17.5,66.5,11.2
338,2022-10-19 18:55:43,17.5,66.5,11.2
339,2022-10-19 19:00:43,17.5,67.0,11.3
340,2022-10-19 19:05:43,17.5,67.5,11.4
341,2022-10-19 19:10:43,17.5,67.0,11.3
342,2022-10-19 19:15:43,17.5,67.0,11.3
343,2022-10-19 19:20:43,17.5,67.0,11.3
344,2022-10-19 19:25:43,17.5,67.5,11.4
345,2022-10-19 19:30:43,17.5,67.5,11.4
346,2022-10-19 19:35:43,17.5,68.0,11.5
347,2022-10-19 19:40:43,17.5,68.0,11.5
348,2022-10-19 19:45:43,17.5,68.5,11.6
349,2022-10-19 19:50:43,18.0,68.5,12.1
350,2022-10-19 19:55:43,18.0,69.0,12.2
351,2022-10-19 20:00:43,18.0,70.0,12.5
352,2022-10-19 20:05:43,18.0,71.0,12.7
353,2022-10-19 20:10:43,18.0,72.0,12.9
354,2022-10-19 20:15:43,18.5,73.0,13.6
355,2022-10-19 20:20:43,18.5,74.0,13.8
356,2022-10-19 20:25:43,18.5,75.0,14.0
357,2022-10-19 20:30:43,18.5,75.0,14.0
358,2022-10-19 20:35:43,18.5,75.0,14.0
359,2022-10-19 20:40:43,18.5,74.5,13.9
360,2022-10-19 20:45:43,18.5,74.5,13.9
361,2022-10-19 20:50:43,18.0,74.0,13.3
362,2022-10-19 20:55:43,18.0,74.0,13.3
363,2022-10-19 21:00:43,18.0,73.5,13.2
364,2022-10-19 21:05:43,17.5,73.5,12.7
365,2022-10-19 21:10:43,17.5,73.5,12.7
366,2022-10-19 21:15:43,17.5,73.5,12.7
367,2022-10-19 21:20:43,17.5,73.0,12.6
368,2022-10-19 21:25:43,17.5,73.0,12.6
369,2022-10-19 21:30:43,17.5,72.5,12.5
370,2022-10-19 21:35:43,17.5,72.5,12.5
371,2022-10-19 21:40:43,17.0,72.0,11.9
372,2022-10-19 21:45:43,17.0,72.0,11.9
373,2022-10-19 21:50:43,17.0,71.5,11.8
374,2022-10-19 21:55:43,17.0,71.5,11.8
375,2022-10-19 22:00:43,17.0,71.0,11.7
376,2022-10-19 22:05:43,17.0,71.0,11.7
377,2022-10-19 22:10:43,17.0,71.0,11.7
378,2022-10-19 22:15:43,17.0,70.5,11.6
379,2022-10-19 22:20:43,17.0,70.5,11.6
380,2022-10-19 22:25:43,17.0,70.5,11.6
381,2022-10-19 22:30:43,17.0,70.5,11.6
382,2022-10-19 22:35:43,17.0,70.0,11.5
383,2022-10-19 22:40:43,17.0,70.0,11.5
384,2022-10-19 22:45:43,16.5,70.0,11.0
385,2022-10-19 22:50:43,16.5,70.0,11.0
386,2022-10-19 22:55:43,16.5,70.0,11.0
387,2022-10-19 23:00:43,16.5,69.5,10.9
388,2022-10-19 23:05:43,16.5,69.5,10.9
389,2022-10-19 23:10:43,16.5,69.5,10.9
390,2022-10-19 23:15:43,16.5,69.0,10.8
391,2022-10-19 23:20:43,16.5,69.0,10.8
392,2022-10-19 23:25:43,16.5,69.0,10.8
393,2022-10-19 23:30:43,16.5,69.0,10.8
394,2022-10-19 23:35:43,16.5,69.0,10.8
395,2022-10-19 23:40:43,16.5,69.0,10.8
396,2022-10-19 23:45:43,16.0,68.5,10.2
397,2022-10-19 23:50:43,16.0,68.5,10.2
398,2022-10-19 23:55:43,16.0,68.0,10.1
399,2022-10-20 00:00:43,16.0,68.0,10.1
400,2022-10-20 00:05:43,16.0,68.0,10.1
401,2022-10-20 00:10:43,16.0,68.0,10.1
402,2022-10-20 00:15:43,16.0,68.0,10.1
403,2022-10-20 00:20:43,16.0,67.5,10.0
404,2022-10-20 00:25:43,16.0,67.5,10.0
405,2022-10-20 00:30:43,16.0,67.5,10.0
406,2022-10-20 00:35:43,16.0,67.5,10.0
407,2022-10-20 00:40:43,16.0,67.5,10.0
408,2022-10-20 00:45:43,16.0,67.5,10.0
409,2022-10-20 00:50:43,16.0,67.5,10.0
410,2022-10-20 00:55:43,16.0,67.5,10.0
411,2022-10-20 01:00:43,16.0,67.0,9.9
412,2022-10-20 01:05:43,15.5,67.0,9.4
413,2022-10-20 01:10:43,15.5,67.0,9.4
414,2022-10-20 01:15:43,15.5,67.0,9.4
415,2022-10-20 01:20:43,15.5,67.0,9.4
416,2022-10-20 01:25:43,15.5,67.0,9.4
417,2022-10-20 01:30:43,15.5,67.0,9.4
418,2022-10-20 01:35:43,15.5,67.0,9.4
419,2022-10-20 01:40:43,15.5,67.0,9.4
420,2022-10-20 01:45:43,15.5,67.0,9.4
421,2022-10-20 01:50:43,15.5,67.0,9.4
422,2022-10-20 01:55:43,15.5,67.0,9.4
423,2022-10-20 02:00:43,15.5,67.0,9.4
424,2022-10-20 02:05:43,15.5,67.0,9.4
425,2022-10-20 02:10:43,15.5,67.0,9.4
426,2022-10-20 02:15:43,15.5,67.0,9.4
427,2022-10-20 02:20:43,15.5,67.0,9.4
428,2022-10-20 02:25:43,15.5,67.0,9.4
429,2022-10-20 02:30:43,15.5,67.0,9.4
430,2022-10-20 02:35:43,15.0,67.0,8.9
431,2022-10-20 02:40:43,15.0,67.0,8.9
432,2022-10-20 02:45:43,15.0,67.0,8.9
433,2022-10-20 02:50:43,15.0,67.0,8.9
434,2022-10-20 02:55:43,15.0,67.0,8.9
435,2022-10-20 03:00:43,15.0,67.0,8.9
436,2022-10-20 03:05:43,15.0,67.0,8.9
437,2022-10-20 03:10:43,15.0,67.0,8.9
438,2022-10-20 03:15:43,15.0,67.0,8.9
439,2022-10-20 03:20:43,15.0,67.0,8.9
440,2022-10-20 03:25:43,15.0,67.0,8.9
441,2022-10-20 03:30:43,15.0,67.0,8.9
442,2022-10-20 03:35:43,15.0,67.0,8.9
443,2022-10-20 03:40:43,15.0,67.0,8.9
444,2022-10-20 03:45:43,15.0,67.0,8.9
445,2022-10-20 03:50:43,15.0,67.0,8.9
446,2022-10-20 03:55:43,15.0,67.0,8.9
447,2022-10-20 04:00:43,15.0,67.0,8.9
448,2022-10-20 04:05:43,15.0,67.0,8.9
449,2022-10-20 04:10:43,15.0,67.0,8.9
450,2022-10-20 04:15:43,15.0,67.0,8.9
451,2022-10-20 04:20:43,15.0,67.0,8.9
452,2022-10-20 04:25:43,15.0,67.0,8.9
453,2022-10-20 04:30:43,15.0,67.0,8.9
454,2022-10-20 04:35:43,15.0,67.0,8.9
455,2022-10-20 04:40:43,15.0,67.0,8.9
456,2022-10-20 04:45:43,15.0,67.5,9.0
457,2022-10-20 04:50:43,15.0,67.5,9.0
458,2022-10-20 04:55:43,15.0,67.5,9.0
459,2022-10-20 05:00:43,15.0,67.5,9.0
460,2022-10-20 05:05:43,15.0,67.5,9.0
461,2022-10-20 05:10:43,15.0,67.5,9.0
462,2022-10-20 05:15:43,15.0,67.5,9.0
463,2022-10-20 05:20:43,15.0,67.5,9.0
464,2022-10-20 05:25:43,14.5,67.5,8.6
465,2022-10-20 05:30:43,14.5,67.5,8.6
466,2022-10-20 05:35:43,14.5,67.5,8.6
467,2022-10-20 05:40:43,14.5,67.5,8.6
468,2022-10-20 05:45:43,14.5,67.5,8.6
469,2022-10-20 05:50:43,14.5,67.5,8.6
470,2022-10-20 05:55:43,14.5,68.0,8.7
471,2022-10-20 06:00:43,14.5,68.0,8.7
472,2022-10-20 06:05:43,14.5,68.0,8.7
473,2022-10-20 06:10:43,14.5,68.0,8.7
474,2022-10-20 06:15:43,14.5,68.0,8.7
475,2022-10-20 06:20:43,14.5,68.0,8.7
476,2022-10-20 06:25:43,14.5,68.0,8.7
477,2022-10-20 06:30:43,14.5,68.0,8.7
478,2022-10-20 06:35:43,14.5,68.0,8.7
479,2022-10-20 06:40:43,14.5,68.0,8.7
480,2022-10-20 06:45:43,14.5,68.0,8.7
481,2022-10-20 06:50:43,14.5,68.0,8.7
482,2022-10-20 06:55:43,14.5,68.0,8.7
483,2022-10-20 07:00:43,14.5,68.0,8.7
484,2022-10-20 07:05:43,14.5,68.0,8.7
485,2022-10-20 07:10:43,14.5,68.0,8.7
486,2022-10-20 07:15:43,14.5,68.0,8.7
487,2022-10-20 07:20:43,14.5,68.0,8.7
488,2022-10-20 07:25:43,14.5,68.0,8.7
489,2022-10-20 07:30:43,14.5,68.0,8.7
490,2022-10-20 07:35:43,14.5,68.0,8.7
491,2022-10-20 07:40:43,14.5,68.0,8.7
492,2022-10-20 07:45:43,14.5,68.0,8.7
493,2022-10-20 07:50:43,14.5,68.0,8.7
494,2022-10-20 07:55:43,14.5,67.5,8.6
495,2022-10-20 08:00:43,15.0,67.5,9.0
496,2022-10-20 08:05:43,15.0,67.5,9.0
497,2022-10-20 08:10:43,15.0,67.5,9.0
498,2022-10-20 08:15:43,15.0,67.5,9.0
499,2022-10-20 08:20:43,15.0,67.0,8.9
500,2022-10-20 08:25:43,15.0,67.0,8.9
501,2022-10-20 08:30:43,15.0,67.0,8.9
502,2022-10-20 08:35:43,15.0,67.0,8.9
503,2022-10-20 08:40:43,15.0,67.0,8.9
504,2022-10-20 08:45:43,15.0,67.0,8.9
505,2022-10-20 08:50:43,15.0,67.0,8.9
506,2022-10-20 08:55:43,15.0,67.0,8.9
507,2022-10-20 09:00:43,15.0,67.0,8.9
508,2022-10-20 09:05:43,15.0,66.5,8.8
509,2022-10-20 09:10:43,15.5,66.5,9.3
510,2022-10-20 09:15:43,15.5,66.5,9.3
511,2022-10-20 09:20:43,15.5,66.0,9.2
512,2022-10-20 09:25:43,15.5,66.0,9.2
513,2022-10-20 09:30:43,15.5,66.0,9.2
514,2022-10-20 09:35:43,15.5,66.0,9.2
515,2022-10-20 09:40:43,15.5,66.0,9.2
516,2022-10-20 09:45:43,15.5,66.0,9.2
517,2022-10-20 09:50:43,15.5,66.0,9.2
518,2022-10-20 09:55:43,15.5,66.0,9.2
519,2022-10-20 10:00:43,15.5,66.0,9.2
520,2022-10-20 10:05:43,15.5,66.0,9.2
521,2022-10-20 10:10:43,15.5,66.0,9.2
522,2022-10-20 10:15:43,15.5,66.0,9.2
523,2022-10-20 10:20:43,15.5,66.5,9.3
524,2022-10-20 10:25:43,15.5,66.5,9.3
525,2022-10-20 10:30:43,15.5,66.5,9.3
526,2022-10-20 10:35:43,15.5,66.5,9.3
527,2022-10-20 10:40:43,15.5,66.5,9.3
528,2022-10-20 10:45:43,15.5,66.5,9.3
529,2022-10-20 10:50:43,15.5,66.5,9.3
530,2022-10-20 10:55:43,15.5,66.5,9.3
531,2022-10-20 11:00:43,15.5,66.5,9.3
532,2022-10-20 11:05:43,15.5,67.0,9.4
533,2022-10-20 11:10:43,15.5,67.0,9.4
534,2022-10-20 11:15:43,15.5,66.5,9.3
535,2022-10-20 11:20:43,15.5,66.5,9.3
536,2022-10-20 11:25:43,15.5,66.5,9.3
537,2022-10-20 11:30:43,16.0,66.5,9.8
538,2022-10-20 11:35:43,16.0,66.0,9.7
539,2022-10-20 11:40:43,16.0,66.0,9.7
540,2022-10-20 11:45:43,16.0,66.0,9.7
541,2022-10-20 11:50:43,16.0,66.0,9.7
542,2022-10-20 11:55:43,16.0,66.0,9.7
543,2022-10-20 12:00:43,16.0,66.0,9.7
544,2022-10-20 12:05:43,16.0,66.0,9.7
545,2022-10-20 12:10:43,16.0,66.0,9.7
546,2022-10-20 12:15:43,16.0,66.0,9.7
547,2022-10-20 12:20:43,16.0,66.5,9.8
548,2022-10-20 12:25:43,16.0,66.5,9.8
549,2022-10-20 12:30:43,16.0,66.5,9.8
550,2022-10-20 12:35:43,16.0,66.5,9.8
551,2022-10-20 12:40:43,16.0,66.5,9.8
552,2022-10-20 12:45:43,16.0,66.5,9.8
553,2022-10-20 12:50:43,16.0,66.5,9.8
554,2022-10-20 12:55:43,16.0,66.5,9.8
555,2022-10-20 13:00:43,16.0,66.5,9.8
556,2022-10-20 13:05:43,16.0,66.5,9.8
557,2022-10-20 13:10:43,16.0,66.5,9.8
558,2022-10-20 13:15:43,16.0,66.5,9.8
559,2022-10-20 13:20:43,16.0,66.5,9.8
560,2022-10-20 13:25:43,16.0,66.5,9.8
561,2022-10-20 13:30:43,16.0,66.5,9.8
562,2022-10-20 13:35:43,16.0,67.0,9.9
563,2022-10-20 13:40:43,16.0,67.0,9.9
564,2022-10-20 13:45:43,16.0,67.0,9.9
565,2022-10-20 13:50:43,16.0,67.0,9.9
566,2022-10-20 13:55:43,16.0,67.0,9.9
567,2022-10-20 14:00:43,16.0,67.5,10.0
568,2022-10-20 14:05:43,16.0,67.5,10.0
569,2022-10-20 14:10:43,16.0,67.5,10.0
570,2022-10-20 14:15:43,16.0,67.5,10.0
571,2022-10-20 14:20:43,16.0,67.5,10.0
572,2022-10-20 14:25:43,16.5,67.0,10.4
573,2022-10-20 14:30:43,16.5,67.0,10.4
574,2022-10-20 14:35:43,16.5,67.0,10.4
575,2022-10-20 14:40:43,16.5,67.0,10.4
576,2022-10-20 14:45:43,16.0,67.0,9.9
577,2022-10-20 14:50:43,16.0,67.0,9.9
578,2022-10-20 14:55:43,16.0,67.0,9.9
579,2022-10-20 15:00:43,16.0,67.0,9.9
580,2022-10-20 15:05:43,16.0,67.5,10.0
581,2022-10-20 15:10:43,16.0,67.5,10.0
582,2022-10-20 15:15:43,16.0,67.5,10.0
583,2022-10-20 15:20:43,16.0,67.5,10.0
584,2022-10-20 15:25:43,16.0,67.5,10.0
585,2022-10-20 15:30:43,16.0,67.5,10.0
586,2022-10-20 15:35:43,16.0,67.5,10.0
587,2022-10-20 15:40:43,16.0,67.5,10.0
588,2022-10-20 15:45:43,16.5,67.5,10.5
589,2022-10-20 15:50:43,16.5,67.0,10.4
590,2022-10-20 15:55:43,16.5,67.0,10.4
591,2022-10-20 16:00:43,16.5,67.0,10.4
592,2022-10-20 16:05:43,16.5,67.0,10.4
593,2022-10-20 16:10:43,16.5,67.0,10.4
594,2022-10-20 16:15:43,16.5,67.0,10.4
595,2022-10-20 16:20:43,16.5,67.0,10.4
596,2022-10-20 16:25:43,16.5,67.0,10.4
597,2022-10-20 16:30:43,16.0,67.5,10.0
598,2022-10-20 16:35:43,16.0,67.5,10.0
599,2022-10-20 16:40:43,16.0,67.5,10.0
600,2022-10-20 16:45:43,16.0,67.5,10.0
601,2022-10-20 16:50:43,16.0,67.5,10.0
602,2022-10-20 16:55:43,16.0,67.5,10.0
603,2022-10-20 17:00:43,16.0,67.5,10.0
604,2022-10-20 17:05:43,16.0,67.5,10.0
605,2022-10-20 17:10:43,16.0,67.5,10.0
606,2022-10-20 17:15:43,16.0,67.5,10.0
607,2022-10-20 17:20:43,16.0,67.5,10.0
608,2022-10-20 17:25:43,16.0,67.5,10.0
609,2022-10-20 17:30:43,16.0,67.5,10.0
610,2022-10-20 17:35:43,16.0,67.5,10.0
611,2022-10-20 17:40:43,16.0,67.5,10.0
612,2022-10-20 17:45:43,16.0,67.5,10.0
613,2022-10-20 17:50:43,16.0,67.5,10.0
614,2022-10-20 17:55:43,16.0,67.5,10.0
615,2022-10-20 18:00:43,16.5,67.5,10.5
616,2022-10-20 18:05:43,16.5,67.0,10.4
617,2022-10-20 18:10:43,16.5,67.0,10.4
618,2022-10-20 18:15:43,16.5,67.0,10.4
619,2022-10-20 18:20:43,16.5,67.0,10.4
620,2022-10-20 18:25:43,16.5,67.0,10.4
621,2022-10-20 18:30:43,16.5,67.0,10.4
622,2022-10-20 18:35:43,16.5,67.0,10.4
623,2022-10-20 18:40:43,16.5,67.5,10.5
624,2022-10-20 18:45:43,16.5,67.0,10.4
625,2022-10-20 18:50:43,16.5,67.0,10.4
626,2022-10-20 18:55:43,17.0,67.0,10.8
627,2022-10-20 19:00:43,17.0,67.0,10.8
628,2022-10-20 19:05:43,17.0,67.5,10.9
629,2022-10-20 19:10:43,17.0,68.0,11.1
630,2022-10-20 19:15:43,17.0,68.5,11.2
631,2022-10-20 19:20:43,17.0,69.0,11.3
632,2022-10-20 19:25:43,17.5,69.0,11.8
633,2022-10-20 19:30:43,17.5,69.5,11.9
634,2022-10-20 19:35:43,17.5,70.0,12.0
635,2022-10-20 19:40:43,17.5,70.5,12.1
636,2022-10-20 19:45:43,17.5,70.5,12.1
637,2022-10-20 19:50:43,18.0,71.0,12.7
638,2022-10-20 19:55:43,18.0,71.0,12.7
639,2022-10-20 20:00:43,18.0,71.5,12.8
640,2022-10-20 20:05:43,18.0,71.5,12.8
641,2022-10-20 20:10:43,18.0,71.5,12.8
642,2022-10-20 20:15:43,18.0,72.0,12.9
643,2022-10-20 20:20:43,18.0,72.5,13.0
644,2022-10-20 20:25:43,18.0,72.0,12.9
645,2022-10-20 20:30:43,18.0,72.5,13.0
646,2022-10-20 20:35:43,18.0,73.0,13.1
647,2022-10-20 20:40:43,18.5,73.0,13.6
648,2022-10-20 20:45:43,18.5,73.5,13.7
649,2022-10-20 20:50:43,18.5,73.0,13.6
650,2022-10-20 20:55:43,18.5,73.0,13.6
651,2022-10-20 21:00:43,18.5,73.0,13.6
652,2022-10-20 21:05:43,18.5,73.5,13.7
653,2022-10-20 21:10:43,18.5,73.5,13.7
654,2022-10-20 21:15:43,18.5,73.0,13.6
655,2022-10-20 21:20:43,18.0,73.0,13.1
656,2022-10-20 21:25:43,18.0,73.5,13.2
657,2022-10-20 21:30:43,18.0,73.5,13.2
658,2022-10-20 21:35:43,18.0,73.5,13.2
659,2022-10-20 21:40:43,17.5,73.5,12.7
660,2022-10-20 21:45:43,17.5,73.5,12.7
661,2022-10-20 21:50:43,17.5,73.5,12.7
662,2022-10-20 21:55:43,17.5,73.5,12.7
663,2022-10-20 22:00:43,17.5,73.5,12.7
664,2022-10-20 22:05:43,17.5,73.5,12.7
665,2022-10-20 22:10:43,17.5,73.5,12.7
666,2022-10-20 22:15:43,17.0,73.5,12.2
667,2022-10-20 22:20:43,17.0,73.0,12.1
668,2022-10-20 22:25:43,17.0,73.0,12.1
669,2022-10-20 22:30:43,17.0,73.0,12.1
670,2022-10-20 22:35:43,17.0,73.0,12.1
671,2022-10-20 22:40:43,17.0,73.0,12.1
672,2022-10-20 22:45:43,17.0,73.0,12.1
673,2022-10-20 22:50:43,17.0,73.0,12.1
674,2022-10-20 22:55:43,17.0,73.0,12.1
675,2022-10-20 23:00:43,17.0,73.0,12.1
676,2022-10-20 23:05:43,16.5,73.0,11.6
677,2022-10-20 23:10:43,16.5,73.0,11.6
678,2022-10-20 23:15:43,16.5,72.5,11.5
679,2022-10-20 23:20:43,16.5,72.5,11.5
680,2022-10-20 23:25:43,16.5,72.5,11.5
681,2022-10-20 23:30:43,16.5,72.5,11.5
682,2022-10-20 23:35:43,16.5,72.5,11.5
683,2022-10-20 23:40:43,16.5,72.5,11.5
684,2022-10-20 23:45:43,16.5,72.5,11.5
685,2022-10-20 23:50:43,16.5,72.5,11.5
686,2022-10-20 23:55:43,16.5,72.5,11.5
687,2022-10-21 00:00:43,16.5,72.5,11.5
688,2022-10-21 00:05:43,16.5,72.5,11.5
689,2022-10-21 00:10:43,16.5,72.0,11.4
690,2022-10-21 00:15:43,16.5,72.0,11.4
691,2022-10-21 00:20:43,16.0,72.0,11.0
692,2022-10-21 00:25:43,16.0,72.0,11.0
693,2022-10-21 00:30:43,16.0,72.0,11.0
694,2022-10-21 00:35:43,16.0,72.0,11.0
695,2022-10-21 00:40:43,16.0,72.0,11.0
696,2022-10-21 00:45:43,16.0,72.0,11.0
697,2022-10-21 00:50:43,16.0,72.0,11.0
698,2022-10-21 00:55:43,16.0,72.0,11.0
699,2022-10-21 01:00:43,16.0,72.0,11.0
700,2022-10-21 01:05:43,16.0,72.0,11.0
701,2022-10-21 01:10:43,16.0,72.0,11.0
702,2022-10-21 01:15:43,16.0,71.5,10.9
703,2022-10-21 01:20:43,16.0,71.5,10.9
704,2022-10-21 01:25:43,16.0,71.5,10.9
705,2022-10-21 01:30:43,16.0,71.5,10.9
706,2022-10-21 01:35:43,16.0,71.5,10.9
707,2022-10-21 01:40:43,16.0,71.5,10.9
708,2022-10-21 01:45:43,16.0,71.5,10.9
709,2022-10-21 01:50:43,16.0,71.5,10.9
710,2022-10-21 01:55:43,16.0,71.5,10.9
711,2022-10-21 02:00:43,16.0,71.5,10.9
712,2022-10-21 02:05:43,16.0,71.5,10.9
713,2022-10-21 02:10:43,15.5,71.5,10.4
714,2022-10-21 02:15:43,15.5,71.5,10.4
715,2022-10-21 02:20:43,15.5,71.5,10.4
716,2022-10-21 02:25:43,15.5,71.5,10.4
717,2022-10-21 02:30:43,15.5,71.5,10.4
718,2022-10-21 02:35:43,15.5,71.5,10.4
719,2022-10-21 02:40:43,15.5,71.5,10.4
720,2022-10-21 02:45:43,15.5,71.5,10.4
721,2022-10-21 02:50:43,15.5,71.5,10.4
722,2022-10-21 02:55:43,15.5,71.5,10.4
723,2022-10-21 03:00:43,15.5,71.5,10.4
724,2022-10-21 03:05:43,15.5,71.5,10.4
725,2022-10-21 03:10:43,15.5,71.5,10.4
726,2022-10-21 03:15:43,15.5,71.5,10.4
727,2022-10-21 03:20:43,15.5,71.5,10.4
728,2022-10-21 03:25:43,15.5,71.5,10.4
729,2022-10-21 03:30:43,15.5,71.5,10.4
730,2022-10-21 03:35:43,15.5,71.5,10.4
731,2022-10-21 03:40:43,15.5,71.5,10.4
732,2022-10-21 03:45:43,15.5,71.0,10.3
733,2022-10-21 03:50:43,15.5,71.0,10.3
734,2022-10-21 03:55:43,15.5,71.0,10.3
735,2022-10-21 04:00:43,15.5,71.0,10.3
736,2022-10-21 04:05:43,15.5,71.0,10.3
737,2022-10-21 04:10:43,15.5,71.0,10.3
738,2022-10-21 04:15:43,15.5,71.0,10.3
739,2022-10-21 04:20:43,15.5,71.0,10.3
740,2022-10-21 04:25:43,15.5,71.0,10.3
741,2022-10-21 04:30:43,15.5,71.0,10.3
742,2022-10-21 04:35:43,15.5,71.0,10.3
743,2022-10-21 04:40:43,15.5,71.0,10.3
744,2022-10-21 04:45:43,15.0,71.0,9.8
745,2022-10-21 04:50:43,15.0,71.0,9.8
746,2022-10-21 04:55:43,15.0,71.0,9.8
747,2022-10-21 05:00:43,15.0,71.0,9.8
748,2022-10-21 05:05:43,15.0,71.0,9.8
749,2022-10-21 05:10:43,15.0,71.0,9.8
750,2022-10-21 05:15:43,15.0,71.0,9.8
751,2022-10-21 05:20:43,15.0,71.0,9.8
752,2022-10-21 05:25:43,15.0,71.0,9.8
753,2022-10-21 05:30:43,15.0,71.0,9.8
754,2022-10-21 05:35:43,15.0,71.0,9.8
755,2022-10-21 05:40:43,15.0,71.0,9.8
756,2022-10-21 05:45:43,15.0,71.0,9.8
757,2022-10-21 05:50:43,15.0,71.0,9.8
758,2022-10-21 05:55:43,15.0,71.0,9.8
759,2022-10-21 06:00:43,15.0,71.0,9.8
760,2022-10-21 06:05:43,15.0,71.0,9.8
761,2022-10-21 06:10:43,15.0,71.0,9.8
762,2022-10-21 06:15:43,15.0,71.0,9.8
763,2022-10-21 06:20:43,15.0,71.0,9.8
764,2022-10-21 06:25:43,15.0,71.0,9.8
765,2022-10-21 06:30:43,15.0,71.0,9.8
766,2022-10-21 06:35:43,15.0,71.0,9.8
767,2022-10-21 06:40:43,15.0,71.0,9.8
768,2022-10-21 06:45:43,15.0,71.0,9.8
769,2022-10-21 06:50:43,15.0,71.0,9.8
770,2022-10-21 06:55:43,15.0,71.0,9.8
771,2022-10-21 07:00:43,15.0,71.0,9.8
772,2022-10-21 07:05:43,15.0,71.0,9.8
773,2022-10-21 07:10:43,15.0,71.0,9.8
774,2022-10-21 07:15:43,15.0,71.0,9.8
775,2022-10-21 07:20:43,15.0,71.0,9.8
776,2022-10-21 07:25:43,15.0,71.0,9.8
777,2022-10-21 07:30:43,15.0,71.0,9.8
778,2022-10-21 07:35:43,15.0,71.0,9.8
779,2022-10-21 07:40:43,15.0,71.0,9.8
780,2022-10-21 07:45:43,15.0,71.0,9.8
781,2022-10-21 07:50:43,15.0,71.0,9.8
782,2022-10-21 07:55:43,15.0,70.5,9.7
783,2022-10-21 08:00:43,15.5,70.0,10.1
784,2022-10-21 08:05:43,15.5,70.0,10.1
785,2022-10-21 08:10:43,15.5,71.0,10.3
786,2022-10-21 08:15:43,15.5,71.5,10.4
787,2022-10-21 08:20:43,15.5,72.0,10.5
788,2022-10-21 08:25:43,15.5,72.5,10.6
789,2022-10-21 08:30:43,15.5,73.0,10.7
790,2022-10-21 08:35:43,15.5,73.5,10.8
791,2022-10-21 08:40:43,15.5,73.5,10.8
792,2022-10-21 08:45:43,15.5,74.0,10.9
793,2022-10-21 08:50:43,15.5,74.0,10.9
794,2022-10-21 08:55:43,15.5,74.0,10.9
795,2022-10-21 09:00:43,15.5,74.0,10.9
796,2022-10-21 09:05:43,15.5,74.0,10.9
797,2022-10-21 09:10:43,15.5,74.0,10.9
798,2022-10-21 09:15:43,15.5,74.0,10.9
799,2022-10-21 09:20:43,15.5,74.0,10.9
800,2022-10-21 09:25:43,15.5,74.0,10.9
801,2022-10-21 09:30:43,15.5,74.0,10.9
802,2022-10-21 09:35:43,15.5,74.0,10.9
803,2022-10-21 09:40:43,15.5,74.0,10.9
804,2022-10-21 09:45:43,15.5,74.0,10.9
805,2022-10-21 09:50:43,15.5,73.5,10.8
806,2022-10-21 09:55:43,15.5,73.5,10.8
807,2022-10-21 10:00:43,15.5,73.5,10.8
808,2022-10-21 10:05:43,15.5,73.5,10.8
809,2022-10-21 10:10:43,15.5,73.5,10.8
810,2022-10-21 10:15:43,15.5,73.0,10.7
811,2022-10-21 10:20:43,15.5,73.0,10.7
812,2022-10-21 10:25:43,16.0,73.0,11.2
813,2022-10-21 10:30:43,16.0,72.5,11.1
814,2022-10-21 10:35:43,16.0,72.5,11.1
815,2022-10-21 10:40:43,16.0,72.0,11.0
816,2022-10-21 10:45:43,16.0,72.0,11.0
817,2022-10-21 10:50:43,16.0,72.5,11.1
818,2022-10-21 10:55:43,16.0,72.5,11.1
819,2022-10-21 11:00:43,16.0,72.5,11.1
820,2022-10-21 11:05:43,16.0,72.5,11.1
821,2022-10-21 11:10:43,16.0,72.5,11.1
822,2022-10-21 11:15:43,16.0,72.5,11.1
823,2022-10-21 11:20:43,16.0,72.5,11.1
824,2022-10-21 11:25:43,16.0,72.0,11.0
825,2022-10-21 11:30:43,16.0,72.0,11.0
826,2022-10-21 11:35:43,16.0,72.0,11.0
827,2022-10-21 11:40:43,16.0,72.0,11.0
828,2022-10-21 11:45:43,16.0,72.0,11.0
829,2022-10-21 11:50:43,16.0,72.0,11.0
830,2022-10-21 11:55:43,16.0,72.0,11.0
831,2022-10-21 12:00:43,16.0,72.0,11.0
832,2022-10-21 12:05:43,16.0,71.5,10.9
833,2022-10-21 12:10:43,16.0,71.5,10.9
834,2022-10-21 12:15:43,16.0,71.5,10.9
835,2022-10-21 12:20:43,16.0,71.0,10.7
836,2022-10-21 12:25:43,16.0,71.0,10.7
837,2022-10-21 12:30:43,16.5,71.0,11.2
838,2022-10-21 12:35:43,16.5,71.0,11.2
839,2022-10-21 12:40:43,16.5,70.5,11.1
840,2022-10-21 12:45:43,16.5,70.5,11.1
841,2022-10-21 12:50:43,16.5,70.5,11.1
842,2022-10-21 12:55:43,16.5,70.5,11.1
843,2022-10-21 13:00:43,16.5,70.5,11.1
844,2022-10-21 13:05:43,16.5,71.0,11.2
845,2022-10-21 13:10:43,16.5,70.5,11.1
846,2022-10-21 13:15:43,16.5,70.5,11.1
847,2022-10-21 13:20:43,16.5,70.5,11.1
848,2022-10-21 13:25:43,16.5,70.0,11.0
849,2022-10-21 13:30:43,16.5,70.5,11.1
850,2022-10-21 13:35:43,16.5,70.5,11.1
851,2022-10-21 13:40:43,16.5,70.5,11.1
852,2022-10-21 13:45:43,16.5,70.5,11.1
853,2022-10-21 13:50:43,16.5,70.5,11.1
854,2022-10-21 13:55:43,16.5,70.5,11.1
855,2022-10-21 14:00:43,16.5,70.5,11.1
856,2022-10-21 14:05:43,16.5,70.5,11.1
857,2022-10-21 14:10:43,16.5,70.5,11.1
858,2022-10-21 14:15:43,16.5,70.5,11.1
859,2022-10-21 14:20:43,16.5,70.5,11.1
860,2022-10-21 14:25:43,16.5,70.5,11.1
861,2022-10-21 14:30:43,16.5,70.5,11.1
862,2022-10-21 14:35:43,16.5,70.5,11.1
863,2022-10-21 14:40:43,16.5,70.5,11.1
864,2022-10-21 14:45:43,17.0,70.5,11.6
865,2022-10-21 14:50:43,17.0,70.5,11.6
866,2022-10-21 14:55:43,17.0,70.0,11.5
867,2022-10-21 15:00:43,17.0,70.0,11.5
868,2022-10-21 15:05:43,17.0,70.0,11.5
869,2022-10-21 15:10:43,17.0,70.0,11.5
870,2022-10-21 15:15:43,17.0,70.0,11.5
871,2022-10-21 15:20:43,17.0,70.5,11.6
872,2022-10-21 15:25:43,17.0,70.0,11.5
873,2022-10-21 15:30:43,17.0,70.5,11.6
874,2022-10-21 15:35:43,17.0,70.5,11.6
875,2022-10-21 15:40:43,17.0,70.5,11.6
876,2022-10-21 15:45:43,17.0,70.5,11.6
877,2022-10-21 15:50:43,17.0,70.5,11.6
878,2022-10-21 15:55:43,17.0,70.5,11.6
879,2022-10-21 16:00:43,17.0,70.5,11.6
880,2022-10-21 16:05:43,17.0,70.5,11.6
881,2022-10-21 16:10:43,17.0,71.0,11.7
882,2022-10-21 16:15:43,17.0,71.0,11.7
883,2022-10-21 16:20:43,17.0,71.0,11.7
884,2022-10-21 16:25:43,17.0,71.0,11.7
885,2022-10-21 16:30:43,17.0,71.0,11.7
886,2022-10-21 16:35:43,16.5,71.5,11.3
887,2022-10-21 16:40:43,17.0,71.5,11.8
888,2022-10-21 16:45:43,16.5,71.5,11.3
889,2022-10-21 16:50:43,16.5,71.5,11.3
890,2022-10-21 16:55:43,16.5,71.5,11.3
891,2022-10-21 17:00:43,16.5,71.5,11.3
892,2022-10-21 17:05:43,16.5,71.5,11.3
893,2022-10-21 17:10:43,16.5,71.5,11.3
894,2022-10-21 17:15:43,16.5,71.5,11.3
895,2022-10-21 17:20:43,16.5,71.5,11.3
896,2022-10-21 17:25:43,16.5,72.0,11.4
897,2022-10-21 17:30:43,16.5,72.5,11.5
898,2022-10-21 17:35:43,17.0,72.5,12.0
899,2022-10-21 17:40:43,17.0,72.5,12.0
900,2022-10-21 17:45:43,17.0,73.0,12.1
901,2022-10-21 17:50:43,17.0,73.0,12.1
902,2022-10-21 17:55:43,17.5,73.0,12.6
903,2022-10-21 18:00:43,17.5,72.5,12.5
904,2022-10-21 18:05:43,18.0,73.0,13.1
905,2022-10-21 18:10:43,18.0,73.0,13.1
906,2022-10-21 18:15:43,18.5,73.5,13.7
907,2022-10-21 18:20:43,18.5,74.0,13.8
908,2022-10-21 18:25:43,18.5,74.5,13.9
909,2022-10-21 18:30:43,19.0,74.5,14.4
910,2022-10-21 18:35:43,19.0,74.5,14.4
911,2022-10-21 18:40:43,19.0,74.5,14.4
912,2022-10-21 18:45:43,19.0,74.5,14.4
913,2022-10-21 18:50:43,19.0,74.5,14.4
914,2022-10-21 18:55:43,19.5,74.5,14.8
915,2022-10-21 19:00:43,19.5,74.5,14.8
916,2022-10-21 19:05:43,19.5,74.5,14.8
917,2022-10-21 19:10:43,19.5,74.5,14.8
918,2022-10-21 19:15:43,20.0,74.5,15.3
919,2022-10-21 19:20:43,20.0,74.5,15.3
920,2022-10-21 19:25:43,20.0,74.5,15.3
921,2022-10-21 19:30:43,20.0,74.5,15.3
922,2022-10-21 19:35:43,20.0,74.5,15.3
923,2022-10-21 19:40:43,20.0,74.5,15.3
924,2022-10-21 19:45:43,20.0,74.5,15.3
925,2022-10-21 19:50:43,20.5,75.0,15.9
926,2022-10-21 19:55:43,20.5,75.0,15.9
927,2022-10-21 20:00:43,20.5,75.0,15.9
928,2022-10-21 20:05:43,20.5,75.0,15.9
929,2022-10-21 20:10:43,20.5,75.0,15.9
930,2022-10-21 20:15:43,20.0,75.0,15.4
931,2022-10-21 20:20:43,20.0,75.0,15.4
932,2022-10-21 20:25:43,20.0,75.0,15.4
933,2022-10-21 20:30:43,20.0,75.5,15.5
934,2022-10-21 20:35:43,20.5,75.5,16.0
935,2022-10-21 20:40:43,20.5,75.5,16.0
936,2022-10-21 20:45:43,20.5,76.0,16.1
937,2022-10-21 20:50:43,20.0,76.0,15.6
938,2022-10-21 20:55:43,20.0,76.0,15.6
939,2022-10-21 21:00:43,20.0,76.0,15.6
940,2022-10-21 21:05:43,20.0,76.0,15.6
941,2022-10-21 21:10:43,20.0,76.5,15.7
942,2022-10-21 21:15:43,20.0,76.5,15.7
943,2022-10-21 21:20:43,20.0,76.5,15.7
944,2022-10-21 21:25:43,20.0,76.5,15.7
945,2022-10-21 21:30:43,20.0,76.5,15.7
946,2022-10-21 21:35:43,20.0,77.0,15.8
947,2022-10-21 21:40:43,20.0,77.0,15.8
948,2022-10-21 21:45:43,20.0,76.5,15.7
949,2022-10-21 21:50:43,20.0,76.5,15.7
950,2022-10-21 21:55:43,20.0,76.5,15.7
951,2022-10-21 22:00:43,20.0,76.5,15.7
952,2022-10-21 22:05:43,19.5,76.5,15.3
953,2022-10-21 22:10:43,19.5,76.5,15.3
954,2022-10-21 22:15:43,19.5,76.5,15.3
955,2022-10-21 22:20:43,19.5,76.5,15.3
956,2022-10-21 22:25:43,19.0,76.0,14.7
957,2022-10-21 22:30:43,19.0,76.0,14.7
958,2022-10-21 22:35:43,19.0,76.0,14.7
959,2022-10-21 22:40:43,19.0,76.0,14.7
960,2022-10-21 22:45:43,19.0,76.0,14.7
961,2022-10-21 22:50:43,19.0,76.0,14.7
962,2022-10-21 22:55:43,19.0,75.5,14.6
963,2022-10-21 23:00:43,19.0,75.5,14.6
964,2022-10-21 23:05:43,18.5,75.5,14.1
965,2022-10-21 23:10:43,18.5,75.5,14.1
966,2022-10-21 23:15:43,18.5,75.5,14.1
967,2022-10-21 23:20:43,18.5,75.5,14.1
968,2022-10-21 23:25:43,18.5,75.5,14.1
969,2022-10-21 23:30:43,18.5,75.5,14.1
970,2022-10-21 23:35:43,18.5,75.5,14.1
971,2022-10-21 23:40:43,18.5,75.5,14.1
972,2022-10-21 23:45:43,18.0,75.5,13.6
973,2022-10-21 23:50:43,18.0,75.5,13.6
974,2022-10-21 23:55:43,18.0,75.5,13.6
975,2022-10-22 00:00:43,18.0,75.5,13.6
976,2022-10-22 00:05:43,18.0,75.5,13.6
977,2022-10-22 00:10:43,18.0,75.0,13.5
978,2022-10-22 00:15:43,18.0,75.0,13.5
979,2022-10-22 00:20:43,18.0,75.0,13.5
980,2022-10-22 00:25:43,18.0,75.0,13.5
981,2022-10-22 00:30:43,18.0,75.0,13.5
982,2022-10-22 00:35:43,18.0,75.0,13.5
983,2022-10-22 00:40:43,18.0,75.0,13.5
984,2022-10-22 00:45:43,17.5,75.0,13.0
985,2022-10-22 00:50:43,17.5,75.0,13.0
986,2022-10-22 00:55:43,17.5,75.0,13.0
987,2022-10-22 01:00:43,17.5,75.0,13.0
988,2022-10-22 01:05:43,17.5,75.0,13.0
989,2022-10-22 01:10:43,17.5,75.0,13.0
990,2022-10-22 01:15:43,17.5,75.0,13.0
991,2022-10-22 01:20:43,17.5,74.5,12.9
992,2022-10-22 01:25:43,17.5,74.5,12.9
993,2022-10-22 01:30:43,17.5,74.5,12.9
994,2022-10-22 01:35:43,17.5,74.5,12.9
995,2022-10-22 01:40:43,17.5,74.5,12.9
996,2022-10-22 01:45:43,17.5,74.5,12.9
997,2022-10-22 01:50:43,17.5,74.5,12.9
998,2022-10-22 01:55:43,17.5,74.5,12.9
999,2022-10-22 02:00:43,17.5,74.5,12.9
1000,2022-10-22 02:05:43,17.0,74.5,12.4
1001,2022-10-22 02:10:43,17.0,74.5,12.4
1002,2022-10-22 02:15:43,17.0,74.5,12.4
1003,2022-10-22 02:20:43,17.0,74.5,12.4
1004,2022-10-22 02:25:43,17.0,74.0,12.3
1005,2022-10-22 02:30:43,17.0,74.0,12.3
1006,2022-10-22 02:35:43,17.0,74.0,12.3
1007,2022-10-22 02:40:43,17.0,74.0,12.3
1008,2022-10-22 02:45:43,17.0,74.0,12.3
1009,2022-10-22 02:50:43,17.0,74.0,12.3
1010,2022-10-22 02:55:43,17.0,74.0,12.3
1011,2022-10-22 03:00:43,17.0,74.0,12.3
1012,2022-10-22 03:05:43,17.0,74.0,12.3
1013,2022-10-22 03:10:43,17.0,74.0,12.3
1014,2022-10-22 03:15:43,17.0,74.0,12.3
1015,2022-10-22 03:20:43,17.0,74.0,12.3
1016,2022-10-22 03:25:43,17.0,74.0,12.3
1017,2022-10-22 03:30:43,17.0,74.0,12.3
1018,2022-10-22 03:35:43,17.0,74.0,12.3
1019,2022-10-22 03:40:43,17.0,74.0,12.3
1020,2022-10-22 03:45:43,17.0,74.0,12.3
1021,2022-10-22 03:50:43,17.0,74.0,12.3
1022,2022-10-22 03:55:43,17.0,74.0,12.3
1023,2022-10-22 04:00:43,16.5,74.0,11.9
1024,2022-10-22 04:05:43,16.5,73.5,11.8
1025,2022-10-22 04:10:43,16.5,73.5,11.8
1026,2022-10-22 04:15:43,16.5,73.5,11.8
1027,2022-10-22 04:20:43,16.5,73.5,11.8
1028,2022-10-22 04:25:43,16.5,73.5,11.8
1029,2022-10-22 04:30:43,16.5,73.5,11.8
1030,2022-10-22 04:35:43,16.5,73.5,11.8
1031,2022-10-22 04:40:43,16.5,73.5,11.8
1032,2022-10-22 04:45:43,16.5,73.5,11.8
1033,2022-10-22 04:50:43,16.5,73.5,11.8
1034,2022-10-22 04:55:43,16.5,73.5,11.8
1035,2022-10-22 05:00:43,16.5,73.5,11.8
1036,2022-10-22 05:05:43,16.5,73.5,11.8
1037,2022-10-22 05:10:43,16.5,73.5,11.8
1038,2022-10-22 05:15:43,16.5,73.5,11.8
1039,2022-10-22 05:20:43,16.5,73.5,11.8
1040,2022-10-22 05:25:43,16.5,73.5,11.8
1041,2022-10-22 05:30:43,16.5,73.5,11.8
1042,2022-10-22 05:35:43,16.5,73.5,11.8
1043,2022-10-22 05:40:43,16.5,73.5,11.8
1044,2022-10-22 05:45:43,16.5,73.5,11.8
1045,2022-10-22 05:50:43,16.5,73.5,11.8
1046,2022-10-22 05:55:43,16.5,73.5,11.8
1047,2022-10-22 06:00:43,16.5,73.5,11.8
1048,2022-10-22 06:05:43,16.5,73.5,11.8
1049,2022-10-22 06:10:43,16.5,73.5,11.8
1050,2022-10-22 06:15:43,16.5,73.5,11.8
1051,2022-10-22 06:20:43,16.5,73.5,11.8
1052,2022-10-22 06:25:43,16.5,73.5,11.8
1053,2022-10-22 06:30:43,16.5,73.5,11.8
1054,2022-10-22 06:35:43,16.5,73.5,11.8
1055,2022-10-22 06:40:43,16.5,73.5,11.8
1056,2022-10-22 06:45:43,16.5,73.5,11.8
1057,2022-10-22 06:50:43,16.0,73.5,11.3
1058,2022-10-22 06:55:43,16.0,73.5,11.3
1059,2022-10-22 07:00:43,16.0,73.5,11.3
1060,2022-10-22 07:05:43,16.0,73.0,11.2
1061,2022-10-22 07:10:43,16.0,73.5,11.3
1062,2022-10-22 07:15:43,16.0,73.5,11.3
1063,2022-10-22 07:20:43,16.0,73.0,11.2
1064,2022-10-22 07:25:43,16.0,73.0,11.2
1065,2022-10-22 07:30:43,16.0,73.0,11.2
1066,2022-10-22 07:35:43,16.0,73.5,11.3
1067,2022-10-22 07:40:43,16.0,73.5,11.3
1068,2022-10-22 07:45:43,16.0,73.0,11.2
1069,2022-10-22 07:50:43,16.0,73.0,11.2
1070,2022-10-22 07:55:43,16.0,73.0,11.2
1071,2022-10-22 08:00:43,16.5,73.5,11.8
1072,2022-10-22 08:05:43,16.5,73.5,11.8
1073,2022-10-22 08:10:43,16.5,73.5,11.8
1074,2022-10-22 08:15:43,17.0,74.0,12.3
1075,2022-10-22 08:20:43,17.0,74.0,12.3
1076,2022-10-22 08:25:43,17.0,74.5,12.4
1077,2022-10-22 08:30:43,17.5,75.5,13.1
1078,2022-10-22 08:35:43,17.5,76.5,13.3
1079,2022-10-22 08:40:43,17.5,77.5,13.5
1080,2022-10-22 08:45:43,17.5,79.0,13.8
1081,2022-10-22 08:50:43,18.0,79.5,14.4
1082,2022-10-22 08:55:43,18.0,80.5,14.6
1083,2022-10-22 09:00:43,18.0,80.5,14.6
1084,2022-10-22 09:05:43,18.0,80.5,14.6
1085,2022-10-22 09:10:43,18.0,80.5,14.6
1086,2022-10-22 09:15:43,18.0,80.5,14.6
1087,2022-10-22 09:20:43,18.0,80.0,14.5
1088,2022-10-22 09:25:43,18.0,79.5,14.4
1089,2022-10-22 09:30:43,18.0,79.0,14.3
1090,2022-10-22 09:35:43,18.0,79.0,14.3
1091,2022-10-22 09:40:43,18.0,79.0,14.3
1092,2022-10-22 09:45:43,18.0,79.0,14.3
1093,2022-10-22 09:50:43,18.0,79.0,14.3
1094,2022-10-22 09:55:43,17.5,79.0,13.8
1095,2022-10-22 10:00:43,17.5,78.5,13.7
1096,2022-10-22 10:05:43,17.5,78.5,13.7
1097,2022-10-22 10:10:43,17.5,78.5,13.7
1098,2022-10-22 10:15:43,17.5,78.0,13.6
1099,2022-10-22 10:20:43,17.5,78.0,13.6
1100,2022-10-22 10:25:43,17.5,78.0,13.6
1101,2022-10-22 10:30:43,17.5,78.0,13.6
1102,2022-10-22 10:35:43,17.5,78.0,13.6
1103,2022-10-22 10:40:43,17.5,77.5,13.5
1104,2022-10-22 10:45:43,17.5,77.5,13.5
1105,2022-10-22 10:50:43,17.5,77.5,13.5
1106,2022-10-22 10:55:43,17.5,77.5,13.5
1107,2022-10-22 11:00:43,17.5,77.0,13.4
1108,2022-10-22 11:05:43,17.5,77.0,13.4
1109,2022-10-22 11:10:43,17.5,77.0,13.4
1110,2022-10-22 11:15:43,17.5,77.0,13.4
1111,2022-10-22 11:20:43,17.5,77.0,13.4
1112,2022-10-22 11:25:43,17.5,77.0,13.4
1113,2022-10-22 11:30:43,17.5,77.0,13.4
1114,2022-10-22 11:35:43,17.5,77.0,13.4
1115,2022-10-22 11:40:43,17.5,76.5,13.3
1116,2022-10-22 11:45:43,18.0,76.5,13.8
1117,2022-10-22 11:50:43,18.0,76.5,13.8
1118,2022-10-22 11:55:43,18.0,76.0,13.7
1119,2022-10-22 12:00:43,18.0,78.0,14.1
1120,2022-10-22 12:05:43,18.5,79.5,14.9
1121,2022-10-22 12:10:43,19.0,81.0,15.7
1122,2022-10-22 12:15:43,19.5,81.5,16.2
1123,2022-10-22 12:20:43,20.0,81.0,16.6
1124,2022-10-22 12:25:43,20.0,81.5,16.7
1125,2022-10-22 12:30:43,20.5,81.5,17.2
1126,2022-10-22 12:35:43,20.5,81.5,17.2
1127,2022-10-22 12:40:43,21.0,81.0,17.6
1128,2022-10-22 12:45:43,21.0,81.5,17.7
1129,2022-10-22 12:50:43,21.0,82.0,17.8
1130,2022-10-22 12:55:43,21.5,82.0,18.3
1131,2022-10-22 13:00:43,21.5,81.5,18.2
1132,2022-10-22 13:05:43,21.0,80.5,17.5
1133,2022-10-22 13:10:43,21.0,80.5,17.5
1134,2022-10-22 13:15:43,20.5,80.0,16.9
1135,2022-10-22 13:20:43,20.5,79.5,16.8
1136,2022-10-22 13:25:43,20.0,79.5,16.3
1137,2022-10-22 13:30:43,20.0,79.0,16.2
1138,2022-10-22 13:35:43,20.0,78.5,16.1
1139,2022-10-22 13:40:43,20.0,78.0,16.0
1140,2022-10-22 13:45:43,19.5,77.5,15.5
1141,2022-10-22 13:50:43,19.5,77.5,15.5
1142,2022-10-22 13:55:43,19.5,77.0,15.4
1143,2022-10-22 14:00:43,19.5,77.0,15.4
1144,2022-10-22 14:05:43,19.5,76.5,15.3
1145,2022-10-22 14:10:43,19.5,76.5,15.3
1146,2022-10-22 14:15:43,19.5,76.0,15.2
1147,2022-10-22 14:20:43,19.5,76.0,15.2
1148,2022-10-22 14:25:43,19.0,76.0,14.7
1149,2022-10-22 14:30:43,19.0,76.0,14.7
1150,2022-10-22 14:35:43,19.5,78.0,15.6
1151,2022-10-22 14:40:43,19.5,79.0,15.8
1152,2022-10-22 14:45:43,20.0,79.5,16.3
1153,2022-10-22 14:50:43,20.5,79.0,16.7
1154,2022-10-22 14:55:43,20.5,79.0,16.7
1155,2022-10-22 15:00:43,20.5,79.0,16.7
1156,2022-10-22 15:05:43,21.0,78.5,17.1
1157,2022-10-22 15:10:43,21.0,77.5,16.9
1158,2022-10-22 15:15:43,21.0,76.5,16.7
1159,2022-10-22 15:20:43,20.5,76.5,16.2
1160,2022-10-22 15:25:43,20.5,76.0,16.1
1161,2022-10-22 15:30:43,20.0,75.5,15.5
1162,2022-10-22 15:35:43,20.0,75.0,15.4
1163,2022-10-22 15:40:43,20.0,74.0,15.2
1164,2022-10-22 15:45:43,20.0,73.5,15.1
1165,2022-10-22 15:50:43,19.5,73.0,14.5
1166,2022-10-22 15:55:43,19.5,72.5,14.4
1167,2022-10-22 16:00:43,19.5,71.5,14.2
1168,2022-10-22 16:05:43,19.0,71.0,13.6
1169,2022-10-22 16:10:43,19.0,70.5,13.5
1170,2022-10-22 16:15:43,19.0,70.5,13.5
1171,2022-10-22 16:20:43,19.0,70.5,13.5
1172,2022-10-22 16:25:43,19.0,71.5,13.7
1173,2022-10-22 16:30:43,18.5,71.5,13.3
1174,2022-10-22 16:35:43,18.5,72.0,13.4
1175,2022-10-22 16:40:43,18.5,72.0,13.4
1176,2022-10-22 16:45:43,18.5,72.0,13.4
1177,2022-10-22 16:50:43,18.5,72.5,13.5
1178,2022-10-22 16:55:43,18.5,72.5,13.5
1179,2022-10-22 17:00:43,18.5,73.0,13.6
1180,2022-10-22 17:05:43,18.5,73.0,13.6
1181,2022-10-22 17:10:43,18.5,73.5,13.7
1182,2022-10-22 17:15:43,18.5,73.5,13.7
1183,2022-10-22 17:20:43,18.5,73.5,13.7
1184,2022-10-22 17:25:43,18.5,74.0,13.8
1185,2022-10-22 17:30:43,18.5,74.0,13.8
1186,2022-10-22 17:35:43,18.5,74.0,13.8
1187,2022-10-22 17:40:43,18.5,74.0,13.8
1188,2022-10-22 17:45:43,18.5,74.0,13.8
1189,2022-10-22 17:50:43,18.5,74.0,13.8
1190,2022-10-22 17:55:43,18.5,74.5,13.9
1191,2022-10-22 18:00:43,18.5,74.0,13.8
1192,2022-10-22 18:05:43,18.5,74.5,13.9
1193,2022-10-22 18:10:43,18.5,75.0,14.0
1194,2022-10-22 18:15:43,19.0,77.0,14.9
1195,2022-10-22 18:20:43,19.5,78.5,15.7
1196,2022-10-22 18:25:43,19.5,79.5,15.9
1197,2022-10-22 18:30:43,20.0,79.0,16.2
1198,2022-10-22 18:35:43,20.0,79.5,16.3
1199,2022-10-22 18:40:43,20.5,80.5,17.0
1200,2022-10-22 18:45:43,21.0,81.0,17.6
1201,2022-10-22 18:50:43,21.0,81.0,17.6
1202,2022-10-22 18:55:43,21.5,82.0,18.3
1203,2022-10-22 19:00:43,21.5,83.0,18.5
1204,2022-10-22 19:05:43,22.0,84.5,19.3
1205,2022-10-22 19:10:43,22.0,84.5,19.3
1206,2022-10-22 19:15:43,22.5,85.5,19.9
1207,2022-10-22 19:20:43,22.5,85.5,19.9
1208,2022-10-22 19:25:43,22.5,85.5,19.9
1209,2022-10-22 19:30:43,22.5,85.5,19.9
1210,2022-10-22 19:35:43,22.5,86.5,20.1
1211,2022-10-22 19:40:43,23.0,87.5,20.8
1212,2022-10-22 19:45:43,23.0,87.5,20.8
1213,2022-10-22 19:50:43,23.0,88.0,20.9
1214,2022-10-22 19:55:43,23.0,88.0,20.9
1215,2022-10-22 20:00:43,23.0,87.5,20.8
1216,2022-10-22 20:05:43,23.0,86.5,20.6
1217,2022-10-22 20:10:43,23.0,85.5,20.4
1218,2022-10-22 20:15:43,23.0,86.0,20.5
1219,2022-10-22 20:20:43,22.5,85.5,19.9
1220,2022-10-22 20:25:43,22.5,84.0,19.7
1221,2022-10-22 20:30:43,22.0,83.0,19.0
1222,2022-10-22 20:35:43,22.0,82.5,18.9
1223,2022-10-22 20:40:43,22.0,81.0,18.6
1224,2022-10-22 20:45:43,21.5,80.0,17.9
1225,2022-10-22 20:50:43,21.5,79.5,17.8
1226,2022-10-22 20:55:43,21.5,78.5,17.6
1227,2022-10-22 21:00:43,21.5,78.5,17.6
1228,2022-10-22 21:05:43,21.5,78.0,17.5
1229,2022-10-22 21:10:43,21.0,77.5,16.9
1230,2022-10-22 21:15:43,21.0,77.0,16.8
1231,2022-10-22 21:20:43,21.0,76.5,16.7
1232,2022-10-22 21:25:43,21.0,76.5,16.7
1233,2022-10-22 21:30:43,21.0,76.5,16.7
1234,2022-10-22 21:35:43,20.5,77.0,16.3
1235,2022-10-22 21:40:43,20.5,77.5,16.4
1236,2022-10-22 21:45:43,20.0,77.5,15.9
1237,2022-10-22 21:50:43,20.0,78.0,16.0
1238,2022-10-22 21:55:43,20.0,78.0,16.0
1239,2022-10-22 22:00:43,20.0,78.0,16.0
1240,2022-10-22 22:05:43,19.5,78.5,15.7
1241,2022-10-22 22:10:43,19.5,78.5,15.7
1242,2022-10-22 22:15:43,19.5,78.5,15.7
1243,2022-10-22 22:20:43,19.5,78.5,15.7
1244,2022-10-22 22:25:43,19.5,78.5,15.7
1245,2022-10-22 22:30:43,19.5,78.5,15.7
1246,2022-10-22 22:35:43,19.0,78.5,15.2
1247,2022-10-22 22:40:43,19.0,78.5,15.2
1248,2022-10-22 22:45:43,19.0,78.5,15.2
1249,2022-10-22 22:50:43,19.0,78.5,15.2
1250,2022-10-22 22:55:43,19.0,78.5,15.2
1251,2022-10-22 23:00:43,19.0,78.5,15.2
1252,2022-10-22 23:05:43,19.0,78.5,15.2
1253,2022-10-22 23:10:43,19.0,78.5,15.2
1254,2022-10-22 23:15:43,19.0,78.0,15.1
1255,2022-10-22 23:20:43,18.5,78.0,14.6
1256,2022-10-22 23:25:43,18.5,78.0,14.6
1257,2022-10-22 23:30:43,18.5,78.0,14.6
1258,2022-10-22 23:35:43,18.5,78.0,14.6
1259,2022-10-22 23:40:43,18.5,78.0,14.6
1260,2022-10-22 23:45:43,18.5,78.0,14.6
1261,2022-10-22 23:50:43,18.5,78.0,14.6
1262,2022-10-22 23:55:43,18.5,78.0,14.6
1263,2022-10-23 00:00:43,18.5,78.0,14.6
1264,2022-10-23 00:05:43,18.5,77.5,14.5
1265,2022-10-23 00:10:43,18.0,77.5,14.0
1266,2022-10-23 00:15:43,18.0,77.5,14.0
1267,2022-10-23 00:20:43,18.0,77.5,14.0
1268,2022-10-23 00:25:43,18.0,77.5,14.0
1269,2022-10-23 00:30:43,18.0,77.5,14.0
1270,2022-10-23 00:35:43,18.0,77.5,14.0
1271,2022-10-23 00:40:43,18.0,77.5,14.0
1272,2022-10-23 00:45:43,18.0,77.5,14.0
1273,2022-10-23 00:50:43,18.0,77.5,14.0
1274,2022-10-23 00:55:43,18.0,77.5,14.0
1275,2022-10-23 01:00:43,18.0,77.5,14.0
1276,2022-10-23 01:05:43,18.0,77.5,14.0
1277,2022-10-23 01:10:43,18.0,77.5,14.0
1278,2022-10-23 01:15:43,18.0,77.5,14.0
1279,2022-10-23 01:20:43,17.5,77.5,13.5
1280,2022-10-23 01:25:43,17.5,77.5,13.5
1281,2022-10-23 01:30:43,17.5,77.5,13.5
1282,2022-10-23 01:35:43,17.5,77.5,13.5
1283,2022-10-23 01:40:43,17.5,77.5,13.5
1284,2022-10-23 01:45:43,17.5,77.5,13.5
1285,2022-10-23 01:50:43,17.5,77.5,13.5
1286,2022-10-23 01:55:43,17.5,77.5,13.5
1287,2022-10-23 02:00:43,17.5,77.5,13.5
1288,2022-10-23 02:05:43,17.5,77.5,13.5
1289,2022-10-23 02:10:43,17.5,77.5,13.5
1290,2022-10-23 02:15:43,17.5,77.5,13.5
1291,2022-10-23 02:20:43,17.5,77.5,13.5
1292,2022-10-23 02:25:43,17.5,77.5,13.5
1293,2022-10-23 02:30:43,17.5,77.5,13.5
1294,2022-10-23 02:35:43,17.5,77.5,13.5
1295,2022-10-23 02:40:43,17.5,77.5,13.5
1296,2022-10-23 02:45:43,17.5,77.5,13.5
1297,2022-10-23 02:50:43,17.0,77.5,13.0
1298,2022-10-23 02:55:43,17.0,77.5,13.0
1299,2022-10-23 03:00:43,17.0,77.5,13.0
1300,2022-10-23 03:05:43,17.0,77.5,13.0
1301,2022-10-23 03:10:43,17.0,77.5,13.0
1302,2022-10-23 03:15:43,17.0,77.5,13.0
1303,2022-10-23 03:20:43,17.0,77.0,12.9
1304,2022-10-23 03:25:43,17.0,77.0,12.9
1305,2022-10-23 03:30:43,17.0,77.0,12.9
1306,2022-10-23 03:35:43,17.0,77.0,12.9
1307,2022-10-23 03:40:43,17.0,77.0,12.9
1308,2022-10-23 03:45:43,17.0,77.0,12.9
1309,2022-10-23 03:50:43,17.0,77.0,12.9
1310,2022-10-23 03:55:43,17.0,77.0,12.9
1311,2022-10-23 04:00:43,17.0,77.0,12.9
1312,2022-10-23 04:05:43,17.0,77.0,12.9
1313,2022-10-23 04:10:43,17.0,77.0,12.9
1314,2022-10-23 04:15:43,17.0,77.0,12.9
1315,2022-10-23 04:20:43,17.0,77.0,12.9
1316,2022-10-23 04:25:43,17.0,77.0,12.9
1317,2022-10-23 04:30:43,17.0,77.0,12.9
1318,2022-10-23 04:35:43,17.0,77.0,12.9
1319,2022-10-23 04:40:43,17.0,76.5,12.8
1320,2022-10-23 04:45:43,17.0,77.0,12.9
1321,2022-10-23 04:50:43,16.5,76.5,12.4
1322,2022-10-23 04:55:43,16.5,76.5,12.4
1323,2022-10-23 05:00:43,16.5,76.5,12.4
1324,2022-10-23 05:05:43,16.5,76.5,12.4
1325,2022-10-23 05:10:43,16.5,76.5,12.4
1326,2022-10-23 05:15:43,16.5,76.5,12.4
1327,2022-10-23 05:20:43,16.5,76.5,12.4
1328,2022-10-23 05:25:43,16.5,76.5,12.4
1329,2022-10-23 05:30:43,16.5,76.5,12.4
1330,2022-10-23 05:35:43,16.5,76.5,12.4
1331,2022-10-23 05:40:43,16.5,76.5,12.4
1332,2022-10-23 05:45:43,16.5,76.5,12.4
1333,2022-10-23 05:50:43,16.5,76.5,12.4
1334,2022-10-23 05:55:43,16.5,76.5,12.4
1335,2022-10-23 06:00:43,16.5,76.5,12.4
1336,2022-10-23 06:05:43,16.5,76.5,12.4
1337,2022-10-23 06:10:43,16.5,76.5,12.4
1338,2022-10-23 06:15:43,16.5,76.5,12.4
1339,2022-10-23 06:20:43,16.5,76.5,12.4
1340,2022-10-23 06:25:43,16.5,76.5,12.4
1341,2022-10-23 06:30:43,16.5,76.0,12.3
1342,2022-10-23 06:35:43,16.5,76.0,12.3
1343,2022-10-23 06:40:43,16.5,76.0,12.3
1344,2022-10-23 06:45:43,16.5,76.0,12.3
1345,2022-10-23 06:50:43,16.5,76.0,12.3
1346,2022-10-23 06:55:43,16.5,76.0,12.3
1347,2022-10-23 07:00:43,16.5,76.0,12.3
1348,2022-10-23 07:05:43,16.5,76.0,12.3
1349,2022-10-23 07:10:43,16.5,76.0,12.3
1350,2022-10-23 07:15:43,16.5,76.0,12.3
1351,2022-10-23 07:20:43,16.5,76.0,12.3
1352,2022-10-23 07:25:43,16.5,76.0,12.3
1353,2022-10-23 07:30:43,16.5,76.0,12.3
1354,2022-10-23 07:35:43,16.5,76.0,12.3
1355,2022-10-23 07:40:43,16.5,76.0,12.3
1356,2022-10-23 07:45:43,16.0,76.0,11.8
1357,2022-10-23 07:50:43,16.0,76.0,11.8
1358,2022-10-23 07:55:43,16.0,76.0,11.8
1359,2022-10-23 08:00:43,16.0,76.0,11.8
1360,2022-10-23 08:05:43,16.0,76.0,11.8
1361,2022-10-23 08:10:43,16.0,76.0,11.8
1362,2022-10-23 08:15:43,16.0,76.0,11.8
1363,2022-10-23 08:20:43,16.0,76.0,11.8
1364,2022-10-23 08:25:43,16.0,76.0,11.8
1365,2022-10-23 08:30:43,16.0,76.0,11.8
1366,2022-10-23 08:35:43,16.0,76.0,11.8
1367,2022-10-23 08:40:43,16.0,76.0,11.8
1368,2022-10-23 08:45:43,16.0,76.0,11.8
1369,2022-10-23 08:50:43,16.0,76.0,11.8
1370,2022-10-23 08:55:43,16.0,76.0,11.8
1371,2022-10-23 09:00:43,16.0,76.0,11.8
1372,2022-10-23 09:05:43,16.0,76.0,11.8
1373,2022-10-23 09:10:43,16.0,76.0,11.8
1374,2022-10-23 09:15:43,16.5,76.0,12.3
1375,2022-10-23 09:20:43,16.5,76.0,12.3
1376,2022-10-23 09:25:43,16.5,76.0,12.3
1377,2022-10-23 09:30:43,16.5,76.0,12.3
1378,2022-10-23 09:35:43,16.5,76.0,12.3
1379,2022-10-23 09:40:43,16.5,75.5,12.2
1380,2022-10-23 09:45:43,16.5,75.5,12.2
1381,2022-10-23 09:50:43,16.5,75.5,12.2
1382,2022-10-23 09:55:43,16.5,75.5,12.2
1383,2022-10-23 10:00:43,16.5,75.5,12.2
1384,2022-10-23 10:05:43,16.5,75.5,12.2
1385,2022-10-23 10:10:43,16.5,75.5,12.2
1386,2022-10-23 10:15:43,16.5,75.5,12.2
1387,2022-10-23 10:20:43,16.5,75.5,12.2
1388,2022-10-23 10:25:43,16.5,75.0,12.1
1389,2022-10-23 10:30:43,16.5,75.0,12.1
1390,2022-10-23 10:35:43,16.5,75.5,12.2
1391,2022-10-23 10:40:43,16.5,75.0,12.1
1392,2022-10-23 10:45:43,16.5,75.0,12.1
1393,2022-10-23 10:50:43,16.5,75.0,12.1
1394,2022-10-23 10:55:43,16.5,75.0,12.1
1395,2022-10-23 11:00:43,16.5,75.0,12.1
1396,2022-10-23 11:05:43,16.5,75.5,12.2
1397,2022-10-23 11:10:43,17.0,76.0,12.7
1398,2022-10-23 11:15:43,17.0,76.5,12.8
1399,2022-10-23 11:20:43,17.0,76.5,12.8
1400,2022-10-23 11:25:43,17.0,77.0,12.9
1401,2022-10-23 11:30:43,17.0,77.5,13.0
1402,2022-10-23 11:35:43,17.5,77.5,13.5
1403,2022-10-23 11:40:43,17.5,78.0,13.6
1404,2022-10-23 11:45:43,17.5,78.5,13.7
1405,2022-10-23 11:50:43,17.5,78.5,13.7
1406,2022-10-23 11:55:43,17.5,79.0,13.8
1407,2022-10-23 12:00:43,18.0,78.5,14.2
1408,2022-10-23 12:05:43,18.0,79.0,14.3
1409,2022-10-23 12:10:43,18.0,79.0,14.3
1410,2022-10-23 12:15:43,18.0,79.0,14.3
1411,2022-10-23 12:20:43,18.0,79.0,14.3
1412,2022-10-23 12:25:43,18.5,79.0,14.8
1413,2022-10-23 12:30:43,18.5,80.0,15.0
1414,2022-10-23 12:35:43,18.5,79.5,14.9
1415,2022-10-23 12:40:43,18.5,79.5,14.9
1416,2022-10-23 12:45:43,18.5,79.5,14.9
1417,2022-10-23 12:50:43,18.5,79.5,14.9
1418,2022-10-23 12:55:43,18.5,79.5,14.9
1419,2022-10-23 13:00:43,18.5,80.0,15.0
1420,2022-10-23 13:05:43,18.5,80.0,15.0
1421,2022-10-23 13:10:43,18.5,79.5,14.9
1422,2022-10-23 13:15:43,18.5,79.5,14.9
1423,2022-10-23 13:20:43,18.5,79.5,14.9
1424,2022-10-23 13:25:43,18.5,79.5,14.9
1425,2022-10-23 13:30:43,18.0,79.5,14.4
1426,2022-10-23 13:35:43,18.0,79.5,14.4
1427,2022-10-23 13:40:43,18.0,79.0,14.3
1428,2022-10-23 13:45:43,18.0,79.0,14.3
1429,2022-10-23 13:50:43,18.0,79.0,14.3
1430,2022-10-23 13:55:43,18.0,79.0,14.3
1431,2022-10-23 14:00:43,18.0,79.0,14.3
1432,2022-10-23 14:05:43,18.0,79.0,14.3
1433,2022-10-23 14:10:43,18.0,79.0,14.3
1434,2022-10-23 14:15:43,18.0,79.0,14.3
1435,2022-10-23 14:20:43,18.0,79.0,14.3
1436,2022-10-23 14:25:43,18.0,79.0,14.3
1437,2022-10-23 14:30:43,18.0,79.5,14.4
1438,2022-10-23 14:35:43,18.0,79.0,14.3
1439,2022-10-23 14:40:43,18.0,79.0,14.3
1440,2022-10-23 14:45:43,18.0,79.0,14.3
1441,2022-10-23 14:50:43,18.5,78.5,14.7
1442,2022-10-23 14:55:43,18.5,78.5,14.7
1443,2022-10-23 15:00:43,18.5,78.5,14.7
1444,2022-10-23 15:05:43,18.5,78.0,14.6
1445,2022-10-23 15:10:43,18.5,78.0,14.6
1446,2022-10-23 15:15:43,19.0,78.0,15.1
1447,2022-10-23 15:20:43,19.0,77.5,15.0
1448,2022-10-23 15:25:43,19.0,77.5,15.0
1449,2022-10-23 15:30:43,19.0,77.5,15.0
1450,2022-10-23 15:35:43,19.0,77.5,15.0
1451,2022-10-23 15:40:43,19.0,77.5,15.0
1452,2022-10-23 15:45:43,19.0,77.5,15.0
1453,2022-10-23 15:50:43,18.5,77.5,14.5
1454,2022-10-23 15:55:43,19.0,77.0,14.9
1455,2022-10-23 16:00:43,19.0,77.0,14.9
1456,2022-10-23 16:05:43,19.0,77.0,14.9
1457,2022-10-23 16:10:43,19.0,76.5,14.8
1458,2022-10-23 16:15:43,19.0,76.5,14.8
1459,2022-10-23 16:20:43,19.5,76.0,15.2
1460,2022-10-23 16:25:43,19.5,76.0,15.2
1461,2022-10-23 16:30:43,19.5,76.0,15.2
1462,2022-10-23 16:35:43,19.5,76.0,15.2
1463,2022-10-23 16:40:43,19.5,76.0,15.2
1464,2022-10-23 16:45:43,19.5,75.5,15.1
1465,2022-10-23 16:50:43,19.5,76.0,15.2
1466,2022-10-23 16:55:43,19.5,75.5,15.1
1467,2022-10-23 17:00:43,19.5,75.5,15.1
1468,2022-10-23 17:05:43,19.5,75.5,15.1
1469,2022-10-23 17:10:43,19.5,75.5,15.1
1470,2022-10-23 17:15:43,19.5,75.5,15.1
1471,2022-10-23 17:20:43,19.0,75.5,14.6
1472,2022-10-23 17:25:43,19.0,75.5,14.6
1473,2022-10-23 17:30:43,19.0,75.5,14.6
1474,2022-10-23 17:35:43,19.0,76.0,14.7
1475,2022-10-23 17:40:43,19.0,76.0,14.7
1476,2022-10-23 17:45:43,19.0,76.0,14.7
1477,2022-10-23 17:50:43,19.0,76.0,14.7
1478,2022-10-23 17:55:43,18.5,76.0,14.2
1479,2022-10-23 18:00:43,18.5,76.0,14.2
1480,2022-10-23 18:05:43,18.5,76.0,14.2
1481,2022-10-23 18:10:43,18.5,76.0,14.2
1482,2022-10-23 18:15:43,18.5,76.0,14.2
1483,2022-10-23 18:20:43,18.5,76.5,14.3
1484,2022-10-23 18:25:43,18.5,76.5,14.3
1485,2022-10-23 18:30:43,18.5,76.5,14.3
1486,2022-10-23 18:35:43,18.5,76.5,14.3
1487,2022-10-23 18:40:43,18.0,76.5,13.8
1488,2022-10-23 18:45:43,18.0,76.5,13.8
1489,2022-10-23 18:50:43,18.0,76.5,13.8
1490,2022-10-23 18:55:43,18.0,76.5,13.8
1491,2022-10-23 19:00:43,18.0,76.5,13.8
1492,2022-10-23 19:05:43,18.0,76.5,13.8
1493,2022-10-23 19:10:43,18.0,76.5,13.8
1494,2022-10-23 19:15:43,18.0,76.5,13.8
1495,2022-10-23 19:20:43,18.0,76.5,13.8
1496,2022-10-23 19:25:43,18.0,76.5,13.8
1497,2022-10-23 19:30:43,18.0,76.0,13.7
1498,2022-10-23 19:35:43,18.0,76.0,13.7
1499,2022-10-23 19:40:43,17.5,76.0,13.2
1500,2022-10-23 19:45:43,17.5,76.0,13.2
1501,2022-10-23 19:50:43,17.5,76.0,13.2
1502,2022-10-23 19:55:43,17.5,76.0,13.2
1503,2022-10-23 20:00:43,17.5,76.0,13.2
1504,2022-10-23 20:05:43,17.5,76.0,13.2
1505,2022-10-23 20:10:43,17.5,76.0,13.2
1506,2022-10-23 20:15:43,17.5,76.0,13.2
1507,2022-10-23 20:20:43,17.5,76.0,13.2
1508,2022-10-23 20:25:43,17.5,76.0,13.2
1509,2022-10-23 20:30:43,17.5,76.0,13.2
1510,2022-10-23 20:35:43,17.5,76.0,13.2
1511,2022-10-23 20:40:43,17.5,76.0,13.2
1512,2022-10-23 20:45:43,17.5,76.0,13.2
1513,2022-10-23 20:50:43,17.5,76.0,13.2
1514,2022-10-23 20:55:43,17.5,76.0,13.2
1515,2022-10-23 21:00:43,17.5,76.0,13.2
1516,2022-10-23 21:05:43,17.5,76.0,13.2
1517,2022-10-23 21:10:43,17.5,76.0,13.2
1518,2022-10-23 21:15:43,17.0,76.0,12.7
1519,2022-10-23 21:20:43,17.0,76.0,12.7
1520,2022-10-23 21:25:43,17.0,76.0,12.7
1521,2022-10-23 21:30:43,17.0,76.0,12.7
1522,2022-10-23 21:35:43,17.0,76.0,12.7
1523,2022-10-23 21:40:43,17.0,76.0,12.7
1524,2022-10-23 21:45:43,17.0,75.5,12.6
1525,2022-10-23 21:50:43,17.0,75.5,12.6
1526,2022-10-23 21:55:43,17.0,75.5,12.6
1527,2022-10-23 22:00:43,17.0,75.5,12.6
1528,2022-10-23 22:05:43,17.0,75.5,12.6
1529,2022-10-23 22:10:43,17.0,75.5,12.6
1530,2022-10-23 22:15:43,17.0,75.5,12.6
1531,2022-10-23 22:20:43,17.0,75.5,12.6
1532,2022-10-23 22:25:43,17.0,75.5,12.6
1533,2022-10-23 22:30:43,17.0,75.5,12.6
1534,2022-10-23 22:35:43,17.0,75.5,12.6
1535,2022-10-23 22:40:43,17.0,75.5,12.6
1536,2022-10-23 22:45:43,17.0,75.5,12.6
1537,2022-10-23 22:50:43,17.0,75.5,12.6
1538,2022-10-23 22:55:43,17.0,75.5,12.6
1539,2022-10-23 23:00:43,17.0,75.5,12.6
1540,2022-10-23 23:05:43,17.0,75.5,12.6
1541,2022-10-23 23:10:43,17.0,75.5,12.6
1542,2022-10-23 23:15:43,17.0,75.5,12.6
1543,2022-10-23 23:20:43,17.0,75.5,12.6
1544,2022-10-23 23:25:43,17.0,75.5,12.6
1545,2022-10-23 23:30:43,17.0,75.5,12.6
1546,2022-10-23 23:35:43,17.0,75.5,12.6
1547,2022-10-23 23:40:43,16.5,75.5,12.2
1548,2022-10-23 23:45:43,16.5,75.5,12.2
1549,2022-10-23 23:50:43,16.5,75.5,12.2
1550,2022-10-23 23:55:43,16.5,75.5,12.2
1551,2022-10-24 00:00:43,16.5,75.5,12.2
1552,2022-10-24 00:05:43,16.5,75.5,12.2
1553,2022-10-24 00:10:43,16.5,75.5,12.2
1554,2022-10-24 00:15:43,16.5,75.5,12.2
1555,2022-10-24 00:20:43,16.5,75.5,12.2
1556,2022-10-24 00:25:43,16.5,75.5,12.2
1557,2022-10-24 00:30:43,16.5,75.5,12.2
1558,2022-10-24 00:35:43,16.5,75.5,12.2
1559,2022-10-24 00:40:43,16.5,75.5,12.2
1560,2022-10-24 00:45:43,16.5,75.5,12.2
1561,2022-10-24 00:50:43,16.5,75.5,12.2
1562,2022-10-24 00:55:43,16.5,75.5,12.2
1563,2022-10-24 01:00:43,16.5,75.5,12.2
1564,2022-10-24 01:05:43,16.5,75.5,12.2
1565,2022-10-24 01:10:43,16.5,75.5,12.2
1566,2022-10-24 01:15:43,16.5,75.5,12.2
1567,2022-10-24 01:20:43,16.5,75.5,12.2
1568,2022-10-24 01:25:43,16.5,75.5,12.2
1569,2022-10-24 01:30:43,16.5,75.5,12.2
1570,2022-10-24 01:35:43,16.5,75.5,12.2
1571,2022-10-24 01:40:43,16.5,75.5,12.2
1572,2022-10-24 01:45:43,16.5,75.5,12.2
1573,2022-10-24 01:50:43,16.5,75.5,12.2
1574,2022-10-24 01:55:43,16.5,75.5,12.2
1575,2022-10-24 02:00:43,16.5,75.0,12.1
1576,2022-10-24 02:05:43,16.5,75.0,12.1
1577,2022-10-24 02:10:43,16.5,75.0,12.1
1578,2022-10-24 02:15:43,16.5,75.0,12.1
1579,2022-10-24 02:20:43,16.5,75.0,12.1
1580,2022-10-24 02:25:43,16.5,75.0,12.1
1581,2022-10-24 02:30:43,16.5,75.0,12.1
1582,2022-10-24 02:35:43,16.5,75.0,12.1
1583,2022-10-24 02:40:43,16.5,75.0,12.1
1584,2022-10-24 02:45:43,16.5,75.0,12.1
1585,2022-10-24 02:50:43,16.5,75.0,12.1
1586,2022-10-24 02:55:43,16.5,75.0,12.1
1587,2022-10-24 03:00:43,16.5,75.0,12.1
1588,2022-10-24 03:05:43,16.5,75.0,12.1
1589,2022-10-24 03:10:43,16.5,75.0,12.1
1590,2022-10-24 03:15:43,16.5,75.0,12.1
1591,2022-10-24 03:20:43,16.0,75.0,11.6
1592,2022-10-24 03:25:43,16.0,75.0,11.6
1593,2022-10-24 03:30:43,16.0,75.0,11.6
1594,2022-10-24 03:35:43,16.0,75.0,11.6
1595,2022-10-24 03:40:43,16.0,75.0,11.6
1596,2022-10-24 03:45:43,16.0,75.0,11.6
1597,2022-10-24 03:50:43,16.0,75.0,11.6
1598,2022-10-24 03:55:43,16.0,75.0,11.6
1599,2022-10-24 04:00:43,16.0,75.0,11.6
1600,2022-10-24 04:05:43,16.0,75.0,11.6
1601,2022-10-24 04:10:43,16.0,75.0,11.6
1602,2022-10-24 04:15:43,16.0,75.0,11.6
1603,2022-10-24 04:20:43,16.0,75.0,11.6
1604,2022-10-24 04:25:43,16.0,75.0,11.6
1605,2022-10-24 04:30:43,16.0,75.0,11.6
1606,2022-10-24 04:35:43,16.0,75.0,11.6
1607,2022-10-24 04:40:43,16.0,75.0,11.6
1608,2022-10-24 04:45:43,16.0,75.0,11.6
1609,2022-10-24 04:50:43,16.0,75.0,11.6
1610,2022-10-24 04:55:43,16.0,75.0,11.6
1611,2022-10-24 05:00:43,16.0,75.0,11.6
1612,2022-10-24 05:05:43,16.0,75.0,11.6
1613,2022-10-24 05:10:43,16.0,75.0,11.6
1614,2022-10-24 05:15:43,16.0,75.0,11.6
1615,2022-10-24 05:20:43,16.0,75.0,11.6
1616,2022-10-24 05:25:43,16.0,75.0,11.6
1617,2022-10-24 05:30:43,16.0,75.0,11.6
1618,2022-10-24 05:35:43,16.0,75.0,11.6
1619,2022-10-24 05:40:43,16.0,75.0,11.6
1620,2022-10-24 05:45:43,16.0,75.0,11.6
1621,2022-10-24 05:50:43,16.0,75.0,11.6
1622,2022-10-24 05:55:43,16.0,75.0,11.6
1623,2022-10-24 06:00:43,16.0,75.0,11.6
1624,2022-10-24 06:05:43,16.0,75.0,11.6
1625,2022-10-24 06:10:43,16.0,75.0,11.6
1626,2022-10-24 06:15:43,16.0,75.0,11.6
1627,2022-10-24 06:20:43,16.0,75.0,11.6
1628,2022-10-24 06:25:43,16.0,75.0,11.6
1629,2022-10-24 06:30:43,16.0,75.0,11.6
1630,2022-10-24 06:35:43,16.0,75.0,11.6
1631,2022-10-24 06:40:43,16.0,75.0,11.6
1632,2022-10-24 06:45:43,16.0,75.0,11.6
1633,2022-10-24 06:50:43,16.0,75.0,11.6
1634,2022-10-24 06:55:43,16.0,75.0,11.6
1635,2022-10-24 07:00:43,16.0,75.0,11.6
1636,2022-10-24 07:05:43,16.0,75.0,11.6
1637,2022-10-24 07:10:43,16.0,75.0,11.6
1638,2022-10-24 07:15:43,16.0,75.0,11.6
1639,2022-10-24 07:20:43,16.0,75.0,11.6
1640,2022-10-24 07:25:43,16.0,75.0,11.6
1641,2022-10-24 07:30:43,16.0,75.0,11.6
1642,2022-10-24 07:35:43,16.0,75.0,11.6
1643,2022-10-24 07:40:43,16.0,75.0,11.6
1644,2022-10-24 07:45:43,16.0,75.0,11.6
1645,2022-10-24 07:50:43,16.0,75.0,11.6
1646,2022-10-24 07:55:43,16.0,75.0,11.6
1647,2022-10-24 08:00:43,16.0,75.0,11.6
1648,2022-10-24 08:05:43,16.0,75.0,11.6
1649,2022-10-24 08:10:43,16.0,75.0,11.6
1650,2022-10-24 08:15:43,16.0,75.0,11.6
1651,2022-10-24 08:20:43,16.0,75.0,11.6
1652,2022-10-24 08:25:43,16.0,75.0,11.6
1653,2022-10-24 08:30:43,16.0,75.0,11.6
1654,2022-10-24 08:35:43,15.5,75.0,11.1
1655,2022-10-24 08:40:43,15.5,75.0,11.1
1656,2022-10-24 08:45:43,16.0,75.0,11.6
1657,2022-10-24 08:50:43,16.0,75.0,11.6
1658,2022-10-24 08:55:43,16.0,75.0,11.6
1659,2022-10-24 09:00:43,16.0,75.0,11.6
1660,2022-10-24 09:05:43,15.5,75.0,11.1
1661,2022-10-24 09:10:43,15.5,75.0,11.1
1662,2022-10-24 09:15:43,15.5,75.0,11.1
1663,2022-10-24 09:20:43,15.5,75.0,11.1
1664,2022-10-24 09:25:43,15.5,75.0,11.1
1665,2022-10-24 09:30:43,15.5,75.0,11.1
1666,2022-10-24 09:35:43,15.5,75.0,11.1
1667,2022-10-24 09:40:43,16.0,75.0,11.6
1668,2022-10-24 09:45:43,16.0,75.0,11.6
1669,2022-10-24 09:50:43,16.0,75.0,11.6
1670,2022-10-24 09:55:43,16.0,74.5,11.5
1671,2022-10-24 10:00:43,16.0,74.5,11.5
1672,2022-10-24 10:05:43,16.0,74.5,11.5
1673,2022-10-24 10:10:43,16.0,74.5,11.5
1674,2022-10-24 10:15:43,16.5,74.0,11.9
1675,2022-10-24 10:20:43,16.5,74.0,11.9
1676,2022-10-24 10:25:43,16.5,74.0,11.9
1677,2022-10-24 10:30:43,16.5,73.5,11.8
1678,2022-10-24 10:35:43,17.0,73.5,12.2
1679,2022-10-24 10:40:43,17.0,73.0,12.1
1680,2022-10-24 10:45:43,17.0,73.0,12.1
1681,2022-10-24 10:50:43,17.0,73.5,12.2
1682,2022-10-24 10:55:43,17.0,74.0,12.3
1683,2022-10-24 11:00:43,16.5,74.0,11.9
1684,2022-10-24 11:05:43,17.0,74.0,12.3
1685,2022-10-24 11:10:43,17.0,74.0,12.3
1686,2022-10-24 11:15:43,17.0,73.0,12.1
1687,2022-10-24 11:20:43,17.0,73.0,12.1
1688,2022-10-24 11:25:43,17.5,73.0,12.6
1689,2022-10-24 11:30:43,17.0,73.0,12.1
1690,2022-10-24 11:35:43,17.5,73.0,12.6
1691,2022-10-24 11:40:43,17.5,73.0,12.6
1692,2022-10-24 11:45:43,17.5,72.5,12.5
1693,2022-10-24 11:50:43,18.0,72.0,12.9
1694,2022-10-24 11:55:43,18.0,72.0,12.9
1695,2022-10-24 12:00:43,18.0,71.5,12.8
1696,2022-10-24 12:05:43,18.0,71.0,12.7
1697,2022-10-24 12:10:43,18.5,70.5,13.0
1698,2022-10-24 12:15:43,19.0,70.0,13.4
1699,2022-10-24 12:20:43,21.5,64.0,14.4
1700,2022-10-24 12:25:43,20.5,64.5,13.6
1701,2022-10-24 12:30:43,19.5,66.5,13.1
1702,2022-10-24 12:35:43,19.0,68.0,13.0
1703,2022-10-24 12:40:43,18.5,69.0,12.7
1704,2022-10-24 12:45:43,18.5,69.5,12.8
1705,2022-10-24 12:50:43,18.0,70.5,12.6
1706,2022-10-24 12:55:43,18.0,70.5,12.6
1707,2022-10-24 13:00:43,18.0,71.0,12.7
1708,2022-10-24 13:05:43,17.5,71.5,12.3
1709,2022-10-24 13:10:43,17.5,71.5,12.3
1710,2022-10-24 13:15:43,17.5,72.0,12.4
1711,2022-10-24 13:20:43,17.5,72.0,12.4
1712,2022-10-24 13:25:43,17.5,72.0,12.4
1713,2022-10-24 13:30:43,17.5,72.0,12.4
1714,2022-10-24 13:35:43,17.5,72.0,12.4
1715,2022-10-24 13:40:43,17.5,72.0,12.4
1716,2022-10-24 13:45:43,17.5,72.5,12.5
1717,2022-10-24 13:50:43,17.5,72.5,12.5
1718,2022-10-24 13:55:43,17.5,72.5,12.5
1719,2022-10-24 14:00:43,17.5,72.5,12.5
1720,2022-10-24 14:05:43,17.5,72.5,12.5
1721,2022-10-24 14:10:43,17.5,72.0,12.4
1722,2022-10-24 14:15:43,17.5,72.0,12.4
1723,2022-10-24 14:20:43,17.5,72.0,12.4
1724,2022-10-24 14:25:43,17.5,72.0,12.4
1725,2022-10-24 14:30:43,17.5,72.5,12.5
1726,2022-10-24 14:35:43,17.5,72.5,12.5
1727,2022-10-24 14:40:43,17.0,72.5,12.0
1728,2022-10-24 14:45:43,17.0,73.0,12.1
1729,2022-10-24 14:50:43,17.0,73.0,12.1
1730,2022-10-24 14:55:43,17.0,73.0,12.1
1731,2022-10-24 15:00:43,17.0,73.0,12.1
1732,2022-10-24 15:05:43,17.0,73.0,12.1
1733,2022-10-24 15:10:43,17.0,73.0,12.1
1734,2022-10-24 15:15:43,17.0,73.5,12.2
1735,2022-10-24 15:20:43,17.0,73.5,12.2
1736,2022-10-24 15:25:43,17.0,74.0,12.3
1737,2022-10-24 15:30:43,17.0,74.0,12.3
1738,2022-10-24 15:35:43,17.0,74.0,12.3
1739,2022-10-24 15:40:43,17.0,74.5,12.4
1740,2022-10-24 15:45:43,17.0,74.5,12.4
1741,2022-10-24 15:50:43,17.0,74.5,12.4
1742,2022-10-24 15:55:43,17.0,74.5,12.4
1743,2022-10-24 16:00:43,17.0,74.0,12.3
1744,2022-10-24 16:05:43,17.0,74.5,12.4
1745,2022-10-24 16:10:43,17.0,74.0,12.3
1746,2022-10-24 16:15:43,17.0,74.5,12.4
1747,2022-10-24 16:20:43,17.0,74.5,12.4
1748,2022-10-24 16:25:43,17.0,74.0,12.3
1749,2022-10-24 16:30:43,17.0,74.5,12.4
1750,2022-10-24 16:35:43,17.0,74.5,12.4
1751,2022-10-24 16:40:43,17.0,74.5,12.4
1752,2022-10-24 16:45:43,17.0,74.5,12.4
1753,2022-10-24 16:50:43,17.0,74.5,12.4
1754,2022-10-24 16:55:43,17.0,74.0,12.3
1755,2022-10-24 17:00:43,17.0,74.0,12.3
1756,2022-10-24 17:05:43,17.0,74.0,12.3
1757,2022-10-24 17:10:43,17.0,74.0,12.3
1758,2022-10-24 17:15:43,17.0,74.0,12.3
1759,2022-10-24 17:20:43,17.0,74.5,12.4
1760,2022-10-24 17:25:43,17.5,74.5,12.9
1761,2022-10-24 17:30:43,17.5,75.0,13.0
1762,2022-10-24 17:35:43,17.5,75.0,13.0
1763,2022-10-24 17:40:43,17.5,75.5,13.1
1764,2022-10-24 17:45:43,17.5,75.5,13.1
1765,2022-10-24 17:50:43,17.5,75.0,13.0
1766,2022-10-24 17:55:43,17.5,75.5,13.1
1767,2022-10-24 18:00:43,17.5,75.5,13.1
1768,2022-10-24 18:05:43,18.0,75.5,13.6
1769,2022-10-24 18:10:43,18.0,75.5,13.6
1770,2022-10-24 18:15:43,18.0,75.5,13.6
1771,2022-10-24 18:20:43,18.0,75.5,13.6
1772,2022-10-24 18:25:43,18.0,75.5,13.6
1773,2022-10-24 18:30:43,18.0,76.0,13.7
1774,2022-10-24 18:35:43,18.0,76.0,13.7
1775,2022-10-24 18:40:43,18.0,76.0,13.7
1776,2022-10-24 18:45:43,18.0,76.0,13.7
1777,2022-10-24 18:50:43,18.0,76.0,13.7
1778,2022-10-24 18:55:43,18.0,76.0,13.7
1779,2022-10-24 19:00:43,18.5,76.0,14.2
1780,2022-10-24 19:05:43,18.5,76.5,14.3
1781,2022-10-24 19:10:43,18.5,76.5,14.3
1782,2022-10-24 19:15:43,18.5,76.5,14.3
1783,2022-10-24 19:20:43,18.5,77.0,14.4
1784,2022-10-24 19:25:43,19.0,77.5,15.0
1785,2022-10-24 19:30:43,19.0,78.0,15.1
1786,2022-10-24 19:35:43,19.0,78.5,15.2
1787,2022-10-24 19:40:43,19.0,79.5,15.4
1788,2022-10-24 19:45:43,19.0,79.5,15.4
1789,2022-10-24 19:50:43,19.0,79.5,15.4
1790,2022-10-24 19:55:43,19.0,80.0,15.5
1791,2022-10-24 20:00:43,19.5,80.0,16.0
1792,2022-10-24 20:05:43,19.5,80.0,16.0
1793,2022-10-24 20:10:43,19.0,79.5,15.4
1794,2022-10-24 20:15:43,19.0,79.5,15.4
1795,2022-10-24 20:20:43,19.0,79.5,15.4
1796,2022-10-24 20:25:43,19.0,79.5,15.4
1797,2022-10-24 20:30:43,18.5,79.5,14.9
1798,2022-10-24 20:35:43,18.5,79.5,14.9
1799,2022-10-24 20:40:43,18.5,79.5,14.9
1800,2022-10-24 20:45:43,18.5,79.0,14.8
1801,2022-10-24 20:50:43,18.0,79.0,14.3
1802,2022-10-24 20:55:43,18.0,79.0,14.3
1803,2022-10-24 21:00:43,18.0,79.0,14.3
1804,2022-10-24 21:05:43,18.0,79.0,14.3
1805,2022-10-24 21:10:43,18.0,79.0,14.3
1806,2022-10-24 21:15:43,18.0,79.0,14.3
1807,2022-10-24 21:20:43,18.0,79.0,14.3
1808,2022-10-24 21:25:43,17.5,79.0,13.8
1809,2022-10-24 21:30:43,17.5,79.0,13.8
1810,2022-10-24 21:35:43,17.5,78.5,13.7
1811,2022-10-24 21:40:43,17.5,78.5,13.7
1812,2022-10-24 21:45:43,17.5,78.5,13.7
1813,2022-10-24 21:50:43,17.5,78.5,13.7
1814,2022-10-24 21:55:43,17.5,78.5,13.7
1815,2022-10-24 22:00:43,17.5,78.5,13.7
1816,2022-10-24 22:05:43,17.5,78.0,13.6
1817,2022-10-24 22:10:43,17.5,78.0,13.6
1818,2022-10-24 22:15:43,17.5,78.0,13.6
1819,2022-10-24 22:20:43,17.0,78.0,13.1
1820,2022-10-24 22:25:43,17.0,78.0,13.1
1821,2022-10-24 22:30:43,17.0,78.0,13.1
1822,2022-10-24 22:35:43,17.0,77.5,13.0
1823,2022-10-24 22:40:43,17.0,77.5,13.0
1824,2022-10-24 22:45:43,17.0,77.5,13.0
1825,2022-10-24 22:50:43,17.0,77.5,13.0
1826,2022-10-24 22:55:43,17.0,77.5,13.0
1827,2022-10-24 23:00:43,17.0,77.0,12.9
1828,2022-10-24 23:05:43,17.0,77.0,12.9
1829,2022-10-24 23:10:43,17.0,77.0,12.9
1830,2022-10-24 23:15:43,17.0,77.0,12.9
1831,2022-10-24 23:20:43,17.0,77.0,12.9
1832,2022-10-24 23:25:43,17.0,77.0,12.9
1833,2022-10-24 23:30:43,17.0,77.0,12.9
1834,2022-10-24 23:35:43,16.5,77.0,12.5
1835,2022-10-24 23:40:43,16.5,76.5,12.4
1836,2022-10-24 23:45:43,16.5,76.5,12.4
1837,2022-10-24 23:50:43,16.5,76.5,12.4
1838,2022-10-24 23:55:43,16.5,76.5,12.4
1839,2022-10-25 00:00:43,16.5,76.5,12.4
1840,2022-10-25 00:05:43,16.5,76.5,12.4
1841,2022-10-25 00:10:43,16.5,76.5,12.4
1842,2022-10-25 00:15:43,16.5,76.5,12.4
1843,2022-10-25 00:20:43,16.5,76.5,12.4
1844,2022-10-25 00:25:43,16.5,76.5,12.4
1845,2022-10-25 00:30:43,16.5,76.5,12.4
1846,2022-10-25 00:35:43,16.5,76.5,12.4
1847,2022-10-25 00:40:43,16.5,76.0,12.3
1848,2022-10-25 00:45:43,16.5,76.0,12.3
1849,2022-10-25 00:50:43,16.5,76.0,12.3
1850,2022-10-25 00:55:43,16.5,76.0,12.3
1851,2022-10-25 01:00:43,16.5,76.0,12.3
1852,2022-10-25 01:05:43,16.5,76.0,12.3
1853,2022-10-25 01:10:43,16.5,76.0,12.3
1854,2022-10-25 01:15:43,16.5,76.0,12.3
1855,2022-10-25 01:20:43,16.5,76.0,12.3
1856,2022-10-25 01:25:43,16.0,76.0,11.8
1857,2022-10-25 01:30:43,16.0,76.0,11.8
1858,2022-10-25 01:35:43,16.0,76.0,11.8
1859,2022-10-25 01:40:43,16.0,76.0,11.8
1860,2022-10-25 01:45:43,16.0,76.0,11.8
1861,2022-10-25 01:50:43,16.0,76.0,11.8
1862,2022-10-25 01:55:43,16.0,76.0,11.8
1863,2022-10-25 02:00:43,16.0,76.0,11.8
1864,2022-10-25 02:05:43,16.0,76.0,11.8
1865,2022-10-25 02:10:43,16.0,76.0,11.8
1866,2022-10-25 02:15:43,16.0,76.0,11.8
1867,2022-10-25 02:20:43,16.0,75.5,11.7
1868,2022-10-25 02:25:43,16.0,75.5,11.7
1869,2022-10-25 02:30:43,16.0,75.5,11.7
1870,2022-10-25 02:35:43,16.0,75.5,11.7
1871,2022-10-25 02:40:43,16.0,75.5,11.7
1872,2022-10-25 02:45:43,16.0,75.5,11.7
1873,2022-10-25 02:50:43,16.0,75.5,11.7
1874,2022-10-25 02:55:43,16.0,75.5,11.7
1875,2022-10-25 03:00:43,16.0,75.5,11.7
1876,2022-10-25 03:05:43,16.0,75.5,11.7
1877,2022-10-25 03:10:43,16.0,75.5,11.7
1878,2022-10-25 03:15:43,16.0,75.5,11.7
1879,2022-10-25 03:20:43,16.0,75.5,11.7
1880,2022-10-25 03:25:43,16.0,75.5,11.7
1881,2022-10-25 03:30:43,16.0,75.5,11.7
1882,2022-10-25 03:35:43,16.0,75.5,11.7
1883,2022-10-25 03:40:43,16.0,75.5,11.7
1884,2022-10-25 03:45:43,15.5,75.5,11.2
1885,2022-10-25 03:50:43,15.5,75.5,11.2
1886,2022-10-25 03:55:43,15.5,75.5,11.2
1887,2022-10-25 04:00:43,15.5,75.5,11.2
1888,2022-10-25 04:05:43,15.5,75.5,11.2
1889,2022-10-25 04:10:43,15.5,75.5,11.2
1890,2022-10-25 04:15:43,15.5,75.5,11.2
1891,2022-10-25 04:20:43,15.5,75.5,11.2
1892,2022-10-25 04:25:43,15.5,75.5,11.2
1893,2022-10-25 04:30:43,15.5,75.5,11.2
1894,2022-10-25 04:35:43,15.5,75.5,11.2
1895,2022-10-25 04:40:43,15.5,75.5,11.2
1896,2022-10-25 04:45:43,15.5,75.5,11.2
1897,2022-10-25 04:50:43,15.5,75.5,11.2
1898,2022-10-25 04:55:43,15.5,75.5,11.2
1899,2022-10-25 05:00:43,15.5,75.5,11.2
1900,2022-10-25 05:05:43,15.5,75.0,11.1
1901,2022-10-25 05:10:43,15.5,75.0,11.1
1902,2022-10-25 05:15:43,15.5,75.5,11.2
1903,2022-10-25 05:20:43,15.5,75.0,11.1
1904,2022-10-25 05:25:43,15.5,75.0,11.1
1905,2022-10-25 05:30:43,15.5,75.0,11.1
1906,2022-10-25 05:35:43,15.5,75.0,11.1
1907,2022-10-25 05:40:43,15.5,75.0,11.1
1908,2022-10-25 05:45:43,15.5,75.0,11.1
1909,2022-10-25 05:50:43,15.5,75.0,11.1
1910,2022-10-25 05:55:43,15.5,75.0,11.1
1911,2022-10-25 06:00:43,15.5,75.0,11.1
1912,2022-10-25 06:05:43,15.5,75.0,11.1
1913,2022-10-25 06:10:43,15.5,75.0,11.1
1914,2022-10-25 06:15:43,15.5,75.0,11.1
1915,2022-10-25 06:20:43,15.5,75.0,11.1
1916,2022-10-25 06:25:43,15.0,75.0,10.6
1917,2022-10-25 06:30:43,15.0,75.0,10.6
1918,2022-10-25 06:35:43,15.0,75.0,10.6
1919,2022-10-25 06:40:43,15.0,75.0,10.6
1920,2022-10-25 06:45:43,15.0,75.0,10.6
1921,2022-10-25 06:50:43,15.0,75.0,10.6
1922,2022-10-25 06:55:43,15.0,75.0,10.6
1923,2022-10-25 07:00:43,15.0,75.0,10.6
1924,2022-10-25 07:05:43,15.0,75.0,10.6
1925,2022-10-25 07:10:43,15.0,75.0,10.6
1926,2022-10-25 07:15:43,15.0,74.5,10.5
1927,2022-10-25 07:20:43,15.0,74.5,10.5
1928,2022-10-25 07:25:43,15.0,74.5,10.5
1929,2022-10-25 07:30:43,15.0,74.5,10.5
1930,2022-10-25 07:35:43,15.0,74.5,10.5
1931,2022-10-25 07:40:43,15.0,74.5,10.5
1932,2022-10-25 07:45:43,15.0,74.5,10.5
1933,2022-10-25 07:50:43,15.0,74.5,10.5
1934,2022-10-25 07:55:43,15.0,74.5,10.5
1935,2022-10-25 08:00:43,15.0,74.0,10.4
1936,2022-10-25 08:05:43,15.0,74.0,10.4
1937,2022-10-25 08:10:43,15.0,74.0,10.4
1938,2022-10-25 08:15:43,15.0,74.0,10.4
1939,2022-10-25 08:20:43,15.0,74.0,10.4
1940,2022-10-25 08:25:43,15.0,74.0,10.4
1941,2022-10-25 08:30:43,15.0,74.0,10.4
1942,2022-10-25 08:35:43,15.0,74.0,10.4
1943,2022-10-25 08:40:43,15.0,74.0,10.4
1944,2022-10-25 08:45:43,15.0,74.5,10.5
1945,2022-10-25 08:50:43,15.0,74.5,10.5
1946,2022-10-25 08:55:43,15.0,74.5,10.5
1947,2022-10-25 09:00:43,15.5,74.0,10.9
1948,2022-10-25 09:05:43,15.5,74.0,10.9
1949,2022-10-25 09:10:43,16.0,73.5,11.3
1950,2022-10-25 09:15:43,16.0,73.5,11.3
1951,2022-10-25 09:20:43,16.0,73.0,11.2
1952,2022-10-25 09:25:43,16.0,73.0,11.2
1953,2022-10-25 09:30:43,16.5,73.0,11.6
1954,2022-10-25 09:35:43,16.5,73.0,11.6
1955,2022-10-25 09:40:43,16.5,73.0,11.6
1956,2022-10-25 09:45:43,17.0,73.5,12.2
1957,2022-10-25 09:50:43,17.0,73.5,12.2
1958,2022-10-25 09:55:43,17.0,73.5,12.2
1959,2022-10-25 10:00:43,17.0,74.0,12.3
1960,2022-10-25 10:05:43,17.5,74.0,12.8
1961,2022-10-25 10:10:43,17.5,74.5,12.9
1962,2022-10-25 10:15:43,17.5,75.0,13.0
1963,2022-10-25 10:20:43,18.0,75.0,13.5
1964,2022-10-25 10:25:43,18.0,75.5,13.6
1965,2022-10-25 10:30:43,18.0,75.5,13.6
1966,2022-10-25 10:35:43,18.5,75.0,14.0
1967,2022-10-25 10:40:43,18.5,74.5,13.9
1968,2022-10-25 10:45:43,18.5,74.5,13.9
1969,2022-10-25 10:50:43,18.5,74.5,13.9
1970,2022-10-25 10:55:43,18.5,74.5,13.9
1971,2022-10-25 11:00:43,18.5,74.5,13.9
1972,2022-10-25 11:05:43,18.5,74.5,13.9
1973,2022-10-25 11:10:43,18.0,74.5,13.4
1974,2022-10-25 11:15:43,18.0,74.5,13.4
1975,2022-10-25 11:20:43,18.0,74.5,13.4
1976,2022-10-25 11:25:43,18.5,74.0,13.8
1977,2022-10-25 11:30:43,18.5,74.0,13.8
1978,2022-10-25 11:35:43,18.5,74.0,13.8
1979,2022-10-25 11:40:43,18.0,74.5,13.4
1980,2022-10-25 11:45:43,18.0,74.5,13.4
1981,2022-10-25 11:50:43,18.0,74.5,13.4
1982,2022-10-25 11:55:43,18.0,74.5,13.4
1983,2022-10-25 12:00:43,18.0,74.5,13.4
1984,2022-10-25 12:05:43,18.0,74.5,13.4
1985,2022-10-25 12:10:43,17.5,74.5,12.9
1986,2022-10-25 12:15:43,17.5,74.5,12.9
1987,2022-10-25 12:20:43,17.5,75.0,13.0
1988,2022-10-25 12:25:43,17.5,74.5,12.9
1989,2022-10-25 12:30:43,17.5,75.0,13.0
1990,2022-10-25 12:35:43,17.5,74.5,12.9
1991,2022-10-25 12:40:43,17.5,74.5,12.9
1992,2022-10-25 12:45:43,17.5,74.5,12.9
1993,2022-10-25 12:50:43,17.5,74.5,12.9
1994,2022-10-25 12:55:43,17.5,74.5,12.9
1995,2022-10-25 13:00:43,20.0,82.0,16.8
