sc_wellspring,Time,Celsius(°C),Humidity(%rh),Dew Point(°C),Serial Number
1,2022-10-18 14:52:21,18.0,60.0,10.1,010031964
2,2022-10-18 14:57:21,18.5,59.5,10.5
3,2022-10-18 15:02:21,21.0,52.5,10.9
4,2022-10-18 15:07:21,20.0,55.0,10.7
5,2022-10-18 15:12:21,19.5,56.0,10.5
6,2022-10-18 15:17:21,18.5,57.5,10.0
7,2022-10-18 15:22:21,18.5,58.5,10.2
8,2022-10-18 15:27:21,19.5,56.5,10.6
9,2022-10-18 15:32:21,18.5,58.0,10.1
10,2022-10-18 15:37:21,17.5,60.0,9.7
11,2022-10-18 15:42:21,17.0,61.5,9.6
12,2022-10-18 15:47:21,17.0,62.5,9.8
13,2022-10-18 15:52:21,16.5,63.0,9.4
14,2022-10-18 15:57:21,16.5,63.5,9.6
15,2022-10-18 16:02:21,16.5,64.0,9.7
16,2022-10-18 16:07:21,16.0,64.5,9.3
17,2022-10-18 16:12:21,16.0,64.5,9.3
18,2022-10-18 16:17:21,16.0,65.0,9.4
19,2022-10-18 16:22:21,16.0,65.0,9.4
20,2022-10-18 16:27:21,16.0,65.0,9.4
21,2022-10-18 16:32:21,16.0,65.0,9.4
22,2022-10-18 16:37:21,16.0,65.0,9.4
23,2022-10-18 16:42:21,16.0,65.0,9.4
24,2022-10-18 16:47:21,16.0,65.0,9.4
25,2022-10-18 16:52:21,16.0,65.0,9.4
26,2022-10-18 16:57:21,16.0,65.0,9.4
27,2022-10-18 17:02:21,16.0,65.0,9.4
28,2022-10-18 17:07:21,16.0,65.0,9.4
29,2022-10-18 17:12:21,16.0,65.0,9.4
30,2022-10-18 17:17:21,16.0,65.0,9.4
31,2022-10-18 17:22:21,16.0,65.0,9.4
32,2022-10-18 17:27:21,16.0,65.0,9.4
33,2022-10-18 17:32:21,16.0,65.0,9.4
34,2022-10-18 17:37:21,16.0,65.0,9.4
35,2022-10-18 17:42:21,16.0,65.0,9.4
36,2022-10-18 17:47:21,16.0,65.0,9.4
37,2022-10-18 17:52:21,16.5,64.5,9.8
38,2022-10-18 17:57:21,16.5,64.5,9.8
39,2022-10-18 18:02:21,16.5,64.5,9.8
40,2022-10-18 18:07:21,16.5,64.0,9.7
41,2022-10-18 18:12:21,17.0,64.0,10.1
42,2022-10-18 18:17:21,17.0,64.0,10.1
43,2022-10-18 18:22:21,17.0,64.0,10.1
44,2022-10-18 18:27:21,17.0,64.0,10.1
45,2022-10-18 18:32:21,17.0,64.0,10.1
46,2022-10-18 18:37:21,17.0,64.5,10.3
47,2022-10-18 18:42:21,17.0,65.0,10.4
48,2022-10-18 18:47:21,17.0,65.5,10.5
49,2022-10-18 18:52:21,17.5,65.5,11.0
50,2022-10-18 18:57:21,17.5,66.0,11.1
51,2022-10-18 19:02:21,17.5,66.0,11.1
52,2022-10-18 19:07:21,17.5,66.0,11.1
53,2022-10-18 19:12:21,17.5,66.5,11.2
54,2022-10-18 19:17:21,17.5,66.5,11.2
55,2022-10-18 19:22:21,18.0,67.0,11.8
56,2022-10-18 19:27:21,18.0,67.0,11.8
57,2022-10-18 19:32:21,18.0,67.0,11.8
58,2022-10-18 19:37:21,18.0,67.0,11.8
59,2022-10-18 19:42:21,18.5,66.5,12.1
60,2022-10-18 19:47:21,19.0,65.0,12.3
61,2022-10-18 19:52:21,19.0,64.5,12.2
62,2022-10-18 19:57:21,19.5,64.0,12.5
63,2022-10-18 20:02:21,19.5,64.0,12.5
64,2022-10-18 20:07:21,19.5,63.5,12.4
65,2022-10-18 20:12:21,20.0,63.5,12.9
66,2022-10-18 20:17:21,20.0,63.5,12.9
67,2022-10-18 20:22:21,20.0,63.0,12.7
68,2022-10-18 20:27:21,20.0,63.0,12.7
69,2022-10-18 20:32:21,20.5,63.0,13.2
70,2022-10-18 20:37:21,20.5,62.5,13.1
71,2022-10-18 20:42:21,20.5,62.5,13.1
72,2022-10-18 20:47:21,20.5,62.5,13.1
73,2022-10-18 20:52:21,21.0,62.0,13.4
74,2022-10-18 20:57:21,21.0,62.0,13.4
75,2022-10-18 21:02:21,20.5,62.5,13.1
76,2022-10-18 21:07:21,20.0,63.5,12.9
77,2022-10-18 21:12:21,20.0,63.5,12.9
78,2022-10-18 21:17:21,20.0,64.0,13.0
79,2022-10-18 21:22:21,19.5,64.0,12.5
80,2022-10-18 21:27:21,19.5,64.5,12.6
81,2022-10-18 21:32:21,19.5,64.5,12.6
82,2022-10-18 21:37:21,19.5,64.5,12.6
83,2022-10-18 21:42:21,19.0,65.0,12.3
84,2022-10-18 21:47:21,19.0,65.0,12.3
85,2022-10-18 21:52:21,19.0,65.0,12.3
86,2022-10-18 21:57:21,19.0,65.0,12.3
87,2022-10-18 22:02:21,18.5,65.5,11.9
88,2022-10-18 22:07:21,18.5,65.5,11.9
89,2022-10-18 22:12:21,18.5,65.5,11.9
90,2022-10-18 22:17:21,18.5,65.5,11.9
91,2022-10-18 22:22:21,18.5,65.5,11.9
92,2022-10-18 22:27:21,18.5,65.5,11.9
93,2022-10-18 22:32:21,18.5,65.5,11.9
94,2022-10-18 22:37:21,18.0,65.5,11.4
95,2022-10-18 22:42:21,18.0,65.5,11.4
96,2022-10-18 22:47:21,18.0,65.0,11.3
97,2022-10-18 22:52:21,18.0,65.5,11.4
98,2022-10-18 22:57:21,18.0,65.5,11.4
99,2022-10-18 23:02:21,18.0,65.5,11.4
100,2022-10-18 23:07:21,18.0,65.5,11.4
101,2022-10-18 23:12:21,18.0,65.5,11.4
102,2022-10-18 23:17:21,18.0,65.5,11.4
103,2022-10-18 23:22:21,17.5,65.5,11.0
104,2022-10-18 23:27:21,17.5,65.5,11.0
105,2022-10-18 23:32:21,17.5,65.5,11.0
106,2022-10-18 23:37:21,17.5,65.5,11.0
107,2022-10-18 23:42:21,17.5,65.5,11.0
108,2022-10-18 23:47:21,17.5,65.5,11.0
109,2022-10-18 23:52:21,17.5,65.5,11.0
110,2022-10-18 23:57:21,17.5,65.5,11.0
111,2022-10-19 00:02:21,17.5,65.5,11.0
112,2022-10-19 00:07:21,17.5,65.5,11.0
113,2022-10-19 00:12:21,17.5,65.5,11.0
114,2022-10-19 00:17:21,17.0,65.5,10.5
115,2022-10-19 00:22:21,17.0,65.5,10.5
116,2022-10-19 00:27:21,17.0,65.5,10.5
117,2022-10-19 00:32:21,17.0,65.5,10.5
118,2022-10-19 00:37:21,17.0,65.5,10.5
119,2022-10-19 00:42:21,17.0,65.5,10.5
120,2022-10-19 00:47:21,17.0,65.5,10.5
121,2022-10-19 00:52:21,17.0,65.5,10.5
122,2022-10-19 00:57:21,17.0,65.5,10.5
123,2022-10-19 01:02:21,17.0,65.5,10.5
124,2022-10-19 01:07:21,17.0,65.5,10.5
125,2022-10-19 01:12:21,17.0,65.5,10.5
126,2022-10-19 01:17:21,17.0,65.5,10.5
127,2022-10-19 01:22:21,17.0,65.5,10.5
128,2022-10-19 01:27:21,17.0,65.5,10.5
129,2022-10-19 01:32:21,17.0,65.5,10.5
130,2022-10-19 01:37:21,16.5,65.5,10.0
131,2022-10-19 01:42:21,16.5,65.5,10.0
132,2022-10-19 01:47:21,16.5,65.5,10.0
133,2022-10-19 01:52:21,16.5,65.5,10.0
134,2022-10-19 01:57:21,16.5,65.5,10.0
135,2022-10-19 02:02:21,16.5,65.5,10.0
136,2022-10-19 02:07:21,16.5,65.5,10.0
137,2022-10-19 02:12:21,16.5,65.5,10.0
138,2022-10-19 02:17:21,16.5,65.5,10.0
139,2022-10-19 02:22:21,16.5,65.5,10.0
140,2022-10-19 02:27:21,16.5,65.5,10.0
141,2022-10-19 02:32:21,16.5,65.5,10.0
142,2022-10-19 02:37:21,16.5,65.5,10.0
143,2022-10-19 02:42:21,16.5,65.5,10.0
144,2022-10-19 02:47:21,16.5,65.5,10.0
145,2022-10-19 02:52:21,16.5,65.5,10.0
146,2022-10-19 02:57:21,16.5,65.5,10.0
147,2022-10-19 03:02:21,16.5,65.5,10.0
148,2022-10-19 03:07:21,16.5,65.5,10.0
149,2022-10-19 03:12:21,16.5,65.5,10.0
150,2022-10-19 03:17:21,16.5,65.5,10.0
151,2022-10-19 03:22:21,16.5,65.5,10.0
152,2022-10-19 03:27:21,16.5,65.5,10.0
153,2022-10-19 03:32:21,16.0,65.5,9.5
154,2022-10-19 03:37:21,16.0,65.5,9.5
155,2022-10-19 03:42:21,16.0,65.5,9.5
156,2022-10-19 03:47:21,16.0,65.5,9.5
157,2022-10-19 03:52:21,16.0,65.5,9.5
158,2022-10-19 03:57:21,16.0,65.5,9.5
159,2022-10-19 04:02:21,16.0,65.5,9.5
160,2022-10-19 04:07:21,16.0,65.5,9.5
161,2022-10-19 04:12:21,16.0,65.5,9.5
162,2022-10-19 04:17:21,16.0,65.5,9.5
163,2022-10-19 04:22:21,16.0,65.5,9.5
164,2022-10-19 04:27:21,16.0,65.5,9.5
165,2022-10-19 04:32:21,16.0,65.5,9.5
166,2022-10-19 04:37:21,16.0,65.5,9.5
167,2022-10-19 04:42:21,16.0,65.5,9.5
168,2022-10-19 04:47:21,16.0,65.5,9.5
169,2022-10-19 04:52:21,16.0,65.5,9.5
170,2022-10-19 04:57:21,16.0,65.5,9.5
171,2022-10-19 05:02:21,16.0,65.5,9.5
172,2022-10-19 05:07:21,16.0,65.5,9.5
173,2022-10-19 05:12:21,16.0,65.5,9.5
174,2022-10-19 05:17:21,16.0,65.5,9.5
175,2022-10-19 05:22:21,16.0,65.5,9.5
176,2022-10-19 05:27:21,16.0,65.5,9.5
177,2022-10-19 05:32:21,16.0,65.5,9.5
178,2022-10-19 05:37:21,16.0,65.0,9.4
179,2022-10-19 05:42:21,16.0,65.0,9.4
180,2022-10-19 05:47:21,16.0,65.0,9.4
181,2022-10-19 05:52:21,16.0,65.0,9.4
182,2022-10-19 05:57:21,16.0,65.0,9.4
183,2022-10-19 06:02:21,16.0,65.0,9.4
184,2022-10-19 06:07:21,16.0,65.0,9.4
185,2022-10-19 06:12:21,16.0,65.0,9.4
186,2022-10-19 06:17:21,16.0,65.0,9.4
187,2022-10-19 06:22:21,16.0,65.0,9.4
188,2022-10-19 06:27:21,15.5,65.0,9.0
189,2022-10-19 06:32:21,15.5,65.0,9.0
190,2022-10-19 06:37:21,15.5,65.0,9.0
191,2022-10-19 06:42:21,15.5,65.0,9.0
192,2022-10-19 06:47:21,15.5,65.0,9.0
193,2022-10-19 06:52:21,15.5,65.0,9.0
194,2022-10-19 06:57:21,15.5,65.0,9.0
195,2022-10-19 07:02:21,15.5,65.0,9.0
196,2022-10-19 07:07:21,15.5,65.0,9.0
197,2022-10-19 07:12:21,15.5,65.0,9.0
198,2022-10-19 07:17:21,15.5,65.0,9.0
199,2022-10-19 07:22:21,15.5,65.0,9.0
200,2022-10-19 07:27:21,15.5,65.0,9.0
201,2022-10-19 07:32:21,15.5,65.0,9.0
202,2022-10-19 07:37:21,15.5,65.0,9.0
203,2022-10-19 07:42:21,15.5,65.0,9.0
204,2022-10-19 07:47:21,15.5,65.0,9.0
205,2022-10-19 07:52:21,16.0,65.5,9.5
206,2022-10-19 07:57:21,16.0,65.0,9.4
207,2022-10-19 08:02:21,16.0,66.0,9.7
208,2022-10-19 08:07:21,16.0,67.0,9.9
209,2022-10-19 08:12:21,16.5,67.0,10.4
210,2022-10-19 08:17:21,16.5,67.5,10.5
211,2022-10-19 08:22:21,16.5,67.5,10.5
212,2022-10-19 08:27:21,16.5,67.5,10.5
213,2022-10-19 08:32:21,16.5,68.0,10.6
214,2022-10-19 08:37:21,16.5,67.5,10.5
215,2022-10-19 08:42:21,16.5,67.0,10.4
216,2022-10-19 08:47:21,16.5,66.5,10.2
217,2022-10-19 08:52:21,16.5,66.5,10.2
218,2022-10-19 08:57:21,16.5,66.5,10.2
219,2022-10-19 09:02:21,16.5,66.0,10.1
220,2022-10-19 09:07:21,16.5,66.0,10.1
221,2022-10-19 09:12:21,16.5,66.0,10.1
222,2022-10-19 09:17:21,16.5,65.5,10.0
223,2022-10-19 09:22:21,16.5,65.5,10.0
224,2022-10-19 09:27:21,16.5,65.5,10.0
225,2022-10-19 09:32:21,16.5,65.5,10.0
226,2022-10-19 09:37:21,16.5,65.5,10.0
227,2022-10-19 09:42:21,16.5,65.5,10.0
228,2022-10-19 09:47:21,16.5,65.5,10.0
229,2022-10-19 09:52:21,16.5,65.5,10.0
230,2022-10-19 09:57:21,16.5,65.5,10.0
231,2022-10-19 10:02:21,16.5,65.5,10.0
232,2022-10-19 10:07:21,16.5,65.5,10.0
233,2022-10-19 10:12:21,16.5,65.0,9.9
234,2022-10-19 10:17:21,16.5,65.0,9.9
235,2022-10-19 10:22:21,16.5,65.5,10.0
236,2022-10-19 10:27:21,16.5,65.5,10.0
237,2022-10-19 10:32:21,16.5,65.5,10.0
238,2022-10-19 10:37:21,16.5,65.5,10.0
239,2022-10-19 10:42:21,16.5,65.5,10.0
240,2022-10-19 10:47:21,16.5,65.5,10.0
241,2022-10-19 10:52:21,16.5,65.5,10.0
242,2022-10-19 10:57:21,16.5,65.5,10.0
243,2022-10-19 11:02:21,16.5,65.5,10.0
244,2022-10-19 11:07:21,16.5,65.5,10.0
245,2022-10-19 11:12:21,16.5,65.5,10.0
246,2022-10-19 11:17:21,17.0,65.0,10.4
247,2022-10-19 11:22:21,17.0,65.0,10.4
248,2022-10-19 11:27:21,17.0,65.0,10.4
249,2022-10-19 11:32:21,17.0,65.0,10.4
250,2022-10-19 11:37:21,17.0,65.0,10.4
251,2022-10-19 11:42:21,17.0,65.5,10.5
252,2022-10-19 11:47:21,17.0,65.5,10.5
253,2022-10-19 11:52:21,17.0,65.5,10.5
254,2022-10-19 11:57:21,17.0,65.5,10.5
255,2022-10-19 12:02:21,17.0,65.5,10.5
256,2022-10-19 12:07:21,16.5,65.5,10.0
257,2022-10-19 12:12:21,16.5,66.0,10.1
258,2022-10-19 12:17:21,16.5,66.0,10.1
259,2022-10-19 12:22:21,17.0,66.0,10.6
260,2022-10-19 12:27:21,17.0,66.0,10.6
261,2022-10-19 12:32:21,17.0,65.5,10.5
262,2022-10-19 12:37:21,17.0,65.5,10.5
263,2022-10-19 12:42:21,17.0,65.5,10.5
264,2022-10-19 12:47:21,17.0,65.5,10.5
265,2022-10-19 12:52:21,17.0,65.5,10.5
266,2022-10-19 12:57:21,17.0,65.5,10.5
267,2022-10-19 13:02:21,17.0,66.0,10.6
268,2022-10-19 13:07:21,17.0,66.0,10.6
269,2022-10-19 13:12:21,17.0,66.0,10.6
270,2022-10-19 13:17:21,17.0,66.0,10.6
271,2022-10-19 13:22:21,17.0,66.0,10.6
272,2022-10-19 13:27:21,17.0,66.0,10.6
273,2022-10-19 13:32:21,17.0,66.0,10.6
274,2022-10-19 13:37:21,17.0,65.5,10.5
275,2022-10-19 13:42:21,17.0,65.5,10.5
276,2022-10-19 13:47:21,17.0,65.5,10.5
277,2022-10-19 13:52:21,17.0,65.5,10.5
278,2022-10-19 13:57:21,17.0,65.5,10.5
279,2022-10-19 14:02:21,17.0,65.5,10.5
280,2022-10-19 14:07:21,17.0,65.5,10.5
281,2022-10-19 14:12:21,17.0,65.5,10.5
282,2022-10-19 14:17:21,17.0,65.5,10.5
283,2022-10-19 14:22:21,17.0,65.5,10.5
284,2022-10-19 14:27:21,17.0,65.5,10.5
285,2022-10-19 14:32:21,17.0,65.5,10.5
286,2022-10-19 14:37:21,17.0,65.5,10.5
287,2022-10-19 14:42:21,17.0,65.5,10.5
288,2022-10-19 14:47:21,17.0,65.5,10.5
289,2022-10-19 14:52:21,17.0,65.5,10.5
290,2022-10-19 14:57:21,17.0,65.5,10.5
291,2022-10-19 15:02:21,17.0,65.5,10.5
292,2022-10-19 15:07:21,17.0,65.5,10.5
293,2022-10-19 15:12:21,17.0,65.5,10.5
294,2022-10-19 15:17:21,17.0,65.5,10.5
295,2022-10-19 15:22:21,17.0,65.5,10.5
296,2022-10-19 15:27:21,17.0,65.5,10.5
297,2022-10-19 15:32:21,17.0,65.5,10.5
298,2022-10-19 15:37:21,17.0,65.5,10.5
299,2022-10-19 15:42:21,17.0,65.0,10.4
300,2022-10-19 15:47:21,17.0,65.0,10.4
301,2022-10-19 15:52:21,17.0,65.0,10.4
302,2022-10-19 15:57:21,17.0,65.0,10.4
303,2022-10-19 16:02:21,17.0,65.5,10.5
304,2022-10-19 16:07:21,17.0,65.5,10.5
305,2022-10-19 16:12:21,17.0,65.5,10.5
306,2022-10-19 16:17:21,17.0,65.5,10.5
307,2022-10-19 16:22:21,17.0,65.5,10.5
308,2022-10-19 16:27:21,17.0,65.0,10.4
309,2022-10-19 16:32:21,17.0,65.0,10.4
310,2022-10-19 16:37:21,17.0,65.0,10.4
311,2022-10-19 16:42:21,17.0,65.0,10.4
312,2022-10-19 16:47:21,17.0,65.0,10.4
313,2022-10-19 16:52:21,17.0,65.0,10.4
314,2022-10-19 16:57:21,17.0,65.0,10.4
315,2022-10-19 17:02:21,17.0,65.0,10.4
316,2022-10-19 17:07:21,17.0,65.0,10.4
317,2022-10-19 17:12:21,17.0,65.0,10.4
318,2022-10-19 17:17:21,17.0,65.0,10.4
319,2022-10-19 17:22:21,17.0,65.0,10.4
320,2022-10-19 17:27:21,17.0,65.0,10.4
321,2022-10-19 17:32:21,17.0,65.0,10.4
322,2022-10-19 17:37:21,17.0,65.0,10.4
323,2022-10-19 17:42:21,17.0,65.0,10.4
324,2022-10-19 17:47:21,17.0,64.5,10.3
325,2022-10-19 17:52:21,17.0,64.5,10.3
326,2022-10-19 17:57:21,17.0,65.0,10.4
327,2022-10-19 18:02:21,17.0,65.0,10.4
328,2022-10-19 18:07:21,17.0,65.0,10.4
329,2022-10-19 18:12:21,17.0,64.5,10.3
330,2022-10-19 18:17:21,17.0,64.5,10.3
331,2022-10-19 18:22:21,17.0,64.5,10.3
332,2022-10-19 18:27:21,17.0,64.5,10.3
333,2022-10-19 18:32:21,17.0,64.5,10.3
334,2022-10-19 18:37:21,17.0,65.0,10.4
335,2022-10-19 18:42:21,17.0,65.0,10.4
336,2022-10-19 18:47:21,17.0,65.0,10.4
337,2022-10-19 18:52:21,17.0,65.0,10.4
338,2022-10-19 18:57:21,17.0,65.0,10.4
339,2022-10-19 19:02:21,17.5,65.5,11.0
340,2022-10-19 19:07:21,17.5,65.5,11.0
341,2022-10-19 19:12:21,17.5,65.5,11.0
342,2022-10-19 19:17:21,17.5,66.0,11.1
343,2022-10-19 19:22:21,17.5,66.0,11.1
344,2022-10-19 19:27:21,17.5,66.0,11.1
345,2022-10-19 19:32:21,17.5,66.5,11.2
346,2022-10-19 19:37:21,17.5,66.5,11.2
347,2022-10-19 19:42:21,17.5,67.0,11.3
348,2022-10-19 19:47:21,17.5,67.0,11.3
349,2022-10-19 19:52:21,17.5,67.0,11.3
350,2022-10-19 19:57:21,18.0,67.0,11.8
351,2022-10-19 20:02:21,17.5,67.0,11.3
352,2022-10-19 20:07:21,17.5,67.0,11.3
353,2022-10-19 20:12:21,17.5,67.0,11.3
354,2022-10-19 20:17:21,17.5,67.0,11.3
355,2022-10-19 20:22:21,17.5,67.0,11.3
356,2022-10-19 20:27:21,17.5,67.0,11.3
357,2022-10-19 20:32:21,17.5,67.0,11.3
358,2022-10-19 20:37:21,17.0,67.0,10.8
359,2022-10-19 20:42:21,17.0,67.0,10.8
360,2022-10-19 20:47:21,17.0,67.0,10.8
361,2022-10-19 20:52:21,17.5,66.5,11.2
362,2022-10-19 20:57:21,17.5,66.5,11.2
363,2022-10-19 21:02:21,17.5,66.5,11.2
364,2022-10-19 21:07:21,17.5,66.5,11.2
365,2022-10-19 21:12:21,17.0,66.5,10.7
366,2022-10-19 21:17:21,17.0,66.5,10.7
367,2022-10-19 21:22:21,17.0,66.5,10.7
368,2022-10-19 21:27:21,17.0,66.5,10.7
369,2022-10-19 21:32:21,17.0,66.5,10.7
370,2022-10-19 21:37:21,17.5,66.0,11.1
371,2022-10-19 21:42:21,17.5,66.0,11.1
372,2022-10-19 21:47:21,17.5,66.0,11.1
373,2022-10-19 21:52:21,17.5,66.0,11.1
374,2022-10-19 21:57:21,17.5,66.0,11.1
375,2022-10-19 22:02:21,17.0,66.0,10.6
376,2022-10-19 22:07:21,17.0,66.0,10.6
377,2022-10-19 22:12:21,17.0,66.0,10.6
378,2022-10-19 22:17:21,17.0,66.0,10.6
379,2022-10-19 22:22:21,17.0,66.0,10.6
380,2022-10-19 22:27:21,17.0,66.0,10.6
381,2022-10-19 22:32:21,17.0,66.0,10.6
382,2022-10-19 22:37:21,17.0,66.0,10.6
383,2022-10-19 22:42:21,17.0,66.0,10.6
384,2022-10-19 22:47:21,17.0,66.0,10.6
385,2022-10-19 22:52:21,17.0,66.0,10.6
386,2022-10-19 22:57:21,17.0,66.0,10.6
387,2022-10-19 23:02:21,17.0,66.0,10.6
388,2022-10-19 23:07:21,17.0,66.0,10.6
389,2022-10-19 23:12:21,17.0,66.0,10.6
390,2022-10-19 23:17:21,17.0,66.0,10.6
391,2022-10-19 23:22:21,16.5,66.0,10.1
392,2022-10-19 23:27:21,16.5,66.0,10.1
393,2022-10-19 23:32:21,16.5,66.0,10.1
394,2022-10-19 23:37:21,16.5,66.0,10.1
395,2022-10-19 23:42:21,16.5,66.0,10.1
396,2022-10-19 23:47:21,16.5,66.0,10.1
397,2022-10-19 23:52:21,16.5,66.0,10.1
398,2022-10-19 23:57:21,16.5,66.0,10.1
399,2022-10-20 00:02:21,16.5,66.0,10.1
400,2022-10-20 00:07:21,16.5,66.0,10.1
401,2022-10-20 00:12:21,16.5,66.0,10.1
402,2022-10-20 00:17:21,16.5,66.0,10.1
403,2022-10-20 00:22:21,16.5,66.0,10.1
404,2022-10-20 00:27:21,16.5,66.0,10.1
405,2022-10-20 00:32:21,16.5,66.0,10.1
406,2022-10-20 00:37:21,16.5,66.0,10.1
407,2022-10-20 00:42:21,16.5,66.0,10.1
408,2022-10-20 00:47:21,16.5,66.0,10.1
409,2022-10-20 00:52:21,16.5,66.0,10.1
410,2022-10-20 00:57:21,16.5,66.0,10.1
411,2022-10-20 01:02:21,16.5,66.0,10.1
412,2022-10-20 01:07:21,16.5,66.0,10.1
413,2022-10-20 01:12:21,16.5,66.0,10.1
414,2022-10-20 01:17:21,16.0,66.0,9.7
415,2022-10-20 01:22:21,16.0,66.0,9.7
416,2022-10-20 01:27:21,16.0,66.0,9.7
417,2022-10-20 01:32:21,16.0,66.0,9.7
418,2022-10-20 01:37:21,16.0,66.0,9.7
419,2022-10-20 01:42:21,16.0,66.0,9.7
420,2022-10-20 01:47:21,16.0,66.0,9.7
421,2022-10-20 01:52:21,16.0,66.0,9.7
422,2022-10-20 01:57:21,16.0,66.0,9.7
423,2022-10-20 02:02:21,16.0,66.0,9.7
424,2022-10-20 02:07:21,16.0,66.0,9.7
425,2022-10-20 02:12:21,16.0,66.0,9.7
426,2022-10-20 02:17:21,16.0,66.0,9.7
427,2022-10-20 02:22:21,16.0,66.0,9.7
428,2022-10-20 02:27:21,16.0,66.0,9.7
429,2022-10-20 02:32:21,16.0,66.0,9.7
430,2022-10-20 02:37:21,16.0,66.0,9.7
431,2022-10-20 02:42:21,16.0,66.0,9.7
432,2022-10-20 02:47:21,16.0,66.0,9.7
433,2022-10-20 02:52:21,16.0,66.0,9.7
434,2022-10-20 02:57:21,16.0,66.0,9.7
435,2022-10-20 03:02:21,16.0,66.0,9.7
436,2022-10-20 03:07:21,16.0,66.0,9.7
437,2022-10-20 03:12:21,16.0,66.0,9.7
438,2022-10-20 03:17:21,16.0,66.0,9.7
439,2022-10-20 03:22:21,16.0,66.0,9.7
440,2022-10-20 03:27:21,16.0,66.0,9.7
441,2022-10-20 03:32:21,16.0,66.0,9.7
442,2022-10-20 03:37:21,16.0,66.0,9.7
443,2022-10-20 03:42:21,16.0,66.0,9.7
444,2022-10-20 03:47:21,16.0,66.0,9.7
445,2022-10-20 03:52:21,16.0,66.0,9.7
446,2022-10-20 03:57:21,16.0,66.0,9.7
447,2022-10-20 04:02:21,16.0,66.0,9.7
448,2022-10-20 04:07:21,16.0,66.0,9.7
449,2022-10-20 04:12:21,16.0,66.0,9.7
450,2022-10-20 04:17:21,16.0,66.0,9.7
451,2022-10-20 04:22:21,16.0,66.0,9.7
452,2022-10-20 04:27:21,15.5,66.0,9.2
453,2022-10-20 04:32:21,15.5,66.0,9.2
454,2022-10-20 04:37:21,15.5,66.0,9.2
455,2022-10-20 04:42:21,15.5,66.0,9.2
456,2022-10-20 04:47:21,15.5,66.0,9.2
457,2022-10-20 04:52:21,15.5,66.0,9.2
458,2022-10-20 04:57:21,15.5,66.0,9.2
459,2022-10-20 05:02:21,15.5,66.0,9.2
460,2022-10-20 05:07:21,15.5,66.0,9.2
461,2022-10-20 05:12:21,15.5,66.0,9.2
462,2022-10-20 05:17:21,15.5,66.0,9.2
463,2022-10-20 05:22:21,15.5,66.0,9.2
464,2022-10-20 05:27:21,15.5,66.0,9.2
465,2022-10-20 05:32:21,15.5,66.0,9.2
466,2022-10-20 05:37:21,15.5,66.0,9.2
467,2022-10-20 05:42:21,15.5,66.0,9.2
468,2022-10-20 05:47:21,15.5,66.0,9.2
469,2022-10-20 05:52:21,15.5,66.0,9.2
470,2022-10-20 05:57:21,15.5,66.0,9.2
471,2022-10-20 06:02:21,15.5,66.0,9.2
472,2022-10-20 06:07:21,15.5,66.0,9.2
473,2022-10-20 06:12:21,15.5,66.0,9.2
474,2022-10-20 06:17:21,15.5,66.0,9.2
475,2022-10-20 06:22:21,15.5,66.0,9.2
476,2022-10-20 06:27:21,15.5,66.0,9.2
477,2022-10-20 06:32:21,15.5,66.0,9.2
478,2022-10-20 06:37:21,15.5,66.0,9.2
479,2022-10-20 06:42:21,15.5,66.0,9.2
480,2022-10-20 06:47:21,15.5,66.0,9.2
481,2022-10-20 06:52:21,15.5,66.0,9.2
482,2022-10-20 06:57:21,15.5,66.0,9.2
483,2022-10-20 07:02:21,15.5,66.0,9.2
484,2022-10-20 07:07:21,15.5,66.0,9.2
485,2022-10-20 07:12:21,15.5,66.0,9.2
486,2022-10-20 07:17:21,15.5,66.0,9.2
487,2022-10-20 07:22:21,15.5,66.0,9.2
488,2022-10-20 07:27:21,15.5,66.0,9.2
489,2022-10-20 07:32:21,15.5,66.0,9.2
490,2022-10-20 07:37:21,15.5,66.0,9.2
491,2022-10-20 07:42:21,15.5,66.0,9.2
492,2022-10-20 07:47:21,15.5,66.0,9.2
493,2022-10-20 07:52:21,15.5,65.5,9.1
494,2022-10-20 07:57:21,15.5,65.5,9.1
495,2022-10-20 08:02:21,15.5,65.5,9.1
496,2022-10-20 08:07:21,15.5,65.5,9.1
497,2022-10-20 08:12:21,15.5,65.5,9.1
498,2022-10-20 08:17:21,15.5,65.5,9.1
499,2022-10-20 08:22:21,15.5,65.5,9.1
500,2022-10-20 08:27:21,15.5,65.5,9.1
501,2022-10-20 08:32:21,15.5,65.5,9.1
502,2022-10-20 08:37:21,15.5,65.5,9.1
503,2022-10-20 08:42:21,16.0,65.5,9.5
504,2022-10-20 08:47:21,16.0,65.0,9.4
505,2022-10-20 08:52:21,16.0,65.0,9.4
506,2022-10-20 08:57:21,16.0,65.0,9.4
507,2022-10-20 09:02:21,16.0,65.0,9.4
508,2022-10-20 09:07:21,16.0,65.0,9.4
509,2022-10-20 09:12:21,16.0,64.5,9.3
510,2022-10-20 09:17:21,16.5,64.5,9.8
511,2022-10-20 09:22:21,16.5,64.5,9.8
512,2022-10-20 09:27:21,16.5,64.0,9.7
513,2022-10-20 09:32:21,16.5,64.0,9.7
514,2022-10-20 09:37:21,16.5,64.0,9.7
515,2022-10-20 09:42:21,16.5,64.0,9.7
516,2022-10-20 09:47:21,16.5,64.5,9.8
517,2022-10-20 09:52:21,16.5,64.5,9.8
518,2022-10-20 09:57:21,16.5,64.5,9.8
519,2022-10-20 10:02:21,16.5,64.5,9.8
520,2022-10-20 10:07:21,16.5,64.5,9.8
521,2022-10-20 10:12:21,16.5,65.0,9.9
522,2022-10-20 10:17:21,16.5,65.0,9.9
523,2022-10-20 10:22:21,16.5,65.0,9.9
524,2022-10-20 10:27:21,16.5,65.0,9.9
525,2022-10-20 10:32:21,16.5,65.0,9.9
526,2022-10-20 10:37:21,16.5,65.0,9.9
527,2022-10-20 10:42:21,16.0,65.0,9.4
528,2022-10-20 10:47:21,16.0,65.0,9.4
529,2022-10-20 10:52:21,16.0,65.0,9.4
530,2022-10-20 10:57:21,16.0,65.0,9.4
531,2022-10-20 11:02:21,16.5,65.0,9.9
532,2022-10-20 11:07:21,16.5,65.0,9.9
533,2022-10-20 11:12:21,16.5,65.0,9.9
534,2022-10-20 11:17:21,16.5,65.0,9.9
535,2022-10-20 11:22:21,16.5,65.0,9.9
536,2022-10-20 11:27:21,17.0,65.0,10.4
537,2022-10-20 11:32:21,17.0,65.0,10.4
538,2022-10-20 11:37:21,17.0,65.0,10.4
539,2022-10-20 11:42:21,17.0,65.0,10.4
540,2022-10-20 11:47:21,17.0,65.0,10.4
541,2022-10-20 11:52:21,17.0,65.5,10.5
542,2022-10-20 11:57:21,17.0,65.5,10.5
543,2022-10-20 12:02:21,17.0,65.5,10.5
544,2022-10-20 12:07:21,17.0,65.5,10.5
545,2022-10-20 12:12:21,17.0,66.0,10.6
546,2022-10-20 12:17:21,17.0,66.0,10.6
547,2022-10-20 12:22:21,17.0,66.0,10.6
548,2022-10-20 12:27:21,17.0,66.0,10.6
549,2022-10-20 12:32:21,17.0,66.0,10.6
550,2022-10-20 12:37:21,17.0,66.0,10.6
551,2022-10-20 12:42:21,17.0,66.0,10.6
552,2022-10-20 12:47:21,17.0,66.0,10.6
553,2022-10-20 12:52:21,17.0,66.0,10.6
554,2022-10-20 12:57:21,17.0,66.0,10.6
555,2022-10-20 13:02:21,17.0,66.0,10.6
556,2022-10-20 13:07:21,17.0,66.0,10.6
557,2022-10-20 13:12:21,17.0,66.0,10.6
558,2022-10-20 13:17:21,17.0,66.0,10.6
559,2022-10-20 13:22:21,17.0,66.0,10.6
560,2022-10-20 13:27:21,17.0,66.0,10.6
561,2022-10-20 13:32:21,17.0,66.0,10.6
562,2022-10-20 13:37:21,17.0,66.0,10.6
563,2022-10-20 13:42:21,17.0,66.5,10.7
564,2022-10-20 13:47:21,17.0,66.5,10.7
565,2022-10-20 13:52:21,17.0,66.0,10.6
566,2022-10-20 13:57:21,17.0,66.0,10.6
567,2022-10-20 14:02:21,17.0,66.0,10.6
568,2022-10-20 14:07:21,17.0,65.5,10.5
569,2022-10-20 14:12:21,17.0,65.5,10.5
570,2022-10-20 14:17:21,17.5,65.5,11.0
571,2022-10-20 14:22:21,17.5,65.5,11.0
572,2022-10-20 14:27:21,17.5,65.5,11.0
573,2022-10-20 14:32:21,17.5,65.5,11.0
574,2022-10-20 14:37:21,17.5,65.5,11.0
575,2022-10-20 14:42:21,17.0,65.5,10.5
576,2022-10-20 14:47:21,17.0,65.5,10.5
577,2022-10-20 14:52:21,17.0,65.5,10.5
578,2022-10-20 14:57:21,17.0,65.5,10.5
579,2022-10-20 15:02:21,17.0,65.5,10.5
580,2022-10-20 15:07:21,17.0,65.5,10.5
581,2022-10-20 15:12:21,17.0,66.0,10.6
582,2022-10-20 15:17:21,17.0,65.5,10.5
583,2022-10-20 15:22:21,17.0,65.5,10.5
584,2022-10-20 15:27:21,17.0,65.5,10.5
585,2022-10-20 15:32:21,17.5,65.5,11.0
586,2022-10-20 15:37:21,17.5,65.0,10.9
587,2022-10-20 15:42:21,17.5,65.0,10.9
588,2022-10-20 15:47:21,17.5,65.0,10.9
589,2022-10-20 15:52:21,17.5,65.0,10.9
590,2022-10-20 15:57:21,17.5,65.0,10.9
591,2022-10-20 16:02:21,17.5,65.0,10.9
592,2022-10-20 16:07:21,17.5,65.5,11.0
593,2022-10-20 16:12:21,17.0,65.5,10.5
594,2022-10-20 16:17:21,17.0,65.5,10.5
595,2022-10-20 16:22:21,17.0,65.5,10.5
596,2022-10-20 16:27:21,17.0,65.5,10.5
597,2022-10-20 16:32:21,17.0,65.5,10.5
598,2022-10-20 16:37:21,17.0,65.5,10.5
599,2022-10-20 16:42:21,17.0,66.0,10.6
600,2022-10-20 16:47:21,17.0,66.0,10.6
601,2022-10-20 16:52:21,17.0,66.0,10.6
602,2022-10-20 16:57:21,17.0,66.0,10.6
603,2022-10-20 17:02:21,17.0,66.0,10.6
604,2022-10-20 17:07:21,17.0,66.0,10.6
605,2022-10-20 17:12:21,17.0,66.0,10.6
606,2022-10-20 17:17:21,17.0,66.0,10.6
607,2022-10-20 17:22:21,17.0,66.0,10.6
608,2022-10-20 17:27:21,17.0,66.0,10.6
609,2022-10-20 17:32:21,17.0,65.5,10.5
610,2022-10-20 17:37:21,17.0,65.5,10.5
611,2022-10-20 17:42:21,17.0,65.5,10.5
612,2022-10-20 17:47:21,17.0,65.5,10.5
613,2022-10-20 17:52:21,17.0,65.5,10.5
614,2022-10-20 17:57:21,17.0,65.5,10.5
615,2022-10-20 18:02:21,17.5,65.0,10.9
616,2022-10-20 18:07:21,17.5,65.0,10.9
617,2022-10-20 18:12:21,17.5,65.0,10.9
618,2022-10-20 18:17:21,17.5,65.0,10.9
619,2022-10-20 18:22:21,17.5,65.0,10.9
620,2022-10-20 18:27:21,17.5,65.0,10.9
621,2022-10-20 18:32:21,17.5,65.0,10.9
622,2022-10-20 18:37:21,17.5,65.0,10.9
623,2022-10-20 18:42:21,17.5,65.5,11.0
624,2022-10-20 18:47:21,17.0,65.5,10.5
625,2022-10-20 18:52:21,17.0,65.5,10.5
626,2022-10-20 18:57:21,17.0,65.5,10.5
627,2022-10-20 19:02:21,17.0,65.5,10.5
628,2022-10-20 19:07:21,17.0,65.5,10.5
629,2022-10-20 19:12:21,17.5,65.5,11.0
630,2022-10-20 19:17:21,17.5,65.5,11.0
631,2022-10-20 19:22:21,17.5,65.5,11.0
632,2022-10-20 19:27:21,17.5,66.0,11.1
633,2022-10-20 19:32:21,17.0,66.0,10.6
634,2022-10-20 19:37:21,17.0,66.0,10.6
635,2022-10-20 19:42:21,17.0,66.0,10.6
636,2022-10-20 19:47:21,17.0,66.0,10.6
637,2022-10-20 19:52:21,17.0,66.0,10.6
638,2022-10-20 19:57:21,17.0,66.5,10.7
639,2022-10-20 20:02:21,17.0,66.5,10.7
640,2022-10-20 20:07:21,17.0,66.5,10.7
641,2022-10-20 20:12:21,17.0,66.5,10.7
642,2022-10-20 20:17:21,17.0,66.5,10.7
643,2022-10-20 20:22:21,17.0,66.5,10.7
644,2022-10-20 20:27:21,17.0,66.0,10.6
645,2022-10-20 20:32:21,17.0,66.0,10.6
646,2022-10-20 20:37:21,17.0,66.5,10.7
647,2022-10-20 20:42:21,17.0,66.5,10.7
648,2022-10-20 20:47:21,17.0,66.5,10.7
649,2022-10-20 20:52:21,17.0,66.5,10.7
650,2022-10-20 20:57:21,17.0,66.5,10.7
651,2022-10-20 21:02:21,17.0,66.5,10.7
652,2022-10-20 21:07:21,17.0,66.5,10.7
653,2022-10-20 21:12:21,17.0,66.0,10.6
654,2022-10-20 21:17:21,17.5,66.0,11.1
655,2022-10-20 21:22:21,17.5,66.0,11.1
656,2022-10-20 21:27:21,17.5,66.0,11.1
657,2022-10-20 21:32:21,17.5,66.0,11.1
658,2022-10-20 21:37:21,17.5,66.0,11.1
659,2022-10-20 21:42:21,17.0,66.0,10.6
660,2022-10-20 21:47:21,17.0,66.0,10.6
661,2022-10-20 21:52:21,17.0,66.0,10.6
662,2022-10-20 21:57:21,17.0,66.0,10.6
663,2022-10-20 22:02:21,17.0,66.5,10.7
664,2022-10-20 22:07:21,17.0,66.5,10.7
665,2022-10-20 22:12:21,17.0,66.5,10.7
666,2022-10-20 22:17:21,17.0,66.5,10.7
667,2022-10-20 22:22:21,17.0,66.5,10.7
668,2022-10-20 22:27:21,17.0,66.5,10.7
669,2022-10-20 22:32:21,17.0,66.5,10.7
670,2022-10-20 22:37:21,17.0,66.5,10.7
671,2022-10-20 22:42:21,17.0,66.5,10.7
672,2022-10-20 22:47:21,17.0,66.5,10.7
673,2022-10-20 22:52:21,17.0,66.5,10.7
674,2022-10-20 22:57:21,17.0,66.5,10.7
675,2022-10-20 23:02:21,17.0,66.5,10.7
676,2022-10-20 23:07:21,17.0,66.5,10.7
677,2022-10-20 23:12:21,16.5,66.5,10.2
678,2022-10-20 23:17:21,16.5,66.5,10.2
679,2022-10-20 23:22:21,16.5,66.5,10.2
680,2022-10-20 23:27:21,16.5,66.5,10.2
681,2022-10-20 23:32:21,16.5,66.5,10.2
682,2022-10-20 23:37:21,16.5,66.5,10.2
683,2022-10-20 23:42:21,16.5,66.5,10.2
684,2022-10-20 23:47:21,16.5,66.5,10.2
685,2022-10-20 23:52:21,16.5,66.5,10.2
686,2022-10-20 23:57:21,16.5,66.5,10.2
687,2022-10-21 00:02:21,16.5,66.5,10.2
688,2022-10-21 00:07:21,16.5,66.5,10.2
689,2022-10-21 00:12:21,16.5,66.5,10.2
690,2022-10-21 00:17:21,16.5,66.5,10.2
691,2022-10-21 00:22:21,16.5,66.5,10.2
692,2022-10-21 00:27:21,16.5,66.5,10.2
693,2022-10-21 00:32:21,16.5,66.5,10.2
694,2022-10-21 00:37:21,16.5,66.5,10.2
695,2022-10-21 00:42:21,16.5,66.5,10.2
696,2022-10-21 00:47:21,16.5,66.5,10.2
697,2022-10-21 00:52:21,16.5,66.5,10.2
698,2022-10-21 00:57:21,16.5,66.5,10.2
699,2022-10-21 01:02:21,16.5,66.5,10.2
700,2022-10-21 01:07:21,16.5,66.5,10.2
701,2022-10-21 01:12:21,16.5,66.5,10.2
702,2022-10-21 01:17:21,16.5,66.5,10.2
703,2022-10-21 01:22:21,16.5,66.5,10.2
704,2022-10-21 01:27:21,16.5,66.5,10.2
705,2022-10-21 01:32:21,16.5,66.5,10.2
706,2022-10-21 01:37:21,16.5,66.5,10.2
707,2022-10-21 01:42:21,16.5,66.5,10.2
708,2022-10-21 01:47:21,16.0,66.5,9.8
709,2022-10-21 01:52:21,16.0,66.5,9.8
710,2022-10-21 01:57:21,16.0,66.5,9.8
711,2022-10-21 02:02:21,16.0,66.5,9.8
712,2022-10-21 02:07:21,16.0,66.5,9.8
713,2022-10-21 02:12:21,16.0,66.5,9.8
714,2022-10-21 02:17:21,16.0,66.5,9.8
715,2022-10-21 02:22:21,16.0,66.5,9.8
716,2022-10-21 02:27:21,16.0,66.5,9.8
717,2022-10-21 02:32:21,16.0,66.5,9.8
718,2022-10-21 02:37:21,16.0,66.5,9.8
719,2022-10-21 02:42:21,16.0,66.5,9.8
720,2022-10-21 02:47:21,16.0,66.5,9.8
721,2022-10-21 02:52:21,16.0,66.5,9.8
722,2022-10-21 02:57:21,16.0,67.0,9.9
723,2022-10-21 03:02:21,16.0,67.0,9.9
724,2022-10-21 03:07:21,16.0,67.0,9.9
725,2022-10-21 03:12:21,16.0,67.0,9.9
726,2022-10-21 03:17:21,16.0,67.0,9.9
727,2022-10-21 03:22:21,16.0,67.0,9.9
728,2022-10-21 03:27:21,16.0,67.0,9.9
729,2022-10-21 03:32:21,16.0,67.0,9.9
730,2022-10-21 03:37:21,16.0,67.0,9.9
731,2022-10-21 03:42:21,16.0,67.0,9.9
732,2022-10-21 03:47:21,16.0,67.0,9.9
733,2022-10-21 03:52:21,16.0,67.0,9.9
734,2022-10-21 03:57:21,16.0,67.0,9.9
735,2022-10-21 04:02:21,16.0,67.0,9.9
736,2022-10-21 04:07:21,16.0,67.0,9.9
737,2022-10-21 04:12:21,16.0,67.0,9.9
738,2022-10-21 04:17:21,16.0,67.0,9.9
739,2022-10-21 04:22:21,16.0,67.0,9.9
740,2022-10-21 04:27:21,16.0,67.0,9.9
741,2022-10-21 04:32:21,16.0,67.0,9.9
742,2022-10-21 04:37:21,16.0,67.0,9.9
743,2022-10-21 04:42:21,16.0,67.0,9.9
744,2022-10-21 04:47:21,16.0,67.0,9.9
745,2022-10-21 04:52:21,16.0,67.0,9.9
746,2022-10-21 04:57:21,16.0,67.0,9.9
747,2022-10-21 05:02:21,16.0,67.0,9.9
748,2022-10-21 05:07:21,16.0,67.0,9.9
749,2022-10-21 05:12:21,16.0,67.0,9.9
750,2022-10-21 05:17:21,16.0,67.0,9.9
751,2022-10-21 05:22:21,16.0,67.0,9.9
752,2022-10-21 05:27:21,16.0,67.0,9.9
753,2022-10-21 05:32:21,16.0,67.0,9.9
754,2022-10-21 05:37:21,16.0,67.0,9.9
755,2022-10-21 05:42:21,16.0,67.0,9.9
756,2022-10-21 05:47:21,16.0,67.0,9.9
757,2022-10-21 05:52:21,16.0,67.0,9.9
758,2022-10-21 05:57:21,16.0,67.0,9.9
759,2022-10-21 06:02:21,16.0,67.0,9.9
760,2022-10-21 06:07:21,16.0,67.0,9.9
761,2022-10-21 06:12:21,16.0,67.0,9.9
762,2022-10-21 06:17:21,16.0,67.0,9.9
763,2022-10-21 06:22:21,16.0,67.0,9.9
764,2022-10-21 06:27:21,16.0,67.0,9.9
765,2022-10-21 06:32:21,16.0,67.0,9.9
766,2022-10-21 06:37:21,16.0,67.0,9.9
767,2022-10-21 06:42:21,15.5,67.0,9.4
768,2022-10-21 06:47:21,16.0,67.0,9.9
769,2022-10-21 06:52:21,16.0,67.0,9.9
770,2022-10-21 06:57:21,16.0,67.0,9.9
771,2022-10-21 07:02:21,16.0,67.0,9.9
772,2022-10-21 07:07:21,16.0,67.0,9.9
773,2022-10-21 07:12:21,16.0,67.0,9.9
774,2022-10-21 07:17:21,15.5,67.0,9.4
775,2022-10-21 07:22:21,15.5,67.0,9.4
776,2022-10-21 07:27:21,15.5,67.0,9.4
777,2022-10-21 07:32:21,16.0,67.0,9.9
778,2022-10-21 07:37:21,16.0,67.0,9.9
779,2022-10-21 07:42:21,16.0,67.0,9.9
780,2022-10-21 07:47:21,16.0,67.0,9.9
781,2022-10-21 07:52:21,16.0,67.0,9.9
782,2022-10-21 07:57:21,16.0,67.0,9.9
783,2022-10-21 08:02:21,16.0,67.0,9.9
784,2022-10-21 08:07:21,16.0,66.5,9.8
785,2022-10-21 08:12:21,16.0,66.5,9.8
786,2022-10-21 08:17:21,16.0,66.5,9.8
787,2022-10-21 08:22:21,16.0,66.5,9.8
788,2022-10-21 08:27:21,16.0,66.5,9.8
789,2022-10-21 08:32:21,16.0,66.5,9.8
790,2022-10-21 08:37:21,16.5,66.0,10.1
791,2022-10-21 08:42:21,16.5,66.0,10.1
792,2022-10-21 08:47:21,16.5,66.0,10.1
793,2022-10-21 08:52:21,16.5,65.5,10.0
794,2022-10-21 08:57:21,17.0,65.5,10.5
795,2022-10-21 09:02:21,17.0,65.5,10.5
796,2022-10-21 09:07:21,17.0,65.5,10.5
797,2022-10-21 09:12:21,17.0,65.5,10.5
798,2022-10-21 09:17:21,17.0,65.5,10.5
799,2022-10-21 09:22:21,17.0,65.5,10.5
800,2022-10-21 09:27:21,16.5,65.5,10.0
801,2022-10-21 09:32:21,16.5,66.5,10.2
802,2022-10-21 09:37:21,16.5,66.5,10.2
803,2022-10-21 09:42:21,16.5,67.0,10.4
804,2022-10-21 09:47:21,16.5,67.5,10.5
805,2022-10-21 09:52:21,16.5,67.5,10.5
806,2022-10-21 09:57:21,17.0,67.5,10.9
807,2022-10-21 10:02:21,17.0,67.5,10.9
808,2022-10-21 10:07:21,17.0,67.0,10.8
809,2022-10-21 10:12:21,17.0,67.0,10.8
810,2022-10-21 10:17:21,17.0,66.5,10.7
811,2022-10-21 10:22:21,17.0,66.5,10.7
812,2022-10-21 10:27:21,17.0,66.5,10.7
813,2022-10-21 10:32:21,17.0,66.5,10.7
814,2022-10-21 10:37:21,17.0,66.5,10.7
815,2022-10-21 10:42:21,17.0,66.5,10.7
816,2022-10-21 10:47:21,17.0,66.5,10.7
817,2022-10-21 10:52:21,17.0,66.5,10.7
818,2022-10-21 10:57:21,17.0,67.0,10.8
819,2022-10-21 11:02:21,17.0,67.0,10.8
820,2022-10-21 11:07:21,17.0,67.0,10.8
821,2022-10-21 11:12:21,17.0,67.0,10.8
822,2022-10-21 11:17:21,17.0,67.0,10.8
823,2022-10-21 11:22:21,17.0,67.0,10.8
824,2022-10-21 11:27:21,17.0,66.5,10.7
825,2022-10-21 11:32:21,17.0,66.5,10.7
826,2022-10-21 11:37:21,17.5,66.5,11.2
827,2022-10-21 11:42:21,17.5,66.5,11.2
828,2022-10-21 11:47:21,17.5,66.0,11.1
829,2022-10-21 11:52:21,17.5,66.0,11.1
830,2022-10-21 11:57:21,17.5,66.0,11.1
831,2022-10-21 12:02:21,17.5,66.0,11.1
832,2022-10-21 12:07:21,17.5,66.5,11.2
833,2022-10-21 12:12:21,17.5,67.5,11.4
834,2022-10-21 12:17:21,17.5,67.5,11.4
835,2022-10-21 12:22:21,17.5,68.0,11.5
836,2022-10-21 12:27:21,17.5,68.5,11.6
837,2022-10-21 12:32:21,18.0,68.5,12.1
838,2022-10-21 12:37:21,18.0,69.0,12.2
839,2022-10-21 12:42:21,18.0,69.0,12.2
840,2022-10-21 12:47:21,18.0,69.0,12.2
841,2022-10-21 12:52:21,18.0,68.5,12.1
842,2022-10-21 12:57:21,18.0,68.5,12.1
843,2022-10-21 13:02:21,18.0,68.0,12.0
844,2022-10-21 13:07:21,18.0,68.0,12.0
845,2022-10-21 13:12:21,18.0,68.0,12.0
846,2022-10-21 13:17:21,18.0,68.0,12.0
847,2022-10-21 13:22:21,18.0,68.0,12.0
848,2022-10-21 13:27:21,18.0,68.0,12.0
849,2022-10-21 13:32:21,18.0,68.0,12.0
850,2022-10-21 13:37:21,17.5,67.5,11.4
851,2022-10-21 13:42:21,17.5,67.5,11.4
852,2022-10-21 13:47:21,17.5,67.5,11.4
853,2022-10-21 13:52:21,17.5,67.5,11.4
854,2022-10-21 13:57:21,17.5,67.5,11.4
855,2022-10-21 14:02:21,17.5,67.5,11.4
856,2022-10-21 14:07:21,17.5,67.5,11.4
857,2022-10-21 14:12:21,17.5,67.5,11.4
858,2022-10-21 14:17:21,18.0,67.0,11.8
859,2022-10-21 14:22:21,18.0,67.0,11.8
860,2022-10-21 14:27:21,18.0,67.0,11.8
861,2022-10-21 14:32:21,18.0,66.5,11.7
862,2022-10-21 14:37:21,18.0,66.5,11.7
863,2022-10-21 14:42:21,18.0,67.0,11.8
864,2022-10-21 14:47:21,18.0,67.0,11.8
865,2022-10-21 14:52:21,18.0,67.0,11.8
866,2022-10-21 14:57:21,18.0,67.0,11.8
867,2022-10-21 15:02:21,18.0,67.0,11.8
868,2022-10-21 15:07:21,18.0,67.5,11.9
869,2022-10-21 15:12:21,18.0,67.5,11.9
870,2022-10-21 15:17:21,18.0,67.5,11.9
871,2022-10-21 15:22:21,18.0,67.5,11.9
872,2022-10-21 15:27:21,18.0,67.5,11.9
873,2022-10-21 15:32:21,18.0,67.0,11.8
874,2022-10-21 15:37:21,18.0,67.0,11.8
875,2022-10-21 15:42:21,18.0,67.5,11.9
876,2022-10-21 15:47:21,18.0,67.5,11.9
877,2022-10-21 15:52:21,18.0,67.5,11.9
878,2022-10-21 15:57:21,18.0,67.5,11.9
879,2022-10-21 16:02:21,18.0,67.5,11.9
880,2022-10-21 16:07:21,18.0,67.5,11.9
881,2022-10-21 16:12:21,18.0,67.5,11.9
882,2022-10-21 16:17:21,18.0,67.5,11.9
883,2022-10-21 16:22:21,18.0,67.5,11.9
884,2022-10-21 16:27:21,18.0,67.5,11.9
885,2022-10-21 16:32:21,18.0,67.0,11.8
886,2022-10-21 16:37:21,18.0,67.0,11.8
887,2022-10-21 16:42:21,18.0,67.0,11.8
888,2022-10-21 16:47:21,18.0,67.0,11.8
889,2022-10-21 16:52:21,18.0,66.5,11.7
890,2022-10-21 16:57:21,18.0,66.5,11.7
891,2022-10-21 17:02:21,18.0,66.5,11.7
892,2022-10-21 17:07:21,18.0,66.5,11.7
893,2022-10-21 17:12:21,18.0,67.0,11.8
894,2022-10-21 17:17:21,18.0,67.0,11.8
895,2022-10-21 17:22:21,18.0,67.0,11.8
896,2022-10-21 17:27:21,18.0,67.0,11.8
897,2022-10-21 17:32:21,18.0,67.5,11.9
898,2022-10-21 17:37:21,18.0,68.5,12.1
899,2022-10-21 17:42:21,18.5,69.5,12.8
900,2022-10-21 17:47:21,18.5,70.0,12.9
901,2022-10-21 17:52:21,18.5,70.5,13.0
902,2022-10-21 17:57:21,19.0,71.0,13.6
903,2022-10-21 18:02:21,19.0,71.5,13.7
904,2022-10-21 18:07:21,19.0,72.0,13.8
905,2022-10-21 18:12:21,19.0,70.5,13.5
906,2022-10-21 18:17:21,19.0,70.0,13.4
907,2022-10-21 18:22:21,19.0,70.0,13.4
908,2022-10-21 18:27:21,19.0,70.0,13.4
909,2022-10-21 18:32:21,18.5,69.5,12.8
910,2022-10-21 18:37:21,18.5,69.5,12.8
911,2022-10-21 18:42:21,18.5,69.5,12.8
912,2022-10-21 18:47:21,18.5,69.5,12.8
913,2022-10-21 18:52:21,18.5,69.5,12.8
914,2022-10-21 18:57:21,18.5,69.5,12.8
915,2022-10-21 19:02:21,18.5,69.5,12.8
916,2022-10-21 19:07:21,18.5,69.5,12.8
917,2022-10-21 19:12:21,18.0,69.5,12.3
918,2022-10-21 19:17:21,18.0,69.5,12.3
919,2022-10-21 19:22:21,18.0,69.5,12.3
920,2022-10-21 19:27:21,18.0,69.0,12.2
921,2022-10-21 19:32:21,18.0,69.0,12.2
922,2022-10-21 19:37:21,18.0,69.0,12.2
923,2022-10-21 19:42:21,18.0,69.0,12.2
924,2022-10-21 19:47:21,18.0,69.0,12.2
925,2022-10-21 19:52:21,18.0,69.0,12.2
926,2022-10-21 19:57:21,18.0,69.0,12.2
927,2022-10-21 20:02:21,18.0,69.0,12.2
928,2022-10-21 20:07:21,18.0,69.0,12.2
929,2022-10-21 20:12:21,18.0,69.0,12.2
930,2022-10-21 20:17:21,18.0,69.0,12.2
931,2022-10-21 20:22:21,18.0,69.0,12.2
932,2022-10-21 20:27:21,18.0,68.5,12.1
933,2022-10-21 20:32:21,18.0,68.5,12.1
934,2022-10-21 20:37:21,18.0,68.5,12.1
935,2022-10-21 20:42:21,18.0,68.5,12.1
936,2022-10-21 20:47:21,18.0,68.5,12.1
937,2022-10-21 20:52:21,18.0,68.5,12.1
938,2022-10-21 20:57:21,18.0,68.5,12.1
939,2022-10-21 21:02:21,18.0,68.5,12.1
940,2022-10-21 21:07:21,18.0,68.5,12.1
941,2022-10-21 21:12:21,18.0,68.5,12.1
942,2022-10-21 21:17:21,18.0,68.5,12.1
943,2022-10-21 21:22:21,17.5,68.5,11.6
944,2022-10-21 21:27:21,17.5,68.5,11.6
945,2022-10-21 21:32:21,17.5,68.0,11.5
946,2022-10-21 21:37:21,17.5,68.0,11.5
947,2022-10-21 21:42:21,18.0,68.0,12.0
948,2022-10-21 21:47:21,18.0,68.0,12.0
949,2022-10-21 21:52:21,18.0,67.5,11.9
950,2022-10-21 21:57:21,18.0,67.5,11.9
951,2022-10-21 22:02:21,18.0,67.5,11.9
952,2022-10-21 22:07:21,18.0,67.5,11.9
953,2022-10-21 22:12:21,18.0,67.5,11.9
954,2022-10-21 22:17:21,18.0,67.5,11.9
955,2022-10-21 22:22:21,18.0,67.5,11.9
956,2022-10-21 22:27:21,18.0,67.5,11.9
957,2022-10-21 22:32:21,18.0,67.5,11.9
958,2022-10-21 22:37:21,18.0,67.5,11.9
959,2022-10-21 22:42:21,17.5,67.5,11.4
960,2022-10-21 22:47:21,17.5,67.5,11.4
961,2022-10-21 22:52:21,17.5,68.0,11.5
962,2022-10-21 22:57:21,17.5,68.0,11.5
963,2022-10-21 23:02:21,17.5,68.0,11.5
964,2022-10-21 23:07:21,17.5,68.0,11.5
965,2022-10-21 23:12:21,17.5,68.0,11.5
966,2022-10-21 23:17:21,17.5,68.0,11.5
967,2022-10-21 23:22:21,17.5,68.0,11.5
968,2022-10-21 23:27:21,17.5,68.0,11.5
969,2022-10-21 23:32:21,17.5,68.0,11.5
970,2022-10-21 23:37:21,17.5,68.0,11.5
971,2022-10-21 23:42:21,17.5,68.0,11.5
972,2022-10-21 23:47:21,17.5,68.0,11.5
973,2022-10-21 23:52:21,17.5,68.0,11.5
974,2022-10-21 23:57:21,17.5,68.0,11.5
975,2022-10-22 00:02:21,17.5,68.0,11.5
976,2022-10-22 00:07:21,17.5,68.0,11.5
977,2022-10-22 00:12:21,17.5,68.0,11.5
978,2022-10-22 00:17:21,17.5,68.0,11.5
979,2022-10-22 00:22:21,17.5,68.0,11.5
980,2022-10-22 00:27:21,17.5,68.0,11.5
981,2022-10-22 00:32:21,17.0,68.0,11.1
982,2022-10-22 00:37:21,17.0,68.0,11.1
983,2022-10-22 00:42:21,17.0,68.0,11.1
984,2022-10-22 00:47:21,17.0,68.0,11.1
985,2022-10-22 00:52:21,17.0,68.0,11.1
986,2022-10-22 00:57:21,17.0,68.0,11.1
987,2022-10-22 01:02:21,17.0,68.0,11.1
988,2022-10-22 01:07:21,17.0,68.0,11.1
989,2022-10-22 01:12:21,17.0,68.0,11.1
990,2022-10-22 01:17:21,17.0,68.0,11.1
991,2022-10-22 01:22:21,17.0,68.0,11.1
992,2022-10-22 01:27:21,17.0,68.0,11.1
993,2022-10-22 01:32:21,17.0,68.0,11.1
994,2022-10-22 01:37:21,17.0,68.0,11.1
995,2022-10-22 01:42:21,17.0,68.0,11.1
996,2022-10-22 01:47:21,17.0,68.0,11.1
997,2022-10-22 01:52:21,17.0,68.0,11.1
998,2022-10-22 01:57:21,17.0,68.0,11.1
999,2022-10-22 02:02:21,17.0,68.0,11.1
1000,2022-10-22 02:07:21,17.0,68.0,11.1
1001,2022-10-22 02:12:21,17.0,68.0,11.1
1002,2022-10-22 02:17:21,17.0,68.0,11.1
1003,2022-10-22 02:22:21,17.0,68.0,11.1
1004,2022-10-22 02:27:21,17.0,68.0,11.1
1005,2022-10-22 02:32:21,17.0,68.0,11.1
1006,2022-10-22 02:37:21,17.0,68.0,11.1
1007,2022-10-22 02:42:21,17.0,68.0,11.1
1008,2022-10-22 02:47:21,17.0,68.0,11.1
1009,2022-10-22 02:52:21,17.0,68.0,11.1
1010,2022-10-22 02:57:21,17.0,68.0,11.1
1011,2022-10-22 03:02:21,17.0,68.5,11.2
1012,2022-10-22 03:07:21,17.0,68.5,11.2
1013,2022-10-22 03:12:21,17.0,68.5,11.2
1014,2022-10-22 03:17:21,17.0,68.5,11.2
1015,2022-10-22 03:22:21,16.5,68.5,10.7
1016,2022-10-22 03:27:21,16.5,68.5,10.7
1017,2022-10-22 03:32:21,16.5,68.5,10.7
1018,2022-10-22 03:37:21,16.5,68.5,10.7
1019,2022-10-22 03:42:21,16.5,68.5,10.7
1020,2022-10-22 03:47:21,16.5,68.5,10.7
1021,2022-10-22 03:52:21,16.5,68.5,10.7
1022,2022-10-22 03:57:21,16.5,68.5,10.7
1023,2022-10-22 04:02:21,16.5,68.5,10.7
1024,2022-10-22 04:07:21,16.5,68.5,10.7
1025,2022-10-22 04:12:21,16.5,68.5,10.7
1026,2022-10-22 04:17:21,16.5,68.5,10.7
1027,2022-10-22 04:22:21,16.5,68.5,10.7
1028,2022-10-22 04:27:21,16.5,68.5,10.7
1029,2022-10-22 04:32:21,16.5,68.5,10.7
1030,2022-10-22 04:37:21,16.5,68.5,10.7
1031,2022-10-22 04:42:21,16.5,68.5,10.7
1032,2022-10-22 04:47:21,16.5,68.5,10.7
1033,2022-10-22 04:52:21,16.5,68.5,10.7
1034,2022-10-22 04:57:21,16.5,68.5,10.7
1035,2022-10-22 05:02:21,16.5,68.5,10.7
1036,2022-10-22 05:07:21,16.5,68.5,10.7
1037,2022-10-22 05:12:21,16.5,68.5,10.7
1038,2022-10-22 05:17:21,16.5,68.5,10.7
1039,2022-10-22 05:22:21,16.5,68.5,10.7
1040,2022-10-22 05:27:21,16.5,68.5,10.7
1041,2022-10-22 05:32:21,16.5,68.5,10.7
1042,2022-10-22 05:37:21,16.5,68.5,10.7
1043,2022-10-22 05:42:21,16.5,68.5,10.7
1044,2022-10-22 05:47:21,16.5,68.5,10.7
1045,2022-10-22 05:52:21,16.5,68.5,10.7
1046,2022-10-22 05:57:21,16.5,68.5,10.7
1047,2022-10-22 06:02:21,16.5,68.5,10.7
1048,2022-10-22 06:07:21,16.5,68.5,10.7
1049,2022-10-22 06:12:21,16.5,68.5,10.7
1050,2022-10-22 06:17:21,16.5,68.5,10.7
1051,2022-10-22 06:22:21,16.5,68.5,10.7
1052,2022-10-22 06:27:21,16.5,68.5,10.7
1053,2022-10-22 06:32:21,16.5,68.5,10.7
1054,2022-10-22 06:37:21,16.5,68.5,10.7
1055,2022-10-22 06:42:21,16.5,68.5,10.7
1056,2022-10-22 06:47:21,16.5,68.5,10.7
1057,2022-10-22 06:52:21,16.5,68.5,10.7
1058,2022-10-22 06:57:21,16.5,68.5,10.7
1059,2022-10-22 07:02:21,16.5,68.5,10.7
1060,2022-10-22 07:07:21,16.5,68.5,10.7
1061,2022-10-22 07:12:21,16.5,68.5,10.7
1062,2022-10-22 07:17:21,16.5,68.5,10.7
1063,2022-10-22 07:22:21,16.5,68.5,10.7
1064,2022-10-22 07:27:21,16.5,68.5,10.7
1065,2022-10-22 07:32:21,16.5,68.5,10.7
1066,2022-10-22 07:37:21,16.5,68.5,10.7
1067,2022-10-22 07:42:21,16.5,68.5,10.7
1068,2022-10-22 07:47:21,16.5,68.5,10.7
1069,2022-10-22 07:52:21,16.5,68.5,10.7
1070,2022-10-22 07:57:21,16.5,68.5,10.7
1071,2022-10-22 08:02:21,16.5,68.5,10.7
1072,2022-10-22 08:07:21,16.5,68.5,10.7
1073,2022-10-22 08:12:21,16.5,68.5,10.7
1074,2022-10-22 08:17:21,16.0,68.5,10.2
1075,2022-10-22 08:22:21,16.0,68.5,10.2
1076,2022-10-22 08:27:21,16.0,68.5,10.2
1077,2022-10-22 08:32:21,16.0,68.5,10.2
1078,2022-10-22 08:37:21,16.5,68.5,10.7
1079,2022-10-22 08:42:21,16.5,68.5,10.7
1080,2022-10-22 08:47:21,16.5,68.5,10.7
1081,2022-10-22 08:52:21,16.5,68.5,10.7
1082,2022-10-22 08:57:21,16.5,68.0,10.6
1083,2022-10-22 09:02:21,16.5,68.0,10.6
1084,2022-10-22 09:07:21,16.5,68.0,10.6
1085,2022-10-22 09:12:21,16.5,68.0,10.6
1086,2022-10-22 09:17:21,16.5,68.0,10.6
1087,2022-10-22 09:22:21,16.5,68.0,10.6
1088,2022-10-22 09:27:21,16.5,67.5,10.5
1089,2022-10-22 09:32:21,17.0,67.5,10.9
1090,2022-10-22 09:37:21,17.0,67.0,10.8
1091,2022-10-22 09:42:21,17.0,67.0,10.8
1092,2022-10-22 09:47:21,17.5,67.0,11.3
1093,2022-10-22 09:52:21,17.5,66.5,11.2
1094,2022-10-22 09:57:21,17.5,66.5,11.2
1095,2022-10-22 10:02:21,17.5,66.5,11.2
1096,2022-10-22 10:07:21,17.5,66.5,11.2
1097,2022-10-22 10:12:21,17.5,67.0,11.3
1098,2022-10-22 10:17:21,17.5,67.0,11.3
1099,2022-10-22 10:22:21,17.5,67.0,11.3
1100,2022-10-22 10:27:21,17.5,67.0,11.3
1101,2022-10-22 10:32:21,17.0,67.0,10.8
1102,2022-10-22 10:37:21,17.0,67.5,10.9
1103,2022-10-22 10:42:21,17.0,67.5,10.9
1104,2022-10-22 10:47:21,17.5,67.5,11.4
1105,2022-10-22 10:52:21,17.5,67.5,11.4
1106,2022-10-22 10:57:21,17.5,67.0,11.3
1107,2022-10-22 11:02:21,17.5,67.0,11.3
1108,2022-10-22 11:07:21,17.5,67.0,11.3
1109,2022-10-22 11:12:21,17.5,67.0,11.3
1110,2022-10-22 11:17:21,17.5,67.0,11.3
1111,2022-10-22 11:22:21,17.5,67.0,11.3
1112,2022-10-22 11:27:21,17.5,67.5,11.4
1113,2022-10-22 11:32:21,17.5,67.5,11.4
1114,2022-10-22 11:37:21,17.5,67.5,11.4
1115,2022-10-22 11:42:21,17.5,68.0,11.5
1116,2022-10-22 11:47:21,17.5,68.0,11.5
1117,2022-10-22 11:52:21,17.5,68.0,11.5
1118,2022-10-22 11:57:21,17.5,68.0,11.5
1119,2022-10-22 12:02:21,17.5,68.0,11.5
1120,2022-10-22 12:07:21,17.5,68.0,11.5
1121,2022-10-22 12:12:21,17.5,68.0,11.5
1122,2022-10-22 12:17:21,17.5,68.0,11.5
1123,2022-10-22 12:22:21,17.5,68.0,11.5
1124,2022-10-22 12:27:21,17.5,68.0,11.5
1125,2022-10-22 12:32:21,17.5,68.0,11.5
1126,2022-10-22 12:37:21,17.5,68.0,11.5
1127,2022-10-22 12:42:21,17.5,68.0,11.5
1128,2022-10-22 12:47:21,17.5,68.0,11.5
1129,2022-10-22 12:52:21,17.5,68.0,11.5
1130,2022-10-22 12:57:21,17.5,68.0,11.5
1131,2022-10-22 13:02:21,17.5,68.0,11.5
1132,2022-10-22 13:07:21,17.5,68.0,11.5
1133,2022-10-22 13:12:21,17.5,68.0,11.5
1134,2022-10-22 13:17:21,17.5,68.0,11.5
1135,2022-10-22 13:22:21,17.5,68.0,11.5
1136,2022-10-22 13:27:21,17.5,68.0,11.5
1137,2022-10-22 13:32:21,17.5,68.0,11.5
1138,2022-10-22 13:37:21,17.5,68.0,11.5
1139,2022-10-22 13:42:21,17.5,68.0,11.5
1140,2022-10-22 13:47:21,17.5,68.0,11.5
1141,2022-10-22 13:52:21,17.5,68.0,11.5
1142,2022-10-22 13:57:21,17.5,68.0,11.5
1143,2022-10-22 14:02:21,17.5,68.0,11.5
1144,2022-10-22 14:07:21,17.5,68.0,11.5
1145,2022-10-22 14:12:21,17.5,68.0,11.5
1146,2022-10-22 14:17:21,17.5,68.0,11.5
1147,2022-10-22 14:22:21,17.5,68.0,11.5
1148,2022-10-22 14:27:21,17.5,68.0,11.5
1149,2022-10-22 14:32:21,17.5,68.0,11.5
1150,2022-10-22 14:37:21,17.5,68.0,11.5
1151,2022-10-22 14:42:21,17.5,68.0,11.5
1152,2022-10-22 14:47:21,17.5,68.0,11.5
1153,2022-10-22 14:52:21,17.5,68.0,11.5
1154,2022-10-22 14:57:21,17.5,68.0,11.5
1155,2022-10-22 15:02:21,17.5,68.0,11.5
1156,2022-10-22 15:07:21,17.5,68.0,11.5
1157,2022-10-22 15:12:21,17.5,68.0,11.5
1158,2022-10-22 15:17:21,17.5,68.0,11.5
1159,2022-10-22 15:22:21,17.5,68.0,11.5
1160,2022-10-22 15:27:21,17.5,68.0,11.5
1161,2022-10-22 15:32:21,18.0,68.0,12.0
1162,2022-10-22 15:37:21,18.0,68.0,12.0
1163,2022-10-22 15:42:21,18.0,68.0,12.0
1164,2022-10-22 15:47:21,18.0,68.0,12.0
1165,2022-10-22 15:52:21,18.0,68.0,12.0
1166,2022-10-22 15:57:21,17.5,68.0,11.5
1167,2022-10-22 16:02:21,17.5,68.0,11.5
1168,2022-10-22 16:07:21,17.5,68.0,11.5
1169,2022-10-22 16:12:21,17.5,68.0,11.5
1170,2022-10-22 16:17:21,17.5,68.5,11.6
1171,2022-10-22 16:22:21,17.5,68.0,11.5
1172,2022-10-22 16:27:21,18.0,68.0,12.0
1173,2022-10-22 16:32:21,18.0,68.0,12.0
1174,2022-10-22 16:37:21,18.0,68.0,12.0
1175,2022-10-22 16:42:21,18.0,68.0,12.0
1176,2022-10-22 16:47:21,18.0,68.0,12.0
1177,2022-10-22 16:52:21,18.0,68.0,12.0
1178,2022-10-22 16:57:21,18.0,68.0,12.0
1179,2022-10-22 17:02:21,18.0,68.0,12.0
1180,2022-10-22 17:07:21,18.0,68.0,12.0
1181,2022-10-22 17:12:21,18.0,68.0,12.0
1182,2022-10-22 17:17:21,17.5,68.0,11.5
1183,2022-10-22 17:22:21,17.5,68.0,11.5
1184,2022-10-22 17:27:21,17.5,68.0,11.5
1185,2022-10-22 17:32:21,17.5,68.5,11.6
1186,2022-10-22 17:37:21,17.5,68.0,11.5
1187,2022-10-22 17:42:21,17.5,68.0,11.5
1188,2022-10-22 17:47:21,17.5,68.0,11.5
1189,2022-10-22 17:52:21,17.5,68.0,11.5
1190,2022-10-22 17:57:21,17.5,68.0,11.5
1191,2022-10-22 18:02:21,17.5,68.0,11.5
1192,2022-10-22 18:07:21,17.5,68.0,11.5
1193,2022-10-22 18:12:21,17.5,68.0,11.5
1194,2022-10-22 18:17:21,17.5,68.0,11.5
1195,2022-10-22 18:22:21,17.5,68.0,11.5
1196,2022-10-22 18:27:21,17.5,68.0,11.5
1197,2022-10-22 18:32:21,17.5,68.0,11.5
1198,2022-10-22 18:37:21,17.5,68.0,11.5
1199,2022-10-22 18:42:21,17.5,68.0,11.5
1200,2022-10-22 18:47:21,17.5,68.0,11.5
1201,2022-10-22 18:52:21,17.5,68.0,11.5
1202,2022-10-22 18:57:21,17.5,68.0,11.5
1203,2022-10-22 19:02:21,18.0,68.0,12.0
1204,2022-10-22 19:07:21,18.0,67.5,11.9
1205,2022-10-22 19:12:21,18.0,67.5,11.9
1206,2022-10-22 19:17:21,18.0,67.5,11.9
1207,2022-10-22 19:22:21,18.0,67.5,11.9
1208,2022-10-22 19:27:21,17.5,67.5,11.4
1209,2022-10-22 19:32:21,17.5,68.0,11.5
1210,2022-10-22 19:37:21,17.5,68.0,11.5
1211,2022-10-22 19:42:21,17.5,68.0,11.5
1212,2022-10-22 19:47:21,17.5,68.0,11.5
1213,2022-10-22 19:52:21,17.5,68.0,11.5
1214,2022-10-22 19:57:21,17.5,67.5,11.4
1215,2022-10-22 20:02:21,18.0,67.5,11.9
1216,2022-10-22 20:07:21,18.0,67.5,11.9
1217,2022-10-22 20:12:21,18.0,67.5,11.9
1218,2022-10-22 20:17:21,18.0,67.5,11.9
1219,2022-10-22 20:22:21,17.5,67.5,11.4
1220,2022-10-22 20:27:21,17.5,67.5,11.4
1221,2022-10-22 20:32:21,17.5,67.5,11.4
1222,2022-10-22 20:37:21,17.5,67.5,11.4
1223,2022-10-22 20:42:21,17.5,67.5,11.4
1224,2022-10-22 20:47:21,17.5,67.5,11.4
1225,2022-10-22 20:52:21,17.5,67.5,11.4
1226,2022-10-22 20:57:21,17.5,67.5,11.4
1227,2022-10-22 21:02:21,18.0,67.5,11.9
1228,2022-10-22 21:07:21,18.0,67.5,11.9
1229,2022-10-22 21:12:21,18.0,67.5,11.9
1230,2022-10-22 21:17:21,17.5,67.5,11.4
1231,2022-10-22 21:22:21,17.5,67.5,11.4
1232,2022-10-22 21:27:21,17.5,67.5,11.4
1233,2022-10-22 21:32:21,17.5,67.5,11.4
1234,2022-10-22 21:37:21,17.5,67.5,11.4
1235,2022-10-22 21:42:21,17.5,67.5,11.4
1236,2022-10-22 21:47:21,17.5,67.5,11.4
1237,2022-10-22 21:52:21,17.5,67.5,11.4
1238,2022-10-22 21:57:21,17.5,67.5,11.4
1239,2022-10-22 22:02:21,17.5,67.5,11.4
1240,2022-10-22 22:07:21,17.5,67.5,11.4
1241,2022-10-22 22:12:21,17.5,67.5,11.4
1242,2022-10-22 22:17:21,17.5,67.5,11.4
1243,2022-10-22 22:22:21,17.5,68.0,11.5
1244,2022-10-22 22:27:21,17.5,68.0,11.5
1245,2022-10-22 22:32:21,17.5,68.0,11.5
1246,2022-10-22 22:37:21,17.5,68.0,11.5
1247,2022-10-22 22:42:21,17.5,68.0,11.5
1248,2022-10-22 22:47:21,17.5,68.0,11.5
1249,2022-10-22 22:52:21,17.5,68.0,11.5
1250,2022-10-22 22:57:21,17.5,68.0,11.5
1251,2022-10-22 23:02:21,17.5,68.0,11.5
1252,2022-10-22 23:07:21,17.0,68.0,11.1
1253,2022-10-22 23:12:21,17.0,68.0,11.1
1254,2022-10-22 23:17:21,17.0,68.0,11.1
1255,2022-10-22 23:22:21,17.0,68.0,11.1
1256,2022-10-22 23:27:21,17.0,68.0,11.1
1257,2022-10-22 23:32:21,17.0,68.0,11.1
1258,2022-10-22 23:37:21,17.0,68.0,11.1
1259,2022-10-22 23:42:21,17.0,68.0,11.1
1260,2022-10-22 23:47:21,17.0,68.0,11.1
1261,2022-10-22 23:52:21,17.0,68.0,11.1
1262,2022-10-22 23:57:21,17.0,68.0,11.1
1263,2022-10-23 00:02:21,17.0,68.0,11.1
1264,2022-10-23 00:07:21,17.0,68.0,11.1
1265,2022-10-23 00:12:21,17.0,68.0,11.1
1266,2022-10-23 00:17:21,17.0,68.0,11.1
1267,2022-10-23 00:22:21,17.0,68.0,11.1
1268,2022-10-23 00:27:21,17.0,68.0,11.1
1269,2022-10-23 00:32:21,17.0,68.0,11.1
1270,2022-10-23 00:37:21,17.0,68.0,11.1
1271,2022-10-23 00:42:21,17.0,68.0,11.1
1272,2022-10-23 00:47:21,17.0,68.0,11.1
1273,2022-10-23 00:52:21,17.0,68.0,11.1
1274,2022-10-23 00:57:21,17.0,68.0,11.1
1275,2022-10-23 01:02:21,17.0,68.0,11.1
1276,2022-10-23 01:07:21,17.0,68.0,11.1
1277,2022-10-23 01:12:21,17.0,68.0,11.1
1278,2022-10-23 01:17:21,17.0,68.0,11.1
1279,2022-10-23 01:22:21,17.0,68.0,11.1
1280,2022-10-23 01:27:21,17.0,68.0,11.1
1281,2022-10-23 01:32:21,16.5,68.0,10.6
1282,2022-10-23 01:37:21,16.5,68.0,10.6
1283,2022-10-23 01:42:21,16.5,68.0,10.6
1284,2022-10-23 01:47:21,16.5,68.0,10.6
1285,2022-10-23 01:52:21,16.5,68.0,10.6
1286,2022-10-23 01:57:21,16.5,68.0,10.6
1287,2022-10-23 02:02:21,16.5,68.0,10.6
1288,2022-10-23 02:07:21,16.5,68.0,10.6
1289,2022-10-23 02:12:21,16.5,68.0,10.6
1290,2022-10-23 02:17:21,16.5,68.0,10.6
1291,2022-10-23 02:22:21,16.5,68.0,10.6
1292,2022-10-23 02:27:21,16.5,68.5,10.7
1293,2022-10-23 02:32:21,16.5,68.5,10.7
1294,2022-10-23 02:37:21,16.5,68.5,10.7
1295,2022-10-23 02:42:21,16.5,68.5,10.7
1296,2022-10-23 02:47:21,16.5,68.5,10.7
1297,2022-10-23 02:52:21,16.5,68.5,10.7
1298,2022-10-23 02:57:21,16.5,68.5,10.7
1299,2022-10-23 03:02:21,16.5,68.5,10.7
1300,2022-10-23 03:07:21,16.5,68.5,10.7
1301,2022-10-23 03:12:21,16.5,68.5,10.7
1302,2022-10-23 03:17:21,16.5,68.5,10.7
1303,2022-10-23 03:22:21,16.5,68.5,10.7
1304,2022-10-23 03:27:21,16.5,68.5,10.7
1305,2022-10-23 03:32:21,16.5,68.5,10.7
1306,2022-10-23 03:37:21,16.5,68.5,10.7
1307,2022-10-23 03:42:21,16.5,68.5,10.7
1308,2022-10-23 03:47:21,16.5,68.5,10.7
1309,2022-10-23 03:52:21,16.5,68.5,10.7
1310,2022-10-23 03:57:21,16.5,68.5,10.7
1311,2022-10-23 04:02:21,16.5,68.5,10.7
1312,2022-10-23 04:07:21,16.5,68.5,10.7
1313,2022-10-23 04:12:21,16.5,68.5,10.7
1314,2022-10-23 04:17:21,16.5,68.5,10.7
1315,2022-10-23 04:22:21,16.5,68.5,10.7
1316,2022-10-23 04:27:21,16.5,68.5,10.7
1317,2022-10-23 04:32:21,16.5,68.5,10.7
1318,2022-10-23 04:37:21,16.5,68.5,10.7
1319,2022-10-23 04:42:21,16.5,68.5,10.7
1320,2022-10-23 04:47:21,16.5,68.5,10.7
1321,2022-10-23 04:52:21,16.5,68.5,10.7
1322,2022-10-23 04:57:21,16.5,68.5,10.7
1323,2022-10-23 05:02:21,16.5,68.5,10.7
1324,2022-10-23 05:07:21,16.5,68.5,10.7
1325,2022-10-23 05:12:21,16.5,68.5,10.7
1326,2022-10-23 05:17:21,16.5,68.5,10.7
1327,2022-10-23 05:22:21,16.5,68.5,10.7
1328,2022-10-23 05:27:21,16.5,68.5,10.7
1329,2022-10-23 05:32:21,16.5,68.5,10.7
1330,2022-10-23 05:37:21,16.5,68.5,10.7
1331,2022-10-23 05:42:21,16.5,68.5,10.7
1332,2022-10-23 05:47:21,16.5,68.5,10.7
1333,2022-10-23 05:52:21,16.5,68.5,10.7
1334,2022-10-23 05:57:21,16.5,68.5,10.7
1335,2022-10-23 06:02:21,16.5,68.5,10.7
1336,2022-10-23 06:07:21,16.5,68.5,10.7
1337,2022-10-23 06:12:21,16.0,68.5,10.2
1338,2022-10-23 06:17:21,16.0,68.5,10.2
1339,2022-10-23 06:22:21,16.0,68.5,10.2
1340,2022-10-23 06:27:21,16.0,68.5,10.2
1341,2022-10-23 06:32:21,16.0,68.5,10.2
1342,2022-10-23 06:37:21,16.0,68.5,10.2
1343,2022-10-23 06:42:21,16.0,68.5,10.2
1344,2022-10-23 06:47:21,16.0,68.5,10.2
1345,2022-10-23 06:52:21,16.0,68.5,10.2
1346,2022-10-23 06:57:21,16.0,68.5,10.2
1347,2022-10-23 07:02:21,16.0,68.5,10.2
1348,2022-10-23 07:07:21,16.0,68.5,10.2
1349,2022-10-23 07:12:21,16.0,68.5,10.2
1350,2022-10-23 07:17:21,16.0,68.5,10.2
1351,2022-10-23 07:22:21,16.0,68.5,10.2
1352,2022-10-23 07:27:21,16.0,68.5,10.2
1353,2022-10-23 07:32:21,16.0,68.5,10.2
1354,2022-10-23 07:37:21,16.0,68.5,10.2
1355,2022-10-23 07:42:21,16.0,68.5,10.2
1356,2022-10-23 07:47:21,16.0,68.5,10.2
1357,2022-10-23 07:52:21,16.0,68.5,10.2
1358,2022-10-23 07:57:21,16.0,68.5,10.2
1359,2022-10-23 08:02:21,16.0,68.5,10.2
1360,2022-10-23 08:07:21,16.0,68.5,10.2
1361,2022-10-23 08:12:21,16.0,68.5,10.2
1362,2022-10-23 08:17:21,16.0,68.5,10.2
1363,2022-10-23 08:22:21,16.0,68.5,10.2
1364,2022-10-23 08:27:21,16.0,68.5,10.2
1365,2022-10-23 08:32:21,16.0,68.5,10.2
1366,2022-10-23 08:37:21,16.0,68.5,10.2
1367,2022-10-23 08:42:21,16.0,68.5,10.2
1368,2022-10-23 08:47:21,16.0,68.5,10.2
1369,2022-10-23 08:52:21,16.0,68.5,10.2
1370,2022-10-23 08:57:21,16.0,68.5,10.2
1371,2022-10-23 09:02:21,16.5,68.0,10.6
1372,2022-10-23 09:07:21,16.5,68.0,10.6
1373,2022-10-23 09:12:21,16.5,68.0,10.6
1374,2022-10-23 09:17:21,16.5,68.0,10.6
1375,2022-10-23 09:22:21,16.5,67.5,10.5
1376,2022-10-23 09:27:21,16.5,67.5,10.5
1377,2022-10-23 09:32:21,17.0,67.5,10.9
1378,2022-10-23 09:37:21,17.0,67.0,10.8
1379,2022-10-23 09:42:21,17.0,67.0,10.8
1380,2022-10-23 09:47:21,17.0,66.5,10.7
1381,2022-10-23 09:52:21,17.0,66.5,10.7
1382,2022-10-23 09:57:21,17.0,66.5,10.7
1383,2022-10-23 10:02:21,17.0,66.5,10.7
1384,2022-10-23 10:07:21,17.0,66.5,10.7
1385,2022-10-23 10:12:21,17.0,67.0,10.8
1386,2022-10-23 10:17:21,17.0,67.0,10.8
1387,2022-10-23 10:22:21,17.0,67.0,10.8
1388,2022-10-23 10:27:21,17.0,67.0,10.8
1389,2022-10-23 10:32:21,17.0,67.0,10.8
1390,2022-10-23 10:37:21,17.0,67.0,10.8
1391,2022-10-23 10:42:21,17.0,67.5,10.9
1392,2022-10-23 10:47:21,17.0,67.5,10.9
1393,2022-10-23 10:52:21,17.0,67.0,10.8
1394,2022-10-23 10:57:21,17.0,67.0,10.8
1395,2022-10-23 11:02:21,17.5,67.0,11.3
1396,2022-10-23 11:07:21,17.5,67.0,11.3
1397,2022-10-23 11:12:21,17.5,67.0,11.3
1398,2022-10-23 11:17:21,17.5,67.0,11.3
1399,2022-10-23 11:22:21,17.5,67.0,11.3
1400,2022-10-23 11:27:21,17.5,67.5,11.4
1401,2022-10-23 11:32:21,17.0,67.5,10.9
1402,2022-10-23 11:37:21,17.0,67.5,10.9
1403,2022-10-23 11:42:21,17.5,67.5,11.4
1404,2022-10-23 11:47:21,17.5,67.5,11.4
1405,2022-10-23 11:52:21,17.5,67.5,11.4
1406,2022-10-23 11:57:21,17.5,67.5,11.4
1407,2022-10-23 12:02:21,17.5,67.5,11.4
1408,2022-10-23 12:07:21,17.5,67.5,11.4
1409,2022-10-23 12:12:21,17.5,67.5,11.4
1410,2022-10-23 12:17:21,17.5,67.5,11.4
1411,2022-10-23 12:22:21,17.5,67.5,11.4
1412,2022-10-23 12:27:21,17.5,67.5,11.4
1413,2022-10-23 12:32:21,17.5,67.5,11.4
1414,2022-10-23 12:37:21,17.5,67.5,11.4
1415,2022-10-23 12:42:21,17.5,67.5,11.4
1416,2022-10-23 12:47:21,17.5,67.5,11.4
1417,2022-10-23 12:52:21,17.5,67.5,11.4
1418,2022-10-23 12:57:21,17.5,67.5,11.4
1419,2022-10-23 13:02:21,17.5,67.5,11.4
1420,2022-10-23 13:07:21,17.5,67.5,11.4
1421,2022-10-23 13:12:21,17.5,67.0,11.3
1422,2022-10-23 13:17:21,17.5,67.5,11.4
1423,2022-10-23 13:22:21,17.5,67.5,11.4
1424,2022-10-23 13:27:21,17.5,67.5,11.4
1425,2022-10-23 13:32:21,17.5,67.5,11.4
1426,2022-10-23 13:37:21,17.5,67.5,11.4
1427,2022-10-23 13:42:21,17.5,67.5,11.4
1428,2022-10-23 13:47:21,17.5,67.5,11.4
1429,2022-10-23 13:52:21,17.5,67.5,11.4
1430,2022-10-23 13:57:21,17.5,67.5,11.4
1431,2022-10-23 14:02:21,17.5,67.5,11.4
1432,2022-10-23 14:07:21,17.5,67.5,11.4
1433,2022-10-23 14:12:21,17.5,67.5,11.4
1434,2022-10-23 14:17:21,17.5,67.5,11.4
1435,2022-10-23 14:22:21,17.5,67.5,11.4
1436,2022-10-23 14:27:21,17.5,67.5,11.4
1437,2022-10-23 14:32:21,17.5,67.5,11.4
1438,2022-10-23 14:37:21,17.5,67.5,11.4
1439,2022-10-23 14:42:21,17.5,67.5,11.4
1440,2022-10-23 14:47:21,17.5,67.5,11.4
1441,2022-10-23 14:52:21,17.5,67.5,11.4
1442,2022-10-23 14:57:21,17.5,67.5,11.4
1443,2022-10-23 15:02:21,17.5,67.5,11.4
1444,2022-10-23 15:07:21,18.0,67.5,11.9
1445,2022-10-23 15:12:21,18.0,67.5,11.9
1446,2022-10-23 15:17:21,18.0,67.5,11.9
1447,2022-10-23 15:22:21,18.0,67.5,11.9
1448,2022-10-23 15:27:21,18.0,67.5,11.9
1449,2022-10-23 15:32:21,18.0,67.5,11.9
1450,2022-10-23 15:37:21,18.0,67.5,11.9
1451,2022-10-23 15:42:21,17.5,67.5,11.4
1452,2022-10-23 15:47:21,17.5,68.0,11.5
1453,2022-10-23 15:52:21,17.5,68.0,11.5
1454,2022-10-23 15:57:21,17.5,68.0,11.5
1455,2022-10-23 16:02:21,17.5,68.0,11.5
1456,2022-10-23 16:07:21,18.0,68.0,12.0
1457,2022-10-23 16:12:21,18.0,68.0,12.0
1458,2022-10-23 16:17:21,18.0,67.5,11.9
1459,2022-10-23 16:22:21,18.0,67.5,11.9
1460,2022-10-23 16:27:21,18.0,67.5,11.9
1461,2022-10-23 16:32:21,18.0,67.5,11.9
1462,2022-10-23 16:37:21,18.0,68.0,12.0
1463,2022-10-23 16:42:21,18.0,68.0,12.0
1464,2022-10-23 16:47:21,18.0,68.0,12.0
1465,2022-10-23 16:52:21,18.0,68.0,12.0
1466,2022-10-23 16:57:21,17.5,68.0,11.5
1467,2022-10-23 17:02:21,17.5,68.0,11.5
1468,2022-10-23 17:07:21,17.5,68.0,11.5
1469,2022-10-23 17:12:21,18.0,68.0,12.0
1470,2022-10-23 17:17:21,18.0,68.0,12.0
1471,2022-10-23 17:22:21,18.0,68.0,12.0
1472,2022-10-23 17:27:21,18.0,68.0,12.0
1473,2022-10-23 17:32:21,18.0,68.0,12.0
1474,2022-10-23 17:37:21,18.0,68.0,12.0
1475,2022-10-23 17:42:21,18.0,68.5,12.1
1476,2022-10-23 17:47:21,17.5,68.5,11.6
1477,2022-10-23 17:52:21,17.5,68.5,11.6
1478,2022-10-23 17:57:21,17.5,68.5,11.6
1479,2022-10-23 18:02:21,17.5,68.5,11.6
1480,2022-10-23 18:07:21,17.5,68.5,11.6
1481,2022-10-23 18:12:21,17.5,68.5,11.6
1482,2022-10-23 18:17:21,17.5,68.5,11.6
1483,2022-10-23 18:22:21,17.5,68.5,11.6
1484,2022-10-23 18:27:21,17.5,68.5,11.6
1485,2022-10-23 18:32:21,17.5,68.5,11.6
1486,2022-10-23 18:37:21,17.5,68.5,11.6
1487,2022-10-23 18:42:21,17.5,68.5,11.6
1488,2022-10-23 18:47:21,17.5,68.5,11.6
1489,2022-10-23 18:52:21,17.5,68.5,11.6
1490,2022-10-23 18:57:21,17.5,68.5,11.6
1491,2022-10-23 19:02:21,17.5,68.5,11.6
1492,2022-10-23 19:07:21,17.5,68.5,11.6
1493,2022-10-23 19:12:21,17.5,68.5,11.6
1494,2022-10-23 19:17:21,17.5,68.5,11.6
1495,2022-10-23 19:22:21,17.5,68.0,11.5
1496,2022-10-23 19:27:21,18.0,68.0,12.0
1497,2022-10-23 19:32:21,18.0,68.0,12.0
1498,2022-10-23 19:37:21,18.0,68.0,12.0
1499,2022-10-23 19:42:21,17.5,68.0,11.5
1500,2022-10-23 19:47:21,17.5,68.0,11.5
1501,2022-10-23 19:52:21,17.5,68.5,11.6
1502,2022-10-23 19:57:21,17.5,68.5,11.6
1503,2022-10-23 20:02:21,17.5,68.5,11.6
1504,2022-10-23 20:07:21,17.5,68.5,11.6
1505,2022-10-23 20:12:21,17.5,68.5,11.6
1506,2022-10-23 20:17:21,17.5,68.5,11.6
1507,2022-10-23 20:22:21,17.5,68.0,11.5
1508,2022-10-23 20:27:21,17.5,68.0,11.5
1509,2022-10-23 20:32:21,17.5,68.0,11.5
1510,2022-10-23 20:37:21,17.5,68.0,11.5
1511,2022-10-23 20:42:21,17.5,68.0,11.5
1512,2022-10-23 20:47:21,17.5,68.0,11.5
1513,2022-10-23 20:52:21,17.5,68.5,11.6
1514,2022-10-23 20:57:21,17.5,68.5,11.6
1515,2022-10-23 21:02:21,17.5,68.5,11.6
1516,2022-10-23 21:07:21,17.5,68.5,11.6
1517,2022-10-23 21:12:21,17.5,68.5,11.6
1518,2022-10-23 21:17:21,17.5,68.0,11.5
1519,2022-10-23 21:22:21,17.5,68.0,11.5
1520,2022-10-23 21:27:21,17.5,68.0,11.5
1521,2022-10-23 21:32:21,17.5,68.0,11.5
1522,2022-10-23 21:37:21,17.5,68.0,11.5
1523,2022-10-23 21:42:21,17.5,68.0,11.5
1524,2022-10-23 21:47:21,17.5,68.5,11.6
1525,2022-10-23 21:52:21,17.5,68.5,11.6
1526,2022-10-23 21:57:21,17.5,68.5,11.6
1527,2022-10-23 22:02:21,17.5,68.5,11.6
1528,2022-10-23 22:07:21,17.5,68.5,11.6
1529,2022-10-23 22:12:21,17.5,68.5,11.6
1530,2022-10-23 22:17:21,17.5,68.5,11.6
1531,2022-10-23 22:22:21,17.5,68.5,11.6
1532,2022-10-23 22:27:21,17.5,68.5,11.6
1533,2022-10-23 22:32:21,17.5,68.5,11.6
1534,2022-10-23 22:37:21,17.5,68.5,11.6
1535,2022-10-23 22:42:21,17.5,68.5,11.6
1536,2022-10-23 22:47:21,17.5,69.0,11.8
1537,2022-10-23 22:52:21,17.5,69.0,11.8
1538,2022-10-23 22:57:21,17.5,69.0,11.8
1539,2022-10-23 23:02:21,17.5,69.0,11.8
1540,2022-10-23 23:07:21,17.5,69.0,11.8
1541,2022-10-23 23:12:21,17.5,69.0,11.8
1542,2022-10-23 23:17:21,17.5,69.0,11.8
1543,2022-10-23 23:22:21,17.5,69.0,11.8
1544,2022-10-23 23:27:21,17.5,69.0,11.8
1545,2022-10-23 23:32:21,17.0,69.0,11.3
1546,2022-10-23 23:37:21,17.0,69.0,11.3
1547,2022-10-23 23:42:21,17.0,69.0,11.3
1548,2022-10-23 23:47:21,17.0,69.0,11.3
1549,2022-10-23 23:52:21,17.0,69.0,11.3
1550,2022-10-23 23:57:21,17.0,69.0,11.3
1551,2022-10-24 00:02:21,17.0,69.0,11.3
1552,2022-10-24 00:07:21,17.0,69.0,11.3
1553,2022-10-24 00:12:21,17.0,69.0,11.3
1554,2022-10-24 00:17:21,17.0,69.0,11.3
1555,2022-10-24 00:22:21,17.0,69.0,11.3
1556,2022-10-24 00:27:21,17.0,69.0,11.3
1557,2022-10-24 00:32:21,17.0,69.0,11.3
1558,2022-10-24 00:37:21,17.0,69.0,11.3
1559,2022-10-24 00:42:21,17.0,69.0,11.3
1560,2022-10-24 00:47:21,17.0,69.0,11.3
1561,2022-10-24 00:52:21,17.0,69.0,11.3
1562,2022-10-24 00:57:21,17.0,69.0,11.3
1563,2022-10-24 01:02:21,17.0,69.0,11.3
1564,2022-10-24 01:07:21,17.0,69.0,11.3
1565,2022-10-24 01:12:21,17.0,69.0,11.3
1566,2022-10-24 01:17:21,17.0,69.0,11.3
1567,2022-10-24 01:22:21,17.0,69.0,11.3
1568,2022-10-24 01:27:21,17.0,69.0,11.3
1569,2022-10-24 01:32:21,17.0,69.0,11.3
1570,2022-10-24 01:37:21,17.0,69.0,11.3
1571,2022-10-24 01:42:21,17.0,69.0,11.3
1572,2022-10-24 01:47:21,17.0,69.0,11.3
1573,2022-10-24 01:52:21,17.0,69.0,11.3
1574,2022-10-24 01:57:21,17.0,69.0,11.3
1575,2022-10-24 02:02:21,17.0,69.0,11.3
1576,2022-10-24 02:07:21,17.0,69.0,11.3
1577,2022-10-24 02:12:21,17.0,69.0,11.3
1578,2022-10-24 02:17:21,17.0,69.0,11.3
1579,2022-10-24 02:22:21,17.0,69.0,11.3
1580,2022-10-24 02:27:21,17.0,69.0,11.3
1581,2022-10-24 02:32:21,17.0,69.0,11.3
1582,2022-10-24 02:37:21,17.0,69.0,11.3
1583,2022-10-24 02:42:21,17.0,69.0,11.3
1584,2022-10-24 02:47:21,16.5,69.0,10.8
1585,2022-10-24 02:52:21,16.5,69.0,10.8
1586,2022-10-24 02:57:21,16.5,69.0,10.8
1587,2022-10-24 03:02:21,16.5,69.0,10.8
1588,2022-10-24 03:07:21,16.5,69.0,10.8
1589,2022-10-24 03:12:21,16.5,69.0,10.8
1590,2022-10-24 03:17:21,16.5,69.0,10.8
1591,2022-10-24 03:22:21,16.5,69.0,10.8
1592,2022-10-24 03:27:21,16.5,69.0,10.8
1593,2022-10-24 03:32:21,16.5,69.0,10.8
1594,2022-10-24 03:37:21,16.5,69.0,10.8
1595,2022-10-24 03:42:21,16.5,69.0,10.8
1596,2022-10-24 03:47:21,16.5,69.0,10.8
1597,2022-10-24 03:52:21,16.5,69.0,10.8
1598,2022-10-24 03:57:21,16.5,69.0,10.8
1599,2022-10-24 04:02:21,16.5,69.0,10.8
1600,2022-10-24 04:07:21,16.5,69.0,10.8
1601,2022-10-24 04:12:21,16.5,69.0,10.8
1602,2022-10-24 04:17:21,16.5,69.0,10.8
1603,2022-10-24 04:22:21,16.5,69.0,10.8
1604,2022-10-24 04:27:21,16.5,69.0,10.8
1605,2022-10-24 04:32:21,16.5,69.0,10.8
1606,2022-10-24 04:37:21,16.5,69.0,10.8
1607,2022-10-24 04:42:21,16.5,69.0,10.8
1608,2022-10-24 04:47:21,16.5,69.0,10.8
1609,2022-10-24 04:52:21,16.5,69.0,10.8
1610,2022-10-24 04:57:21,16.5,69.0,10.8
1611,2022-10-24 05:02:21,16.5,69.0,10.8
1612,2022-10-24 05:07:21,16.5,69.0,10.8
1613,2022-10-24 05:12:21,16.5,69.0,10.8
1614,2022-10-24 05:17:21,16.5,69.0,10.8
1615,2022-10-24 05:22:21,16.5,69.0,10.8
1616,2022-10-24 05:27:21,16.5,69.0,10.8
1617,2022-10-24 05:32:21,16.5,69.0,10.8
1618,2022-10-24 05:37:21,16.5,69.0,10.8
1619,2022-10-24 05:42:21,16.5,69.0,10.8
1620,2022-10-24 05:47:21,16.5,69.0,10.8
1621,2022-10-24 05:52:21,16.5,69.0,10.8
1622,2022-10-24 05:57:21,16.5,69.0,10.8
1623,2022-10-24 06:02:21,16.5,69.0,10.8
1624,2022-10-24 06:07:21,16.5,69.0,10.8
1625,2022-10-24 06:12:21,16.5,69.0,10.8
1626,2022-10-24 06:17:21,16.5,69.0,10.8
1627,2022-10-24 06:22:21,16.5,69.0,10.8
1628,2022-10-24 06:27:21,16.5,69.0,10.8
1629,2022-10-24 06:32:21,16.5,69.0,10.8
1630,2022-10-24 06:37:21,16.5,69.0,10.8
1631,2022-10-24 06:42:21,16.5,69.0,10.8
1632,2022-10-24 06:47:21,16.5,69.0,10.8
1633,2022-10-24 06:52:21,16.5,69.0,10.8
1634,2022-10-24 06:57:21,16.5,69.0,10.8
1635,2022-10-24 07:02:21,16.5,69.0,10.8
1636,2022-10-24 07:07:21,16.5,69.0,10.8
1637,2022-10-24 07:12:21,16.5,69.0,10.8
1638,2022-10-24 07:17:21,16.5,69.0,10.8
1639,2022-10-24 07:22:21,16.5,69.0,10.8
1640,2022-10-24 07:27:21,16.5,69.0,10.8
1641,2022-10-24 07:32:21,16.5,69.0,10.8
1642,2022-10-24 07:37:21,16.5,69.0,10.8
1643,2022-10-24 07:42:21,16.5,69.0,10.8
1644,2022-10-24 07:47:21,16.5,69.0,10.8
1645,2022-10-24 07:52:21,16.5,69.0,10.8
1646,2022-10-24 07:57:21,16.5,69.0,10.8
1647,2022-10-24 08:02:21,16.5,69.0,10.8
1648,2022-10-24 08:07:21,16.5,69.0,10.8
1649,2022-10-24 08:12:21,16.5,69.0,10.8
1650,2022-10-24 08:17:21,16.5,69.0,10.8
1651,2022-10-24 08:22:21,16.5,68.5,10.7
1652,2022-10-24 08:27:21,17.0,68.5,11.2
1653,2022-10-24 08:32:21,17.0,68.5,11.2
1654,2022-10-24 08:37:21,17.0,68.0,11.1
1655,2022-10-24 08:42:21,17.0,68.0,11.1
1656,2022-10-24 08:47:21,17.5,68.0,11.5
1657,2022-10-24 08:52:21,17.5,67.5,11.4
1658,2022-10-24 08:57:21,17.5,67.5,11.4
1659,2022-10-24 09:02:21,17.5,68.0,11.5
1660,2022-10-24 09:07:21,17.5,68.5,11.6
1661,2022-10-24 09:12:21,17.5,68.5,11.6
1662,2022-10-24 09:17:21,17.5,68.5,11.6
1663,2022-10-24 09:22:21,17.5,68.5,11.6
1664,2022-10-24 09:27:21,17.5,69.0,11.8
1665,2022-10-24 09:32:21,17.0,69.0,11.3
1666,2022-10-24 09:37:21,17.0,69.0,11.3
1667,2022-10-24 09:42:21,17.5,69.0,11.8
1668,2022-10-24 09:47:21,17.5,69.0,11.8
1669,2022-10-24 09:52:21,17.5,69.0,11.8
1670,2022-10-24 09:57:21,17.5,68.5,11.6
1671,2022-10-24 10:02:21,17.5,68.5,11.6
1672,2022-10-24 10:07:21,17.5,68.5,11.6
1673,2022-10-24 10:12:21,17.5,68.5,11.6
1674,2022-10-24 10:17:21,17.5,68.5,11.6
1675,2022-10-24 10:22:21,17.5,68.5,11.6
1676,2022-10-24 10:27:21,17.5,68.5,11.6
1677,2022-10-24 10:32:21,17.5,68.5,11.6
1678,2022-10-24 10:37:21,17.5,68.5,11.6
1679,2022-10-24 10:42:21,17.5,68.5,11.6
1680,2022-10-24 10:47:21,17.5,68.5,11.6
1681,2022-10-24 10:52:21,17.5,68.5,11.6
1682,2022-10-24 10:57:21,17.5,68.5,11.6
1683,2022-10-24 11:02:21,17.5,68.5,11.6
1684,2022-10-24 11:07:21,17.5,68.0,11.5
1685,2022-10-24 11:12:21,17.5,68.0,11.5
1686,2022-10-24 11:17:21,17.5,68.0,11.5
1687,2022-10-24 11:22:21,17.5,68.0,11.5
1688,2022-10-24 11:27:21,17.5,68.5,11.6
1689,2022-10-24 11:32:21,17.5,68.5,11.6
1690,2022-10-24 11:37:21,17.5,68.5,11.6
1691,2022-10-24 11:42:21,17.5,68.5,11.6
1692,2022-10-24 11:47:21,17.5,68.5,11.6
1693,2022-10-24 11:52:21,17.5,68.0,11.5
1694,2022-10-24 11:57:21,17.5,68.0,11.5
1695,2022-10-24 12:02:21,17.5,68.0,11.5
1696,2022-10-24 12:07:21,17.5,68.0,11.5
1697,2022-10-24 12:12:21,17.5,68.0,11.5
1698,2022-10-24 12:17:21,17.5,68.0,11.5
1699,2022-10-24 12:22:21,17.5,68.0,11.5
1700,2022-10-24 12:27:21,17.5,68.0,11.5
1701,2022-10-24 12:32:21,17.5,68.0,11.5
1702,2022-10-24 12:37:21,17.5,68.0,11.5
1703,2022-10-24 12:42:21,17.5,68.0,11.5
1704,2022-10-24 12:47:21,17.5,68.0,11.5
1705,2022-10-24 12:52:21,17.5,68.0,11.5
1706,2022-10-24 12:57:21,17.5,68.0,11.5
1707,2022-10-24 13:02:21,17.5,68.0,11.5
1708,2022-10-24 13:07:21,17.5,68.0,11.5
1709,2022-10-24 13:12:21,17.5,68.0,11.5
1710,2022-10-24 13:17:21,17.5,68.5,11.6
1711,2022-10-24 13:22:21,17.5,68.5,11.6
1712,2022-10-24 13:27:21,17.5,68.5,11.6
1713,2022-10-24 13:32:21,17.5,68.5,11.6
1714,2022-10-24 13:37:21,17.5,68.5,11.6
1715,2022-10-24 13:42:21,17.5,68.5,11.6
1716,2022-10-24 13:47:21,18.0,68.0,12.0
1717,2022-10-24 13:52:21,18.0,68.0,12.0
1718,2022-10-24 13:57:21,18.0,68.0,12.0
1719,2022-10-24 14:02:21,18.0,68.0,12.0
1720,2022-10-24 14:07:21,18.0,68.0,12.0
1721,2022-10-24 14:12:21,17.5,68.0,11.5
1722,2022-10-24 14:17:21,17.5,68.0,11.5
1723,2022-10-24 14:22:21,17.5,68.0,11.5
1724,2022-10-24 14:27:21,17.5,68.5,11.6
1725,2022-10-24 14:32:21,17.5,68.5,11.6
1726,2022-10-24 14:37:21,17.5,68.5,11.6
1727,2022-10-24 14:42:21,17.5,68.0,11.5
1728,2022-10-24 14:47:21,17.5,68.0,11.5
1729,2022-10-24 14:52:21,17.5,68.0,11.5
1730,2022-10-24 14:57:21,17.5,68.0,11.5
1731,2022-10-24 15:02:21,17.5,68.0,11.5
1732,2022-10-24 15:07:21,17.5,68.0,11.5
1733,2022-10-24 15:12:21,17.5,68.0,11.5
1734,2022-10-24 15:17:21,17.5,68.0,11.5
1735,2022-10-24 15:22:21,17.5,68.0,11.5
1736,2022-10-24 15:27:21,17.5,68.5,11.6
1737,2022-10-24 15:32:21,17.5,68.5,11.6
1738,2022-10-24 15:37:21,17.5,68.0,11.5
1739,2022-10-24 15:42:21,17.5,68.0,11.5
1740,2022-10-24 15:47:21,17.5,68.0,11.5
1741,2022-10-24 15:52:21,17.5,68.0,11.5
1742,2022-10-24 15:57:21,17.5,68.0,11.5
1743,2022-10-24 16:02:21,17.5,68.0,11.5
1744,2022-10-24 16:07:21,17.5,68.0,11.5
1745,2022-10-24 16:12:21,17.5,68.0,11.5
1746,2022-10-24 16:17:21,17.5,68.0,11.5
1747,2022-10-24 16:22:21,17.5,68.0,11.5
1748,2022-10-24 16:27:21,17.5,68.0,11.5
1749,2022-10-24 16:32:21,17.5,68.0,11.5
1750,2022-10-24 16:37:21,17.5,68.0,11.5
1751,2022-10-24 16:42:21,17.5,68.0,11.5
1752,2022-10-24 16:47:21,17.5,68.0,11.5
1753,2022-10-24 16:52:21,17.5,68.0,11.5
1754,2022-10-24 16:57:21,17.5,68.0,11.5
1755,2022-10-24 17:02:21,17.5,68.0,11.5
1756,2022-10-24 17:07:21,17.5,68.0,11.5
1757,2022-10-24 17:12:21,17.5,68.5,11.6
1758,2022-10-24 17:17:21,17.5,68.0,11.5
1759,2022-10-24 17:22:21,17.5,68.0,11.5
1760,2022-10-24 17:27:21,17.5,68.0,11.5
1761,2022-10-24 17:32:21,17.5,68.0,11.5
1762,2022-10-24 17:37:21,17.5,68.0,11.5
1763,2022-10-24 17:42:21,17.5,68.0,11.5
1764,2022-10-24 17:47:21,17.5,68.0,11.5
1765,2022-10-24 17:52:21,17.5,68.0,11.5
1766,2022-10-24 17:57:21,17.5,68.0,11.5
1767,2022-10-24 18:02:21,17.5,68.0,11.5
1768,2022-10-24 18:07:21,17.5,68.5,11.6
1769,2022-10-24 18:12:21,17.5,68.5,11.6
1770,2022-10-24 18:17:21,17.5,68.5,11.6
1771,2022-10-24 18:22:21,17.5,68.5,11.6
1772,2022-10-24 18:27:21,17.5,68.5,11.6
1773,2022-10-24 18:32:21,17.5,68.5,11.6
1774,2022-10-24 18:37:21,17.5,68.0,11.5
1775,2022-10-24 18:42:21,18.0,68.0,12.0
1776,2022-10-24 18:47:21,18.0,68.0,12.0
1777,2022-10-24 18:52:21,18.0,68.0,12.0
1778,2022-10-24 18:57:21,18.0,68.0,12.0
1779,2022-10-24 19:02:21,18.0,68.0,12.0
1780,2022-10-24 19:07:21,18.0,68.0,12.0
1781,2022-10-24 19:12:21,18.0,68.0,12.0
1782,2022-10-24 19:17:21,18.0,68.0,12.0
1783,2022-10-24 19:22:21,18.0,68.5,12.1
1784,2022-10-24 19:27:21,18.0,68.5,12.1
1785,2022-10-24 19:32:21,18.0,68.5,12.1
1786,2022-10-24 19:37:21,18.0,68.0,12.0
1787,2022-10-24 19:42:21,18.0,68.0,12.0
1788,2022-10-24 19:47:21,18.0,68.0,12.0
1789,2022-10-24 19:52:21,18.0,68.0,12.0
1790,2022-10-24 19:57:21,18.0,68.0,12.0
1791,2022-10-24 20:02:21,18.0,68.0,12.0
1792,2022-10-24 20:07:21,18.0,68.5,12.1
1793,2022-10-24 20:12:21,18.0,68.5,12.1
1794,2022-10-24 20:17:21,18.0,68.5,12.1
1795,2022-10-24 20:22:21,18.0,68.5,12.1
1796,2022-10-24 20:27:21,18.0,68.5,12.1
1797,2022-10-24 20:32:21,18.0,68.5,12.1
1798,2022-10-24 20:37:21,18.0,68.5,12.1
1799,2022-10-24 20:42:21,18.0,68.5,12.1
1800,2022-10-24 20:47:21,18.0,68.5,12.1
1801,2022-10-24 20:52:21,18.0,68.0,12.0
1802,2022-10-24 20:57:21,18.0,68.5,12.1
1803,2022-10-24 21:02:21,18.0,68.5,12.1
1804,2022-10-24 21:07:21,18.0,68.5,12.1
1805,2022-10-24 21:12:21,18.0,68.5,12.1
1806,2022-10-24 21:17:21,18.0,68.5,12.1
1807,2022-10-24 21:22:21,18.0,68.5,12.1
1808,2022-10-24 21:27:21,18.0,68.5,12.1
1809,2022-10-24 21:32:21,18.0,68.5,12.1
1810,2022-10-24 21:37:21,18.0,68.5,12.1
1811,2022-10-24 21:42:21,18.0,68.5,12.1
1812,2022-10-24 21:47:21,18.0,68.5,12.1
1813,2022-10-24 21:52:21,18.0,68.5,12.1
1814,2022-10-24 21:57:21,18.0,68.5,12.1
1815,2022-10-24 22:02:21,18.0,68.5,12.1
1816,2022-10-24 22:07:21,17.5,68.5,11.6
1817,2022-10-24 22:12:21,17.5,68.5,11.6
1818,2022-10-24 22:17:21,17.5,68.5,11.6
1819,2022-10-24 22:22:21,17.5,68.5,11.6
1820,2022-10-24 22:27:21,17.5,68.5,11.6
1821,2022-10-24 22:32:21,17.5,68.5,11.6
1822,2022-10-24 22:37:21,17.5,68.5,11.6
1823,2022-10-24 22:42:21,17.5,68.5,11.6
1824,2022-10-24 22:47:21,17.5,68.5,11.6
1825,2022-10-24 22:52:21,17.5,68.5,11.6
1826,2022-10-24 22:57:21,17.5,68.5,11.6
1827,2022-10-24 23:02:21,17.5,68.5,11.6
1828,2022-10-24 23:07:21,17.5,68.5,11.6
1829,2022-10-24 23:12:21,17.5,68.5,11.6
1830,2022-10-24 23:17:21,17.5,68.5,11.6
1831,2022-10-24 23:22:21,17.5,68.5,11.6
1832,2022-10-24 23:27:21,17.5,68.5,11.6
1833,2022-10-24 23:32:21,17.5,68.5,11.6
1834,2022-10-24 23:37:21,17.5,68.5,11.6
1835,2022-10-24 23:42:21,17.5,68.5,11.6
1836,2022-10-24 23:47:21,17.5,68.5,11.6
1837,2022-10-24 23:52:21,17.5,68.5,11.6
1838,2022-10-24 23:57:21,17.5,68.5,11.6
1839,2022-10-25 00:02:21,17.5,69.0,11.8
1840,2022-10-25 00:07:21,17.5,69.0,11.8
1841,2022-10-25 00:12:21,17.5,69.0,11.8
1842,2022-10-25 00:17:21,17.5,69.0,11.8
1843,2022-10-25 00:22:21,17.0,69.0,11.3
1844,2022-10-25 00:27:21,17.0,69.0,11.3
1845,2022-10-25 00:32:21,17.0,69.0,11.3
1846,2022-10-25 00:37:21,17.0,69.0,11.3
1847,2022-10-25 00:42:21,17.0,69.0,11.3
1848,2022-10-25 00:47:21,17.0,69.0,11.3
1849,2022-10-25 00:52:21,17.0,69.0,11.3
1850,2022-10-25 00:57:21,17.0,69.0,11.3
1851,2022-10-25 01:02:21,17.0,69.0,11.3
1852,2022-10-25 01:07:21,17.0,69.0,11.3
1853,2022-10-25 01:12:21,17.0,69.0,11.3
1854,2022-10-25 01:17:21,17.0,69.0,11.3
1855,2022-10-25 01:22:21,17.0,69.0,11.3
1856,2022-10-25 01:27:21,17.0,69.0,11.3
1857,2022-10-25 01:32:21,17.0,69.0,11.3
1858,2022-10-25 01:37:21,17.0,69.0,11.3
1859,2022-10-25 01:42:21,17.0,69.0,11.3
1860,2022-10-25 01:47:21,17.0,69.0,11.3
1861,2022-10-25 01:52:21,17.0,69.0,11.3
1862,2022-10-25 01:57:21,17.0,69.0,11.3
1863,2022-10-25 02:02:21,17.0,69.0,11.3
1864,2022-10-25 02:07:21,17.0,69.0,11.3
1865,2022-10-25 02:12:21,17.0,69.0,11.3
1866,2022-10-25 02:17:21,17.0,69.0,11.3
1867,2022-10-25 02:22:21,17.0,69.0,11.3
1868,2022-10-25 02:27:21,17.0,69.0,11.3
1869,2022-10-25 02:32:21,17.0,69.0,11.3
1870,2022-10-25 02:37:21,17.0,69.0,11.3
1871,2022-10-25 02:42:21,17.0,69.0,11.3
1872,2022-10-25 02:47:21,17.0,69.0,11.3
1873,2022-10-25 02:52:21,17.0,69.0,11.3
1874,2022-10-25 02:57:21,17.0,69.0,11.3
1875,2022-10-25 03:02:21,17.0,69.0,11.3
1876,2022-10-25 03:07:21,17.0,69.0,11.3
1877,2022-10-25 03:12:21,17.0,69.0,11.3
1878,2022-10-25 03:17:21,16.5,69.0,10.8
1879,2022-10-25 03:22:21,16.5,69.0,10.8
1880,2022-10-25 03:27:21,16.5,69.0,10.8
1881,2022-10-25 03:32:21,16.5,69.0,10.8
1882,2022-10-25 03:37:21,16.5,69.0,10.8
1883,2022-10-25 03:42:21,16.5,69.0,10.8
1884,2022-10-25 03:47:21,16.5,69.0,10.8
1885,2022-10-25 03:52:21,16.5,69.0,10.8
1886,2022-10-25 03:57:21,16.5,69.0,10.8
1887,2022-10-25 04:02:21,16.5,69.0,10.8
1888,2022-10-25 04:07:21,16.5,69.0,10.8
1889,2022-10-25 04:12:21,16.5,69.0,10.8
1890,2022-10-25 04:17:21,16.5,69.0,10.8
1891,2022-10-25 04:22:21,16.5,69.0,10.8
1892,2022-10-25 04:27:21,16.5,69.0,10.8
1893,2022-10-25 04:32:21,16.5,69.0,10.8
1894,2022-10-25 04:37:21,16.5,69.0,10.8
1895,2022-10-25 04:42:21,16.5,69.0,10.8
1896,2022-10-25 04:47:21,16.5,69.0,10.8
1897,2022-10-25 04:52:21,16.5,69.0,10.8
1898,2022-10-25 04:57:21,16.5,69.0,10.8
1899,2022-10-25 05:02:21,16.5,69.0,10.8
1900,2022-10-25 05:07:21,16.5,69.0,10.8
1901,2022-10-25 05:12:21,16.5,69.0,10.8
1902,2022-10-25 05:17:21,16.5,69.0,10.8
1903,2022-10-25 05:22:21,16.5,69.0,10.8
1904,2022-10-25 05:27:21,16.5,69.0,10.8
1905,2022-10-25 05:32:21,16.5,69.0,10.8
1906,2022-10-25 05:37:21,16.5,69.0,10.8
1907,2022-10-25 05:42:21,16.5,69.0,10.8
1908,2022-10-25 05:47:21,16.5,69.0,10.8
1909,2022-10-25 05:52:21,16.5,69.0,10.8
1910,2022-10-25 05:57:21,16.5,69.0,10.8
1911,2022-10-25 06:02:21,16.5,69.0,10.8
1912,2022-10-25 06:07:21,16.5,69.0,10.8
1913,2022-10-25 06:12:21,16.5,69.0,10.8
1914,2022-10-25 06:17:21,16.5,69.0,10.8
1915,2022-10-25 06:22:21,16.5,69.0,10.8
1916,2022-10-25 06:27:21,16.5,69.0,10.8
1917,2022-10-25 06:32:21,16.5,69.0,10.8
1918,2022-10-25 06:37:21,16.5,69.0,10.8
1919,2022-10-25 06:42:21,16.5,69.0,10.8
1920,2022-10-25 06:47:21,16.5,69.0,10.8
1921,2022-10-25 06:52:21,16.5,69.0,10.8
1922,2022-10-25 06:57:21,16.5,69.0,10.8
1923,2022-10-25 07:02:21,16.5,69.0,10.8
1924,2022-10-25 07:07:21,16.5,69.0,10.8
1925,2022-10-25 07:12:21,16.5,69.0,10.8
1926,2022-10-25 07:17:21,16.5,69.0,10.8
1927,2022-10-25 07:22:21,16.5,69.5,10.9
1928,2022-10-25 07:27:21,16.5,69.5,10.9
1929,2022-10-25 07:32:21,16.5,70.0,11.0
1930,2022-10-25 07:37:21,16.5,70.0,11.0
1931,2022-10-25 07:42:21,16.5,70.0,11.0
1932,2022-10-25 07:47:21,16.5,69.5,10.9
1933,2022-10-25 07:52:21,17.0,69.5,11.4
1934,2022-10-25 07:57:21,17.0,69.5,11.4
1935,2022-10-25 08:02:21,17.0,69.5,11.4
1936,2022-10-25 08:07:21,17.5,70.0,12.0
1937,2022-10-25 08:12:21,17.5,70.0,12.0
1938,2022-10-25 08:17:21,17.5,70.0,12.0
1939,2022-10-25 08:22:21,17.5,70.0,12.0
1940,2022-10-25 08:27:21,17.5,70.5,12.1
1941,2022-10-25 08:32:21,17.5,70.5,12.1
1942,2022-10-25 08:37:21,17.5,70.5,12.1
1943,2022-10-25 08:42:21,17.5,70.5,12.1
1944,2022-10-25 08:47:21,17.5,70.5,12.1
1945,2022-10-25 08:52:21,17.5,70.5,12.1
1946,2022-10-25 08:57:21,17.5,70.5,12.1
1947,2022-10-25 09:02:21,17.5,70.5,12.1
1948,2022-10-25 09:07:21,17.5,70.5,12.1
1949,2022-10-25 09:12:21,17.5,70.0,12.0
1950,2022-10-25 09:17:21,17.5,70.0,12.0
1951,2022-10-25 09:22:21,17.5,70.0,12.0
1952,2022-10-25 09:27:21,17.5,69.5,11.9
1953,2022-10-25 09:32:21,17.5,69.5,11.9
1954,2022-10-25 09:37:21,17.5,69.5,11.9
1955,2022-10-25 09:42:21,17.5,69.5,11.9
1956,2022-10-25 09:47:21,17.5,69.5,11.9
1957,2022-10-25 09:52:21,17.5,69.5,11.9
1958,2022-10-25 09:57:21,17.5,69.5,11.9
1959,2022-10-25 10:02:21,17.5,69.5,11.9
1960,2022-10-25 10:07:21,17.5,69.5,11.9
1961,2022-10-25 10:12:21,17.5,69.5,11.9
1962,2022-10-25 10:17:21,17.5,69.5,11.9
1963,2022-10-25 10:22:21,17.5,69.0,11.8
1964,2022-10-25 10:27:21,17.5,69.0,11.8
1965,2022-10-25 10:32:21,17.5,69.0,11.8
1966,2022-10-25 10:37:21,17.5,69.0,11.8
1967,2022-10-25 10:42:21,17.5,69.0,11.8
1968,2022-10-25 10:47:21,17.5,69.0,11.8
1969,2022-10-25 10:52:21,17.5,69.0,11.8
1970,2022-10-25 10:57:21,17.5,69.0,11.8
1971,2022-10-25 11:02:21,17.5,69.0,11.8
1972,2022-10-25 11:07:21,17.5,69.0,11.8
1973,2022-10-25 11:12:21,17.5,69.0,11.8
1974,2022-10-25 11:17:21,17.5,68.5,11.6
1975,2022-10-25 11:22:21,17.5,68.5,11.6
1976,2022-10-25 11:27:21,17.5,68.5,11.6
1977,2022-10-25 11:32:21,17.5,68.5,11.6
1978,2022-10-25 11:37:21,17.5,68.5,11.6
1979,2022-10-25 11:42:21,17.5,68.5,11.6
1980,2022-10-25 11:47:21,17.5,68.5,11.6
1981,2022-10-25 11:52:21,17.5,68.5,11.6
1982,2022-10-25 11:57:21,17.5,68.5,11.6
1983,2022-10-25 12:02:21,17.5,68.0,11.5
1984,2022-10-25 12:07:21,17.5,68.0,11.5
1985,2022-10-25 12:12:21,17.5,68.0,11.5
1986,2022-10-25 12:17:21,17.5,68.0,11.5
1987,2022-10-25 12:22:21,17.5,68.0,11.5
1988,2022-10-25 12:27:21,17.5,68.0,11.5
1989,2022-10-25 12:32:21,18.0,80.5,14.6
